:020000040800F2
:1000000000500020B91F0008D11D0008D91D0008AC
:10001000E11D0008E91D0008F11D000800000000B6
:10002000000000000000000000000000F91D0008B2
:10003000051E000800000000111E00081D1E00081B
:10004000012000080120000801200008012000080C
:1000500001200008012000080120000801200008FC
:1000600001200008012000080120000801200008EC
:1000700001200008012000080120000801200008DC
:1000800001200008012000080120000801200008CC
:1000900001200008012000080120000801200008BC
:1000A00001200008012000080120000801200008AC
:1000B000012000080120000801200008012000089C
:1000C000012000080120000801200008012000088C
:1000D000012000080120000801200008012000087C
:1000E0000120000801200008012000080000000095
:1000F0000000000000000000000000000000000000
:0C01000000000000000000005FF808F1A3
:1001100010B5054C237833B9044B13B10448AFF341
:1001200000800123237010BDD401002000000000D6
:100130004898000808B5034B1BB103490348AFF3C7
:10014000008008BD00000000D80100204898000889
:10015000034613F8012B002AFBD1181A0138704707
:1001600081F0004102E000BF83F0004330B54FEA68
:1001700041044FEA430594EA050F08BF90EA020FD5
:100180001FBF54EA000C55EA020C7FEA645C7FEA68
:10019000655C00F0E2804FEA5454D4EB5555B8BF8B
:1001A0006D420CDD2C4480EA020281EA030382EAFC
:1001B000000083EA010180EA020281EA0303362D8E
:1001C00088BF30BD11F0004F4FEA01314FF4801C61
:1001D0004CEA113102D0404261EB410113F0004F73
:1001E0004FEA03334CEA133302D0524263EB43032A
:1001F00094EA050F00F0A780A4F10104D5F1200EC8
:100200000DDB02FA0EFC22FA05F2801841F1000122
:1002100003FA0EF2801843FA05F359410EE0A5F1F6
:1002200020050EF1200E012A03FA0EFC28BF4CF027
:10023000020C43FA05F3C01851EBE37101F00045DD
:1002400007D54FF0000EDCF1000C7EEB00006EEBEA
:100250000101B1F5801F1BD3B1F5001F0CD3490874
:100260005FEA30004FEA3C0C04F101044FEA4452CB
:1002700012F5800F80F09A80BCF1004F08BF5FEA52
:10028000500C50F1000041EB045141EA050130BD32
:100290005FEA4C0C404141EB0101013C28BFB1F544
:1002A000801FE9D291F0000F04BF01460020B1FA8F
:1002B00081F308BF2033A3F10B03B3F120020CDA62
:1002C0000C3208DD02F1140CC2F10C0201FA0CF040
:1002D00021FA02F10CE002F11402D8BFC2F1200CA5
:1002E00001FA02F120FA0CFCDCBF41EA0C0190405B
:1002F000E41AA2BF01EB0451294330BD6FEA0404A4
:100300001F3C1CDA0C340EDC04F11404C4F120028E
:1003100020FA04F001FA02F340EA030021FA04F3A0
:1003200045EA030130BDC4F10C04C4F1200220FAF7
:1003300002F001FA04F340EA0300294630BD21FA35
:1003400004F0294630BD94F0000F83F4801306BFFB
:1003500081F480110134013D4EE77FEA645C18BFEF
:100360007FEA655C29D094EA050F08BF90EA020F86
:1003700005D054EA000C04BF1946104630BD91EA7E
:10038000030F1EBF0021002030BD5FEA545C05D181
:100390004000494128BF41F0004130BD14F58004C0
:1003A0003CBF01F5801130BD01F0004545F0FE4134
:1003B00041F470014FF0000030BD7FEA645C1ABF69
:1003C000194610467FEA655C1CBF0B46024650EAA0
:1003D000013406BF52EA033591EA030F41F40021CC
:1003E00030BD00BF90F0000F04BF0021704730B552
:1003F0004FF4806404F132044FF000054FF0000127
:1004000050E700BF90F0000F04BF0021704730B5E7
:100410004FF4806404F1320410F0004548BF4042BC
:100420004FF000013EE700BF42004FEAE2014FEA11
:1004300031014FEA02701FBF12F07F4393F07F4FEC
:1004400081F06051704732F07F4208BF704793F0EF
:100450007F4F04BF41F40021704730B54FF4607402
:1004600001F0004521F000411CE700BF50EA010205
:1004700008BF704730B54FF000050AE050EA0102AE
:1004800008BF704730B511F0004502D5404261EB1E
:1004900041014FF4806404F132045FEA915C3FF45F
:1004A000D8AE4FF003025FEADC0C18BF03325FEAFC
:1004B000DC0C18BF033202EBDC02C2F1200300FAAD
:1004C00003FC20FA02F001FA03FE40EA0E0021FAD2
:1004D00002F11444BDE600BF70B54FF0FF0C4CF4C0
:1004E000E06C1CEA11541DBF1CEA135594EA0C0F72
:1004F00095EA0C0F00F0DEF82C4481EA030621EAAD
:100500004C5123EA4C5350EA013518BF52EA0335E7
:1005100041F4801143F4801338D0A0FB02CE4FF099
:100520000005E1FB02E506F00042E0FB03E54FF0C9
:100530000006E1FB03569CF0000F18BF4EF0010EC1
:10054000A4F1FF04B6F5007F64F5407404D25FEABD
:100550004E0E6D4146EB060642EAC62141EA555170
:100560004FEAC52040EA5E504FEACE2EB4F1FD0CB2
:1005700088BFBCF5E06F1ED8BEF1004F08BF5FEA30
:10058000500E50F1000041EB045170BD06F00046E2
:1005900046EA010140EA020081EA0301B4EB5C048F
:1005A000C2BFD4EB0C0541EA045170BD41F4801187
:1005B0004FF0000E013C00F3AB8014F1360FDEBFAC
:1005C000002001F0004170BDC4F10004203C35DA88
:1005D0000C341BDC04F11404C4F1200500FA05F30B
:1005E00020FA04F001FA05F240EA020001F00042AC
:1005F00021F0004110EBD37021FA04F642EB060122
:100600005EEA430E08BF20EAD37070BDC4F10C044B
:10061000C4F1200500FA04F320FA05F001FA04F20F
:1006200040EA020001F0004110EBD37041F10001FB
:100630005EEA430E08BF20EAD37070BDC4F1200506
:1006400000FA05F24EEA020E20FA04F301FA05F26E
:1006500043EA020321FA04F001F0004121FA04F216
:1006600020EA020000EBD3705EEA430E08BF20EAE6
:10067000D37070BD94F0000F0FD101F00046400020
:1006800041EB010111F4801F08BF013CF7D041EAA2
:10069000060195F0000F18BF704703F000465200A6
:1006A00043EB030313F4801F08BF013DF7D043EA77
:1006B0000603704794EA0C0F0CEA135518BF95EA2D
:1006C0000C0F0CD050EA410618BF52EA4306D1D1B4
:1006D00081EA030101F000414FF0000070BD50EAD3
:1006E000410606BF1046194652EA430619D094EA5D
:1006F0000C0F02D150EA013613D195EA0C0F05D147
:1007000052EA03361CBF104619460AD181EA03019A
:1007100001F0004141F0FE4141F470014FF0000052
:1007200070BD41F0FE4141F4780170BD70B54FF0ED
:10073000FF0C4CF4E06C1CEA11541DBF1CEA13556D
:1007400094EA0C0F95EA0C0F00F0A7F8A4EB05044F
:1007500081EA030E52EA03354FEA013100F0888046
:100760004FEA03334FF0805545EA131343EA12630F
:100770004FEA022245EA111545EA10654FEA0026C4
:100780000EF000419D4208BF964244F1FD0404F57D
:10079000407402D25B084FEA3202B61A65EB0305D9
:1007A0005B084FEA32024FF480104FF4002CB6EB96
:1007B000020E75EB030E22BFB61A754640EA0C0016
:1007C0005B084FEA3202B6EB020E75EB030E22BF56
:1007D000B61A754640EA5C005B084FEA3202B6EB97
:1007E000020E75EB030E22BFB61A754640EA9C0056
:1007F0005B084FEA3202B6EB020E75EB030E22BF26
:10080000B61A754640EADC0055EA060E18D04FEAE3
:10081000051545EA16754FEA06164FEAC30343EA83
:1008200052734FEAC2025FEA1C1CC0D111F4801F50
:100830000BD141EA00014FF000004FF0004CB6E749
:1008400011F4801F04BF01430020B4F1FD0C88BFE8
:10085000BCF5E06F3FF6AFAEB5EB030C04BFB6EBF3
:10086000020C5FEA500C50F1000041EB045170BDE6
:100870000EF0004E4EEA113114EB5C04C2BFD4EB13
:100880000C0541EA045170BD41F480114FF0000E97
:10089000013C90E645EA060E8DE60CEA135594EA13
:1008A0000C0F08BF95EA0C0F3FF43BAF94EA0C0F16
:1008B0000AD150EA01347FF434AF95EA0C0F7FF48B
:1008C00025AF104619462CE795EA0C0F06D152EADF
:1008D00003353FF4FDAE1046194622E750EA4106C3
:1008E00018BF52EA43067FF4C5AE50EA41047FF4D4
:1008F0000DAF52EA43057FF4EBAE12E74FF0FF3C39
:1009000006E000BF4FF0010C02E000BF4FF0010C09
:100910004DF804CD4FEA410C7FEA6C5C4FEA430C82
:1009200018BF7FEA6C5C1BD001B050EA410C0CBFD1
:1009300052EA430C91EA030F02BF90EA020F002033
:10094000704710F1000F91EA030F58BF994208BF9A
:1009500090422CBFD8176FEAE37040F00100704757
:100960004FEA410C7FEA6C5C02D150EA013C07D1AE
:100970004FEA430C7FEA6C5CD6D152EA033CD3D0F9
:100980005DF8040B704700BF8446104662468C46F3
:100990001946634600E000BF01B5FFF7B7FF002826
:1009A00048BF10F1000F01BD4DF808EDFFF7F4FF4F
:1009B0000CBF012000205DF808FB00BF4DF808EDDA
:1009C000FFF7EAFF34BF012000205DF808FB00BFFD
:1009D0004DF808EDFFF7E0FF94BF012000205DF81F
:1009E00008FB00BF4DF808EDFFF7CEFF94BF0120D4
:1009F00000205DF808FB00BF4DF808EDFFF7C4FFCD
:100A000034BF012000205DF808FB00BF4FEA410C15
:100A10007FEA6C5C02D150EA013C0AD14FEA430CF8
:100A20007FEA6C5C02D152EA033C02D14FF0000035
:100A300070474FF0010070474FEA410212F5001273
:100A400015D211D56FF47873B3EB625212D94FEA15
:100A5000C12343F0004343EA505311F0004F23FAFF
:100A600002F018BF404270474FF00000704750EA54
:100A7000013005D111F0004008BF6FF00040704711
:100A80004FF00000704700BF4A0011D212F500126B
:100A900011D20DD56FF47873B3EB62520ED44FEAD6
:100AA000C12343F0004343EA505323FA02F0704756
:100AB0004FF00000704750EA013002D14FF0FF3094
:100AC00070474FF0000070474FEA4102B2F1E04337
:100AD00024BFB3F5001CDCF1FE5C0DD901F0004C25
:100AE0004FEAC0024CEA5070B2F1004F40EB830075
:100AF00008BF20F00100704711F0804F21D113F1A1
:100B00003872BCBF01F00040704741F480114FEAD9
:100B10005252C2F11802C2F1200C10FA0CF320FA62
:100B200002F018BF40F001004FEAC1234FEAD3237F
:100B300003FA0CFC40EA0C0023FA02F34FEA4303E9
:100B4000CCE77FEA625307D150EA01331EBF4FF072
:100B5000FE4040F44000704701F0004040F0FE408D
:100B600040F40000704700BF80F0004002E000BF8A
:100B700081F0004142001FBF5FEA410392EA030F88
:100B80007FEA226C7FEA236C6AD04FEA1262D2EBD2
:100B90001363C1BFD218414048404140B8BF5B42D7
:100BA000192B88BF704710F0004F40F4000020F070
:100BB0007F4018BF404211F0004F41F4000121F086
:100BC0007F4118BF494292EA030F3FD0A2F10102D0
:100BD00041FA03FC10EB0C00C3F1200301FA03F10E
:100BE00000F0004302D5494260EB4000B0F5000F31
:100BF00013D3B0F1807F06D340084FEA310102F1F0
:100C00000102FE2A51D2B1F1004F40EBC25008BFA1
:100C100020F0010040EA03007047490040EB00006B
:100C2000013A28BFB0F5000FEDD2B0FA80FCACF16C
:100C3000080CB2EB0C0200FA0CF0AABF00EBC25099
:100C400052421843BCBFD0401843704792F0000F87
:100C500081F4000106BF80F400000132013BB5E7DA
:100C60004FEA41037FEA226C18BF7FEA236C21D050
:100C700092EA030F04D092F0000F08BF08467047B5
:100C800090EA010F1CBF0020704712F07F4F04D183
:100C9000400028BF40F00040704712F100723CBF96
:100CA00000F50000704700F0004343F0FE4040F4C0
:100CB000000070477FEA226216BF08467FEA23637E
:100CC0000146420206BF5FEA412390EA010F40F469
:100CD000800070474FF0000304E000BF10F00043B5
:100CE00048BF40425FEA000C08BF704743F096439C
:100CF00001464FF000001CE050EA010208BF7047B7
:100D00004FF000030AE000BF50EA010208BF70473D
:100D100011F0004302D5404261EB41015FEA010C52
:100D200002BF84460146002043F0B64308BFA3F14A
:100D30008053A3F50003BCFA8CF2083AA3EBC2532C
:100D400010DB01FA02FC634400FA02FCC2F120024B
:100D5000BCF1004F20FA02F243EB020008BF20F082
:100D60000100704702F1200201FA02FCC2F12002E8
:100D700050EA4C0021FA02F243EB020008BF20EADD
:100D8000DC7070474FF0FF0C1CEAD0521EBF1CEA0B
:100D9000D15392EA0C0F93EA0C0F6FD01A4480EAF9
:100DA000010C400218BF5FEA41211ED04FF00063E2
:100DB00043EA501043EA5111A0FB01310CF000400E
:100DC000B1F5000F3EBF490041EAD3715B0040EA34
:100DD000010062F17F02FD2A1DD8B3F1004F40EB04
:100DE000C25008BF20F00100704790F0000F0CF0D7
:100DF000004C08BF49024CEA502040EA51207F3A9B
:100E0000C2BFD2F1FF0340EAC250704740F4000075
:100E10004FF00003013A5DDC12F1190FDCBF00F066
:100E200000407047C2F10002410021FA02F1C2F114
:100E3000200200FA02FC5FEA310040F1000053EAB0
:100E40004C0308BF20EADC70704792F0000F00F0FE
:100E5000004C02BF400010F4000F013AF9D040EA04
:100E60000C0093F0000F01F0004C02BF490011F498
:100E7000000F013BF9D041EA0C018FE70CEAD15396
:100E800092EA0C0F18BF93EA0C0F0AD030F0004C16
:100E900018BF31F0004CD8D180EA010000F00040CA
:100EA000704790F0000F17BF90F0004F084691F088
:100EB000000F91F0004F14D092EA0C0F01D14202C2
:100EC0000FD193EA0C0F03D14B0218BF084608D18B
:100ED00080EA010000F0004040F0FE4040F40000D5
:100EE000704740F0FE4040F4400070474FF0FF0C68
:100EF0001CEAD0521EBF1CEAD15392EA0C0F93EAAF
:100F00000C0F69D0A2EB030280EA010C49024FEA00
:100F1000402037D04FF0805343EA111143EA1013B9
:100F20000CF000408B4238BF5B0042F17D024FF471
:100F3000000C8B4224BF5B1A40EA0C00B3EB510F4C
:100F400024BFA3EB510340EA5C00B3EB910F24BF35
:100F5000A3EB910340EA9C00B3EBD10F24BFA3EBBA
:100F6000D10340EADC001B0118BF5FEA1C1CE0D182
:100F7000FD2A3FF650AF8B4240EBC25008BF20F035
:100F8000010070470CF0004C4CEA50207F32C2BF89
:100F9000D2F1FF0340EAC250704740F400004FF026
:100FA0000003013A37E792F0000F00F0004C02BF57
:100FB000400010F4000F013AF9D040EA0C0093F021
:100FC000000F01F0004C02BF490011F4000F013B7B
:100FD000F9D041EA0C0195E70CEAD15392EA0C0FE3
:100FE00008D142027FF47DAF93EA0C0F7FF470AF1B
:100FF000084676E793EA0C0F04D14B023FF44CAF5E
:1010000008466EE730F0004C18BF31F0004CCAD1F2
:1010100030F000427FF45CAF31F000437FF43CAF2E
:101020005FE700BF4FEA4002B2F1FE4F0FD34FF02F
:101030009E03B3EB12620DD94FEA002343F0004345
:1010400010F0004F23FA02F018BF404270474FF0F3
:101050000000704712F1610F01D1420205D110F07A
:10106000004008BF6FF0004070474FF0000070472D
:1010700038B50022002304460D46FFF79FFC28B92F
:1010800020462946BDE8384000F00AB8204605F160
:10109000004100F005F8404261EB410138BD00BF5E
:1010A000D0B500220B4B06460F46FFF715FAFFF7A7
:1010B000EBFC0446FFF796F90022074BFFF70CFA0A
:1010C00002460B4630463946FFF74EF8FFF7DCFC88
:1010D0002146D0BD0000F03D0000F04180B58AB04F
:1010E00004AF3B4600221A605A609A60DA601A61C7
:1010F0009A82AA23FB82FA8A4FF0FF3302931623C7
:1011000001933B4600930123EE213C4801F0A6FCED
:101110003B781BB21B021AB27B781BB213431AB284
:10112000374B1A80BB781BB21B021AB2FB781BB27A
:1011300013431AB2334B1A803B791BB21B021AB20B
:101140007B791BB213431AB22F4B1A80BB791BB2A7
:101150001B021AB2FB791BB213431BB29AB22B4B80
:101160001A803B7A1BB21B021AB27B7A1BB2134362
:101170001BB29AB2264B1A80BB7A1BB21B021AB260
:10118000FB7A1BB213431BB29AB2224B1A803B7BF1
:101190001BB21B021AB27B7B1BB213431AB21E4B4B
:1011A0001A80BB7B1BB21B021AB2FB7B1BB2134320
:1011B0001AB21A4B1A803B7C1BB21B021AB27B7C00
:1011C0001BB213431AB2164B1A80BB7C1BB21B0214
:1011D0001AB2FB7C1BB213431AB2124B1A803B7D2E
:1011E0001BB21B021AB27B7D1BB213431AB20E4B09
:1011F0001A8000BF1837BD4680BD00BF38020020EE
:10120000F0010020F2010020F4010020F60100208E
:10121000F8010020FA010020FC010020FE0100205E
:1012200000020020020200200402002080B586B0E7
:1012300004AF2E23FB710023BB804FF47A7302931B
:1012400001230193FB1D00930123F422EE210E489C
:1012500001F00AFB052000F037FF4FF47A73029388
:10126000022301933B1D00930123F622EE21064841
:1012700001F0F4FB3B791B029BB27A7913449BB2D9
:1012800018460837BD4680BD38020020B0B500AF13
:10129000FFF7CCFF03461A463D4B1A603C4B1B68D8
:1012A0003C4A12889B1A1846FFF7ACF804460D46D4
:1012B000394B1B881846FFF7A5F84FF00002374B53
:1012C000FFF734FA02460B4620462946FFF704F999
:1012D00002460B4610461946FFF7AEFB0346304A5E
:1012E0001360304BB3F900301846FFF78BF84FF01E
:1012F00000022D4BFFF7F0F802460B4614461D4640
:101300002A4BB3F900301A46254B1B681344184684
:10131000FFF778F802460B4620462946FFF706FA03
:1013200002460B4610461946FFF786FB0346204A45
:1013300013601B4B1A681E4B1B6813441D4A136035
:101340001C4B1B6808331846FFF75CF84FF000028F
:10135000194BFFF7EBF902460B4610461946FFF70B
:101360006BFB0346154A1360144B1B681846FFF7C6
:1013700049F84FF00002124BFFF7D8F902460B462E
:1013800010461946FFF7A0FB03461846B0BD00BF44
:1013900008020020FA010020F80100200000E040CF
:1013A00010020020020200200000A04004020020E1
:1013B00014020020200200200000304034020020EF
:1013C0000000244080B588B004AF78607B68DBB251
:1013D0009B01DBB23433DBB2FB7307F10C0300215A
:1013E0000A461A800A469A704FF47A7302930123D0
:1013F000019307F10F0300930123F422EE211F480C
:1014000001F032FA7B68032B1AD801A252F823F0BC
:1014100021140008291400083114000839140008A8
:10142000052000F051FE0BE0082000F04DFE07E023
:101430000E2000F049FE03E01A2000F045FE00BF38
:101440004FF47A7302930323019307F10C03009383
:101450000123F622EE21094801F000FB3B7B1A0430
:101460007B7B1B021344BA7B1A447B68C3F10803DD
:1014700042FA03F318461037BD4680BD38020020FB
:10148000B0B582B000AF78607868FFF79BFF034685
:101490001A46A84B1A60A84B1B68A84A12889B1AC8
:1014A0001846FEF7AFFF04460D46A54B1B881846AD
:1014B000FEF7A8FF4FF00002A24BFFF737F90246F4
:1014C0000B4620462946FFF707F802460B46104612
:1014D0001946FFF7B1FA03469B4A13609B4BB3F9D9
:1014E00000301846FEF78EFF4FF00002984BFEF7D3
:1014F000F3FF02460B4614461D46964BB3F90030E7
:101500001A46914B1B6813441846FEF77BFF0246B0
:101510000B4620462946FFF709F902460B461046BE
:101520001946FFF789FA03468B4A1360864B1A68FF
:10153000894B1B681344894A1360884B1B68A3F5C9
:101540007A63874A1360874BB3F900301846FEF779
:1015500059FF04460D46824B1B68814A126802FB04
:1015600003F31846FEF74EFF4FF000027E4BFFF7E5
:10157000DDF802460B4620462946FEF7ADFF02463F
:101580000B46104619464FF00002714BFFF7CEF89C
:1015900002460B4610461946FFF74EFA03466A4AC2
:1015A0001360724BB3F900301A466D4B1B6802FB97
:1015B00003F31846FEF726FF4FF00002644BFFF7D7
:1015C000B5F802460B4610461946FFF735FA0346B2
:1015D000614A13605C4B1A685F4B1B681344644A92
:1015E0001360644BB3F900309A00614B1B681A44D6
:1015F0007B6802FA03F30233002B00DA03339B10FB
:101600001A465D4B1A605D4BB3F900301A46544BD5
:101610001B6802FB03F31846FEF7F4FE4FF00002CE
:10162000574BFFF783F802460B4610461946FFF763
:1016300003FA0346444A1360524BB3F9003018468C
:10164000FEF7E0FE04460D46454B1B68444A12680F
:1016500002FB03F31846FEF7D5FE4FF00002424BA3
:10166000FFF764F802460B4620462946FEF734FF92
:1016700002460B46104619464FF00002424BFFF758
:1016800055F802460B4610461946FFF7D5F90346B2
:10169000314A13602C4B1A682F4B1B6813440233DA
:1016A0001846FEF7AFFE4FF00002384BFFF73EF84A
:1016B00002460B4610461946FFF7BEF903462C4A70
:1016C0001360334B1B881A46294B1B6803F50043F4
:1016D00002FB03F31846FEF785FE4FF00002194B9C
:1016E000FFF724F802460B4610461946FFF7CCF9DF
:1016F0000346284A13600F4B1B681A461E4B1B6893
:10170000D31A4CF250317A6841FA02F202FB03F329
:10171000214A1360204B1B68002B41DB1E4B1B68CA
:101720005A001C4B1B68B2FBF3F31A461B4B1A60A2
:1017300040E000BF0C02002008020020FA01002057
:10174000F80100200000E04010020020020200200A
:101750000000A0400402002014020020200200200B
:1017600028020020FE0100200000B040F20100200D
:1017700018020020F00100201C020020F4010020CB
:101780000000C040FC0100200000F04000001040BC
:10179000F6010020240200202C020020300200204C
:1017A000464B1A68464B1B68B2FBF3F35B001A46C4
:1017B000444B1A60434B1B681846FEF723FE4FF05C
:1017C0000002414BFEF7B2FF02460B4614461D468F
:1017D0003C4B1B681846FEF715FE4FF000023A4BD3
:1017E000FEF7A4FF02460B4620462946FEF774FE8C
:1017F00002460B4610461946FFF71EF90346334AC8
:101800001360324B1B6840F6DE3202FB03F31846CE
:10181000FEF7F8FD4FF000022D4BFEF787FF024662
:101820000B4610461946FFF707F90346274A13608F
:10183000244B1B68274A02FB03F31846FEF7E2FD20
:101840004FF00002224BFEF771FF02460B46104696
:101850001946FFF7F1F803461F4A1360194B1B683E
:101860001846FEF7CFFD04460D46184B1A681A4B72
:101870001B68134403F6CF631846FEF7C3FD4FF011
:101880000002164BFEF752FF02460B462046294641
:10189000FEF76CFC02460B4610461946FFF7CCF8E3
:1018A0000346084A1360074B1B681846FFF716FAF1
:1018B000034618460837BD46B0BD00BF2C020020C5
:1018C000240200203002002000007040100200209E
:1018D0000000F04043E3FFFF14020020000030400E
:1018E00080B582B000AF78607868FFF7C9FD1C4B07
:1018F0001B681846FFF7F2F903461A491846FFF726
:10190000F5FA03461846FEF78FFD11A3D3E900232D
:1019100007F090F802460B464FF000001249FEF720
:1019200023FC02460B46104619460BA3D3E90023BD
:10193000FEF7D2FD02460B4610461946FFF7C4F8E3
:10194000034618460837BD4680BD00BFAFF3008090
:10195000E445D7CC955BC83F0000000040A5E540BA
:101960003002002080E6C5470000F03F80B500AFA0
:10197000FFF7B4FB00BF80BD80B5AEB004AF00F090
:1019800041FB00F097F800F033F900F0D9F800F0CF
:1019900005F9FFF7EBFFFFF779FCC7F89C00002083
:1019A000FFF76EFDC7F898000020FFF799FFC7F812
:1019B0009400D7F89C00FFF735FB0346C7F890303A
:1019C000D7F89000FFF78AF903461946D7F89C002C
:1019D000FFF7CEF8034634491846FFF7D3F903461C
:1019E0001846FFF71FFB0346C7F8A430D7F8A4300A
:1019F000002B04DAD7F8A4305B42C7F8A430D7F83C
:101A00009800FFF70FFB0346C7F88C30D7F8940017
:101A1000FFF708FB0346C7F88830D7F88800FFF7C0
:101A20005DF903461946D7F89400FFF7A1F803467D
:101A30001D491846FFF7A6F903461846FFF7F2FAC4
:101A40000346C7F8A030D7F8A030002B04DAD7F847
:101A5000A0305B42C7F8A030381DD7F8A030039300
:101A6000D7F888300293D7F88C300193D7F8A43098
:101A70000093D7F890300D4A802103F071FBC7F82E
:101A80008400D7F88430002B08DDD7F884309AB270
:101A9000391D4FF0FF33064802F068FA4FF47A70B0
:101AA00000F012FB77E700BF0000C8426098000812
:101AB0008C02002080B590B000AF07F118032822F7
:101AC0000021184603F0E7FB3B1D00221A605A6014
:101AD0009A60DA601A610123BB614FF48033FB61C5
:101AE00000233B620123BB6202237B634FF48033FC
:101AF000BB634FF4E013FB6307F11803184601F0D2
:101B0000D5FD0346002B01D000F0A0F80F237B6029
:101B10000223BB600023FB604FF480633B61002322
:101B20007B613B1D0221184602F042F80346002B60
:101B300001D000F08BF800BF4037BD4680BD0000EB
:101B400080B500AF124B134A1A60114B124A5A600B
:101B50000F4B00229A600E4B0022DA600C4B4FF4C0
:101B600080421A610A4B00225A61094B00229A6195
:101B7000074B0022DA61064B00221A62044800F08B
:101B80002FFD0346002B01D000F060F800BF80BDA0
:101B90003802002000540040A086010080B500AF4C
:101BA000114B124A1A60104B4FF416525A600E4BEA
:101BB00000229A600C4B0022DA600B4B00221A6163
:101BC000094B0C225A61084B00229A61064B0022F5
:101BD000DA61054802F07AF90346002B01D000F0E3
:101BE00035F800BF80BD00BF8C02002000380140E6
:101BF00080B485B000AF144B9B69134A43F02003B7
:101C00009361114B9B6903F02003FB60FB680E4B53
:101C10009B690D4A43F0040393610B4B9B6903F0EE
:101C20000403BB60BB68084B9B69074A43F0080389
:101C30009361054B9B6903F008037B607B6800BFE1
:101C40001437BD4680BC70470010024080B400AF1E
:101C500072B600BF00BFFDE780B485B000AF154B82
:101C60009B69144A43F001039361124B9B6903F093
:101C70000103BB60BB680F4BDB690E4A43F0805326
:101C8000D3610C4BDB6903F080537B607B680A4BAC
:101C90005B68FB60FB6823F0E063FB60FB6843F07C
:101CA0008063FB60044AFB68536000BF1437BD4685
:101CB00080BC7047001002400000014080B588B031
:101CC00000AF786007F1100300221A605A609A6032
:101CD000DA607B681B68154A934223D1144B9B69D9
:101CE000134A43F008039361114B9B6903F0080307
:101CF000FB60FB68C0233B6112237B610323FB6114
:101D000007F1100319460B4800F0E6FA084BDB69AF
:101D1000074A43F40013D361054BDB6903F4001356
:101D2000BB60BB6800BF2037BD4680BD005400408B
:101D300000100240000C014080B588B000AF786010
:101D400007F1100300221A605A609A60DA607B681B
:101D50001B681C4A934231D11B4B9B691A4A43F4BE
:101D600080439361184B9B6903F48043FB60FB68DD
:101D7000154B9B69144A43F004039361124B9B6912
:101D800003F00403BB60BB684FF400733B610223A4
:101D90007B610323FB6107F1100319460B4800F038
:101DA0009BFA4FF480633B6100237B610023BB619E
:101DB00007F110031946054800F08EFA00BF2037DE
:101DC000BD4680BD003801400010024000080140BF
:101DD00080B400AF00BFFDE780B400AF00BFFDE7F7
:101DE00080B400AF00BFFDE780B400AF00BFFDE7E7
:101DF00080B400AF00BFFDE780B400AF00BFBD46B8
:101E000080BC704780B400AF00BFBD4680BC704747
:101E100080B400AF00BFBD4680BC704780B500AF46
:101E200000F036F900BF80BD80B400AF0123184632
:101E3000BD4680BC704780B582B000AF7860396025
:101E400003F07CFA034616221A604FF0FF3318465F
:101E50000837BD4680BD80B582B000AF78604FF0D6
:101E6000FF317868FFF7E7FF00BFFDE780B586B078
:101E700000AFF860B9607A6000237B610AE0AFF3DD
:101E800000800146BB685A1CBA60CAB21A707B69EE
:101E900001337B617A697B689A42F0DB7B68184684
:101EA0001837BD4680BD80B586B000AFF860B96018
:101EB0007A6000237B6109E0BB685A1CBA601B781A
:101EC0001846AFF300807B6901337B617A697B68D8
:101ED0009A42F1DB7B6818461837BD4680BD80B456
:101EE00083B000AF78604FF0FF3318460C37BD4623
:101EF00080BC704780B483B000AF786039603B68C5
:101F00004FF400525A60002318460C37BD4680BC7F
:101F1000704780B483B000AF7860012318460C3757
:101F2000BD4680BC704780B485B000AFF860B96032
:101F30007A60002318461437BD4680BC7047000005
:101F400080B586B000AF7860144A154BD31A7B6118
:101F50007B693B61134B1B68002B02D1114B124A6A
:101F60001A60104B1A687B6813443A699A4207D288
:101F700003F0E4F903460C221A604FF0FF3309E046
:101F8000084B1B68FB60074B1A687B681344054AC3
:101F90001360FB6818461837BD4680BD005000200E
:101FA00000040000D40200202804002080B400AF08
:101FB00000BFBD4680BC7047FFF7F8FF0B480C49D7
:101FC0000C4A002302E0D458C4500433C4188C4295
:101FD000F9D3094A094C002301E013600432A242FC
:101FE000FBD303F0B1F9FFF7C7FC704700000020F6
:101FF000D4010020409D0008D401002028040020C6
:10200000FEE7000080B500AF084B1B68074A43F0AD
:1020100010031360032000F02BF90F2000F008F8E4
:10202000FFF71AFE0023184680BD00BF00200240C3
:1020300080B582B000AF7860124B1A68124B1B78E3
:1020400019464FF47A73B3FBF1F3B2FBF3F318467E
:1020500000F035F90346002B01D001230EE07B6828
:102060000F2B0AD8002279684FF0FF3000F00BF9EF
:10207000064A7B681360002300E0012318460837F6
:10208000BD4680BD000000200800002004000020A4
:1020900080B400AF054B1B781A46054B1B681344F0
:1020A000034A136000BFBD4680BC70470800002093
:1020B000D802002080B400AF024B1B681846BD4612
:1020C00080BC7047D802002080B584B000AF786033
:1020D000FFF7F0FFB8607B68FB60FB68B3F1FF3F80
:1020E00005D00A4B1B781A46FB681344FB6000BFFF
:1020F000FFF7E0FF0246BB68D31AFA689A42F7D8A6
:1021000000BF00BF1037BD4680BD00BF08000020E3
:1021100080B485B000AF78607B6803F00703FB6094
:102120000C4BDB68BB60BA684FF6FF031340BB6023
:10213000FB681A02BB68134343F0BF6343F40033E8
:10214000BB60044ABB68D36000BF1437BD4680BC87
:10215000704700BF00ED00E080B400AF044BDB68C7
:102160001B0A03F007031846BD4680BC704700BF3A
:1021700000ED00E080B483B000AF03463960FB712E
:1021800097F90730002B0ADB3B68DAB20C4997F964
:1021900007301201D2B20B4483F800230AE03B68F7
:1021A000DAB20849FB7903F00F03043B1201D2B203
:1021B0000B441A7600BF0C37BD4680BC704700BF89
:1021C00000E100E000ED00E080B489B000AFF8600D
:1021D000B9607A60FB6803F00703FB61FB69C3F138
:1021E0000703042B28BF0423BB61FB690433062BC0
:1021F00002D9FB69033B00E000237B614FF0FF3213
:10220000BB6902FA03F3DA43BB681A407B699A4060
:102210004FF0FF317B6901FA03F3D9437B680B4030
:10222000134318462437BD4680BC704780B582B042
:1022300000AF78607B68013BB3F1807F01D301235D
:102240000FE00A4A7B68013B53600F214FF0FF30DB
:10225000FFF790FF054B00229A60044B07221A609B
:10226000002318460837BD4680BD00BF10E000E0DF
:1022700080B582B000AF78607868FFF749FF00BF93
:102280000837BD4680BD80B586B000AF0346B96053
:102290007A60FB7300237B61FFF75EFF78617A68E9
:1022A000B9687869FFF790FF024697F90F30114639
:1022B0001846FFF75FFF00BF1837BD4680BD80B5E9
:1022C00082B000AF78607868FFF7B0FF0346184629
:1022D0000837BD4680BD000080B48BB000AF786089
:1022E000396000237B6200233B6269E101227B6A43
:1022F00002FA03F3FB613B681B68FA691340BB6198
:10230000BA69FB699A4240F058813B685B689A4A17
:1023100093425ED0984A934275D8984A934258D0D7
:10232000964A93426FD8964A934252D0944A934227
:1023300069D8944A93424CD0924A934263D8924AC5
:10234000934246D0904A93425DD8122B2AD8122B42
:1023500059D801A252F823F0D3230008AD23000876
:10236000BF230008012400080724000807240008F0
:102370000724000807240008072400080724000891
:102380000724000807240008072400080724000881
:10239000072400080724000807240008B5230008C4
:1023A000C9230008794A934213D02CE03B68DB68CC
:1023B0003B6229E03B68DB6804333B6224E03B6816
:1023C000DB6808333B621FE03B68DB680C333B6231
:1023D0001AE03B689B68002B02D104233B6213E0A8
:1023E0003B689B68012B05D108233B627B68FA6937
:1023F0001A6109E008233B627B68FA695A6103E0CD
:1024000000233B6200E000BFBB69FF2B01D87B6863
:1024100001E07B6804337B61BB69FF2B02D87B6AD8
:102420009B0002E07B6A083B9B003B617B691A686A
:102430000F213B6901FA03F3DB431A40396A3B6918
:1024400001FA03F31A437B691A603B685B6803F087
:102450008053002B00F0B1804D4B9B694C4A43F0F8
:10246000010393614A4B9B6903F00103BB60BB68A6
:10247000484A7B6A9B08023352F82330FB607B6A30
:1024800003F003039B000F2202FA03F3DB43FA6815
:102490001340FB607B68404A934213D07B683F4AFD
:1024A00093420DD07B683E4A934207D07B683D4AF9
:1024B000934201D1032306E0042304E0022302E057
:1024C000012300E000237A6A02F0030292009340A5
:1024D000FA681343FB602F497B6A9B080233FA6852
:1024E00041F823203B685B6803F48013002B06D07F
:1024F0002D4B9A682C49BB6913438B6006E02A4B2D
:102500009A68BB69DB43284913408B603B685B6872
:1025100003F40013002B06D0234BDA682249BB6971
:102520001343CB6006E0204BDA68BB69DB431E49EE
:102530001340CB603B685B6803F40033002B06D08C
:10254000194B5A681849BB6913434B6006E0164B98
:102550005A68BB69DB43144913404B603B685B68B6
:1025600003F48033002B21D00F4B1A680E49BB694E
:1025700013430B6021E000BF000032100000311057
:1025800000002210000021100000121000001110A5
:10259000001002400000014000080140000C014012
:1025A0000010014000140140000401400B4B1A6868
:1025B000BB69DB43094913400B607B6A01337B62D3
:1025C0003B681A687B6A22FA03F3002B7FF48EAE15
:1025D00000BF00BF2C37BD4680BC704700040140DF
:1025E00080B584B000AF78607B68002B01D10123F7
:1025F0002BE17B6893F83D30DBB2002B06D17B6882
:10260000002283F83C207868FFF758FB7B6824227F
:1026100083F83D207B681B681A687B681B6822F082
:1026200001021A607B681B681A687B681B6842F4A9
:1026300000421A607B681B681A687B681B6822F47A
:1026400000421A6001F0FCFBF8607B685B68814A1D
:10265000934207D8FB68804A934294BF012300232A
:10266000DBB206E0FB687D4A934294BF012300235E
:10267000DBB2002B01D00123E7E0FB68784AA2FB24
:1026800003239B0CBB607B681B685B6823F03F01E6
:102690007B681B68BA680A435A607B681B681B6AC0
:1026A00023F03F017B685B686A4A934202D8BB68AB
:1026B000013309E0BB684FF4967202FB03F3694AE9
:1026C000A2FB03239B0901337A6812680B43136250
:1026D0007B681B68DB6923F44F4222F0FF027B68B2
:1026E0005B685C498B4219D8FB68591E7B685B6844
:1026F0005B00B1FBF3F3591C40F6FC730B40002B5D
:102700000AD0FB68591E7B685B685B00B1FBF3F382
:102710000133C3F30B0351E004234FE07B689B6854
:10272000002B11D1FB68581E7B6859680B465B0073
:102730000B44B0FBF3F30133C3F30B03002B0CBFCB
:1027400001230023DBB212E0FB68581E7B68596846
:102750000B469B000B4499000B44B0FBF3F3013391
:10276000C3F30B03002B0CBF01230023DBB2002BB0
:1027700001D0012322E07B689B68002B0ED1FB680F
:10278000581E7B6859680B465B000B44B0FBF3F3A3
:102790000133C3F30B0343F400430FE0FB68581EFF
:1027A0007B6859680B469B000B4499000B44B0FBB7
:1027B000F3F30133C3F30B0343F44043796809682F
:1027C0001343CB617B681B681B6823F0C0017B68E7
:1027D000DA697B681B6A1A437B681B680A431A60C4
:1027E0007B681B689B6823F4034323F0FF037A682C
:1027F00011697A68D26811437A6812680B43936052
:102800007B681B68DB6823F0FF017B685A697B6883
:102810009B691A437B681B680A43DA607B681B6804
:102820001A687B681B6842F001021A607B6800220C
:102830001A647B68202283F83D207B6800221A639B
:102840007B68002283F83E20002318461037BD46DF
:1028500080BD00BFA08601007F841E00FF083D00F0
:1028600083DE1B43D34D621080B588B002AFF860A1
:10287000084611461A4603467B810B463B811346A8
:10288000FB80FFF717FC7861FB6893F83D30DBB203
:10289000202B40F0D9807B690093192301226D49D8
:1028A000F86800F0CDFC0346002B01D00223CCE0F9
:1028B000FB6893F83C30012B01D10223C5E0FB6893
:1028C000012283F83C20FB681B681B6803F00103AE
:1028D000012B07D0FB681B681A68FB681B6842F075
:1028E00001021A60FB681B681A68FB681B6822F407
:1028F00000621A60FB68212283F83D20FB684022B9
:1029000083F83E20FB6800221A64FB683A6A5A6228
:10291000FB68BA8C5A85FB685B8D9AB2FB681A8596
:10292000FB684D4ADA62F8883A8979897B690193B4
:10293000BB6A00930346F86800F004FB0346002BD3
:1029400052D0012381E07A69B96AF86800F092FDFB
:102950000346002B0DD0FB681B6C042B07D1FB68D2
:102960001B681A68FB681B6842F400721A60012336
:102970006BE0FB685B6A1A78FB681B681A61FB688E
:102980005B6A5A1CFB685A62FB681B8D013B9AB25A
:10299000FB681A85FB685B8D9BB2013B9AB2FB68B2
:1029A0005A85FB681B685B6903F00403042B1BD189
:1029B000FB681B8D002B17D0FB685B6A1A78FB68DD
:1029C0001B681A61FB685B6A5A1CFB685A62FB68E9
:1029D0001B8D013B9AB2FB681A85FB685B8D9BB22D
:1029E000013B9AB2FB685A85FB681B8D002BAAD16C
:1029F0007A69B96AF86800F085FD0346002B0DD0AE
:102A0000FB681B6C042B07D1FB681B681A68FB680A
:102A10001B6842F400721A60012316E0FB681B6811
:102A20001A68FB681B6842F400721A60FB68202277
:102A300083F83D20FB68002283F83E20FB680022DB
:102A400083F83C20002300E0022318461837BD46D7
:102A500080BD00BF020010000000FFFF80B58CB0F9
:102A600002AFF860084611461A4603467B810B46C2
:102A70003B811346FB8000233B62FFF71BFB786220
:102A8000FB6893F83D30DBB2202B40F050827B6A2C
:102A90000093192301228249F86800F0D1FB034614
:102AA000002B01D0022343E2FB6893F83C30012B5A
:102AB00001D102233CE2FB68012283F83C20FB6841
:102AC0001B681B6803F00103012B07D0FB681B6820
:102AD0001A68FB681B6842F001021A60FB681B68F9
:102AE0001A68FB681B6822F400621A60FB682222E5
:102AF00083F83D20FB68402283F83E20FB680022DB
:102B00001A64FB683A6B5A62FB68BA8E5A85FB6896
:102B10005B8D9AB2FB681A85FB68624ADA62F888B4
:102B20003A8979897B6A0193BB6B00930346F86805
:102B300000F09EFA0346002B01D00123F8E1FB6868
:102B40001B8D002B13D10023FB61FB681B685B69A5
:102B5000FB61FB681B689B69FB61FB69FB681B6889
:102B60001A68FB681B6842F400721A60CCE1FB68CB
:102B70001B8D012B1ED1FB681B681A68FB681B6844
:102B800022F480621A6072B600BF0023BB61FB684A
:102B90001B685B69BB61FB681B689B69BB61BB69A8
:102BA000FB681B681A68FB681B6842F400721A60B5
:102BB00062B635E0FB681B8D022B1ED1FB681B68DB
:102BC0001A68FB681B6842F400621A6072B600BFA4
:102BD00000237B61FB681B685B697B61FB681B688A
:102BE0009B697B617B69FB681B681A68FB681B68D3
:102BF00022F480621A6062B612E0FB681B681A68F1
:102C0000FB681B6842F480621A6000233B61FB682A
:102C10001B685B693B61FB681B689B693B613B69A7
:102C200072E1FB681B8D032B00F21F81FB681B8D7B
:102C3000012B23D17A6AB96BF86800F0ABFC03462C
:102C4000002B01D0012373E1FB681B681A69FB6844
:102C50005B6AD2B21A70FB685B6A5A1CFB685A62E4
:102C6000FB681B8D013B9AB2FB681A85FB685B8D84
:102C70009BB2013B9AB2FB685A8545E1FB681B8D0C
:102C8000022B52D17B6A0093BB6B00220649F86885
:102C900000F0D6FA0346002B08D0012348E100BF1C
:102CA000020010000000FFFF0400010072B600BF28
:102CB000FB681B681A68FB681B6842F400721A60A4
:102CC000FB681B681A69FB685B6AD2B21A70FB6802
:102CD0005B6A5A1CFB685A62FB681B8D013B9AB207
:102CE000FB681A85FB685B8D9BB2013B9AB2FB685F
:102CF0005A8562B600BFFB681B681A69FB685B6A8D
:102D0000D2B21A70FB685B6A5A1CFB685A62FB6895
:102D10001B8D013B9AB2FB681A85FB685B8D9BB2E9
:102D2000013B9AB2FB685A85EEE07B6A0093BB6B6D
:102D300000228149F86800F083FA0346002B01D095
:102D40000123F5E0FB681B681A68FB681B6822F426
:102D500080621A6072B600BFFB681B681A69FB6864
:102D60005B6AD2B21A70FB685B6A5A1CFB685A62D3
:102D7000FB681B8D013B9AB2FB681A85FB685B8D73
:102D80009BB2013B9AB2FB685A856C4B1B68DB080F
:102D90006B4AA2FB03231A0A13469B001344DA0072
:102DA000D31A3B623B6A013B3B623B6A002B18D162
:102DB000FB6800221A63FB68202283F83D20FB6831
:102DC000002283F83E20FB681B6C43F02002FB6866
:102DD0001A6462B600BFFB68002283F83C2001231E
:102DE000A6E0FB681B685B6903F00403042BD9D1E0
:102DF000FB681B681A68FB681B6842F400721A6063
:102E0000FB681B681A69FB685B6AD2B21A70FB68C0
:102E10005B6A5A1CFB685A62FB681B8D013B9AB2C5
:102E2000FB681A85FB685B8D9BB2013B9AB2FB681D
:102E30005A8562B600BFFB681B681A69FB685B6A4B
:102E4000D2B21A70FB685B6A5A1CFB685A62FB6854
:102E50001B8D013B9AB2FB681A85FB685B8D9BB2A8
:102E6000013B9AB2FB685A854EE07A6AB96BF86802
:102E700000F090FB0346002B01D0012358E0FB68D3
:102E80001B681A69FB685B6AD2B21A70FB685B6ADE
:102E90005A1CFB685A62FB681B8D013B9AB2FB68A7
:102EA0001A85FB685B8D9BB2013B9AB2FB685A8521
:102EB000FB681B685B6903F00403042B24D1FB68E7
:102EC0001B8D032B07D1FB681B681A68FB681B6806
:102ED00022F480621A60FB681B681A69FB685B6AEF
:102EE000D2B21A70FB685B6A5A1CFB685A62FB68B4
:102EF0001B8D013B9AB2FB681A85FB685B8D9BB208
:102F0000013B9AB2FB685A85FB681B8D002B7FF44E
:102F100088AEFB68202283F83D20FB68002283F8FE
:102F20003E20FB68002283F83C20002300E00223BF
:102F300018462837BD4680BD04000100000000206F
:102F400089B5F81480B588B002AFF860084611461C
:102F50001A4603467B810B463B811346FB80FB6888
:102F60001B681A68FB681B6842F480721A607B6AEF
:102F700000933B6A00224FF00111F86800F060F9FD
:102F80000346002B0DD0FB681B681B6803F480739D
:102F9000B3F5807F03D1FB684FF400721A640323FA
:102FA0005FE07B89DBB21A46FB681B6802F0FE0219
:102FB0001A617B6A3A6A2D49F86800F0BBF903464A
:102FC000002B01D001234CE000237B61FB681B68D0
:102FD0005B697B61FB681B689B697B617B697A6AC3
:102FE000396AF86800F046FA0346002B0DD0FB68FA
:102FF0001B6C042B07D1FB681B681A68FB681B68F5
:1030000042F400721A6001232BE0FB88012B05D1EA
:103010003B89DAB2FB681B681A6121E03B891B0A15
:103020009BB2DAB2FB681B681A617A6A396AF8687F
:1030300000F020FA0346002B0DD0FB681B6C042B1C
:1030400007D1FB681B681A68FB681B6842F40072B2
:103050001A60012305E03B89DAB2FB681B681A613C
:10306000002318461837BD4680BD00BF020001008E
:1030700080B588B002AFF860084611461A4603468C
:103080007B810B463B811346FB80FB681B681A68FB
:10309000FB681B6842F480621A60FB681B681A6850
:1030A000FB681B6842F480721A607B6A00933B6A7B
:1030B00000224FF00111F86800F0C2F80346002B1F
:1030C0000DD0FB681B681B6803F48073B3F5807F29
:1030D00003D1FB684FF400721A640323AAE07B89D2
:1030E000DBB21A46FB681B6802F0FE021A617B6ABB
:1030F0003A6A5249F86800F01DF90346002B01D0E6
:10310000012397E000237B61FB681B685B697B619F
:10311000FB681B689B697B617B697A6A396AF8681E
:1031200000F0A8F90346002B0DD0FB681B6C042BA4
:1031300007D1FB681B681A68FB681B6842F40072C1
:103140001A60012376E0FB88012B05D13B89DAB2B6
:10315000FB681B681A6121E03B891B0A9BB2DAB24B
:10316000FB681B681A617A6A396AF86800F082F9AC
:103170000346002B0DD0FB681B6C042B07D1FB68AA
:103180001B681A68FB681B6842F400721A6001230E
:1031900050E03B89DAB2FB681B681A617A6A396AC7
:1031A000F86800F067F90346002B0DD0FB681B6C34
:1031B000042B07D1FB681B681A68FB681B6842F484
:1031C00000721A60012335E0FB681B681A68FB680F
:1031D0001B6842F480721A607B6A00933B6A00228B
:1031E0004FF00111F86800F02BF80346002B0DD0CA
:1031F000FB681B681B6803F48073B3F5807F03D101
:10320000FB684FF400721A64032313E07B89DBB27E
:1032100043F00103DAB2FB681B681A617B6A3A6A01
:103220000649F86800F086F80346002B01D0012318
:1032300000E0002318461837BD4680BD020001009B
:1032400080B584B000AFF860B9603B601346FB7195
:1032500048E03B68B3F1FF3F44D0FEF72BFF024646
:10326000BB69D31A3A689A4202D33B68002B39D122
:10327000BB681B0CDBB2012B0DD1FB681B685B69C3
:10328000DA43BB6813409BB2002B0CBF0123002321
:10329000DBB21A460CE0FB681B689B69DA43BB682B
:1032A00013409BB2002B0CBF01230023DBB21A4654
:1032B000FB799A4216D1FB6800221A63FB68202230
:1032C00083F83D20FB68002283F83E20FB681B6CDE
:1032D00043F02002FB681A64FB68002283F83C205C
:1032E000012323E0BB681B0CDBB2012B0DD1FB6873
:1032F0001B685B69DA43BB6813409BB2002B0CBFB1
:1033000001230023DBB21A460CE0FB681B689B69B3
:10331000DA43BB6813409BB2002B0CBF0123002390
:10332000DBB21A46FB799A4293D000231846103735
:10333000BD4680BD80B584B000AFF860B9607A60EA
:103340003B6071E0FB681B685B6903F48063B3F565
:10335000806F23D1FB681B681A68FB681B6842F406
:1033600000721A60FB681B686FF480625A61FB6828
:1033700000221A63FB68202283F83D20FB680022AC
:1033800083F83E20FB681B6C43F00402FB681A6460
:10339000FB68002283F83C20012367E07B68B3F1DF
:1033A000FF3F41D0FEF786FE02463B68D31A7A689B
:1033B0009A4202D37B68002B36D1BB681B0CDBB270
:1033C000012B0CD1FB681B685B69DA43BB681340B7
:1033D0009BB2002B14BF01230023DBB20BE0FB6880
:1033E0001B689B69DA43BB6813409BB2002B14BF78
:1033F00001230023DBB2002B16D0FB6800221A63E6
:10340000FB68202283F83D20FB68002283F83E20E1
:10341000FB681B6C43F02002FB681A64FB68002207
:1034200083F83C20012321E0BB681B0CDBB2012B9D
:103430000CD1FB681B685B69DA43BB6813409BB225
:10344000002B14BF01230023DBB20BE0FB681B68D9
:103450009B69DA43BB6813409BB2002B14BF012366
:103460000023DBB2002B7FF46DAF0023184610372A
:10347000BD4680BD80B584B000AFF860B9607A60A9
:1034800034E0F86800F0E3F80346002B01D0012394
:1034900034E0BB68B3F1FF3F28D0FEF70BFE0246D5
:1034A0007B68D31ABA689A4202D3BB68002B1DD13D
:1034B000FB681B685B6903F08003802B16D0FB68F8
:1034C00000221A63FB68202283F83D20FB6800225B
:1034D00083F83E20FB681B6C43F02002FB681A64F3
:1034E000FB68002283F83C20012307E0FB681B688F
:1034F0005B6903F08003802BC3D10023184610378B
:10350000BD4680BD80B584B000AFF860B9607A6018
:1035100034E0F86800F09BF80346002B01D001234B
:1035200034E0BB68B3F1FF3F28D0FEF7C3FD02468D
:103530007B68D31ABA689A4202D3BB68002B1DD1AC
:10354000FB681B685B6903F00403042B16D0FB685F
:1035500000221A63FB68202283F83D20FB680022CA
:1035600083F83E20FB681B6C43F02002FB681A6462
:10357000FB68002283F83C20012307E0FB681B68FE
:103580005B6903F00403042BC3D1002318461037F2
:10359000BD4680BD80B584B000AFF860B9607A6088
:1035A00049E0FB681B685B6903F01003102B19D11D
:1035B000FB681B686FF010025A61FB6800221A63F7
:1035C000FB68202283F83D20FB68002283F83E2020
:1035D000FB681A6CFB681A64FB68002283F83C20C5
:1035E000012330E0FEF766FD02467B68D31ABA6815
:1035F0009A4202D3BB68002B1DD1FB681B685B6934
:1036000003F04003402B16D0FB6800221A63FB68CE
:10361000202283F83D20FB68002283F83E20FB68CF
:103620001B6C43F02002FB681A64FB68002283F8DD
:103630003C20012307E0FB681B685B6903F0400343
:10364000402BAED1002318461037BD4680BD80B454
:1036500083B000AF78607B681B685B6903F48063AC
:10366000B3F5806F1BD17B681B686FF480625A6171
:103670007B6800221A637B68202283F83D207B68E8
:10368000002283F83E207B681B6C43F004027B68B9
:103690001A647B68002283F83C20012300E00023A9
:1036A00018460C37BD4680BC7047000080B586B018
:1036B00000AF78607B68002B01D1012372E27B6848
:1036C0001B6803F00103002B00F08780924B5B68BE
:1036D00003F00C03042B0CD08F4B5B6803F00C033E
:1036E000082B12D18C4B5B6803F48033B3F5803F19
:1036F0000BD1894B1B6803F40033002B6CD07B6823
:103700005B68002B68D101234CE27B685B68B3F5F2
:10371000803F06D1804B1B687F4A43F4803313609F
:103720002EE07B685B68002B0CD17B4B1B687A4AD0
:1037300023F480331360784B1B68774A23F480238B
:1037400013601DE07B685B68B3F5A02F0CD1724B52
:103750001B68714A43F4802313606F4B1B686E4AE9
:1037600043F4803313600BE06B4B1B686A4A23F40D
:1037700080331360684B1B68674A23F4802313600F
:103780007B685B68002B13D0FEF794FC386108E07F
:10379000FEF790FC02463B69D31A642B01D9032340
:1037A00000E25D4B1B6803F40033002BF0D014E003
:1037B000FEF780FC386108E0FEF77CFC02463B69BE
:1037C000D31A642B01D90323ECE1534B1B6803F498
:1037D0000033002BF0D100E000BF7B681B6803F0D2
:1037E0000203002B63D04C4B5B6803F00C03002BEF
:1037F0000BD0494B5B6803F00C03082B1CD1464BE4
:103800005B6803F48033002B16D1434B1B6803F035
:103810000203002B05D07B681B69012B01D001231B
:10382000C0E13D4B1B6823F0F8027B685B69DB005D
:10383000394913430B603AE07B681B69002B20D0A9
:10384000364B01221A60FEF735FC386108E0FEF7BE
:1038500031FC02463B69D31A022B01D90323A1E1B3
:103860002D4B1B6803F00203002BF0D02A4B1B6882
:1038700023F0F8027B685B69DB00274913430B6088
:1038800015E0264B00221A60FEF714FC386108E0B0
:10389000FEF710FC02463B69D31A022B01D9032321
:1038A00080E11D4B1B6803F00203002BF0D17B6805
:1038B0001B6803F00803002B3AD07B689B69002B40
:1038C00019D0174B01221A60FEF7F4FB386108E0AB
:1038D000FEF7F0FB02463B69D31A022B01D9032302
:1038E00060E10D4B5B6A03F00203002BF0D0012076
:1038F00000F0CEFA1CE00A4B00221A60FEF7DAFB59
:1039000038610FE0FEF7D6FB02463B69D31A022B63
:1039100008D9032346E100BF0010024000004242E4
:1039200080044242924B5B6A03F00203002BE9D110
:103930007B681B6803F00403002B00F0A6800023C3
:10394000FB758B4BDB6903F08053002B0DD1884B4B
:10395000DB69874A43F08053D361854BDB6903F011
:103960008053BB60BB680123FB75824B1B6803F46B
:103970008073002B18D17F4B1B687E4A43F4807301
:103980001360FEF797FB386108E0FEF793FB0246F1
:103990003B69D31A642B01D9032303E1754B1B68E0
:1039A00003F48073002BF0D07B68DB68012B06D119
:1039B0006F4B1B6A6E4A43F0010313622DE07B6874
:1039C000DB68002B0CD16A4B1B6A694A23F00103A8
:1039D0001362674B1B6A664A23F0040313621CE000
:1039E0007B68DB68052B0CD1614B1B6A604A43F096
:1039F000040313625E4B1B6A5D4A43F001031362CA
:103A00000BE05B4B1B6A5A4A23F001031362584BCD
:103A10001B6A574A23F0040313627B68DB68002BA0
:103A200015D0FEF747FB38610AE0FEF743FB02467C
:103A30003B69D31A41F28832934201D90323B1E0A2
:103A40004B4B1B6A03F00203002BEED014E0FEF791
:103A500031FB38610AE0FEF72DFB02463B69D31AC1
:103A600041F28832934201D903239BE0404B1B6A09
:103A700003F00203002BEED1FB7D012B05D13C4B63
:103A8000DB693B4A23F08053D3617B68DB69002B01
:103A900000F08780364B5B6803F00C03082B61D085
:103AA0007B68DB69022B46D1334B00221A60FEF79C
:103AB00001FB386108E0FEF7FDFA02463B69D31AC4
:103AC000022B01D903236DE0294B1B6803F000731F
:103AD000002BF0D17B681B6AB3F5803F08D1244BE3
:103AE0005B6823F400327B689B68214913434B6079
:103AF0001F4B5B6823F474127B68196A7B685B6AEE
:103B00000B431B4913434B601B4B01221A60FEF70A
:103B1000D1FA386108E0FEF7CDFA02463B69D31AC4
:103B2000022B01D903233DE0114B1B6803F0007306
:103B3000002BF0D035E0104B00221A60FEF7BAFAE5
:103B4000386108E0FEF7B6FA02463B69D31A022B49
:103B500001D9032326E0064B1B6803F00073002BFA
:103B6000F0D11EE07B68DB69012B07D1012319E04E
:103B70000010024000700040600042420B4B5B6846
:103B8000FB60FB6803F480327B681B6A9A4206D1B3
:103B9000FB6803F470127B685B6A9A4201D00123D0
:103BA00000E0002318461837BD4680BD00100240D3
:103BB00080B584B000AF786039607B68002B01D19C
:103BC0000123D0E06A4B1B6803F007033A689A426E
:103BD00010D9674B1B6823F0070265493B68134304
:103BE0000B60634B1B6803F007033A689A4201D0ED
:103BF0000123B8E07B681B6803F00203002B20D090
:103C00007B681B6803F00403002B05D0594B5B68ED
:103C1000584A43F4E06353607B681B6803F0080371
:103C2000002B05D0534B5B68524A43F460535360FA
:103C3000504B5B6823F0F0027B689B684D4913434F
:103C40004B607B681B6803F00103002B40D07B684E
:103C50005B68012B07D1474B1B6803F40033002B33
:103C600015D101237FE07B685B68022B07D1414BB4
:103C70001B6803F00073002B09D1012373E03D4B57
:103C80001B6803F00203002B01D101236BE0394BC9
:103C90005B6823F003027B685B68364913434B6023
:103CA000FEF708FAF8600AE0FEF704FA0246FB683D
:103CB000D31A41F28832934201D9032353E02D4BAA
:103CC0005B6803F00C027B685B689B009A42EBD157
:103CD000274B1B6803F007033A689A4210D2244B23
:103CE0001B6823F0070222493B6813430B60204BFB
:103CF0001B6803F007033A689A4201D0012332E0BF
:103D00007B681B6803F00403002B08D0194B5B6829
:103D100023F4E0627B68DB68164913434B607B68E1
:103D20001B6803F00803002B09D0124B5B6823F4D7
:103D300060527B681B69DB000E4913434B6000F047
:103D400021F802460B4B5B681B0903F00F030A497D
:103D5000CB5C22FA03F3094A1360094B1B6818462F
:103D6000FEF766F9002318461037BD4680BD00BF38
:103D70000020024000100240989800080000002037
:103D80000400002080B487B000AF0023FB60002354
:103D9000BB6000237B6100237B6000233B611E4BE3
:103DA0005B68FB60FB6803F00C03042B02D0082B5C
:103DB00003D027E0194B3B6127E0FB689B0C03F025
:103DC0000F03174AD35C7B60FB6803F48033002B3E
:103DD00010D0114B5B685B0C03F00103114AD35CFC
:103DE000BB607B680D4A03FB02F2BB68B2FBF3F3D6
:103DF0007B6104E07B680C4A02FB03F37B617B6917
:103E00003B6102E0054B3B6100BF3B6918461C3734
:103E1000BD4680BC704700BF0010024000127A000F
:103E2000B0980008C098000800093D0080B400AFB9
:103E3000024B1B681846BD4680BC7047000000203E
:103E400080B500AFFFF7F2FF0246054B5B681B0A27
:103E500003F007030349CB5C22FA03F3184680BD45
:103E600000100240A898000880B500AFFFF7DEFF01
:103E70000246054B5B68DB0A03F007030349CB5C92
:103E800022FA03F3184680BD00100240A8980008EB
:103E900080B485B000AF78600A4B1B680A4AA2FB69
:103EA00003235B0A7A6802FB03F3FB6000BFFB6835
:103EB0005A1EFA60002BF9D100BF00BF1437BD466F
:103EC00080BC704700000020D34D621080B582B0E6
:103ED00000AF78607B68002B01D1012342E07B6852
:103EE00093F84130DBB2002B06D17B68002283F8C7
:103EF00040207868FDF720FF7B68242283F841206A
:103F00007B681B68DA687B681B6822F40052DA6001
:103F1000786800F071F97B681B681A697B681B6818
:103F200022F490421A617B681B685A697B681B689F
:103F300022F02A025A617B681B68DA687B681B687A
:103F400042F40052DA607B6800225A647B682022C7
:103F500083F841207B68202283F842207B6800227E
:103F60005A63002318460837BD4680BD80B58AB025
:103F700002AFF860B9603B601346FB8000237B61B1
:103F8000FB6893F84130DBB2202B75D1BB68002B66
:103F900002D0FB88002B01D101236EE0FB680022D8
:103FA0005A64FB68212283F84120FEF783F8786188
:103FB000FB68FA889A84FB68FA88DA84FB689B6855
:103FC000B3F5805F08D1FB681B69002B04D1002387
:103FD000FB61BB68BB6103E0BB68FB610023BB61A5
:103FE0002EE03B6800937B6900228021F86800F096
:103FF00048F80346002B05D0FB68202283F84120B7
:1040000003233AE0FB69002B0BD1BB691B881A46DE
:10401000FB681B68C2F308025A60BB690233BB61CC
:1040200007E0FB691A78FB681B685A60FB6901337B
:10403000FB61FB68DB8C9BB2013B9AB2FB68DA84C4
:10404000FB68DB8C9BB2002BCBD13B6800937B6978
:1040500000224021F86800F014F80346002B05D038
:10406000FB68202283F84120032306E0FB6820221E
:1040700083F84120002300E0022318462037BD4684
:1040800080BD80B586B000AFF860B9603B60134674
:10409000FB713BE03B6AB3F1FF3F37D0FEF70AF814
:1040A00002463B68D31A3A6A9A4202D33B6A002B13
:1040B00001D103233AE0FB681B68DB6803F00403CB
:1040C000002B23D0BB68802B20D0BB68402B1DD099
:1040D000FB681B681B6803F00803082B16D100233C
:1040E0007B61FB681B681B687B61FB681B685B6806
:1040F0007B617B69F86800F01DF8FB6808225A6450
:10410000FB68002283F8402001230FE0FB681B6856
:104110001A68BB681340BA689A420CBF0123002397
:10412000DBB21A46FB799A42B4D0002318461837FE
:10413000BD4680BD80B495B000AF78607B681B68D9
:104140000C337B637B6B53E8003F3B633B6B23F497
:104150009073FB647B681B680C33FA6C3A64FB63F6
:10416000F96B3A6C41E80023BB63BB6B002BE5D1D4
:104170007B681B6814333B623B6A53E8003FFB617A
:10418000FB6923F00103BB647B681B681433BA6CC2
:10419000FA62BB62B96AFA6A41E800237B627B6A11
:1041A000002BE5D17B681B6B012B19D17B681B6849
:1041B0000C33FB60FB6853E8003FBB60BB6823F037
:1041C00010037B647B681B680C337A6CBA617B617B
:1041D0007969BA6941E800233B613B69002BE5D16D
:1041E0007B68202283F842207B6800221A6300BF8C
:1041F0005437BD4680BC704780B584B000AF78604E
:104200007B681B681B6923F440517B68DA687B6814
:104210001B680A431A617B689A687B681B691A43AA
:104220007B685B691343BB607B681B68DB6823F4B6
:10423000B05323F00C037A681268B9680B43D3605B
:104240007B681B685B6923F440717B689A697B68B3
:104250001B680A435A617B681B682C4A934203D14E
:10426000FFF702FEF86002E0FFF7EAFDF860FA6887
:1042700013469B0013449A001A447B685B689B00BA
:10428000B2FBF3F3224AA2FB03235B091901FA688C
:1042900013469B0013449A001A447B685B689B009A
:1042A000B2FBF3F21A4BA3FB02035B09642000FB91
:1042B00003F3D31A1B013233154AA2FB03235B0914
:1042C00003F0F0031944FA6813469B0013449A0064
:1042D0001A447B685B689B00B2FBF3F20C4BA3FBB8
:1042E00002035B09642000FB03F3D31A1B01323382
:1042F000074AA2FB03235B0903F00F027B681B68DC
:104300000A449A6000BF1037BD4680BD00380140A6
:104310001F85EB51002B2DE9F0471D46BBBF03F174
:1043200000431D4600232D2388B01446B8BF144611
:10433000129A109E1370149BDDF84CA023F02008F5
:10434000B8F1460F05D0B8F1450F00D10136022370
:1043500000E0032307AA049206AACDE902A2CDE950
:10436000003622462B4601F0B3F8B8F1470F074656
:1043700019D1119BDB070ED500EB060900220023A3
:1043800020462946FCF710FB08B1CDF81C903022DE
:10439000079B4B451ED33846079B159ADB1B1360C2
:1043A00008B0BDE8F087B8F1460F00EB0609E5D18B
:1043B0000378302B0AD10022002320462946FCF73F
:1043C000F3FA18B9C6F10106CAF80060DAF800304D
:1043D0009944D3E7591C07911A70D9E7F7B500291A
:1043E000B6BF2D232B23494209290270437029DDD2
:1043F0000DF107031D460A27B1FBF7F61A4607FB26
:104400001614303402F8014C0C46632C314603F18B
:10441000FF33F1DC3031941E03F8011C2346411CAC
:10442000AB420AD30DF109039B1AAC4288BF0023AB
:1044300002330344181A03B0F0BD13F8016B01F8FE
:10444000016FEDE7302330318370C170031DF1E758
:104450002DE9F04F91B00C46DDF8688016461F46F6
:10446000054600F021FF036818460893FBF770FE2D
:1044700000230E93D8F800300990073323F0070388
:1044800003F1080294F818A0D4F800B0C8F800208E
:10449000D3E9008929F000430B93CDF828804FF031
:1044A000FF32DDE90A01C4E912899C4BFCF7AEFA40
:1044B00070BBDDE90A014FF0FF32984BFCF788FA38
:1044C00030BB0022002340464946FCF777FA10B182
:1044D0002D2384F84330924A924BBAF1470F8CBF98
:1044E0009046984603234FF0000923612BF0040304
:1044F000236033462146284600970FAA00F0D4F9DE
:10450000013040F090804FF0FF3011B0BDE8F08FE7
:1045100042464B4640464946FCF778FA48B14B467E
:10452000002BB8BF2D23804AB8BF84F843307F4B9F
:10453000D3E763680AF0DF015A1C3FD106236360AA
:1045400000224BF48063236006920EAACDE904A2F8
:104550000DAA03920DF13302CDE9013263684246A0
:10456000009328464B460A91FFF7D4FE0A998046ED
:1045700047290D9928D1C81C02DB6368994240DDA8
:10458000AAF1020A5FFA8AFA5246013904F1500090
:104590000D91FFF723FF0E9A81461318012A23611C
:1045A00002DC2268D20701D5013323619DF8333044
:1045B000002B9ED02D2384F843309AE74729BFD1A2
:1045C000002BBDD10123BAE7BAF1650FDCD9BAF1EE
:1045D000660F18D1002963680BDD216113B92268C9
:1045E000D00702D501330B4423614FF00009A165C8
:1045F000DCE713B92268D20701D50233F4E70123BF
:10460000F2E74FF0670A0E9B994205DB23682161B0
:10461000D807EAD54B1CE7E70029CCBF0122C1F13E
:1046200002021344E0E723685A0507D4236942468F
:1046300031462846B84701302BD164E7BAF1650FFF
:1046400040F2DC80D4E9120100220023FCF7ACF92F
:10465000002833D0012331462846354AB847013077
:104660003FF451AFDDE90D38434502DB2368D8073D
:104670000FD5DDE9082331462846B84701303FF41D
:1046800042AF4FF0000908F1FF3804F11A0AC8459B
:1046900009DC23689B0700F10281E0680F9B9842C8
:1046A000B8BF184631E70123524631462846B8477D
:1046B00001303FF428AF09F10109E8E70D9B002B19
:1046C00038DC012331462846194AB84701303FF407
:1046D0001AAFDDE90D3959EA030302D12368D9077E
:1046E000D7D5DDE9082331462846B84701303FF4E5
:1046F0000AAF4FF0000A04F11A0B0D9B5B425345C1
:1047000001DC4B4693E701235A4631462846B84719
:1047100001303FF4F8AE0AF1010AEEE7FFFFEF7F48
:10472000C6980008C2980008CE980008CA980008E9
:10473000D2980008A36DDDF838A05345A8BF5346B2
:10474000002B994636DC4FF0000B29EAE97904F199
:104750001A02A36D0A93A3EB09035B4531DC0D9BA1
:104760009A453ADC2368DA0737D40D9BAAEB030994
:104770000A9BAAEB03039945A8BF9946B9F1000F1C
:1047800033DC4FF0000829EAE97904F11A0B0D9B9C
:10479000AAEB0303A3EB090343457FF77AAF012399
:1047A0005A4631462846B84701303FF4ACAE08F1CE
:1047B0000108ECE7424631462846B8470130C2D1ED
:1047C000A1E60123314628460A92B84701303FF45A
:1047D0009AAE0A9A0BF1010BBBE73146DDE90823DB
:1047E0002846B8470130C0D18DE60A9A4B4631467B
:1047F00028464244B8470130C3D184E6DDF838A0EA
:10480000BAF1010F01DCDB0736D501234246314600
:104810002846B84701303FF476AEDDE9082331463B
:104820002846B84701303FF46EAED4E912010022A9
:1048300000230AF1FF3AFCF7B7F8C0B9534608F174
:10484000010231462846B84701300CD15BE601230E
:104850005A4631462846B84701303FF454AE08F175
:104860000108D045F3DB4B4604F15002E0E64FF07F
:10487000000804F11A0BF4E701234246E1E70123A3
:104880004A4631462846B84701303FF43CAE08F16D
:104890000108E3680F995B1A4345F0DCFDE64FF031
:1048A000000804F11909F4E72DE9F0471646984687
:1048B0008A680B6907469342B8BF1346336091F884
:1048C00043200C46DDF820900AB1013333602368A1
:1048D000990642BF336802333360256815F0060538
:1048E00006D104F1190AE36832689B1AAB422BDC4B
:1048F00094F843302268003B18BF0123920630D45D
:104900004146384604F14302C847013023D02368AA
:10491000226903F00603042B14BF002533684FF00F
:10492000000608BFE56804F11A0408BFED1A54F840
:10493000123C08BF25EAE5759342C4BF9B1AED18E7
:10494000B5421AD1002008E00123524641463846BC
:10495000C847013003D14FF0FF30BDE8F087013583
:10496000C1E73020E11881F843005A1C94F8451043
:104970002244023382F84310C2E701232246414613
:104980003846C8470130E6D00136D9E72DE9FF4760
:104990000F7E9146782F80460C469A460C9E01F178
:1049A000430207D8622F0AD8002F00F0D180582F79
:1049B00000F0B88004F1420684F842703AE0A7F1B2
:1049C0006303152BF6D801A151F823F0254A0008FE
:1049D000394A0008B5490008B5490008B54900083A
:1049E000B5490008394A0008B5490008B54900082A
:1049F000B5490008B5490008374B0008634A00086C
:104A0000F14A0008B5490008B5490008594B0008AB
:104A1000B5490008634A0008B5490008B5490008CF
:104A2000F94A000833681A1D1B68326004F1420617
:104A300084F8423001239CE033682068191D3160FE
:104A4000060601D51D6803E04506FBD5B3F9005005
:104A5000002D03DA2D236D4284F843300A23584891
:104A600011E021683368080653F8045B02D4490654
:104A700048BFADB26F2F336014BF0A2308235048DC
:104A8000002184F843106668002EA66005DB2168CB
:104A90002E4321F0040121604BD01646B5FBF3F103
:104AA00003FB1157C75D06F8017D2F46BB420D463B
:104AB000F4D9082B0BD12368DF0708D52369616877
:104AC0009942DEBF302306F8013C06F1FF36921B07
:104AD00022614B4621464046CDF800A003AAFFF7CD
:104AE000E3FE01304AD14FF0FF3004B0BDE8F0875B
:104AF000236843F0200323607827324884F8457008
:104B0000236831681F0651F8045B02D45F0648BF72
:104B1000ADB23160D90744BF43F0200323601DB11B
:104B20001023ADE72648E9E7236823F0200323603C
:104B3000F6E71646BDE733682568181D61693060E1
:104B40002E061B6801D5196002E06806FBD51980A6
:104B5000002316462361BCE7336800211A1D32602A
:104B60001E686268304600F016FC08B1801B606069
:104B700063682361002384F84330AAE7324649463C
:104B800040462369D0470130ADD023689B0713D43A
:104B9000E068039B9842B8BF1846A6E70123324657
:104BA00049464046D04701309DD00135E36803991E
:104BB0005B1AAB42F2DCEBE7002504F11906F5E7DE
:104BC000D4980008E59800082DE9F04F87B00393CA
:104BD0008B6891465A1EB2F5AE7F82BF6FF4AE75F8
:104BE00003EB050B40F25D130A464FF0000588BF4A
:104BF0008B600B68804643F4F06342F81C3B0C4624
:104C000098BF4FF0000B1646AA462F46CDE9045533
:104C100001920295A2685AB1D9F800301B784E2B48
:104C200062D8402B3AD8A3F12B01C8B20E2838D94C
:104C30001FB1236823F4807323600AF1FF3ABAF1AD
:104C4000010F00F21481019B9E4200F205810120B8
:104C500007B0BDE8F08FA3F161020D2AE8D801A1E9
:104C600051F822F0AD4D0008314C0008314C0008DD
:104C7000314C0008094E0008E34D0008314C000893
:104C8000314C0008BB4D0008314C0008314C000885
:104C9000314C0008314C0008774D0008A3F1410267
:104CA000DBE70E29C4D801A050F821F0674D0008B9
:104CB000314C0008674D0008F74D0008314C0008E2
:104CC000094D00084D4D00084D4D00084D4D0008A0
:104CD0004D4D00084D4D00084D4D00084D4D00084C
:104CE0004D4D00084D4D00086E2B09D8602BB2D8F1
:104CF000542B7BD0592B9BD1072D99D108252FE020
:104D0000742B73D0792BF6E72168C8051ED521F0E6
:104D1000800121600137BBF1000F03D001320BF19C
:104D2000FF3BA260A368013BA360236901332361B9
:104D3000D9F80430013B002BC9F8043040F38380DC
:104D4000D9F800300133C9F8003063E71AEB0501E8
:104D50007FF46EAF0D468A46226822F4C07222604C
:104D600006F8013BDEE7226810067FF561AF22F00E
:104D700080022260F4E7BAF1000F0CD177B9226803
:104D800002F4E061B1F5E06F08D122F4F0624FF077
:104D9000010A2260E4E7BAF1020F51D0012D02D0DE
:104DA000042D7FF445AF0135EDB2D9E7BAF1010F1B
:104DB0007FF43EAF4FF0020AD2E775B9002F7FF4BF
:104DC00038AF226802F4E061B1F5E06F40F0FF8097
:104DD00022F4F06201252260C2E7032DE3D0052D05
:104DE000DFE7022D7FF424AF0325B9E7062D7FF41A
:104DF0001FAF0725B4E7226891057FF519AF22F4AC
:104E0000207222600297ABE7226802F4A061B1F53C
:104E1000806F05D050057FF50BAF002F00F0D780D5
:104E2000910558BF029922F4F06258BF791A42F4F2
:104E3000C0724FF0000758BFCDE9041622608FE71B
:104E40004FF0030A8CE749464046D4F88031984732
:104E500000283FF4DFAEEBE6D4F87C314A4640460A
:104E600016F8011D98472369013B2361EBE66B1E91
:104E7000062B24D8022D36D8019B9E427FF6E7AE42
:104E8000D4F87C314A46404616F8011D98472369FC
:104E9000013B2361F0E7D4F87C314A4640461BF8D9
:104EA000011D98472369013B23610AF1FF3A5FFA2C
:104EB0008AFABAF1020FEED1033DEDB2761B2368F8
:104EC000DA0530D55B0511D5019B9E427FF6BFAE5A
:104ED000D4F87C314A46404616F8011D98472369AC
:104EE000013B2361F0E7AA46B346DEE716F8011C52
:104EF0002369652903F1FF3306F1FF3523610CD0E7
:104F000045290AD0D4F87C314A464046984723695F
:104F100016F8021C013BB51E23614A464046D4F8F0
:104F20007C3198472E46226812F0100201D00020F2
:104F30008EE63270236803F4C063B3F5806F25D129
:104F4000029B9F420AD0DA1B04F26F139E4228BFD5
:104F500004F5B77630461F4900F038F90022404684
:104F6000019902F021FC039B25681B6815F0020FD4
:104F700006460F4603F1040215D003990A601B6828
:104F8000C3E90067E3680133E360D0E7049B002BCB
:104F9000E4D005990A234046013102F085FC049BC8
:104FA000059EC21AD0E76D07E7D4039D2A601D68ED
:104FB00002460B46FBF72AFD20B1074800F0FAF93C
:104FC0002860DFE730463946FBF77EFDF8E700272B
:104FD00033E600BFF6980008379A0008002310B5A2
:104FE0000446C0E90033C0E904338360818143662D
:104FF000C2818361194608225C3000F04CF90D4BE8
:10500000246263620C4BA3620C4BE3620C4B236380
:105010000C4B9C4206D003F16802944202D0D0337C
:105020009C4205D104F15800BDE8104000F0B0B931
:1050300010BD00BF11520008335200086B52000827
:105040008F520008DC020020024A0349034800F0A6
:1050500069B800BF0C0000205D7C00081C00002027
:1050600041680C4B10B59942044601D002F0F6FDA0
:10507000A168094B994202D0204602F0EFFDE16899
:10508000064B994204D02046BDE8104002F0E6BD30
:1050900010BD00BFDC02002044030020AC03002050
:1050A00010B50B4B0B4C0C4A20461A600421002211
:1050B000FFF794FF04F1680001220921FFF78EFF3A
:1050C00004F1D0000222BDE810401221FFF786BF94
:1050D00014040020DC02002049500008014800F0C0
:1050E00058B900BF1D040020014800F053B900BFAB
:1050F0001D04002010B50446FFF7F0FF236A1BB122
:10510000BDE81040FFF7F0BF044B2362044B1B685F
:10511000002BF5D1FFF7C4FFF2E700BF6150000894
:10512000140400202DE9F84307468846144600265B
:10513000D4E90195B9F1010905D52468002CF7D10E
:105140003046BDE8F883AB89012B07D9B5F90E309D
:10515000013303D029463846C04706436835E9E79E
:105160000CB430B5184B0C1E1D689DB008DA8B23AB
:105170004FF0FF302B601DB0BDE8304002B07047EB
:105180004FF40273ADF814304FF000031B930CBFC3
:10519000234604F1FF33049307934FF6FF73029005
:1051A0000690ADF81630284621AB209A02A901934B
:1051B00002F0D8FB431CBCBF8B232B60002CDAD041
:1051C0000022029B1A70D6E7180000200EB46FF080
:1051D000004110B500249DB01FAB029006900791CE
:1051E00004910948094953F8042B0591006802A964
:1051F00001931B9402F0B6FB029B1C701DB0BDE82E
:10520000104003B0704700BF180000200802FFFFE5
:1052100010B50C46B1F90E1000F06CF80028ABBFC9
:10522000636DA3891B1823F48053ACBF6365A3810E
:1052300010BD2DE9F0411F468B890546DB050C4664
:10524000164605D502230022B1F90E1000F040F8F1
:10525000A389324623F48053A38128463B46B4F900
:105260000E10BDE8F04100F057B810B50C46B1F98A
:105270000E1000F02DF8431CA38915BF606523F4C0
:10528000805343F48053A38118BFA38110BDB1F9AB
:105290000E1000F00DB803460244934200D170474F
:1052A00003F8011BF9E7000000487047580100208F
:1052B00038B50023054D044608462B60FCF70FFE69
:1052C000431C02D12B6803B1236038BD18040020B1
:1052D00038B50446084611460022054D2A601A4694
:1052E000FCF721FE431C02D12B6803B1236038BDBB
:1052F0001804002038B50446084611460022054D22
:105300002A601A46FCF7B2FD431C02D12B6803B198
:10531000236038BD1804002038B5044608461146FD
:105320000022054D2A601A46FCF7BDFD431C02D140
:105330002B6803B1236038BD18040020014B1868A6
:10534000704700BF1800002070B500260C4D0D4CB2
:10535000641BA410A64209D104F076FA00260A4D77
:105360000A4C641BA410A64205D170BD55F8043B3D
:1053700098470136EEE755F8043B98470136F2E7C7
:10538000389D0008389D0008389D00083C9D0008A5
:10539000704770477047034610B5C9B20244934244
:1053A000184601D1002003E0047801338C42F6D185
:1053B00010BD0000004870470000C07F2DE9F74F86
:1053C00003690C690746A3427EDB013CA30000F1A0
:1053D000140501F11408009305EB8403019358F8B8
:1053E000243055F8242001339A42B2FBF3F608EB3F
:1053F00084092ED34FF0000AC446AE46D3465CF86B
:10540000043B98B206FB00A01B0C020C06FB032316
:10541000DEF8002080B292B2121A5A44DEF8000080
:105420004FEA134A9BB2C3EB224303EB104392B201
:1054300042EA0342E1454FEA234B4EF8042BDED209
:10544000009BEB582BB9019B043B9D421A462FD37E
:105450003C61384601F0CAF9002825DB29460020C6
:1054600058F8042BD1F800C01FFA82FE1FFA8CF303
:10547000A3EB0E030344120CC2EB234202EB1C42CB
:105480009BB243EA0243C1454FEA224041F8043B44
:10549000E6D255F8242005EB840322B9043B9D4253
:1054A0001A460BD33C610136304603B0BDE8F08F9D
:1054B0001268043B002ACBD1013CC6E71268043BCA
:1054C000002AEFD1013CEAE70020EEE700000000EF
:1054D0002DE9F04F14461D46C76997B08146CDE9C6
:1054E0000645239E7FB9102000F00EFE0246C9F843
:1054F0001C0020B9EF21AC4BAC4802F027FCC0E9FE
:1055000001770760C760D9F81C30196859B15A682B
:10551000012393404A608B60484600F0EBFE002276
:10552000D9F81C301A602B1EAFBF0023012223F0D4
:1055300000430793A8BF3360DDF81C809C4BB8BFC5
:10554000326033EA080312D142F20F73229A1360D9
:10555000C8F31303234300F05E85249BDFF854A2B5
:10556000002B00F060850AF1030300F05ABDDDE96D
:105570000623CDE90C23DDE90C0100220023FBF713
:1055800013FA074658B10123229A1360249B13B1E2
:10559000894B249A1360DFF824A200F044BD14ABB9
:1055A000019315AB00934846DDE90C2301F036FA70
:1055B000C8F30A560390002E78D0DDE90C010D9B4C
:1055C000A6F2FF36C3F3130343F07F5343F44013B3
:1055D0001297194600227A4BFAF7C6FD6CA3D3E95D
:1055E0000023FAF779FF6CA3D3E90023FAF7BEFD95
:1055F000044630460D46FAF705FF69A3D3E90023B8
:10560000FAF76AFF02460B4620462946FAF7AEFD36
:1056100004460D46FBF710FA0022074600232046F9
:105620002946FBF7CBF940B13846FAF7EBFE2246A4
:105630002B46FBF7B9F900B9013F162F54D8DDE925
:105640000C01604B03EBC703D3E90023FBF7B6F96A
:1056500000284BD00023013F0F93149B9B1B5A1E25
:1056600049BFC3F10103002304930023099254BFEF
:1056700004930993002F3BDB099B0E973B4409934E
:1056800000230A93209B092B65D8052BC4BF043B3C
:105690002093209BC8BF0024A3F10203D8BF01249C
:1056A000032B64D8DFE803F05355382CDDE914638D
:1056B0001E4406F23243202BC1BFC3F1400308FA57
:1056C00003F806F2124324FA03F3D6BFC3F1200312
:1056D00048EA030004FA03F0FAF784FE0122A1F17C
:1056E000F873013E129274E70123B5E70F90B4E717
:1056F000049BDB1B04937B420A9300230E93C1E7B8
:1057000001230B93219B07EB030B0BF10103012BEF
:105710000893B8BF012306E001230B93219B002BC4
:1057200028DD9B46089300210422D9F81C0002F1D1
:1057300014059D4226D94160484600F09BFD8246F3
:10574000002843D1024640F2AF111F4BD4E600239C
:10575000E3E70023D5E7012400230B9420934FF0C7
:10576000FF3B00221223CDF820B02192DBE701237A
:105770000B93F4E74FF0010B5B46CDF820B0CDF86A
:1057800084B0D0E701315200D1E700BFAFF3008011
:1057900061436F63A787D23FB3C8608B288AC63F37
:1057A000FB799F501344D33F089900081F990008C4
:1057B0000000F07F04990008D3980008D2980008F0
:1057C0000000F83FD09A000877990008D9F81C30FB
:1057D0001860089B0E2B00F2A180002C00F09E8028
:1057E000002F33DD9C4B07F00F0203EBC203F805DB
:1057F000D3E90034CDE910344FEA271416D5DDE99A
:105800000C01964B0326D3E90823FAF78FFFCDE965
:10581000060104F00F04914D54B9DDE91023DDE9D0
:105820000601FAF783FFCDE9060128E00226F2E738
:10583000E10708D5DDE91001D5E90023FAF74CFEB0
:10584000CDE91001013664100835E5E700F0AF80BE
:10585000DDE90C017C42804B04F00F0203EBC20334
:10586000D3E90023FAF738FE02260023CDE906012A
:105870007A4D2411002C40F08F80002BD3D1DDE92C
:1058800006450F9B002B00F09480002220462946FD
:10589000734BFBF793F8002800F08B80089B002BDC
:1058A00000F08780BBF1000F34DD2046002229463E
:1058B0006C4BFAF711FE5C46CDE9060107F1FF38A3
:1058C00001363046FAF79EFDDDE90623FAF704FEBD
:1058D0000022654BFAF74AFC0546A1F15076002CF0
:1058E0006AD1DDE906010022604BFAF73DFC024671
:1058F0000B46CDE906232A463346FBF77DF8002800
:1059000040F09882DDE906012A4606F10043FBF7E4
:1059100055F838BBDDE90C34CDE90634159B002B76
:10592000C0F257810E2F00F354814B4B03EBC7039A
:10593000D3E90034CDE90434219B002B80F2E580CB
:10594000089B002B00F3E1800CD1DDE9040100226B
:10595000464BFAF7C1FDDDE90623FBF743F80028C3
:1059600000F0668200242546219B56466FEA030814
:1059700000272146484600F0BDFC002D00F0BD8008
:105980002FB1AF4203D03946484600F0B3FC294658
:10599000484600F0AFFCB0E0E20705D5D5E90023AA
:1059A000FAF79AFD012301366410083562E70226F2
:1059B00065E7B846089C84E7274B0B9903EBC403C3
:1059C00053E902235444002954D000202849FAF70F
:1059D000ADFE33462A46FAF7C7FB5646CDE910011D
:1059E000DDE90601FBF728F80546FAF70BFD02464C
:1059F0000B46DDE90601FAF7B7FB02460B463035E8
:105A0000CDE90623DDE9102306F8015BFAF7D6FF9E
:105A1000002872D1DDE9062300201149FAF7A4FB22
:105A2000DDE91023FAF7CAFF002840F0B480A6424F
:105A30003FF470AFDDE9100100220A4BFAF74CFD8C
:105A40000022CDE91001DDE90601064BFAF744FD1D
:105A5000CDE90601C4E700BFD09A0008A89A000863
:105A60000000F03F0000244000001C4000001440F3
:105A70000000E03F31462846FAF72EFD5646CDE9B4
:105A800010011394DDE90601FAF7D6FF0546FAF78F
:105A9000B9FC02460B46DDE90601FAF765FB024652
:105AA0000B46303506F8015BA642CDE906234FF0E0
:105AB000000224D1DDE91001AE4BFAF757FB024694
:105AC0000B46DDE90601FAF797FF002863D1DDE90F
:105AD00010230020A749FAF747FB02460B46DDE9F1
:105AE0000601FAF76BFF00283FF414AF139E731EF4
:105AF000139316F8013C302BF8D047463BE09E4B01
:105B0000FAF7EAFCCDE90601BCE75646DDE90645B1
:105B1000DDE9042320462946FAF708FEFAF78CFF50
:105B20008046FAF76FFCDDE90423FAF7D5FC02465C
:105B30000B4620462946FAF717FB08F13004089D6A
:105B400006F8014BA6EB0A04A54202460B4633D1E8
:105B5000FAF70CFBDDE9042304460D46FAF74CFF87
:105B6000C0B9DDE9042320462946FAF71DFF10B12C
:105B700018F0010F0ED14846039900F0BBFB00233B
:105B80003370229B01371F60249B002B00F04B8257
:105B90001E6048E2B84633461E4613F8012D392AE6
:105BA00006D19A45F8D1302208F101088AF8002080
:105BB0001A7801321A70A0E700226F4BFAF78CFCBA
:105BC0000022002304460D46FAF7EEFE00289FD07F
:105BD000D1E70B9A002A00F0EA80209A012A00F30C
:105BE000CD80129A002A00F0C18003F233430A9C50
:105BF000049E049A01211A440492099A48461A44C0
:105C0000099200F075FC054666B1099B002B09DD81
:105C1000B342A8BF3346049AF61AD21A0492099ADC
:105C2000D31A09930A9B0BB30B9B002B00F0C68081
:105C3000002C00F0C08029462246484600F010FDA6
:105C4000039A01460546484600F068FC03998046E1
:105C5000484600F04FFB0A9B1B1B0A9300F0B180E3
:105C600041460A9A484600F0FBFC03900121484651
:105C700000F03EFC0E9B0446002B00F0D8811A4633
:105C80000146484600F0ECFC209B0446012B00F343
:105C90009F80069B002B40F09780079BC3F3130364
:105CA000002B40F09380079B23F000431B0D1B0546
:105CB00033B1049B01330493099B013309930123FE
:105CC0000A930E9B002B00F0B881236904EB830339
:105CD000186900F0C1FBC0F12000099B184410F0C6
:105CE0001F0000F08280C0F12003042B73DD049BB1
:105CF000C0F11C0003440493099B06440344099328
:105D0000049B002B05DD1A464846039900F002FD6E
:105D10000390099B002B05DD21461A46484600F0FA
:105D2000F9FC04460F9B002B61D02146039800F03C
:105D30005DFD00285BDA00230A224846039900F043
:105D4000FBFA0B9B07F1FF380390002B00F07781E3
:105D5000294600230A22484600F0EEFABBF1000F64
:105D600005466FDC209B022B49DC6BE0149BC3F1E2
:105D700036033CE70000E03F00002440089B5C1E27
:105D80000A9BA34209DB1C1B089B002BBFF630AF0C
:105D9000049B089A9E1A00232BE70A9B0E9AE31A8B
:105DA0001A440A94049E0024089B0E9221E70A9C40
:105DB000049E0B9D28E7DDF80C8051E70A9A0399B1
:105DC00050E7CDF80C8051E7002379E7069B77E791
:105DD00000230A9379E793D0049A1C331A4404925F
:105DE000099A1E441A4409928AE70346F4E7089B7D
:105DF000B846002B20DC9B46209B022B1EDDBBF10E
:105E0000000F7FF4B1AD21465B460522484600F005
:105E100093FA01460446039800F0E8FC00287FF757
:105E2000A3AD5646312308F1010806F8013B9FE572
:105E3000B846089C2546F4E7DDF820B00B9B002B04
:105E400000F00181002E05DD29463246484600F06B
:105E500061FC05460A9B002B5CD04846696800F04F
:105E600009FA064628B9024640F2EF21804BFFF7B7
:105E700043BB2A6905F10C01023292000C3001F09B
:105E800051FF01223146484600F044FC2F460546AA
:105E90000AF1010304930AEB0B030A93069B03F038
:105EA00001030993049B2146039803F1FF3BFFF78D
:105EB00085FA034639463033069003980B9300F079
:105EC00095FC2A4608902146484600F0ABFCC26883
:105ED00006460B9B02BB0146039800F087FC024676
:105EE0000B9B31464846CDE90B3200F003FA209B6C
:105EF0000C9A049E42EA0301099B19430B9B0DD1A6
:105F0000392B27D0089A002A01DD069B31338BF804
:105F100000302EE52846B9E70122E2E7089900297A
:105F200004DB209801430998014320D1002AEEDDCB
:105F3000012203994846049300F0ECFB21460390AC
:105F400000F054FC0028049B02DCE0D1DA07DED527
:105F5000392BDAD139238BF8003033461E4616F838
:105F6000012C013B392A4ED001321A7001E5002A7A
:105F700003DD392BEED00133C9E7049A0A9902F800
:105F8000013C8A4228D000230A220399484600F0A7
:105F9000D3F9AF4203904FF000034FF00A023946A5
:105FA000484607D100F0C8F907460546049B01336F
:105FB000049377E700F0C0F92946074600230A2238
:105FC000484600F0B9F90546F0E7BBF1000FCCBF39
:105FD0005E46012600275644012203994846049351
:105FE00000F098FB2146039000F000FC0028B4DC90
:105FF00002D1049BDB07B0D433461E4613F8012DB3
:10600000302AFAD0B5E49A45A8D1312308F1010825
:106010008AF80030ADE4249BDFF858A01BB10AF1E8
:106020000803249A1360504617B0BDE8F08F209BF8
:10603000012B7FF72EAE0E9B0A9301204DE6BBF19C
:10604000000F7FF7D9AE564621460398FFF7B6F901
:1060500000F1300306F8013BA6EB0A029345B4DDDC
:1060600000230A224846039900F066F90390EBE703
:1060700077990008FB98000838B50546002940D0FC
:1060800051F8043C0C1F002BB8BFE41800F0E6F8F0
:106090001C4A136833B9636014602846BDE8384071
:1060A00000F0E2B8A34208D9206821188B4201BF52
:1060B00019685B6809182160EDE71A465B680BB147
:1060C000A342FAD911685018A0420BD120680144AC
:1060D000501883421160E0D118685B680844106072
:1060E0005360DAE702D90C232B60D6E72068211829
:1060F0008B4201BF19685B680918216063605460B6
:10610000CBE738BD24040020024B0146186800F09C
:1061100025B800BF1800002070B50F4E0C4631683E
:10612000054611B901F0EEFD30602146284601F028
:10613000E9FD431C03D14FF0FF34204670BDC41C61
:1061400024F00304A042F8D0211A284601F0DAFD19
:106150000130F2D1EFE700BF200400202DE9F84321
:10616000CD1C25F0030508350C2D38BF0C25002D5E
:10617000064601DBA94204D90C2333600020BDE8A8
:10618000F883DFF8D48000F069F8D8F800301C46B6
:1061900044BB29463046FFF7BFFF431C044658D195
:1061A000D8F800402746002F43D1002C4BD023685D
:1061B0003946304604EB030901F0A4FD814542D184
:1061C000216830466D1A2946FFF7A6FF01303AD004
:1061D00023682B442360D8F800305A6862BBC8F8A3
:1061E00000700FE02268521B20D40B2A17D96119C6
:1061F000A342256018BF5960636808BFC8F8001043
:1062000062514B60304600F02FF804F10B00231D63
:1062100020F00700C21A1CBF1B1AA350AFE7626828
:10622000A3420CBFC8F800205A60EBE7234664681D
:10623000AEE73C467F68B6E71A465B68A342FBD1EF
:1062400000235360DEE70C233046336000F00CF887
:1062500094E70560D6E700BF240400200148FFF75B
:1062600098B800BF1C0400200148FFF793B800BF96
:106270001C04002070B5C66904460D4676B910208E
:10628000FFF742FF0246E06120B96B21174B184827
:1062900001F05CFDC0E901660660C660E669F3686E
:1062A00083B1E369DB6853F82500B8B9012101FA2D
:1062B00005F6721D2046920001F066FD60B1C0E94E
:1062C00001560EE021220421204601F05DFDE36924
:1062D000F060DB68002BE4D1002070BD026843F859
:1062E00025200023C0E90333F7E700BF0899000821
:1062F0008899000870B5C66905460C4676B9102025
:10630000FFF702FF0246E86120B98F21084B0948D8
:1063100001F01CFDC0E901660660C6603CB1EB6996
:106320006268DB6853F82210216043F8224070BD98
:1063300008990008889900082DE9F04107460C46A5
:106340001E4600200D6901F1140CDCF8003001300C
:1063500099B202FB01611E0C0B0C02FB063389B2E1
:1063600001EB034185424FEA13464CF8041BECDC79
:106370000EB3A368AB4219DC616838460131FFF700
:1063800079FF804628B90246BA210C4B0C4801F02F
:10639000DDFC226904F10C01023292000C3001F0A4
:1063A000C1FC21463846FFF7A5FF444604EB8503B0
:1063B00001355E6125612046BDE8F08177990008CE
:1063C000889900082DE9F843154609221F4608332D
:1063D0000C4693FBF2F30646012200219A4209DBA8
:1063E0003046FFF747FF40B90246D321184B194802
:1063F00001F0ACFC52000131F0E7089B092D43612C
:106400004FF00103036116DD04F10909C8462C446D
:1064100018F8013B01460A223046303BFFF78CFF5B
:10642000A045F5D1A5F108044C442D1B6319BB42CE
:1064300004DBBDE8F88309250A34F6E714F8013BCC
:1064400001460A223046303BFFF776FFEEE700BFF9
:1064500077990008889900080346B0F5803F3ABF55
:10646000030410200020B3F1807F3CBF1B020830E2
:10647000B3F1805F3CBF1B010430B3F1804F3CBFE0
:106480009B000230002B05DB13F0804F00F1010070
:1064900008BF202070470368024613F007000BD0A6
:1064A000D90721D4980749BF5B089B0801201360D6
:1064B0005CBF02201360704799B209B910201B0C11
:1064C000D9B209B908301B0A190704BF1B090430E7
:1064D000990704BF9B080230D90703D45B0800F179
:1064E000010003D0136070470020704720207047E0
:1064F00010B50C460121FFF7BDFE024628B940F257
:106500004511044B044801F021FC0123446103615F
:1065100010BD00BF77990008889900082DE9F04F59
:1065200017460A693B6989469A42A2BF3B460F4615
:1065300099463D69D9F810A0BB68796805EB0A0651
:10654000B34285B0B8BF0131FFF794FE30B90246BF
:106550004FF4B171404B414801F0F8FB00F11404D5
:106560002346002204EB860E734520D307F114085E
:1065700009F1140108EB850501EB8A030293EB1B7B
:10658000153B23F0030304331537BD4238BF042302
:106590000193029B03918B420CD8002E03DD5EF821
:1065A000043D002B55D0066105B0BDE8F08F43F8DF
:1065B000042BD9E7B1F800A0BAF1000F1FD0C446F0
:1065C000A14600275CF8042BD9F800301FFA82FBA3
:1065D0009BB20AFB0B333B44D9F80070120C3F0C02
:1065E0000AFB027202EB13429BB243EA0243654587
:1065F0004FEA124749F8043BE4D8019BE750039B5C
:106600000431B3F80290B9F1000F20D04746A446F8
:106610004FF0000A2368B7F800B0BCF802209BB224
:1066200009FB0B22524443EA02434CF8043B57F85F
:10663000043B4FEA134ABCF80030BD4209FB0A3361
:1066400003EB12434FEA134AE5D8019AA3500434EE
:106650009FE7013EA1E700BF7799000888990008ED
:106660002DE9F843154612F0030207460E4607D0FF
:10667000254C013A002354F82220FFF75DFE064620
:10668000AD103DD0FC697CB91020FFF73DFD0246FE
:10669000F86128B940F2B3111C4B1D4801F056FBBC
:1066A000C0E901440460C460D7F81C80D8F80840F1
:1066B0004CB940F271213846FFF71AFF0023044617
:1066C000C8F8080003604FF00009EB070AD531460F
:1066D00022463846FFF722FF804631463846FFF70C
:1066E00009FE46466D100BD0206838B92246214677
:1066F0003846FFF713FF2060C0F800900446E4E737
:106700003046BDE8F88300BF989A00080899000851
:10671000889900082DE9F0470C4607469146236901
:10672000496803EB6218A3684FEA621A08F1010690
:10673000B3420BDB3846FFF79DFD054648B90246DC
:106740004FF4EF71274B284801F000FB01315B004B
:10675000EEE7002300F1140100F110021846534542
:1067600033DB20692AEAEA7A04F1140319F01F09DD
:1067700001EB8A0103EB800C2BD08A460022C9F181
:10678000200E186800FA09F010434AF8040B53F879
:10679000042B9C4522FA0EF2F3D8ACEB0403153B14
:1067A00023F00303043304F11500604588BF04237C
:1067B000CA500AB108F10206013E384621462E6150
:1067C000FFF798FD2846BDE8F08742F8040F013333
:1067D000C5E7043953F8042B9C4541F8042FF9D838
:1067E000EAE700BF779900088899000803460A691C
:1067F000006930B5801A0ED11433143103EB8204D2
:1068000001EB820154F8045D51F8042D954203D048
:1068100005D24FF0FF3030BDA342F3D3FBE7012098
:10682000F9E700002DE9F74F89460646114648462C
:106830001446FFF7DBFF051E12D129463046FFF74D
:1068400019FD024628B940F237213E4B3E4801F07F
:106850007DFA0123C0E90435104603B0BDE8F08F8E
:10686000BCBF4B46A1463046D9F80410BABF1C46FF
:1068700001250025FFF7FEFC024618B940F245212C
:10688000304BE3E700F1140BD9F8107009F1100355
:10689000C5604FF0000C09F11405D946266904F1D2
:1068A000140E05EB87080EEB86060193019B5EF83C
:1068B000040B53F804AF81B201931FFA8AF35B1AF9
:1068C000000C6344C0EB1A4000EB23409BB243EA48
:1068D000004376454FEA204C49F8043BE6D8331B89
:1068E000153B23F0030315340433A64238BF0423B9
:1068F0001D445B441E462C4644450ED308F103015B
:10690000491B21F00301033DA84538BF00210B447A
:1069100053F8041D99B117619EE7E64654F8041B2D
:106920001FFA81FCF444080C714400EB2C4089B23E
:1069300041EA00414FEA204C46F8041BDCE7013FE6
:10694000E6E700BF77990008889900080E4B0B40D6
:10695000A3F15073002B08DC5B42B3F1A07F4FEA38
:10696000235204DA4FF400231341002208E0A2F17D
:1069700014031E2BD6BF4FF000420122DA40002341
:1069800019461046704700BF0000F07F0269F8B555
:1069900000F1140606EB820252F8044C1E4F20460A
:1069A000FFF75AFD0346C0F120000A2BA2F10405AF
:1069B000086012DCAE422CBF002252F8082CC3F152
:1069C0000B0C153324FA0CFE04FA03F322FA0CF232
:1069D0004EEA07011A431046F8BDAE4236BFA2F197
:1069E0000805002252F8082C0B3B12D0C3F12007F7
:1069F00022FA07F19C400C43B54244F07F5194BF0A
:106A0000002455F8044C9A40FC4041F440112243C4
:106A1000E1E744EA0701DEE70000F03F2DE97343B8
:106A2000012190469946089EFFF724FC044630B9A0
:106A3000024640F20F31234B234801F087F9C9F396
:106A40000A55C9F313030DB143F480130193B8F150
:106A5000000324D068460093FFF71DFDDDE9001216
:106A6000D8B1C0F1200302FA03F30B43C2406361C3
:106A70000192019B002B0CBF01220222A361226123
:106A8000ADB1A5F2334505443560C0F13500099B31
:106A90001860204602B0BDE870836161E9E701A893
:106AA000FFF7F9FC019B012263612030E7E7A0F2C8
:106AB000324004EB820330601869FFF7CDFCC0EB75
:106AC0004210E4E777990008889900082DE9F04F13
:106AD00085B0CDE9001002A9FFF758FF8B460646A6
:106AE0000F46009803A9FFF751FF0D46019B894609
:106AF0001969009B04461B693046C91ADDE9023258
:106B00009B1A03EB4113002BCDBF3A462A46C3EB39
:106B1000033302EB035BD8BF02EB03594B4622461B
:106B20005946F9F703FE05B0BDE8F08F013970B59D
:106B300049111469013102F1140300EB810103EBE7
:106B40008404051FA3420CD3A31A113B23F00303B3
:106B50001132A24288BF002318440023884205D383
:106B600070BD53F8046B45F8046FEBE740F8043B45
:106B7000F4E700F1140200694B11984210B511DBE3
:106B80000ADD11F01F0107D052F8234024FA01F06A
:106B900000FA01F18C420BD102EB8303934203D83C
:106BA000002010BD0346F7E753F8041D0029F5D077
:106BB0000120F6E72DE9F0410F469046FFF7C6FEAB
:106BC00004460D46B8F1000F11D0C7F30A53C3F1C4
:106BD0006B03002B0BDD00241B0503F17F5505F52E
:106BE000401522462B46F9F777FC04460D46204611
:106BF0002946BDE8F08100002DE9F04F9FB01792C3
:106C000000220C461A924FF0000A4FF0000B0A4681
:106C10000590199211782B2948D036D80D2930D8F3
:106C2000082930D8002939D000220E92199D2A78DF
:106C3000302A40F0B0806A7802F0DF02582A6CD126
:106C400002930E9B8F4A01931AAB009305981BABDE
:106C500019A901F015F910F00F06044605D0062E0B
:106C600026D10023013519950E93179B002B40F078
:106C700082850E9BBBB150460BF100411FB0BDE8B1
:106C8000F08F2029D0D10132C3E72D29CCD10121A9
:106C90000E91511C19915278002AC7D1179B199453
:106CA000002B40F0668550465946E7E70021EFE7A4
:106CB0001A9A3AB135211CA8FFF738FF1A9905989E
:106CC000FFF718FB013E1B9A042E06D8DFE806F0FA
:106CD00014031D201400DDE91CABE10548BF4BF097
:106CE000004B2BF000431B0D1B05002BBDD1FEF705
:106CF00025FB22230360B8E702F23342DDE91CA33F
:106D000023F4801343EA025BE7E7DFF87CB1E4E7B2
:106D10006FF0004B4FF0FF3ADFE7199B5A1C1992B6
:106D20005B78302BF9D0002B9FD0012300270A225B
:106D3000B9460893199B0B970C9319980578A5F100
:106D40003003D9B2092928D90122504900F0C8FFDF
:106D5000002832D000202A4603464D460A90652A74
:106D600001D0452A14D11DB9089A024396D00025B6
:106D7000199C621C199262782B2A7AD02D2A7ED017
:106D80004FF0000CA2F13001092940F285801994DE
:106D90004FF00008A5E00023C8E7B9F1080FD8BFFD
:106DA0000B9900F10100D6BF02FB013302FB07374C
:106DB0000B9309F101091990BFE7199B5A1C19920D
:106DC0005A78B9F1000F3BD04D460A90A2F130033A
:106DD000092B12D90123C2E7199B01305A1C1992C1
:106DE0005A78302AF8D0A2F13103082B00F2C88477
:106DF0000A9000200546199B0C93303A00F10103DC
:106E000018D02E464FF00A0E0A9919440A91711CA7
:106E1000A1EB050C634515DC20EAE0702B18082B6C
:106E200005F1010505441ADC0A230B9903FB012334
:106E30000B930023199A1846511C19915278C5E7F3
:106E40004846CEE7082E05DC0B9E0EFB06F60B9699
:106E50000E46DCE71029D8BF0EFB07F7F8E70F2B2B
:106E6000DCBF0A2303FB0727E3E700230A93012380
:106E70007AE74FF0000CA21C1992A27882E74FF03B
:106E8000010CF8E7AC9B00080000F07FE1990008D6
:106E9000199A511C19915278302AF9D0A2F1310176
:106EA00008293FF675AF4FF00A08303A0992199A4F
:106EB0000F92199A561C19965278A2F1300EBEF113
:106EC000090F39D90F9944F61F68761A082E03DC8A
:106ED00009998845A8BF8846BCF1000F01D0C8F1C8
:106EE0000008002D4ED1089908437FF4BEAE002B58
:106EF0007FF4D4AE692A28D025DC492A25D04E2A31
:106F00007FF4CCAE994919A801F0DCF900283FF4D0
:106F1000C5AE199B1B78282B2ED195491CAA19A800
:106F200001F0E4F9052827D11D9BDDF870A043F09E
:106F3000FF4B4BF4E00B98E6099908FB0121A1F106
:106F400030020992B5E76E2ADAE78A4919A801F0FA
:106F5000B9F900283FF4A2AE199B8749013B19A853
:106F6000199301F0AFF910B9199B013319934FF040
:106F7000000ADFF808B278E6814800F0E1FE8246B8
:106F80008B4672E60A9BB9F1000F08BFA946A8EB31
:106F90000303102D0B982C460993A8BF1024F9F772
:106FA00021FA092D82468B4611DC099B002B3FF408
:106FB0005CAE099B76DD162B5DDC7249524601EB17
:106FC000C3015B46D1E90001F9F786FAD7E76D4BBB
:106FD00003EBC40353E91223F9F77EFA82463846DD
:106FE0008B46F9F7FFF902460B4650465946F9F72A
:106FF000BDF80F2D82468B46D7DD099B2C1B1C4408
:10700000002C40F3938014F00F030AD05D495246E0
:1070100001EBC301D1E900015B46F9F75DFA824655
:107020008B4634F00F0473D0B4F59A7F49DD002409
:10703000A046A1460B9422234FF0000A059ADFF8E0
:107040003CB113600B9B002B3FF40FAE1A990598CF
:10705000FFF750F949460598FFF74CF94146059866
:10706000FFF748F90B990598FFF744F92146059871
:10707000FFF740F9F9E5099AC5F125039342BCDB16
:10708000404CC5F10F0504EBC5015246D1E90001A2
:107090005B46F9F721FA099B5D1B04EBC504D4E9B3
:1070A000002391E71633A8DB0A9B5046A3EB0808A0
:1070B000344B594603EBC808D8E90023F9F736FBEF
:1070C0005DE70023504659461E462F4F2411012CE0
:1070D00021DC0BB182468B462B49ABF1547B01EB93
:1070E000C6015246D1E900015B46F9F7F5F9234B99
:1070F0000A460B40254982468B4298D8A1F580115B
:107100008B4286BF4FF0FF3ADFF884B002F1547B28
:107110000023089376E0E20704D5D7E90023F9F7C6
:10712000DBF90123013664100837D0E7F0D0644260
:1071300014F00F020AD0134B504603EBC20359461A
:10714000D3E90023F9F7F2FA82468B462411DFD007
:107150001F2C1FDD0024A046A1460B942223059A74
:107160004FF0000A4FF0000B13606BE7CF98000858
:10717000989B0008C7980008FE9800080000F07F60
:10718000379A0008D09A0008A89A00080000A07C4E
:10719000FFFFEF7F14F0100318BF6A2350460893D7
:1071A00059460023774EE70704D5D6E90023F9F7BF
:1071B00093F90123641006F10806F4D10BB182465D
:1071C0008B46089BB3B1CBF30A52C2F16B03002B81
:1071D00059460FDD1F2B58DD342BD8BF4FF0FF333E
:1071E0004FF0000ACFBF4FF05C7BC2F14B029340DF
:1071F00003EA010B0022002350465946F9F7D4FB5D
:107200000028A7D10B9B4A4600930C992B46059862
:10721000FFF7D8F80B9000283FF409AF0024099A33
:107220000A9B002AA3EB0803A8BF0023A0461293E1
:1072300022EAE27316930B9B05985968FFF71AF838
:10724000814600283FF4F7AE0B9B0C301A6903F11E
:107250000C010232920000F065FD1CAB01931BABE8
:10726000009352465B460598CDE90CABFFF7D6FB81
:107270001A9000283FF4DFAE01210598FFF738F996
:10728000804648B94FF00008D5E64FF0FF3202FAC9
:1072900003F303EA0A0AADE71B9D1C9A002DABBF5E
:1072A000129B169BEF185E1B089BA8BF169EA5EBB2
:1072B00003051544344B05F1FF35B8BF129F9D42BD
:1072C000C2F1360250DA5B1B1F2B4FF00101A2EB1B
:1072D00003023DDC01FA03F3139300231093BD185E
:1072E000089BAF4216441E443B46A8BF2B46B34200
:1072F000A8BF3346002BC2BFED1AF61AFF1A129B25
:10730000002B16DD41461A460598FFF7A9F980467D
:107310000028B7D001461A9A0598FFF7FFF80A909F
:1073200000283FF488AE1A990598FEF7E3FF0A9B00
:107330001A93002D1DDC099B002B27DD4946169A68
:107340000598FFF78DF9814600BB4FF0000972E602
:10735000C5F17F4505F57F0505F57B45E23501FA69
:1073600005F310931391BAE70023109301231393AD
:10737000B5E72A461A990598FFF7CCF91A90002824
:10738000D9D158E6C09B000802FCFFFF002E07DDA4
:10739000494632460598FFF7BDF981460028D4D00A
:1073A000002F08DD41463A460598FFF7B3F98046BD
:1073B00000283FF440AE4A461A990598FFF732FA82
:1073C000044600283FF437AEC36841460F930023BC
:1073D000C360FFF70BFA00283DDA0F9B53EA0A035C
:1073E00063D1CBF31303002B5FD12BF000431B0DB4
:1073F0001B05B3F1D66F58D9636913B92369012B03
:1074000053DD214601220598FFF784F941460446E1
:10741000FFF7ECF9002848DD2BF00043089A1B0D1C
:107420001B05002A62D0B3F1D66F5FD8B3F15C7F41
:107430007FF694AE50465946A34B0022F9F74CF81C
:10744000A24B82460B408B46002B7FF4FFAD2223DC
:10745000059A1360FAE5CDF828B065D10F9ACBF301
:1074600013035AB39A4A93422BD1089B514603B354
:107470005A46964B1340B3F1D46F4FF0FF321BD8EE
:107480001B0DC3F16B0302FA03F3994219D1914B1F
:107490000A9A9A4202D101313FF4CDAD4FF0000A71
:1074A0008A4B0A9A1A4002F5801B089B002BC1D117
:1074B000CCE54FF0FF33E8E71346E6E753EA0A036B
:1074C000AAD0109BDBB10A9A1342EED00F9B504614
:1074D0005946089ABBB1FFF76DFB02460B46DDE942
:1074E0000C01F8F743FE82468B46DEE7A3F58013D6
:1074F0006FEA135B4FF0FF3A6FEA0B5BD5E7139B24
:1075000013EA0A0FE1E7FFF755FB02460B46DDE9F8
:107510000C01F8F729FE0022002382468B46F9F77A
:1075200043FA0028C1D019E641462046FFF7CEFABB
:1075300000224FF0804306460F46F9F749FA00282B
:107540006DD00F9B002B78D1BAF1000F56D10A9B5A
:10755000C3F31303002B58D10022304639465E4B4B
:10756000F9F72CFA002857D13046394600225B4BF8
:10757000F8F7B2FF06460F4607F100430696079359
:10758000DDE90623514DCDE910230A9B1D40544BE4
:107590009D4240F0AB800A9B5046A3F1547B594674
:1075A000FFF7D4F9DDE90623F8F796FF52465B466C
:1075B000F8F7DCFD0B4645494A4A1940914282469C
:1075C00042D90D9A434B9A4203D10C9B01333FF4AD
:1075D00032AD4FF0FF3ADFF8FCB01A990598FEF78C
:1075E00089FE49460598FEF785FE41460598FEF757
:1075F00081FE21460598FEF77DFE1CE6BAF1010FDB
:1076000003D10A9B002B3FF4A9AD0022364B002684
:10761000CDE90623304FB3E70026304FACE73046C4
:1076200039462E4B0022F8F757FF0F9B06460F46B0
:10763000002BA1D0CDE90667A2E70022264B164613
:107640001F46CDE906239BE703F1547B089BCDF849
:1076500028B0002BC1D12BF000431B0D1B059D4210
:10766000BBD130463946F9F703FDF8F707FF02466C
:107670000B4630463946F8F777FD0B460246CBF30A
:107680001306CDE90C230F9B46EA0A061E436AD077
:1076900009A3D3E90023F9F791F900287FF4D6ACC8
:1076A00007A3D3E90023DDE90C01F9F7A5F90028C8
:1076B00093D0CBE4AFF300809535A094FFFFDF3F7C
:1076C00035E5AF350000E03F000050390000F07FA5
:1076D000FFFF0F00FFFFEF7F0000F03F0000E03FE3
:1076E0000000E07FFFFF9F7C0000F0BF089B23B3FA
:1076F000B5F1D46F21D828A3D3E900233046394609
:10770000F9F766F9A0B139463046F9F7BDF9012815
:1077100038BF0120F8F766FE0F9B06460F46FBB9FF
:1077200001F1004314901593DDE91423CDE91023F2
:10773000119B03F1D6635B1B1193DDE90C01DDE9BD
:1077400010ABFFF703F902460B4650465946F8F7CF
:10775000C3FEDDE90C23F8F709FD82468B4675E789
:10776000CDE91467E0E70EA3D3E90023F9F726F982
:107770009DE700230E93199B179A1360FFF779BAC0
:10778000652A3FF472AB452A3FF46FAB0123FFF744
:10779000AABB00BFAFF300800000C0FFFFFFDF41C6
:1077A0009535A094FFFFCF3F014BFFF725BA00BFEF
:1077B00068000020242B2DE9F0478646904601D82A
:1077C000012B06D1FDF7BAFD162303600020BDE8AA
:1077D000F0870D4633482A4615F8014B065D16F032
:1077E0000806F8D12D2C10D101262C78951C33F0E9
:1077F000100215D1302C0DD12A7802F0DF02582A60
:1078000008D16C78023510230AE02B2C04BF2C78A9
:10781000951CECE7002BF6D1302C14BF0A2308236B
:10782000002206F1004C0CF1FF3CBCFBF3F91046C2
:1078300003FB19CAA4F13007092F0FD83C46A34215
:107840001BDD571C07D0814514D301D1A24511DBA4
:10785000012200FB034015F8014BEBE7A4F14107BF
:10786000192F01D8373CEAE7A4F16107192F04D892
:10787000573CE4E74FF0FF32EDE7531C08D12223D9
:107880006046CEF80030B8F1000FA0D0691E06E0C7
:1078900006B14042B8F1000F99D0002AF6D1C8F8DD
:1078A000001094E7E99B0008FFF784BF2DE9F0473B
:1078B0001F468E688246BE420C4690460B682DD805
:1078C000B1F90C2012F4906F26D06569096905EBB7
:1078D0004505A3EB010905EBD5757B1C4B446D10E9
:1078E0009D4238BF1D46530527D52946FEF736FC75
:1078F000064660B34A46216900F014FAA38923F4CE
:10790000906343F08003A38126614E4426603E4687
:107910006561A5EB0905A560BE4200D93E46324629
:107920004146206800F0C2F90020A3689B1BA360B9
:10793000236833442360BDE8F0872A4600F083FDC6
:1079400006460028E0D150462169FEF795FB0C233E
:10795000CAF80030A3894FF0FF3043F04003A38101
:10796000E9E700002DE9F04F98468B8907461B0692
:107970000D4614469DB010D50B6973B94021FEF732
:10798000EDFB2860286130B90C233B604FF0FF30DD
:107990001DB0BDE8F08F40236B61002309932023C5
:1079A0008DF8293030234FF00109CDF80C80DFF835
:1079B00098818DF82A3023469A4613F8012B0AB194
:1079C000252AF9D1BAEB040B0BD05B462246294697
:1079D0003846FFF76BFF013000F0A780099A5A4440
:1079E00009929AF80030002B00F09F8000234FF09E
:1079F000FF32CDE905230AF1010A049307938DF8BC
:107A000053301A935446052214F8011B4E48FDF7D3
:107A1000C2FC049AD8B9D00644BF20238DF8533055
:107A2000110744BF2B238DF853309AF800302A2BCE
:107A300015D0544600204FF00A0C079A214611F841
:107A4000013B303B092B4BD9B0B1079214E0A0EBBE
:107A5000080309FA03F31343A2460493D2E7039BF6
:107A6000191D1B680391002BBBBF5B4242F0020251
:107A700007930793B8BF049223782E2B0AD163781B
:107A80002A2B32D1039B02341A1D1B68039243EA4E
:107A9000E3730593DFF8B4A0032250462178FDF785
:107AA0007AFC38B14022049BA0EB0A0082401343C9
:107AB0000134049314F8011B062225488DF8281080
:107AC000FDF769FC002836D0224B1BBB039B073314
:107AD00023F0070308330393099B334409936AE7B0
:107AE0000C4601200CFB0232A8E700234FF00A0CE1
:107AF000194601340593204610F8012B303A092A23
:107B000003D9002BC6D00591C4E7044601230CFB22
:107B10000121F0E703AB00932A4638460E4B04A937
:107B2000FCF796FC421C0646D6D1AB895B063FF5B6
:107B30002DAF09982CE703AB00932A463846064B35
:107B400004A9FCF723FFEDE7E3990008E999000891
:107B5000ED99000851440008AD780008B1F90C20F7
:107B6000F8B5160705460C4654D44B68002B02DCCA
:107B70000B6C002B48DDE66A002E45D0002312F482
:107B800080522F68216A2B6030D0626DA38959071B
:107B900005D56368D21A636B0BB1236CD21A00232C
:107BA0002846E66A216AB047431CA38906D12968A2
:107BB0001D292BD8284ACA40D60727D50022626043
:107BC0002269D904226004D5421C01D12B6803B973
:107BD0006065616B2F60B9B104F14403994202D032
:107BE0002846FEF749FA002363630DE00123284687
:107BF000B0470246501CC9D12B68002BC6D01D2BA4
:107C000001D0162B1DD12F60002021E043F040034E
:107C10001BB21AE00F69002FF6D0930718BF00239C
:107C20000E6808BF4B69F61B0F608B60002EEBDD02
:107C300033463A462846216AD4F828C0E04700284F
:107C400007DCB4F90C3043F040034FF0FF30A38160
:107C5000F8BD0744361AE9E70100402038B50B6942
:107C600005460C4613B90025284638BD18B1036AED
:107C70000BB9FDF73FFAB4F90C30002BF3D0626E6C
:107C8000D00704D4990502D4A06DFDF782FB2846E5
:107C90002146FFF763FF636E0546DA07E4D4A38944
:107CA0009B05E1D4A06DFDF775FBDDE7884210B5BB
:107CB00001EB020402D98442234607D8431EA142A5
:107CC00008D011F8012B03F8012FF8E70146024410
:107CD0008A4200D110BD13F8014D02F8014DF7E7BB
:107CE00010B56AB10139841810F8012B11F8013F61
:107CF0009A4203D1A04201D0002AF5D1D01A10BD7A
:107D00001046FCE738B50023054D044608462B60B5
:107D1000FAF716F9431C02D12B6803B1236038BD72
:107D2000180400200A44914200F1FF3300D170474B
:107D300010B511F8014B914203F8014FF9D110BD74
:107D400000200149704700BF0000F87F1FB51446AE
:107D50001A46094B05461B68D8684CB1074BCDE95C
:107D6000013400912B46064900F0A8FB00F0B8FB57
:107D7000044B1C46F3E700BF18000020FC990008E4
:107D8000099A0008379A000870B5A1FB025434B96B
:107D90002946FEF7E3F9064628B9304670BD0C22A5
:107DA00000260260F9E72A462146FDF774FAF4E757
:107DB00003692DE9F043B3EB611F00F114044FEAAE
:107DC000611246DD11F01F0104EB830604EB82050E
:107DD0000CD1294600F11007B14235D39B1A9B0004
:107DE000EA1E964238BF0023234415E0A14654F80A
:107DF0002270C1F12008CF4005F1040E7645F4460B
:107E000016D89A1A9200043A0135AE4238BF0022C1
:107E1000A318A75007B10433A342A3EB040208BF81
:107E200000234FEAA202026108BF4361BDE8F0836C
:107E3000DCF800C00CFA08FC4CEA070749F8047BA0
:107E40005EF8047BCF40D9E751F804CB47F804CF64
:107E5000C2E72346E0E7A0F13003092B02D820381F
:107E6000C0B27047A0F16103052B01D84738F7E78E
:107E7000A0F14103052B01D82738F1E70020704716
:107E80002DE9F04F8A46904685B002930B68019029
:107E90009C1CA14614F8010B3028FAD0A9EB03036F
:107EA000A3F1020BFFF7D7FF0546002868D1012296
:107EB00048469F49FFF714FF0746002867D199F805
:107EC00001002646FFF7C7FF002862D02346187836
:107ED0009946302803F10103F9D0FFF7BCFFB0FA4F
:107EE00080F54FF0010B6D094A4616463078013295
:107EF000FFF7B1FF0028F8D1012230468C49FFF787
:107F0000EFFE00283FD144B9741C22461646307853
:107F10000132FFF7A0FF0028F8D1A41BA700337897
:107F200003F0DF03502B3ED173782B2B33D02D2B56
:107F300034D00024711C0878FFF78DFF431EDBB29C
:107F4000182B30D8A0F1100211F8010FFFF783FFB2
:107F500000F1FF3C5FFA8CFCBCF1180F4FF00A03F4
:107F60001ED904B152421744CAF80010EDB1BBF15A
:107F7000000F0CBF06250025284605B0BDE8F08F90
:107F800000252C46B0E7002CC7D12746C7E74E4650
:107F90002F460125C3E70024B11CCCE70124FBE7F1
:107FA00003FB0200CEE73146DEE72946A6EB0903D4
:107FB000013B072B0ADC0198FEF75CF9044640B947
:107FC0000246E4215B4B5C48FFF7C0FE01315B10C9
:107FD000EFE7002300F1140A55469B46B14537D31D
:107FE00045F804BBA5EB0A05AD1025615846FEF720
:107FF00033FA6D01D8F800602D1AB54254DDAD1B7F
:1080000029462046FEF7B5FD814678B14FF00109BB
:108010006B1E59115AF8211003F01F0209FA02F2DF
:108020000A4203D04B4536DC4FF002092946204670
:10803000FFF7BEFE2F44D8F80830BB4242DA214693
:108040000198FEF757F900230E9AA325136093E7D2
:1080500016F8012D2E2A12D0202B04D145F804BB8E
:108060004FF0000B5B4630780393FFF7F4FE039B61
:1080700000F00F0098404BEA000B0433AEE7B14527
:10808000EAD8012230462A490393FFF729FE039BD1
:108090000028E1D1A2E72046A91EFEF76AFD0028CC
:1080A000C2D04FF00309C1E709DA751B21462A4601
:1080B0000198FEF72FFB04467F1B00F1140A4FF0D6
:1080C0000009B8E7D8F80450BD426FDDED1BAE42A1
:1080D00034DCD8F80C30022B22D0032B24D0012B17
:1080E00015D1AE4213D1012E0BD1D8F80430029A2B
:1080F0006225136001232361CAF800300E9B1C60C7
:108100003AE72046711EFEF734FD0028EDD12146E6
:108110000198FEF7EFF800230E9A502513602BE725
:108120000F9B002BF3D1E0E70F9B002BDDD1EEE797
:10813000E199000877990008389A00086F1EB9F194
:10814000000F30D127B139462046FEF712FD814697
:1081500001232946761B02257A115AF8222007F0BE
:108160001F07BB401342204618BF49F00209FFF722
:108170001FFED8F80470B9F1000F47D0D8F80C30C2
:10818000022B15D0032B17D0012B09D119F0020FA8
:1081900006D0DAF8003049EA030919F0010F0ED1D0
:1081A00045F0100532E04FF00109D1E70125E2E783
:1081B0000F9BC3F101030F930F9B002BF0D04FF0E7
:1081C000000CD4F810B004F114034FEA8B0A03EB4F
:1081D0008B01184653F8042BB2F1FF3F1BD001323C
:1081E0000260022D04F114033CD1D8F80020013ABA
:1081F000B24209D10122711153F8213006F01F0655
:1082000002FA06F61E423AD145F020050E9B1C608C
:10821000029B1F60B0E6994243F804CCD9D8A3680A
:108220009B4517DB616801980131FEF723F8814611
:1082300018B902468421194BC5E6226904F10C01E4
:10824000023292000C30FFF76DFD21460198FEF7D7
:1082500051F84C4623695A1C2261012204EB830326
:108260005A61BEE722695A450BDD01212046FFF71E
:108270009FFDD8F808300137BB42FFF6E0AE01257C
:10828000C2E716F01F06FAD0534453F8040CFEF769
:10829000E3F8C6F12006B042E7DBF0E77799000883
:1082A000C2F10802920070B5C2F12006436804686A
:1082B00003FA06F52C43D340046040F8043F88429B
:1082C000F4D370BD30B50368013311F8014B14B914
:1082D0000360012030BD13F8012BA2F14105192DD7
:1082E00098BF2032A242F0D00020F3E72DE9F04FF2
:1082F00000250B6882465E1102EB860613F01F0311
:1083000018BF0436371F9046B9463C46AB4687B087
:108310000168019346F8045C02954A784B1C03936C
:1083200042B3104605910492FFF795FD002851D104
:10833000049A0599202A18D8029B9B4513DD4C45C9
:1083400006D2072D04DC2A4649462046FFF7A8FF3F
:10835000444552D90023A4F1040944F8043C1D46C5
:108360004C46CDF808B00399D7E7292A57D10231F6
:10837000CAF80010BBF1000F51D04C4506D2072DB2
:1083800004DC2A4649462046FFF78AFF444536D991
:108390002346A8F1040253F8041B9F4242F8041F2D
:1083A000F9D23B1B23F0030304330134033EB442F0
:1083B00088BF04230022434443F8042B9F42FBD28E
:1083C0003B681BB9474528D101233B60052007B016
:1083D000BDE8F08F0135082D0BF1010B06DD44459A
:1083E000C1D90023012544F8043C043C226800F074
:1083F0000F0040EA02102060B5E70825B3E7019BB3
:10840000002BDDD04FF0FF32C3F12003DA4056F8E5
:10841000043C134046F8043CD2E7043FD0E7042074
:10842000D5E782B001B901A942B14BB113780B6015
:108430001278101E18BF012002B070471046FBE7EB
:108440006FF00100F8E72DE9F041074614460D46AC
:1084500021B91146BDE8F041FDF780BE2AB9FDF70C
:108460000BFE25462846BDE8F08100F040F8844226
:10847000064602D8B4EB500FF4D821463846FDF733
:108480006DFE804608B94546ECE7B44222462946CF
:1084900028BF3246FFF746FC29463846FDF7ECFD7B
:1084A000F1E70346084641B1FF2A04D98A224FF07A
:1084B000FF301A60704701200A7070470EB403B590
:1084C000014603AB054853F8042B0068019300F004
:1084D0003DF802B05DF804EB03B0704718000020CF
:1084E000062008B500F006FA0120F9F7B4FC51F8AF
:1084F000043C181F002BBCBF0B58C0187047936872
:1085000010B4013B002B936007DA9469A34201DBAE
:108510000A2902D110BC00F031B91368581C106050
:108520001970084610BC7047F8B506460F46144649
:10853000D518AC4201D1002007E03A46304614F885
:10854000011BFFF7DCFF431CF3D1F8BD2DE9F04F11
:108550000D461446984606469DB018B1036A0BB9FD
:10856000FCF7C8FD6B6ED90705D4AB899A0502D418
:10857000A86DFCF70EFFAB891B0701D52B699BB9D2
:108580002946304600F038F970B16B6EDC0704D52F
:108590004FF0FF301DB0BDE8F08FAB899805F7D4E0
:1085A000A86DFCF7F7FEF3E70023099320238DF86D
:1085B000293030234FF00109CDF80C80DFF8A88175
:1085C0008DF82A3023469A4613F8012B0AB1252A42
:1085D000F9D1BAEB040B0BD05B4622462946304654
:1085E000FFF7A2FF013000F0A780099A5A440992D0
:1085F0009AF80030002B00F09F8000234FF0FF32EC
:10860000CDE905230AF1010A049307938DF853304D
:108610001A935446052214F8011B5348FCF7BBFE7D
:10862000049AD8B9D10644BF20238DF853301307DC
:1086300044BF2B238DF853309AF800302A2B15D0E5
:10864000544600204FF00A0C079A214611F8013BCE
:10865000303B092B4BD9B0B1079214E0A0EB0803D3
:1086600009FA03F31343A2460493D2E7039B191DAF
:108670001B680391002BBBBF5B4242F002020793D1
:108680000793B8BF049223782E2B0AD163782A2B44
:1086900032D1039B02341A1D1B68039243EAE37331
:1086A0000593DFF8C8A0032250462178FCF773FE3B
:1086B00038B14022049BA0EB0A00824013430134EE
:1086C000049314F8011B062229488DF82810FCF7A2
:1086D00062FE00283FD0274B1BBB039B073323F0D0
:1086E000070308330393099B3B4409936AE70C464D
:1086F00001200CFB0232A8E700234FF00A0C1946B8
:1087000001340593204610F8012B303A092A03D989
:10871000002BC6D00591C4E7044601230CFB0121C0
:10872000F0E703AB00932A463046134B04A9FBF74E
:108730008FFE0746781CD6D16B6ED90705D4AB895E
:108740009A0502D4A86DFCF725FEAB895B063FF5C0
:108750001FAF09981EE703AB00932A463046064B2D
:1087600004A9FCF713F9E4E7E3990008E999000884
:10877000ED9900085144000829850008F8B50E4617
:108780001446054618B1036A0BB9FCF7B3FCA3699C
:10879000A360A3891A0701D5236943B92146284656
:1087A00000F02AF818B14FF0FF373846F8BD2368BB
:1087B0002269F6B2981A63693746834205DC21467E
:1087C0002846FFF74BFA0028EDD1A368013BA360D0
:1087D00023685A1C22601E706269431C9A4204D0AE
:1087E000A389DB07E1D50A2EDFD121462846FFF712
:1087F00035FA0028D9D0D6E738B5294B0546186890
:108800000C4618B1036A0BB9FCF774FCB4F90C30D0
:10881000190722D4DA0607D409222A6043F040035C
:108820004FF0FF30A38133E0580712D5616B41B19F
:1088300004F14403994202D02846FDF71DFC0023B1
:108840006363A38923F02403A38100236360236966
:108850002360A38943F00803A38123694BB9A3894B
:1088600003F42073B3F5007F03D02146284600F0BF
:1088700082F8B4F90C3013F001020AD00022A26091
:1088800062695242A261226942B913F08000C5D1E7
:1088900038BD990758BF6269A260F4E70020F7E786
:1088A000180000201F2938B505460C4604D91623A8
:1088B00003604FF0FF3038BDC26B12B152F8213067
:1088C0004BB9284600F030F8224601462846BDE85C
:1088D000384000F017B8012B0AD0591C03D11623D9
:1088E00003600120E7E70021204642F82410984762
:1088F0000020E0E7024B01461868FFF7D3BF00BF36
:108900001800002038B50023064D044608461146DD
:108910002B60F9F790FA431C02D12B6803B1236056
:1089200038BD00BF18040020F9F77EBA70B50C46B8
:10893000B1F90E10154600291E4696B00CDAA3892F
:10894000002113F0800F14BF40234FF480630020F8
:1089500031602B6016B070BD6A4600F049F80028FF
:10896000EDDB019901F47041A1F5005359425941E1
:108970004FF48063EBE78B89F7B59D0706460C46FD
:1089800007D504F14703236023610123636103B02A
:10899000F0BD6A4601ABFFF7C9FF009F05463946A7
:1089A0003046FDF7DBFB48B9B4F90C309A05EED43C
:1089B00023F0030343F00203A381E2E7A389C4E9A0
:1089C000040743F08003A381019B20605BB1304624
:1089D000B4F90E1000F01EF828B1A38923F00303A8
:1089E00043F00103A381A3891D43A581CFE70000C4
:1089F00038B50023064D0446084611462B60F9F7AA
:108A000079FA431C02D12B6803B1236038BD00BF43
:108A10001804002038B50023054D044608462B6095
:108A2000F9F777FA431C02D12B6803B1236038BDF4
:108A3000180400202DE9F84314461D468046894657
:108A400000F066F8224606460F462B462046294689
:108A5000F7F7DCFFC8BB0022002340464946F7F782
:108A6000A3FFB8B10022002320462946F7F79CFF58
:108A7000002841D12046294600F044F828B30022BE
:108A8000002320462946F7F799FFF0B1FCF756FC82
:108A9000222319E03046394600F034F8C8B9404680
:108AA000494600F02FF8A0B12046294600F02AF8E8
:108AB00078B132463B4630463946F7F7A7FF0028E3
:108AC000E4D0FCF73BFC2123036030463946BDE887
:108AD000F8830022002330463946F7F765FF002867
:108AE000F3D04046494600F00DF80028EDD020466E
:108AF000294600F007F8C8E70026014FE5E700BF68
:108B00000000F03F41F0004000F58010C00F7047BA
:108B10002DE9F04F91B0CDE900238B46DDE9001837
:108B200028F00047824657EA010012D153468BF4E1
:108B30000022DB1852419842934B934180F0CD8440
:108B4000DDE9002350465946F7F710FB11B0BDE8A8
:108B5000F08F8E4B2BF000459D425E46D1460BD8E0
:108B600005D1BAF1000FEBD1AF42E9D801E09F4245
:108B700002D89F420FD171B106F1404606F580162A
:108B800056EA0906DCD1DDE90032DB1882F4002266
:108B900052419E42D0E7002E2B4642DA7C4A974251
:108BA00056D8A2F15472974240F2A6843A15A2F226
:108BB000FF32142A18DDC2F1340221FA02F404FA59
:108BC00002F28A4240F0988404F00104C4F10204E5
:108BD000002959D1B8F1804F49D152465B465046E1
:108BE0005946F7F779FCB1E700294CD1C2F11402DC
:108BF00047FA02F404FA02F2BA4240F07A8404F02E
:108C00000104C4F10204634A9742E3D1B8F1000FB2
:108C100080F26B8452465B4600205E49F7F786FD82
:108C200094E7002481BB594A9742ECD105F14043B7
:108C300003F5801353EA090300F04F84564B9D421D
:108C400008D9B8F1000F80F24C84002000217DE7A4
:108C50000224E7E7B8F1000F4FF000004FF00001E9
:108C6000BFF674AFDDE9000303F100416EE74B4A44
:108C7000904509D1002E07DB5046594611B0BDE89A
:108C8000F04F00F00FBD002450465946029300F00B
:108C900069FC029BB9F1000F27D13E4A26F0404CF7
:108CA000944500D00DBBB8F1000F05DA02460B4623
:108CB00000203849F7F73AFD002EBFF647AF05F11F
:108CC000404505F58015254308D102460B46104660
:108CD0001946F7F749FA02460B469FE7012C7FF445
:108CE00035AF01F10043194630E7F20F013A52EA7D
:108CF000040C02D152465B46E9E74FF00009013C03
:108D0000144314BFDFF88CA0DFF894A0B7F1844FB0
:108D1000CDE9029A40F20481224B9F421E4B13D9A7
:108D20009D4208D8B8F1000F08DA002011B0BDE864
:108D3000F04F00F0B1BCB8F1000FF6DC002011B02C
:108D4000BDE8F04F00F0A3BC9D420CD2DDE902016A
:108D500000220023F7F732FE003818BF0120B8F1D7
:108D6000000FECDAE2E70B4B00229D421CD9DDE953
:108D700002010023F7F722FE003818BF0120B8F1E6
:108D8000000FD3DCDBE700BF0000F0FF0000F07F46
:108D9000FFFF3F430000F03FFFFFEF3F0000E03FD9
:108DA0000000F0BF0000F043594BF7F7DDF950A386
:108DB000D3E9002304460D46F7F78EFB4EA3D3E913
:108DC000002306460F4620462946F7F785FB00227A
:108DD00082468B46204629464E4BF7F77DFB0246DE
:108DE0000B4647A1D1E90001F7F7BEF922462B4611
:108DF000F7F772FB02460B4600204749F7F7B4F934
:108E00002246804689462B4620462946F7F764FBD2
:108E100002460B4640464946F7F75EFB3AA3D3E9C4
:108E20000023F7F759FB02460B4650465946F7F721
:108E30009BF9002402460B46804689463046394657
:108E4000F7F794F932463B4620460D46F7F78CF982
:108E500002460B4640464946F7F786F9DDE900230E
:108E6000CDE9042300230493DDE904AB06460F4655
:108E7000DDE900015B465246F7F776F922462B46BC
:108E8000F7F72AFBDDE9002380468946304639465C
:108E9000F7F722FB02460B4640464946F7F766F9CC
:108EA0005B4606460F46524620462946F7F714FB16
:108EB0000B4602468046894630463946F7F756F952
:108EC000164B044699420D468B4640F3FD8101F155
:108ED0003F4303F5E003034300F0DC81DDE90201D9
:108EE00000220023F7F76AFD003818BF01201DE7B4
:108EF000000000604715F73F44DF5DF80BAE543EBD
:108F0000555555555555D53FFE822B654715F73FAD
:108F10000000F03F0000D03F0000E03FFFFF8F4027
:108F2000D34A3240002A40F07A81D24B0022F7F730
:108F3000D3FA6FF034040B461A15A2F2FF32224422
:108F40000A92CD4AC3F3130343F07F55934245F48D
:108F5000401508DDC94A934240F363810A9BA5F599
:108F6000801501330A930026F3000B93C44B294666
:108F700003EBC603D3E900341A46CDE9083423468F
:108F80008246F7F7F1F852462B46CDE90C01DDE9B0
:108F90000801F7F7EBF802460B460020B949F7F74E
:108FA000C5FB02460B46CDE90E01DDE90C01F7F7E2
:108FB00093FACDE90601DDE90634CDE90434002356
:108FC0000022AB466D1045F00055049305F50025D1
:108FD000DDE9048905EB86434046494614461D46B3
:108FE000F7F77AFA02460B46DDE90C01F7F7BCF811
:108FF000DDE9082306460F4620462946F7F7B4F870
:1090000002460B4650465946F7F7AEF842464B46E5
:10901000F7F762FA02460B4630463946F7F7A4F8EE
:10902000DDE90E23F7F758FADDE90623CDE908015B
:1090300010461946F7F750FA7BA3D3E900230446FC
:109040000D46F7F749FA7AA3D3E90023F7F78EF82C
:1090500022462B46F7F740FA77A3D3E90023F7F728
:1090600085F822462B46F7F737FA75A3D3E9002394
:10907000F7F77CF822462B46F7F72EFA72A3D3E9CE
:109080000023F7F773F822462B46F7F725FA70A36B
:10909000D3E90023F7F76AF8224606460F462B4627
:1090A00020462946F7F718FA02460B46304639465D
:1090B000F7F712FA04460D46DDE9060142464B4633
:1090C000F7F754F8DDE90823F7F706FA22462B46AE
:1090D000F7F74CF8424682468B464B464046494697
:1090E000F7F7FAF90022684B06460F46F7F73EF805
:1090F00052465B46F7F73AF800240D4622460B46E7
:1091000040464946F7F7E8F900228046894620465E
:1091100029465D4BF7F728F832463B46F7F724F827
:1091200002460B4650465946F7F71EF8DDE906237E
:10913000F7F7D2F9224606460F46DDE908012B462D
:10914000F7F7CAF902460B4630463946F7F70EF8EC
:10915000002406460F4602460B4640464946F7F7AE
:1091600005F83DA3D3E9002320460D46F7F7B4F9EF
:1091700042464B46CDE9060120462946F6F7F4FF64
:1091800002460B4630463946F6F7EEFF34A3D3E9E4
:109190000023F7F7A1F934A3D3E9002306460F46CD
:1091A00020462946F7F798F902460B4630463946DD
:1091B000F6F7DCFF0B9A354B00241344D3E9002368
:1091C000F6F7D4FF82460A988B46F7F71BF9064656
:1091D0000F460B9A2E4B1344D3E900895246DDE922
:1091E00006015B46F6F7C2FF42464B46F6F7BEFF66
:1091F00032463B46F6F7BAFF32463B4620460D461E
:10920000F6F7B2FF42464B46F6F7AEFFDDE906231E
:10921000F6F7AAFF02460B46504659461CE60024C4
:109220008AE60126A0E600BFEF4E454A287ECA3FE7
:1092300065DBC9934A86CD3F01411DA96074D13FCA
:109240004D268F515555D53FFFAB6FDBB66DDB3FDC
:10925000033333333333E33F000000E009C7EE3F0D
:10926000FD033ADC09C7EE3FF5015B14E02F3EBE7B
:109270000000F07F000040438E98030079B60B0099
:10928000109D00080000F03F00000840F09C00081E
:10929000009D00089AA3D3E9002330463946F6F72B
:1092A00065FF4246CDE900014B4620462946F6F7C8
:1092B0005BFF02460B46DDE90001F7F79DFB002846
:1092C0007FF40CAEA04B22E0A04C21F00043A3425F
:1092D00019D99F4B0B44034309D0DDE90201002259
:1092E0000023F7F76BFB003818BF012027E5424643
:1092F0004B46F6F739FF32463B46F7F773FB00283B
:10930000EBD1944B03E0944A934240F2E1804FF456
:10931000801A1B15A3F2FE334AFA03FADA44CAF3A1
:109320000A518E48A1F2FF31084100EA0A03CAF34C
:10933000130AC1F114014AF4801A40464AFA01FAAC
:10934000BBF1000F49464FF00002B8BFCAF1000A56
:10935000F6F70AFF80468946002432463B464046DF
:109360004946F6F703FF68A3D3E9002320460D46DC
:10937000F7F7B2F842464B46CDE9000120462946B0
:10938000F6F7F2FE02460B4630463946F6F7ECFE9B
:109390005FA3D3E90023F7F79FF85FA3D3E9002386
:1093A0008046894620462946F7F796F802460B463E
:1093B00040464946F6F7DAFE04460D4602460B469D
:1093C000DDE90001F6F7D2FEDDE90023804689469B
:1093D000F6F7CAFE02460B4620462946F6F7C4FEBB
:1093E000424606460F464B4640464946F7F774F854
:1093F0004BA3D3E9002304460D46F7F76DF84AA3C3
:10940000D3E90023F6F7B0FE22462B46F7F764F8BF
:1094100047A3D3E90023F6F7A9FE22462B46F7F728
:109420005BF845A3D3E90023F6F79EFE22462B46C0
:10943000F7F752F842A3D3E90023F6F797FE224646
:109440002B46F7F749F802460B4640464946F6F7E1
:109450008BFE04460D4602460B4640464946F7F74A
:109460003BF80022CDE900014FF080432046294619
:10947000F6F77AFE02460B46DDE90001F7F756F9EA
:10948000324604460D463B4640464946F7F724F827
:1094900032463B46F6F76AFE02460B462046294610
:1094A000F6F762FE42464B46F6F75EFE02460B4674
:1094B00000202B49F6F758FE01EB0A54B4F5801F43
:1094C00009DA524600F054F8DDE90223FFF789BBC0
:1094D000DDF810A040E72146F6E700202049FFF71D
:1094E00035BBDDE90001FFF731BB50465946FFF7B8
:1094F0002DBB0C46FFF787BB0024FFF769BB00BFFD
:10950000FE822B654715973C00000000432EE63F86
:10951000EF39FAFE422EE63F396CA80C615C20BEA2
:10952000D0A4BE726937663EF16BD2C541BDBB3E69
:109530002CDE25AF6A56113F93BDBE166CC1663F47
:109540003E5555555555C53F00009040FFCB9040C6
:1095500000346F3F00CC90400000E03F0000F0FF7F
:109560000000F03F21F00043194670470000000062
:109570002DE9F0481646C1F30A5283468C460B4645
:1095800082B921F00043034335D02D4B0022F6F77A
:10959000A3FF2C4B83469E428C460DDA24A3D3E9CD
:1095A000002319E040F2FF77BA4209D10246F6F7EC
:1095B000DDFD83468C461EE00B46C1F30A52363A67
:1095C0004CF250318E420ADD1BA3D3E900236546DD
:1095D00063F31E0529461C48F6F77EFFE9E740F2D3
:1095E000FE7132448A42EFDC002A08DD6FF31E531D
:1095F00043EA0255AC4658466146BDE8F08812F190
:10960000350F09DA0CF0004343F0D27141F4B73161
:109610000E4841F01F01C1E736326FF31E5343EA93
:109620000255584629460022094BD5E7AFF3008082
:1096300059F3F8C21F6EA5019C7500883CE4377E83
:1096400000005043B03CFFFF9C75008859F3F8C2FE
:109650000000903C70B504460D461646FBF76EFEC2
:1096600029460660204670BD13B5044619461046CB
:109670000CB103F10043CDE90023DDE90023F6F747
:109680002BFF222202B0BDE81040FFF7E3BF00220B
:109690004FF08053FFF7E8BF00224FF0E043FFF7A1
:1096A000E3BF0000654A2DE9F84F8A4306460F469E
:1096B0000B4604460ED10246F6F70EFF02460B4655
:1096C00030463946F6F752FD06460F4630463946D3
:1096D000BDE8F88F00290CDC21F000420243F5D0F0
:1096E00089B10246F6F740FD02460B46F7F71EF831
:1096F000EAE70A1515D1002109E0E30A153A6405E5
:10970000002BFAD0F7E70A46FAE75B000131D802EE
:10971000FBD5481E121AC1F1200024FA00F00343C1
:109720008C400027A2F2FF381621D2074FF4001018
:109730003A46C3F3130343F480135CBF5B0003EBAF
:10974000D4734FEA430358BF640003EBD4734FEA6A
:109750006808640015189D42DEBF2A185B1B3F187D
:10976000E50F013905EB43034FEA44044FEA50008B
:10977000F0D10D4620264FF00040934200EB010C43
:1097800002DC13D1A44511D8BCF1000F0CEB000191
:109790003EDA00293CDB02F1010E9B1A7246A44519
:1097A00088BF03F1FF33A4EB0C0405444FEAD47CDB
:1097B000013E0CEB43034FEA44044FEA5000DCD176
:1097C0001C431AD01E4CDFF87C90D4E90001D9E983
:1097D0000023F6F7C9FCD4E900AB02460B4650461D
:1097E0005946F7F7F5F840B1D4E90001D9E900236B
:1097F000B5F1FF3F0ED1354601377B1003F17F53A2
:1098000003F5001303EB08516B0843EAC7705BE7ED
:109810009646C2E7F6F7AAFCD4E900AB02460B462F
:1098200050465946F7F7CAF820B1AB1C08BF0137BC
:109830000235E2E76B1C23F00105DEE70000F07F54
:10984000289D0008209D0008F8B500BFF8BC08BCA2
:109850009E467047F8B500BFF8BC08BC9E467047EE
:1098600054656D703A20256C642E2530326C64206E
:1098700043207C2050726573733A20256C6420501D
:1098800061207C20416C743A20256C642E25303296
:109890006C64206D0D0A0000000000000000000054
:1098A0000102030406070809000000000102030486
:1098B00002030405060708090A0B0C0D0E0F101011
:1098C0000102494E4600696E66004E414E006E61CF
:1098D0006E0030003031323334353637383941425A
:1098E00043444546003031323334353637383961F8
:1098F00062636465660065256C6400496E66696E26
:10990000697479004E614E005245454E54206D6198
:109910006C6C6F6320737563636565646564002FA9
:109920006275696C642F676E752D746F6F6C732D23
:10993000666F722D73746D33325F31332E332E7236
:10994000656C312E32303234303932362D31373188
:10995000352F7372632F6E65776C69622F6E657732
:109960006C69622F6C6962632F7374646C69622F17
:1099700064746F612E630042616C6C6F6320737559
:1099800063636565646564002F6275696C642F6745
:109990006E752D746F6F6C732D666F722D73746D91
:1099A00033325F31332E332E72656C312E323032CA
:1099B00034303932362D313731352F7372632F6E93
:1099C00065776C69622F6E65776C69622F6C69626E
:1099D000632F7374646C69622F6D707265632E639C
:1099E000002E00232D302B2000686C4C006566672C
:1099F000454647004300504F534958002C20667598
:109A00006E6374696F6E3A20006173736572746976
:109A10006F6E2022257322206661696C65643A208E
:109A200066696C6520222573222C206C696E652086
:109A30002564257325730A002F6275696C642F678E
:109A40006E752D746F6F6C732D666F722D73746DE0
:109A500033325F31332E332E72656C312E32303219
:109A600034303932362D313731352F7372632F6EE2
:109A700065776C69622F6E65776C69622F6C6962BD
:109A8000632F7374646C69622F6764746F612D67F0
:109A900065746865782E63000500000019000000F9
:109AA0007D000000000000000080E03779C34143E2
:109AB000176E05B5B5B89346F5F93FE9034F384D34
:109AC000321D30F94877825A3CBF737FDD4F1575E0
:109AD000000000000000F03F0000000000002440F3
:109AE00000000000000059400000000000408F40CE
:109AF000000000000088C34000000000006AF84039
:109B00000000000080842E4100000000D01263415C
:109B10000000000084D797410000000065CDCD41D2
:109B2000000000205FA00242000000E876483742B3
:109B3000000000A2941A6D42000040E59C30A24251
:109B40000000901EC4BCD64200003426F56B0C43C6
:109B50000080E03779C3414300A0D885573476436D
:109B600000C84E676DC1AB43003D9160E458E143CE
:109B7000408CB5781DAF154450EFE2D6E41A4B4443
:109B800092D54D06CFF08044F64AE1C7022DB54488
:109B9000B49DD9794378EA4434000000CEFBFFFF3E
:109BA000CB030000010000000000000035000000B1
:109BB000CEFBFFFFCB03000001000000000000000F
:109BC000BC89D897B2D29C3C33A7A8D523F6493993
:109BD0003DA7F444FD0FA5329D978CCF08BA5B25B5
:109BE000436FAC642806681100202020202020202C
:109BF000202028282828282020202020202020203D
:109C0000202020202020202020881010101010104C
:109C10001010101010101010100404040404040498
:109C20000404041010101010101041414141414132
:109C30000101010101010101010101010101010114
:109C40000101010110101010101042424242424224
:109C500002020202020202020202020202020202E4
:109C6000020202021010101020000000000000008C
:109C700000000000000000000000000000000000E4
:109C800000000000000000000000000000000000D4
:109C900000000000000000000000000000000000C4
:109CA00000000000000000000000000000000000B4
:109CB00000000000000000000000000000000000A4
:109CC0000000000000000000000000000000000094
:109CD0000000000000000000000000000000000084
:109CE0000000000000000000000000000000000074
:109CF000000000000000000006D0CF43EBFD4C3E0A
:109D000000000000000000000000004003B8E23F37
:109D1000000000000000F03F000000000000F83FDD
:109D200059F3F8C21F6EA501000000000000F03FCB
:089D30002064FF7F0100000028
:049D380035010008E9
:049D3C001101000809
:109D400000127A0010000000010000000000000076
:109D500003000000DC0200201C00002000000000C6
:109D6000DC02002044030020AC03002000000000BF
:109D700000000000000000000000000000000000E3
:109D800000000000000000000000000000000000D3
:109D900000000000000000000000000000000000C3
:109DA0000000000000000000430000000000000070
:109DB00000000000000000000000000000000000A3
:109DC0000000000000000000430000000000000050
:109DD0000000000000000000000000000000000083
:109DE0000000000000000000430000000000000030
:109DF0000000000000000000000000000000000063
:109E0000000000000000000043000000000000000F
:109E10000000000000000000000000000000000042
:109E200000000000000000004300000000000000EF
:109E30000000000000000000000000000000000022
:109E400000000000000000004300000000000000CF
:109E50000000000000000000000000000000000002
:109E600000000000000000004300000000000000AF
:109E700000000000000000000000000000000000E2
:109E80000000000000000000A384000823840008F4
:109E900000000000E89B0008E1990008379A0008DC
:109EA000379A0008379A0008379A0008379A00084E
:109EB000379A0008379A0008379A0008379A00083E
:109EC000FFFFFFFFFFFFFFFFFFFFFFFFFFFF0000A0
:109ED0000100415343494900000000000000000018
:109EE0000000000000000000000000000000000072
:109EF00000004153434949000000000000000000F9
:109F00000000000000000000000000000000000051
:049F1000000000004D
:0400000508001FB917
:00000001FF
