2026-01-03 15:26:15,760 [INFO] Activator:176 - 


2026-01-03 15:26:15,763 [INFO] Activator:177 - !SESSION log4j initialized
2026-01-03 15:26:20,875 [INFO] LogOutputStream:77 - [STDOUT_REDIRECT] 
2026-01-03 15:26:24,706 [INFO] ApplicationProperties:184 - Using Application install path: D:\installs\STM32CubeIDE_1.19.0\STM32CubeIDE\plugins\com.st.stm32cube.common.mx_6.15.0.202507011659
2026-01-03 15:26:24,735 [INFO] DbMcusXml:78 - Set database path to: D:\installs\STM32CubeIDE_1.19.0\STM32CubeIDE\plugins\com.st.stm32cube.common.mx_6.15.0.202507011659\\db\/mcu/
2026-01-03 15:26:24,736 [INFO] ApiDb:274 - Set plugin database path to: D:\installs\STM32CubeIDE_1.19.0\STM32CubeIDE\plugins\com.st.stm32cube.common.mx_6.15.0.202507011659\\db\/plugins/boardmanager/
2026-01-03 15:26:24,774 [WARN] ApiDb:259 - Overriding images path with different value:  => D:\installs\STM32CubeIDE_1.19.0\STM32CubeIDE\plugins\com.st.stm32cube.common.mx_6.15.0.202507011659\\db\/plugins/mcufinder/images/
2026-01-03 15:26:24,784 [INFO] ApiDb:250 - Set database path to: C:\Users\22142\.stmcufinder\plugins\mcufinder//mcu/
2026-01-03 15:26:24,786 [INFO] DbMcusAds:125 - Set database path to: C:\Users\22142\.stmcufinder\plugins\mcufinder//mcu/
2026-01-03 15:26:24,790 [INFO] CrossReferenceDbSqlite:203 - Set database path to: C:\Users\22142\.stmcufinder\plugins\mcufinder//mcu/cs/
2026-01-03 15:26:25,028 [INFO] RulesReader:64 - Compatibility file has been processed (317 Rules)
2026-01-03 15:26:25,189 [INFO] DbMcusXml:78 - Set database path to: D:\installs\STM32CubeIDE_1.19.0\STM32CubeIDE\plugins\com.st.stm32cube.common.mx_6.15.0.202507011659\\db\/mcu/
2026-01-03 15:26:25,189 [INFO] ApiDb:274 - Set plugin database path to: D:\installs\STM32CubeIDE_1.19.0\STM32CubeIDE\plugins\com.st.stm32cube.common.mx_6.15.0.202507011659\\db\/plugins/boardmanager/
2026-01-03 15:26:25,190 [INFO] ApiDb:261 - Set plugin images path to: D:\installs\STM32CubeIDE_1.19.0\STM32CubeIDE\plugins\com.st.stm32cube.common.mx_6.15.0.202507011659\\db\/plugins/mcufinder/images/
2026-01-03 15:26:25,190 [WARN] DbFile:41 - Overriding database path with different value: C:\Users\22142\.stmcufinder\plugins\mcufinder/ => C:\Users\22142\.stmcufinder\plugins\mcufinder
2026-01-03 15:26:25,190 [INFO] ApiDb:250 - Set database path to: C:\Users\22142\.stmcufinder\plugins\mcufinder//mcu/
2026-01-03 15:26:25,190 [WARN] DbFile:41 - Overriding database path with different value: C:\Users\22142\.stmcufinder\plugins\mcufinder/ => C:\Users\22142\.stmcufinder\plugins\mcufinder
2026-01-03 15:26:25,192 [INFO] DbMcusAds:125 - Set database path to: C:\Users\22142\.stmcufinder\plugins\mcufinder//mcu/
2026-01-03 15:26:25,192 [WARN] DbFile:41 - Overriding database path with different value: C:\Users\22142\.stmcufinder\plugins\mcufinder/ => C:\Users\22142\.stmcufinder\plugins\mcufinder
2026-01-03 15:26:25,192 [WARN] DbFile:41 - Overriding database path with different value: C:\Users\22142\.stmcufinder\plugins\mcufinder/ => C:\Users\22142\.stmcufinder\plugins\mcufinder
2026-01-03 15:26:25,192 [INFO] CrossReferenceDbSqlite:203 - Set database path to: C:\Users\22142\.stmcufinder\plugins\mcufinder//mcu/cs/
2026-01-03 15:26:25,375 [INFO] MainPanel:274 - HeapMemory: 268435456
2026-01-03 15:26:25,545 [INFO] DbMcusXml:78 - Set database path to: D:\installs\STM32CubeIDE_1.19.0\STM32CubeIDE\plugins\com.st.stm32cube.common.mx_6.15.0.202507011659\\db\/mcu/
2026-01-03 15:26:25,545 [INFO] ApiDb:274 - Set plugin database path to: D:\installs\STM32CubeIDE_1.19.0\STM32CubeIDE\plugins\com.st.stm32cube.common.mx_6.15.0.202507011659\\db\/plugins/boardmanager/
2026-01-03 15:26:25,545 [INFO] ApiDb:261 - Set plugin images path to: D:\installs\STM32CubeIDE_1.19.0\STM32CubeIDE\plugins\com.st.stm32cube.common.mx_6.15.0.202507011659\\db\/plugins/mcufinder/images/
2026-01-03 15:26:25,546 [WARN] DbFile:41 - Overriding database path with different value: C:\Users\22142\.stmcufinder\plugins\mcufinder/ => C:\Users\22142\.stmcufinder\plugins\mcufinder
2026-01-03 15:26:25,546 [INFO] ApiDb:250 - Set database path to: C:\Users\22142\.stmcufinder\plugins\mcufinder//mcu/
2026-01-03 15:26:25,546 [WARN] DbFile:41 - Overriding database path with different value: C:\Users\22142\.stmcufinder\plugins\mcufinder/ => C:\Users\22142\.stmcufinder\plugins\mcufinder
2026-01-03 15:26:25,547 [INFO] DbMcusAds:125 - Set database path to: C:\Users\22142\.stmcufinder\plugins\mcufinder//mcu/
2026-01-03 15:26:25,547 [WARN] DbFile:41 - Overriding database path with different value: C:\Users\22142\.stmcufinder\plugins\mcufinder/ => C:\Users\22142\.stmcufinder\plugins\mcufinder
2026-01-03 15:26:25,547 [WARN] DbFile:41 - Overriding database path with different value: C:\Users\22142\.stmcufinder\plugins\mcufinder/ => C:\Users\22142\.stmcufinder\plugins\mcufinder
2026-01-03 15:26:25,547 [INFO] CrossReferenceDbSqlite:203 - Set database path to: C:\Users\22142\.stmcufinder\plugins\mcufinder//mcu/cs/
2026-01-03 15:26:25,578 [INFO] ApplicationProperties:184 - Using Application install path: D:\installs\STM32CubeIDE_1.19.0\STM32CubeIDE\plugins\com.st.stm32cube.common.mx_6.15.0.202507011659
2026-01-03 15:26:25,581 [INFO] PluginManage:196 - Search for loadable plugins [exclusion list=, ]
2026-01-03 15:26:25,583 [INFO] PluginManage:310 - Check plugin analytics
2026-01-03 15:26:25,942 [INFO] AnalyticsPlugin:253 - Accepted Software Licenses: STM32CubeMX.6.16.1
2026-01-03 15:26:25,942 [INFO] AnalyticsPlugin:255 - Accepted CMSIS Pack Licenses: 
2026-01-03 15:26:25,943 [INFO] AnalyticsPlugin:257 - Accepted Firmware Licenses: 
2026-01-03 15:26:25,948 [INFO] PluginManage:359 - Loaded plugin analytics (category:tool,tabindex:-1)
2026-01-03 15:26:25,949 [INFO] PluginManage:310 - Check plugin cadmodel
2026-01-03 15:26:25,955 [INFO] CADModel:105 - Init CAD model plugin
2026-01-03 15:26:25,955 [INFO] PluginManage:359 - Loaded plugin cadmodel (category:power,tabindex:5)
2026-01-03 15:26:25,956 [INFO] PluginManage:310 - Check plugin clock
2026-01-03 15:26:25,971 [INFO] PluginManage:359 - Loaded plugin clock (category:base,tabindex:2)
2026-01-03 15:26:25,971 [INFO] PluginManage:310 - Check plugin ddr
2026-01-03 15:26:25,974 [INFO] PluginManage:359 - Loaded plugin ddr (category:tool,tabindex:6)
2026-01-03 15:26:25,975 [INFO] PluginManage:310 - Check plugin filemanager
2026-01-03 15:26:26,259 [INFO] PluginManage:359 - Loaded plugin filemanager (category:base,tabindex:10)
2026-01-03 15:26:26,260 [INFO] PluginManage:310 - Check plugin ipmanager
2026-01-03 15:26:26,274 [INFO] PluginManage:359 - Loaded plugin ipmanager (category:base,tabindex:5)
2026-01-03 15:26:26,274 [INFO] PluginManage:310 - Check plugin lpbam
2026-01-03 15:26:26,287 [INFO] PluginManage:359 - Loaded plugin lpbam (category:base,tabindex:0)
2026-01-03 15:26:26,287 [INFO] PluginManage:310 - Check plugin memorymap
2026-01-03 15:26:26,305 [INFO] PluginManage:359 - Loaded plugin memorymap (category:base,tabindex:4)
2026-01-03 15:26:26,307 [INFO] PluginManage:310 - Check plugin pinoutandconfiguration
2026-01-03 15:26:26,317 [INFO] PluginManage:359 - Loaded plugin pinoutandconfiguration (category:base,tabindex:1)
2026-01-03 15:26:26,318 [INFO] PluginManage:310 - Check plugin pinoutconfig
2026-01-03 15:26:26,490 [WARN] SupportedApi:132 - Cannot load RTOS API schema: s4s-elt-must-match.1: The content of 'definitions' must match (annotation?, (simpleType | complexType)?, (unique | key | keyref)*)). A problem was found starting at: attribute.
2026-01-03 15:26:26,744 [INFO] PluginManage:359 - Loaded plugin pinoutconfig (category:base,tabindex:0)
2026-01-03 15:26:26,744 [INFO] PluginManage:310 - Check plugin power
2026-01-03 15:26:26,756 [INFO] PluginManage:359 - Loaded plugin power (category:power,tabindex:4)
2026-01-03 15:26:26,756 [INFO] PluginManage:310 - Check plugin projectmanager
2026-01-03 15:26:26,786 [INFO] PluginManage:359 - Loaded plugin projectmanager (category:projectmanager,tabindex:4)
2026-01-03 15:26:26,786 [INFO] PluginManage:310 - Check plugin rif
2026-01-03 15:26:26,798 [INFO] PluginManage:359 - Loaded plugin rif (category:base,tabindex:3)
2026-01-03 15:26:26,799 [INFO] PluginManage:310 - Check plugin thirdparty
2026-01-03 15:26:26,977 [INFO] McuFinderGlobals:63 - Set McuFinder mode to 2 (CubeIDE integrated)
2026-01-03 15:26:27,027 [INFO] PluginManage:359 - Loaded plugin thirdparty (category:base,tabindex:-1)
2026-01-03 15:26:27,027 [WARN] IntegrityCheckThread:84 - waiting for thirdparty lock release [integrity check]
2026-01-03 15:26:27,028 [INFO] PluginManage:310 - Check plugin tools
2026-01-03 15:26:27,028 [INFO] IntegrityCheckThread:86 - entering critical section [integrity check]
2026-01-03 15:26:27,028 [INFO] ThirdPartyUpdaterWithRetryManager:70 - Updater plugin not ready yet. [1/15]
2026-01-03 15:26:27,031 [INFO] PluginManage:359 - Loaded plugin tools (category:base,tabindex:7)
2026-01-03 15:26:27,031 [INFO] PluginManage:310 - Check plugin tutovideos
2026-01-03 15:26:27,351 [INFO] PluginManage:359 - Loaded plugin tutovideos (category:base,tabindex:-1)
2026-01-03 15:26:27,351 [INFO] PluginManage:310 - Check plugin updater
2026-01-03 15:26:27,390 [INFO] PluginManage:359 - Loaded plugin updater (category:base,tabindex:12)
2026-01-03 15:26:27,390 [INFO] PluginManage:310 - Check plugin userauth
2026-01-03 15:26:27,396 [INFO] UserAuth:118 - Init User Auth plugin
2026-01-03 15:26:27,398 [INFO] PluginManage:359 - Loaded plugin userauth (category:base,tabindex:14)
2026-01-03 15:26:27,399 [INFO] PluginManage:283 - PluginManage : Loaded plugins [18]
2026-01-03 15:26:27,736 [INFO] PinOutPanel:1589 - setPackage(No Configuration,No Configuration)
2026-01-03 15:26:27,885 [INFO] CADModel:165 - CPN selected for project level
2026-01-03 15:26:27,886 [INFO] CADModel:114 - Register for checkConnection events
2026-01-03 15:26:27,907 [INFO] IPUIPlugin:80 - create IPUIPlugin
2026-01-03 15:26:27,909 [INFO] PluginManager:220 - loadIPPluginJar : add adc
2026-01-03 15:26:27,912 [INFO] IPUIPlugin:80 - create IPUIPlugin
2026-01-03 15:26:27,912 [INFO] PluginManager:220 - loadIPPluginJar : add aes
2026-01-03 15:26:27,915 [INFO] IPUIPlugin:80 - create IPUIPlugin
2026-01-03 15:26:27,916 [INFO] PluginManager:220 - loadIPPluginJar : add can
2026-01-03 15:26:27,918 [INFO] IPUIPlugin:80 - create IPUIPlugin
2026-01-03 15:26:27,918 [INFO] PluginManager:220 - loadIPPluginJar : add comp
2026-01-03 15:26:27,921 [INFO] IPUIPlugin:80 - create IPUIPlugin
2026-01-03 15:26:27,921 [INFO] PluginManager:220 - loadIPPluginJar : add cryp
2026-01-03 15:26:27,924 [INFO] IPUIPlugin:80 - create IPUIPlugin
2026-01-03 15:26:27,924 [INFO] PluginManager:220 - loadIPPluginJar : add ddr_ctrl_phy
2026-01-03 15:26:27,927 [INFO] IPUIPlugin:80 - create IPUIPlugin
2026-01-03 15:26:27,927 [INFO] PluginManager:220 - loadIPPluginJar : add dfsdm
2026-01-03 15:26:27,935 [INFO] IPUIPlugin:80 - create IPUIPlugin
2026-01-03 15:26:27,936 [INFO] PluginManager:220 - loadIPPluginJar : add dma
2026-01-03 15:26:27,939 [INFO] IPUIPlugin:80 - create IPUIPlugin
2026-01-03 15:26:27,940 [INFO] PluginManager:220 - loadIPPluginJar : add dma3
2026-01-03 15:26:27,943 [INFO] IPUIPlugin:80 - create IPUIPlugin
2026-01-03 15:26:27,944 [INFO] PluginManager:220 - loadIPPluginJar : add extmemmanager
2026-01-03 15:26:27,946 [INFO] IPUIPlugin:80 - create IPUIPlugin
2026-01-03 15:26:27,946 [INFO] PluginManager:220 - loadIPPluginJar : add fatfs
2026-01-03 15:26:27,951 [INFO] IPUIPlugin:80 - create IPUIPlugin
2026-01-03 15:26:27,951 [INFO] PluginManager:220 - loadIPPluginJar : add fmc
2026-01-03 15:26:27,960 [INFO] IPUIPlugin:80 - create IPUIPlugin
2026-01-03 15:26:27,960 [INFO] PluginManager:220 - loadIPPluginJar : add freertos
2026-01-03 15:26:27,962 [INFO] IPUIPlugin:80 - create IPUIPlugin
2026-01-03 15:26:27,962 [INFO] PluginManager:220 - loadIPPluginJar : add genericplugin
2026-01-03 15:26:27,964 [INFO] IPUIPlugin:80 - create IPUIPlugin
2026-01-03 15:26:27,965 [INFO] PluginManager:220 - loadIPPluginJar : add gfxmmu
2026-01-03 15:26:27,971 [INFO] IPUIPlugin:80 - create IPUIPlugin
2026-01-03 15:26:27,971 [INFO] PluginManager:220 - loadIPPluginJar : add gic
2026-01-03 15:26:27,976 [INFO] IPUIPlugin:80 - create IPUIPlugin
2026-01-03 15:26:27,976 [INFO] PluginManager:220 - loadIPPluginJar : add gpio
2026-01-03 15:26:27,979 [INFO] IPUIPlugin:80 - create IPUIPlugin
2026-01-03 15:26:27,980 [INFO] PluginManager:220 - loadIPPluginJar : add gtzc
2026-01-03 15:26:27,982 [INFO] IPUIPlugin:80 - create IPUIPlugin
2026-01-03 15:26:27,983 [INFO] PluginManager:220 - loadIPPluginJar : add hash
2026-01-03 15:26:27,986 [INFO] IPUIPlugin:80 - create IPUIPlugin
2026-01-03 15:26:27,986 [INFO] PluginManager:220 - loadIPPluginJar : add i2c
2026-01-03 15:26:27,989 [INFO] IPUIPlugin:80 - create IPUIPlugin
2026-01-03 15:26:27,989 [INFO] PluginManager:220 - loadIPPluginJar : add i2s
2026-01-03 15:26:27,993 [INFO] IPUIPlugin:80 - create IPUIPlugin
2026-01-03 15:26:27,993 [INFO] PluginManager:220 - loadIPPluginJar : add i3c
2026-01-03 15:26:27,997 [INFO] IPUIPlugin:80 - create IPUIPlugin
2026-01-03 15:26:27,998 [INFO] PluginManager:220 - loadIPPluginJar : add ipddr
2026-01-03 15:26:28,007 [INFO] IPUIPlugin:80 - create IPUIPlugin
2026-01-03 15:26:28,008 [INFO] PluginManager:220 - loadIPPluginJar : add linkedlist
2026-01-03 15:26:28,011 [INFO] IPUIPlugin:80 - create IPUIPlugin
2026-01-03 15:26:28,011 [INFO] PluginManager:220 - loadIPPluginJar : add lorawan
2026-01-03 15:26:28,013 [INFO] IPUIPlugin:80 - create IPUIPlugin
2026-01-03 15:26:28,013 [INFO] PluginManager:220 - loadIPPluginJar : add ltdc
2026-01-03 15:26:28,021 [INFO] IPUIPlugin:80 - create IPUIPlugin
2026-01-03 15:26:28,021 [INFO] PluginManager:220 - loadIPPluginJar : add mdma
2026-01-03 15:26:28,026 [INFO] IPUIPlugin:80 - create IPUIPlugin
2026-01-03 15:26:28,026 [INFO] PluginManager:220 - loadIPPluginJar : add nvic
2026-01-03 15:26:28,029 [INFO] IPUIPlugin:80 - create IPUIPlugin
2026-01-03 15:26:28,029 [INFO] PluginManager:220 - loadIPPluginJar : add opamp
2026-01-03 15:26:28,033 [INFO] IPUIPlugin:80 - create IPUIPlugin
2026-01-03 15:26:28,033 [INFO] PluginManager:220 - loadIPPluginJar : add openamp
2026-01-03 15:26:28,036 [INFO] IPUIPlugin:80 - create IPUIPlugin
2026-01-03 15:26:28,036 [INFO] PluginManager:220 - loadIPPluginJar : add pdm2pcm
2026-01-03 15:26:28,043 [INFO] IPUIPlugin:80 - create IPUIPlugin
2026-01-03 15:26:28,047 [INFO] PluginManager:220 - loadIPPluginJar : add plateformsettings
2026-01-03 15:26:28,049 [INFO] IPUIPlugin:80 - create IPUIPlugin
2026-01-03 15:26:28,049 [INFO] PluginManager:220 - loadIPPluginJar : add quadspi
2026-01-03 15:26:28,051 [INFO] IPUIPlugin:80 - create IPUIPlugin
2026-01-03 15:26:28,051 [INFO] PluginManager:220 - loadIPPluginJar : add radio
2026-01-03 15:26:28,055 [INFO] IPUIPlugin:80 - create IPUIPlugin
2026-01-03 15:26:28,055 [INFO] PluginManager:220 - loadIPPluginJar : add resmgrutility
2026-01-03 15:26:28,060 [INFO] IPUIPlugin:80 - create IPUIPlugin
2026-01-03 15:26:28,060 [INFO] PluginManager:220 - loadIPPluginJar : add sai
2026-01-03 15:26:28,062 [INFO] IPUIPlugin:80 - create IPUIPlugin
2026-01-03 15:26:28,062 [INFO] PluginManager:220 - loadIPPluginJar : add spi
2026-01-03 15:26:28,071 [INFO] IPUIPlugin:80 - create IPUIPlugin
2026-01-03 15:26:28,071 [INFO] PluginManager:220 - loadIPPluginJar : add stm32_wpan
2026-01-03 15:26:28,072 [INFO] IPUIPlugin:80 - create IPUIPlugin
2026-01-03 15:26:28,072 [INFO] PluginManager:220 - loadIPPluginJar : add tim
2026-01-03 15:26:28,078 [INFO] IPUIPlugin:80 - create IPUIPlugin
2026-01-03 15:26:28,078 [INFO] PluginManager:220 - loadIPPluginJar : add touchsensing
2026-01-03 15:26:28,080 [INFO] IPUIPlugin:80 - create IPUIPlugin
2026-01-03 15:26:28,080 [INFO] PluginManager:220 - loadIPPluginJar : add tracer_emb
2026-01-03 15:26:28,082 [INFO] IPUIPlugin:80 - create IPUIPlugin
2026-01-03 15:26:28,082 [INFO] PluginManager:220 - loadIPPluginJar : add ts
2026-01-03 15:26:28,084 [INFO] IPUIPlugin:80 - create IPUIPlugin
2026-01-03 15:26:28,085 [INFO] PluginManager:220 - loadIPPluginJar : add tsc
2026-01-03 15:26:28,087 [INFO] IPUIPlugin:80 - create IPUIPlugin
2026-01-03 15:26:28,087 [INFO] PluginManager:220 - loadIPPluginJar : add ucpd
2026-01-03 15:26:28,090 [INFO] IPUIPlugin:80 - create IPUIPlugin
2026-01-03 15:26:28,091 [INFO] PluginManager:220 - loadIPPluginJar : add usart
2026-01-03 15:26:28,094 [INFO] IPUIPlugin:80 - create IPUIPlugin
2026-01-03 15:26:28,095 [INFO] PluginManager:220 - loadIPPluginJar : add usbx
2026-01-03 15:26:28,274 [FATAL] Updater:351 - Updater called before beeing initialized
2026-01-03 15:26:28,318 [INFO] RulesReader:64 - Compatibility file has been processed (317 Rules)
2026-01-03 15:26:28,342 [INFO] RulesReader:64 - Compatibility file has been processed (317 Rules)
2026-01-03 15:26:28,354 [INFO] CADModel:165 - CPN selected for project level
2026-01-03 15:26:28,355 [INFO] CADModel:114 - Register for checkConnection events
2026-01-03 15:26:28,355 [FATAL] Updater:351 - Updater called before beeing initialized
2026-01-03 15:26:28,355 [ERROR] CADModel:125 - Updater not yet initialized, retry later 
2026-01-03 15:26:28,608 [FATAL] Updater:351 - Updater called before beeing initialized
2026-01-03 15:26:28,611 [INFO] CADModel:165 - CPN selected for project level
2026-01-03 15:26:28,611 [INFO] CADModel:114 - Register for checkConnection events
2026-01-03 15:26:28,611 [FATAL] Updater:351 - Updater called before beeing initialized
2026-01-03 15:26:28,611 [ERROR] CADModel:125 - Updater not yet initialized, retry later 
2026-01-03 15:26:28,616 [FATAL] Updater:351 - Updater called before beeing initialized
2026-01-03 15:26:28,781 [FATAL] Updater:351 - Updater called before beeing initialized
2026-01-03 15:26:28,788 [INFO] DbMcusAds:53 - JSON generation date=Tue Dec 16 04:41:46 IST 2025 (1765840306612)
2026-01-03 15:26:28,788 [FATAL] Updater:351 - Updater called before beeing initialized
2026-01-03 15:26:28,847 [WARN] DetailPanel:346 - Failed to get advertising image, set to default
2026-01-03 15:26:28,996 [FATAL] Updater:351 - Updater called before beeing initialized
2026-01-03 15:26:28,998 [FATAL] Updater:351 - Updater called before beeing initialized
2026-01-03 15:26:28,998 [FATAL] Updater:351 - Updater called before beeing initialized
2026-01-03 15:26:28,999 [WARN] DetailPanel:346 - Failed to get advertising image, set to default
2026-01-03 15:26:29,000 [FATAL] Updater:351 - Updater called before beeing initialized
2026-01-03 15:26:29,080 [ERROR] Updater:1198 - MainUpdater not yet initialized. External WinMGr cannot be set.
2026-01-03 15:26:29,083 [INFO] Updater:1134 - Updater Version found : 6.15.0
2026-01-03 15:26:29,110 [INFO] ApplicationProperties:184 - Using Application install path: D:\installs\STM32CubeIDE_1.19.0\STM32CubeIDE\plugins\com.st.stm32cube.common.mx_6.15.0.202507011659
2026-01-03 15:26:29,523 [INFO] MainUpdater:2872 - connection check result : 10
2026-01-03 15:26:29,524 [INFO] MainUpdater:289 - Updater Check For Update Now.
2026-01-03 15:26:29,524 [INFO] MicroXplorer:498 - Change Database Version : DB.6.0.150
2026-01-03 15:26:29,533 [INFO] McuFinderGlobals:63 - Set McuFinder mode to 2 (CubeIDE integrated)
2026-01-03 15:26:29,534 [INFO] UserAuth:171 - activating auth plugin
2026-01-03 15:26:29,537 [INFO] UserAuth:487 - Internet connection configuration mode: 1
2026-01-03 15:26:29,569 [INFO] JxBrowserEngine:152 - Initiate JxBrowser Engine with user profile folder
2026-01-03 15:26:29,769 [INFO] CheckServerUpdateThread:120 - End of CheckServer Thread
2026-01-03 15:26:29,939 [INFO] MainUpdater:2872 - connection check result : 10
2026-01-03 15:26:30,516 [INFO] ApiDb:581 - Connected to CubeFinder SQLite database (C:\Users\22142\.stmcufinder\plugins\mcufinder\mcu\cube-finder-db.db)
2026-01-03 15:26:30,601 [WARN] PackLoader:240 - Cannot read IP mode file for STMicroelectronics.FP-SNS-MOTENVWB1.1.4.0
2026-01-03 15:26:30,624 [WARN] PackLoader:240 - Cannot read IP mode file for STMicroelectronics.FP-ATR-ASTRA1.2.0.2
2026-01-03 15:26:30,645 [WARN] PackLoader:240 - Cannot read IP mode file for STMicroelectronics.X-CUBE-SMBUS.2.1.0
2026-01-03 15:26:30,664 [WARN] PackLoader:240 - Cannot read IP mode file for STMicroelectronics.X-CUBE-WB05N.1.1.0
2026-01-03 15:26:30,745 [INFO] ApiDb:668 - CubeFinder database Data Model version=2.1
2026-01-03 15:26:30,745 [INFO] ApiDb:669 - CubeFinder database Configuration version=3.0.39
2026-01-03 15:26:30,746 [INFO] ApiDb:670 - CubeFinder database generation date=2025-12-22 (1766407740)
2026-01-03 15:26:30,746 [INFO] ApiDb:671 - CubeFinder database FW Pack versions=[FP-ATR-ASTRA1_V2.0.0, FP-SNS-FLIGHT1_V5.1.0, FP-SNS-MOTENV1_V5.1.0, FP-SNS-MOTENVWB1_V1.4.0, FP-SNS-SMARTAG2_V1.2.0, FP-SNS-STBOX1_V2.1.0, STM32Cube_FW_C0_V1.4.0, STM32Cube_FW_F4_V1.28.3, STM32Cube_FW_F7_V1.17.4, STM32Cube_FW_G0_V1.6.2, STM32Cube_FW_G4_V1.6.1, STM32Cube_FW_H5_V1.5.1, STM32Cube_FW_H7RS_V1.3.0, STM32Cube_FW_H7_V1.12.1, STM32Cube_FW_L0_V1.12.2, STM32Cube_FW_L4_V1.18.1, STM32Cube_FW_L5_V1.6.0, STM32Cube_FW_N6_V1.3.0, STM32Cube_FW_U0_V1.3.0, STM32Cube_FW_U3_V1.2.1, STM32Cube_FW_U5_V1.8.0, STM32Cube_FW_WB0_V1.4.0, STM32Cube_FW_WBA_V1.8.0, STM32Cube_FW_WB_V1.24.0, STM32Cube_FW_WL3_V1.3.0, STM32Cube_FW_WL_V1.4.0, X-CUBE-ALGOBUILD_V1.4.0, X-CUBE-ALS_V1.0.2, X-CUBE-AZRTOS-F4_V1.1.0, X-CUBE-AZRTOS-F7_V1.1.0, X-CUBE-AZRTOS-G0_V1.1.0, X-CUBE-AZRTOS-G4_V2.0.0, X-CUBE-AZRTOS-H7RS_V1.1.0, X-CUBE-AZRTOS-H7_V3.4.0, X-CUBE-AZRTOS-L4_V2.0.0, X-CUBE-AZRTOS-L5_V2.0.0, X-CUBE-AZRTOS-WB_V2.0.0, X-CUBE-AZRTOS-WL_V2.0.0, X-CUBE-BLE1_V7.1.0, X-CUBE-BLE2_V3.3.0, X-CUBE-BLEMGR_V4.1.0, X-CUBE-EEPRMA1_V5.2.0, X-CUBE-FREERTOS_V1.3.1, X-CUBE-GNSS1_V6.0.0, X-CUBE-MEMS1_V12.0.0, X-CUBE-NFC4_V3.0.0, X-CUBE-NFC7_V2.0.0, X-CUBE-SFXS2LP1_V4.0.0, X-CUBE-ST67W61_V1.1.0, X-CUBE-SUBG2_V5.0.0, X-CUBE-TOF1_V3.4.3]
2026-01-03 15:26:30,747 [WARN] PackLoader:240 - Cannot read IP mode file for STMicroelectronics.X-CUBE-AZRTOS-F7.1.1.0
2026-01-03 15:26:30,771 [WARN] PackLoader:240 - Cannot read IP mode file for STMicroelectronics.FP-SNS-MOTENV1.5.1.0
2026-01-03 15:26:30,859 [WARN] PackLoader:240 - Cannot read IP mode file for Infineon.AIROC-Wi-Fi-Bluetooth-STM32.1.7.0
2026-01-03 15:26:30,946 [WARN] PackLoader:240 - Cannot read IP mode file for STMicroelectronics.X-CUBE-AZRTOS-H7.3.4.0
2026-01-03 15:26:30,973 [WARN] PackLoader:240 - Cannot read IP mode file for STMicroelectronics.X-CUBE-DISPLAY.3.0.0
2026-01-03 15:26:30,998 [WARN] PackLoader:240 - Cannot read IP mode file for STMicroelectronics.X-CUBE-NFC10.1.0.0
2026-01-03 15:26:31,027 [WARN] PackLoader:240 - Cannot read IP mode file for STMicroelectronics.X-CUBE-BLEMGR.4.0.0
2026-01-03 15:26:31,047 [WARN] PackLoader:240 - Cannot read IP mode file for STMicroelectronics.X-CUBE-ST60.1.1.0
2026-01-03 15:26:31,062 [WARN] PackLoader:240 - Cannot read IP mode file for emotas.I-CUBE-CANOPEN.1.3.0
2026-01-03 15:26:31,073 [WARN] PackLoader:240 - Cannot read IP mode file for STMicroelectronics.X-CUBE-GNSS1.7.1.0
2026-01-03 15:26:31,086 [WARN] ConditionMgr:438 - getConditionDescription Invalid condition id : Cortex-A Device cause : null
2026-01-03 15:26:31,105 [WARN] ConditionMgr:1044 - genDependencies : Invalid condition id : Cortex-A Device cause : null
2026-01-03 15:26:31,106 [WARN] ConditionMgr:1044 - genDependencies : Invalid condition id : Cortex-A Device cause : null
2026-01-03 15:26:31,106 [WARN] ConditionMgr:1044 - genDependencies : Invalid condition id : Cortex-A Device cause : null
2026-01-03 15:26:31,114 [WARN] PackLoader:240 - Cannot read IP mode file for STMicroelectronics.X-CUBE-AI.10.0.0
2026-01-03 15:26:31,127 [WARN] PackLoader:240 - Cannot read IP mode file for STMicroelectronics.FP-SNS-STBOX1.2.1.0
2026-01-03 15:26:31,141 [WARN] PackLoader:240 - Cannot read IP mode file for STMicroelectronics.FP-SNS-SMARTAG2.1.2.0
2026-01-03 15:26:31,150 [WARN] PackLoader:240 - Cannot read IP mode file for STMicroelectronics.FP-SNS-FLIGHT1.5.1.0
2026-01-03 15:26:31,239 [WARN] PackLoader:240 - Cannot read IP mode file for STMicroelectronics.X-CUBE-MEMS1.11.1.0
2026-01-03 15:26:31,294 [INFO] WebApp:169 - Instantiating new browser for Auth
2026-01-03 15:26:31,521 [INFO] LogOutputStream:77 - [STDOUT_REDIRECT] 1 : Invalid condition id : UX_CORESTACK_Condition cause : null
2026-01-03 15:26:31,524 [INFO] LogOutputStream:77 - [STDOUT_REDIRECT] 1 : Invalid condition id : UX_CORESTACK_Condition cause : null
2026-01-03 15:26:31,527 [INFO] LogOutputStream:77 - [STDOUT_REDIRECT] 1 : Invalid condition id : UX_CORESTACK_Condition cause : null
2026-01-03 15:26:31,531 [INFO] LogOutputStream:77 - [STDOUT_REDIRECT] 1 : Invalid condition id : UX_CORESTACK_Condition cause : null
2026-01-03 15:26:31,533 [INFO] LogOutputStream:77 - [STDOUT_REDIRECT] 1 : Invalid condition id : UX_CORESTACK_Condition cause : null
2026-01-03 15:26:31,536 [WARN] PackLoader:240 - Cannot read IP mode file for STMicroelectronics.X-CUBE-AZRTOS-WL.2.0.0
2026-01-03 15:26:31,545 [WARN] PackLoader:240 - Cannot read IP mode file for STMicroelectronics.FP-SNS-MOTENV1.5.0.0
2026-01-03 15:26:31,577 [WARN] PackLoader:240 - Cannot read IP mode file for STMicroelectronics.X-CUBE-AZRTOS-H7RS.1.2.0
2026-01-03 15:26:31,596 [WARN] PackLoader:240 - Cannot read IP mode file for WES.I-CUBE-Cesium.1.3.0
2026-01-03 15:26:31,607 [WARN] PackLoader:240 - Cannot read IP mode file for STMicroelectronics.X-CUBE-BLE2.3.3.0
2026-01-03 15:26:31,653 [WARN] PackLoader:240 - Cannot read IP mode file for STMicroelectronics.X-CUBE-NFC9.1.0.0
2026-01-03 15:26:31,668 [WARN] PackLoader:240 - Cannot read IP mode file for STMicroelectronics.X-CUBE-BLE1.7.1.0
2026-01-03 15:26:31,681 [WARN] PackLoader:240 - Cannot read IP mode file for wolfSSL.I-CUBE-wolfMQTT.1.19.2
2026-01-03 15:26:31,692 [WARN] PackLoader:240 - Cannot read IP mode file for STMicroelectronics.X-CUBE-FREERTOS.1.4.0
2026-01-03 15:26:31,705 [WARN] PackLoader:240 - Cannot read IP mode file for STMicroelectronics.X-CUBE-EEPRMA1.5.2.0
2026-01-03 15:26:31,748 [WARN] PackLoader:240 - Cannot read IP mode file for STMicroelectronics.X-CUBE-ST67W61.1.1.0
2026-01-03 15:26:31,830 [WARN] PackLoader:240 - Cannot read IP mode file for STMicroelectronics.X-CUBE-MEMS1.12.0.0
2026-01-03 15:26:31,952 [WARN] PackLoader:240 - Cannot read IP mode file for STMicroelectronics.X-CUBE-AZRTOS-G0.1.1.0
2026-01-03 15:26:31,963 [WARN] PackLoader:240 - Cannot read IP mode file for STMicroelectronics.X-CUBE-SAFEA1.1.2.2
2026-01-03 15:26:31,984 [WARN] PackLoader:240 - Cannot read IP mode file for STMicroelectronics.X-CUBE-NFC4.3.0.0
2026-01-03 15:26:31,999 [WARN] PackLoader:240 - Cannot read IP mode file for EmbeddedOffice.I-CUBE-FS-RTOS.1.0.1
2026-01-03 15:26:32,007 [WARN] PackLoader:240 - Cannot read IP mode file for STMicroelectronics.X-CUBE-WB05N.2.0.0
2026-01-03 15:26:32,013 [WARN] PackLoader:240 - Cannot read IP mode file for wolfSSL.I-CUBE-wolfTPM.3.8.0
2026-01-03 15:26:32,023 [WARN] PackLoader:240 - Cannot read IP mode file for STMicroelectronics.X-CUBE-TCPP.4.2.0
2026-01-03 15:26:32,041 [WARN] PackLoader:240 - Cannot read IP mode file for RealThread.X-CUBE-RT-Thread_Nano.4.1.1
2026-01-03 15:26:32,050 [WARN] PackLoader:240 - Cannot read IP mode file for STMicroelectronics.FP-ATR-SIGFOX1.3.2.0
2026-01-03 15:26:32,057 [WARN] PackLoader:240 - Cannot read IP mode file for STMicroelectronics.X-CUBE-EEPRMA1.5.1.0
2026-01-03 15:26:32,064 [WARN] PackLoader:240 - Cannot read IP mode file for wolfSSL.I-CUBE-wolfSSL.5.7.6
2026-01-03 15:26:32,072 [WARN] PackLoader:240 - Cannot read IP mode file for ITTIA_DB.I-CUBE-ITTIADB.8.9.0
2026-01-03 15:26:32,076 [WARN] PackLoader:240 - Cannot read IP mode file for STMicroelectronics.X-CUBE-AI.10.2.0
2026-01-03 15:26:32,108 [WARN] PackLoader:240 - Cannot read IP mode file for SEGGER.I-CUBE-embOS.1.3.1
2026-01-03 15:26:32,168 [WARN] PackLoader:240 - Cannot read IP mode file for STMicroelectronics.X-CUBE-ALGOBUILD.1.4.0
2026-01-03 15:26:32,176 [WARN] PackLoader:240 - Cannot read IP mode file for STMicroelectronics.X-CUBE-PM33A1.1.0.0
2026-01-03 15:26:32,202 [WARN] PackLoader:240 - Cannot read IP mode file for STMicroelectronics.X-CUBE-AZRTOS-F4.1.1.0
2026-01-03 15:26:32,214 [WARN] PackLoader:240 - Cannot read IP mode file for STMicroelectronics.X-CUBE-ISPU.2.1.0
2026-01-03 15:26:32,238 [WARN] PackLoader:240 - Cannot read IP mode file for STMicroelectronics.X-CUBE-IPS.3.2.0
2026-01-03 15:26:32,256 [WARN] PackLoader:240 - Cannot read IP mode file for STMicroelectronics.X-CUBE-NFC12.1.0.0
2026-01-03 15:26:32,284 [WARN] PackLoader:240 - Cannot read IP mode file for STMicroelectronics.X-CUBE-AZRTOS-L5.2.0.0
2026-01-03 15:26:32,298 [WARN] PackLoader:240 - Cannot read IP mode file for STMicroelectronics.X-CUBE-NFC6.3.1.0
2026-01-03 15:26:32,306 [WARN] PackLoader:240 - Cannot read IP mode file for STMicroelectronics.X-CUBE-DPower.1.2.0
2026-01-03 15:26:32,311 [WARN] PackLoader:240 - Cannot read IP mode file for STMicroelectronics.X-CUBE-FREERTOS.1.3.0
2026-01-03 15:26:32,320 [WARN] PackLoader:240 - Cannot read IP mode file for STMicroelectronics.X-CUBE-NFC7.1.0.1
2026-01-03 15:26:32,330 [WARN] PackLoader:240 - Cannot read IP mode file for STMicroelectronics.X-CUBE-TOUCHGFX.4.26.0
2026-01-03 15:26:32,338 [WARN] PackLoader:240 - Cannot read IP mode file for STMicroelectronics.FP-SNS-STAIOTCFT.1.0.0
2026-01-03 15:26:32,344 [WARN] PackLoader:240 - Cannot read IP mode file for STMicroelectronics.X-CUBE-DPower.1.3.0
2026-01-03 15:26:32,375 [WARN] ConditionMgr:438 - getConditionDescription Invalid condition id : LAN8742 Phy interface Condition cause : null
2026-01-03 15:26:32,376 [WARN] PackLoader:240 - Cannot read IP mode file for STMicroelectronics.X-CUBE-AZRTOS-L4.2.0.0
2026-01-03 15:26:32,377 [WARN] ConditionMgr:1044 - genDependencies : Invalid condition id : LAN8742 Phy interface Condition cause : null
2026-01-03 15:26:32,378 [WARN] ConditionMgr:1044 - genDependencies : Invalid condition id : LAN8742 Phy interface Condition cause : null
2026-01-03 15:26:32,378 [WARN] ConditionMgr:1044 - genDependencies : Invalid condition id : LAN8742 Phy interface Condition cause : null
2026-01-03 15:26:32,387 [WARN] PackLoader:240 - Cannot read IP mode file for STMicroelectronics.X-CUBE-SFXS2LP1.4.0.0
2026-01-03 15:26:32,407 [WARN] PackLoader:240 - Cannot read IP mode file for STMicroelectronics.X-CUBE-AZRTOS-H7.3.3.0
2026-01-03 15:26:32,422 [WARN] PackLoader:240 - Cannot read IP mode file for STMicroelectronics.X-CUBE-BLEMGR.4.1.0
2026-01-03 15:26:32,440 [WARN] ConditionMgr:438 - getConditionDescription Invalid condition id : UX DEVICE CLASS RTOS Condition cause : null
2026-01-03 15:26:32,440 [WARN] ConditionMgr:438 - getConditionDescription Invalid condition id : UX DEVICE CLASS RTOS Condition cause : null
2026-01-03 15:26:32,442 [WARN] PackLoader:240 - Cannot read IP mode file for STMicroelectronics.X-CUBE-AZRTOS-WB.2.0.0
2026-01-03 15:26:32,442 [WARN] ConditionMgr:1044 - genDependencies : Invalid condition id : UX DEVICE CLASS RTOS Condition cause : null
2026-01-03 15:26:32,442 [WARN] ConditionMgr:1044 - genDependencies : Invalid condition id : UX DEVICE CLASS RTOS Condition cause : null
2026-01-03 15:26:32,443 [WARN] ConditionMgr:1044 - genDependencies : Invalid condition id : UX DEVICE CLASS RTOS Condition cause : null
2026-01-03 15:26:32,443 [WARN] ConditionMgr:1044 - genDependencies : Invalid condition id : UX DEVICE CLASS RTOS Condition cause : null
2026-01-03 15:26:32,443 [WARN] ConditionMgr:1044 - genDependencies : Invalid condition id : UX DEVICE CLASS RTOS Condition cause : null
2026-01-03 15:26:32,449 [WARN] PackLoader:240 - Cannot read IP mode file for STMicroelectronics.X-CUBE-GNSS1.7.0.1
2026-01-03 15:26:32,454 [WARN] PackLoader:240 - Cannot read IP mode file for STMicroelectronics.X-CUBE-TOUCHGFX.4.25.0
2026-01-03 15:26:32,460 [WARN] PackLoader:240 - Cannot read IP mode file for STMicroelectronics.FP-SNS-STBOX1.2.0.0
2026-01-03 15:26:32,476 [WARN] PackLoader:240 - Cannot read IP mode file for STMicroelectronics.X-CUBE-SUBG2.5.0.0
2026-01-03 15:26:32,497 [WARN] PackLoader:240 - Cannot read IP mode file for STMicroelectronics.X-CUBE-AZRTOS-H7RS.1.1.0
2026-01-03 15:26:32,509 [WARN] PackLoader:240 - Cannot read IP mode file for Cesanta.I-CUBE-Mongoose.7.13.0
2026-01-03 15:26:32,525 [WARN] PackLoader:240 - Cannot read IP mode file for STMicroelectronics.X-CUBE-AZRTOS-G4.2.0.0
2026-01-03 15:26:32,536 [WARN] PackLoader:240 - Cannot read IP mode file for wolfSSL.I-CUBE-wolfSSH.1.4.20
2026-01-03 15:26:32,542 [WARN] PackLoader:240 - Cannot read IP mode file for STMicroelectronics.X-CUBE-NFC7.2.0.0
2026-01-03 15:26:32,567 [WARN] PackLoader:240 - Cannot read IP mode file for STMicroelectronics.X-CUBE-IPS.3.1.0
2026-01-03 15:26:32,590 [WARN] PackLoader:240 - Cannot read IP mode file for STMicroelectronics.X-CUBE-ALS.1.0.2
2026-01-03 15:26:32,604 [WARN] PackLoader:240 - Cannot read IP mode file for STMicroelectronics.X-CUBE-STSE01.1.0.0
2026-01-03 15:26:32,619 [WARN] PackLoader:240 - Cannot read IP mode file for portGmbH.I-Cube-SoM-uGOAL.1.1.0
2026-01-03 15:26:32,640 [WARN] PackLoader:240 - Cannot read IP mode file for STMicroelectronics.X-CUBE-TOF1.3.4.2
2026-01-03 15:26:32,672 [WARN] PackLoader:240 - Cannot read IP mode file for STMicroelectronics.X-CUBE-TOF1.3.4.3
2026-01-03 15:26:32,691 [INFO] ThirdParty:978 - Integrity check success = true
2026-01-03 15:26:32,697 [INFO] IntegrityCheckThread:100 - exiting critical section [integrity check]
2026-01-03 15:26:32,697 [INFO] IntegrityCheckThread:103 - End integrity checks thread
2026-01-03 15:26:32,891 [INFO] WebApp:463 - Apply proxy settings
2026-01-03 15:26:32,892 [INFO] WebApp:548 - Chromium requires no authentication
2026-01-03 15:26:32,907 [INFO] WebApp:491 - Direct internet connection detected
2026-01-03 15:26:32,960 [INFO] WebApp:900 - Register for checkConnection events
2026-01-03 15:26:32,960 [INFO] WebApp:463 - Apply proxy settings
2026-01-03 15:26:32,961 [INFO] WebApp:548 - Chromium requires no authentication
2026-01-03 15:26:32,961 [INFO] WebApp:491 - Direct internet connection detected
2026-01-03 15:26:33,282 [INFO] WebApp:225 - Starting web application
2026-01-03 15:26:33,282 [INFO] WebApp:593 - Web application path used D:\installs\STM32CubeIDE_1.19.0\STM32CubeIDE\plugins\com.st.stm32cube.common.mx_6.15.0.202507011659\db\plugins\mcufinder\reactClient1\index.html
2026-01-03 15:26:34,417 [INFO] WebApp:191 - Connection restablished
2026-01-03 15:26:36,790 [INFO] ApiDb:240 - Found 880 in-development CPN: [B-G473E-ZEST1S, B-WB1M-WPAN1, B-WBA5M-WPAN, B-WL5M-SUBG1, NUCLEO-C031C6, NUCLEO-C051C8, NUCLEO-C071RB, NUCLEO-C092RC, NUCLEO-H503RB, NUCLEO-H533RE, NUCLEO-H563ZI, NUCLEO-H7S3L8, NUCLEO-N657X0-Q, NUCLEO-U031R8, NUCLEO-U083RC, NUCLEO-U385RG-Q, NUCLEO-U545RE-Q, NUCLEO-U5A5ZJ-Q, NUCLEO-WB05KZ, NUCLEO-WB07CC, NUCLEO-WB09KE, NUCLEO-WBA52CG, NUCLEO-WBA55CG, NUCLEO-WL33CC1, NUCLEO-WL33CC2, STEVAL-PROTEUS1, STEVAL-SMARTAG2, STEVAL-STWINBX1, STM320518-EVAL, STM32C0116-DK, STM32C011D6Y3TR, STM32C011D6Y6TR, STM32C011F4P3, STM32C011F4P6, STM32C011F4U3, STM32C011F4U6TR, STM32C011F6P3, STM32C011F6P6, STM32C011F6U3, STM32C011F6U6TR, STM32C011J4M3, STM32C011J4M6, STM32C011J6M3, STM32C011J6M6, STM32C0316-DK, STM32C031C4T3, STM32C031C4T6, STM32C031C4U3, STM32C031C4U6, STM32C031C6T3, STM32C031C6T6, STM32C031C6U3, STM32C031C6U6, STM32C031F4P3, STM32C031F4P6, STM32C031F6P3, STM32C031F6P6, STM32C031G4U3, STM32C031G4U6, STM32C031G6U3, STM32C031G6U6, STM32C031K4T3, STM32C031K4T6, STM32C031K4U3, STM32C031K4U6, STM32C031K6T3, STM32C031K6T6, STM32C031K6U3, STM32C031K6U6, STM32C051C6T6, STM32C051C6U6, STM32C051C8T6, STM32C051C8U6, STM32C051D8Y6TR, STM32C051F6P6, STM32C051F8P6, STM32C051G6U6, STM32C051G8U6, STM32C051K6T6, STM32C051K6U6, STM32C051K8T6, STM32C071C8T6, STM32C071C8T6N, STM32C071C8U6, STM32C071C8U6N, STM32C071CBT6, STM32C071CBT6N, STM32C071CBU6, STM32C071CBU6N, STM32C071F8P6, STM32C071F8P6N, STM32C071FBP6, STM32C071FBP6N, STM32C071FBY6TR, STM32C071G8U6, STM32C071G8U6N, STM32C071GBU6, STM32C071GBU6N, STM32C071K8T6, STM32C071K8T6N, STM32C071K8U6, STM32C071K8U6N, STM32C071KBT6, STM32C071KBT6N, STM32C071KBU6, STM32C071KBU6N, STM32C071R8T6, STM32C071R8T6N, STM32C071RBI6N, STM32C071RBT6, STM32C071RBT6N, STM32C091CBT6, STM32C091CBU6, STM32C091CCT6, STM32C091CCU6, STM32C091ECY6TR, STM32C091FBP6, STM32C091FCP6, STM32C091GBU6, STM32C091GCU6, STM32C091KBT6, STM32C091KBU6, STM32C091KCT6, STM32C091KCU6, STM32C091RBT6, STM32C091RCI6, STM32C091RCT6, STM32C092CBT6, STM32C092CBU6, STM32C092CCT6, STM32C092CCU6, STM32C092ECY6TR, STM32C092FBP6, STM32C092FCP6, STM32C092GBU6, STM32C092GCU6, STM32C092KBT6, STM32C092KBU6, STM32C092KCT6, STM32C092KCU6, STM32C092RBT6, STM32C092RCI6, STM32C092RCT6, STM32G071K8TXN, STM32G071K8UXN, STM32G081GBU6N, STM32G081KBT6N, STM32G081KBUXN, STM32G0B1CCT6N, STM32G0B1KCT6, STM32G0B1NEY6TR, STM32G0B1RCT6N, STM32G0C1CCT6, STM32G0C1CCT6N, STM32G0C1CCU6N, STM32G0C1CET6N, STM32G0C1CEU6N, STM32G0C1KCT6, STM32G0C1NEY6TR, STM32G0C1RCI6N, STM32G0C1RCT6N, STM32G0C1REI6N, STM32G0C1RET6N, STM32G0C1VCI6, STM32G0C1VEI6, STM32G411C6T3, STM32G411C6T6, STM32G411C6U3, STM32G411C6U6, STM32G411C8T3, STM32G411C8T6, STM32G411C8U3, STM32G411C8U6, STM32G411CBT3, STM32G411CBT6, STM32G411CBU3, STM32G411CBU6, STM32G411K6T3, STM32G411K6T6, STM32G411K6U3, STM32G411K6U6, STM32G411K8T3, STM32G411K8T6, STM32G411K8U3, STM32G411K8U6, STM32G411KBT3, STM32G411KBT6, STM32G411KBU3, STM32G411KBU6, STM32G411M6T3, STM32G411M6T6, STM32G411M8T3, STM32G411M8T6, STM32G411MBT3, STM32G411MBT6, STM32G411R6T3, STM32G411R6T6, STM32G411R8T3, STM32G411R8T6, STM32G411RBT3, STM32G411RBT6, STM32G414CBT3, STM32G414CBT6, STM32G414CBU3, STM32G414CBU6, STM32G414CCT3, STM32G414CCT6, STM32G414CCU3, STM32G414CCU6, STM32G414MBT3, STM32G414MBT6, STM32G414MCT3, STM32G414MCT6, STM32G414RBT3, STM32G414RBT6, STM32G414RCT3, STM32G414RCT6, STM32G414VBT3, STM32G414VBT6, STM32G414VCT3, STM32G414VCT6, STM32G431CBT3Z, STM32G431RBT3Z, STM32G471CCT6, STM32G471CCU6, STM32G471CET3, STM32G471CET6, STM32G471CEU3, STM32G471CEU6, STM32G471MCT6, STM32G471MET3, STM32G471MET6, STM32G471MEY6TR, STM32G471QCT6, STM32G471QET3, STM32G471RCT6, STM32G471RET3, STM32G471RET6, STM32G471VCH6, STM32G471VCI6, STM32G471VCT6, STM32G471VEH3, STM32G471VEH6, STM32G471VEI3, STM32G471VEI6, STM32G471VET3, STM32G471VET6, STM32G473QET3Z, STM32G473RET3Z, STM32G474CCT6, STM32G491RET3Z, STM32H503CBT6, STM32H503CBU6, STM32H503EBY6TR, STM32H503KBU6, STM32H503RBT6, STM32H523CCT6, STM32H523CCU6, STM32H523CET6, STM32H523CEU6, STM32H523HEY6TR, STM32H523RCT6, STM32H523RET6, STM32H523VCI6, STM32H523VCT6, STM32H523VEI6, STM32H523VET6, STM32H523ZCJ6, STM32H523ZCT6, STM32H523ZEJ6, STM32H523ZET6, STM32H533CET6, STM32H533CEU6, STM32H533HEY6TR, STM32H533RET6, STM32H533VEI6, STM32H533VET6, STM32H533ZEJ6, STM32H533ZET6, STM32H562AGI6, STM32H562AII6, STM32H562IGK6, STM32H562IGT6, STM32H562IIK6, STM32H562IIT6, STM32H562RGT6, STM32H562RGV6, STM32H562RIT6, STM32H562RIV6, STM32H562VGT6, STM32H562VIT6, STM32H562ZGT6, STM32H562ZIT6, STM32H563AGI6, STM32H563AII3Q, STM32H563AII6, STM32H563IGK6, STM32H563IGT6, STM32H563IIK3Q, STM32H563IIK6, STM32H563IIT3Q, STM32H563IIT6, STM32H563MIY3QTR, STM32H563RGT6, STM32H563RGV6, STM32H563RIT6, STM32H563RIV6, STM32H563VGT6, STM32H563VIT3Q, STM32H563VIT6, STM32H563ZGT6, STM32H563ZIT3Q, STM32H563ZIT6, STM32H573AII3Q, STM32H573AII6, STM32H573I-DK, STM32H573IIK3Q, STM32H573IIK6, STM32H573IIT3Q, STM32H573IIT6, STM32H573MIY3QTR, STM32H573RIT6, STM32H573RIV6, STM32H573VIT3Q, STM32H573VIT6, STM32H573ZIT3Q, STM32H573ZIT6, STM32H7R3A8I6, STM32H7R3I8K6, STM32H7R3I8T6, STM32H7R3L8H6, STM32H7R3L8H6H, STM32H7R3R8V6, STM32H7R3V8H6, STM32H7R3V8T6, STM32H7R3V8Y6TR, STM32H7R3Z8J6, STM32H7R3Z8T6, STM32H7R7A8I6, STM32H7R7I8K6, STM32H7R7I8T6, STM32H7R7L8H6, STM32H7R7L8H6H, STM32H7R7Z8J6, STM32H7S3A8I6, STM32H7S3I8K6, STM32H7S3I8T6, STM32H7S3L8H6, STM32H7S3L8H6H, STM32H7S3R8V6, STM32H7S3V8H6, STM32H7S3V8T6, STM32H7S3V8Y6TR, STM32H7S3Z8J6, STM32H7S3Z8T6, STM32H7S78-DK, STM32H7S7A8I6, STM32H7S7I8K6, STM32H7S7I8T6, STM32H7S7L8H6, STM32H7S7L8H6H, STM32H7S7Z8J6, STM32L4R5QGI6STR, STM32MP131AAE3, STM32MP131AAF3, STM32MP131AAG3, STM32MP131CAE3, STM32MP131CAF3, STM32MP131CAG3, STM32MP131DAE7, STM32MP131DAF7, STM32MP131DAG7, STM32MP131FAE7, STM32MP131FAF7, STM32MP131FAG7, STM32MP133AAE3, STM32MP133AAF3, STM32MP133AAG3, STM32MP133CAE3, STM32MP133CAF3, STM32MP133CAG3, STM32MP133DAE7, STM32MP133DAF7, STM32MP133DAG7, STM32MP133FAE7, STM32MP133FAF7, STM32MP133FAG7, STM32MP135AAE3, STM32MP135AAF3, STM32MP135AAG3, STM32MP135CAE3, STM32MP135CAF3, STM32MP135CAG3, STM32MP135DAE7, STM32MP135DAF7, STM32MP135DAG7, STM32MP135F-DK, STM32MP135FAE7, STM32MP135FAF7, STM32MP135FAF7T, STM32MP135FAF7U, STM32MP135FAG7, STM32MP211AAL3, STM32MP211AAM3, STM32MP211AAN3, STM32MP211AAO3, STM32MP211CAL3, STM32MP211CAM3, STM32MP211CAN3, STM32MP211CAO3, STM32MP211DAL3, STM32MP211DAM3, STM32MP211DAN3, STM32MP211DAO3, STM32MP211FAL3, STM32MP211FAM3, STM32MP211FAN3, STM32MP211FAO3, STM32MP213AAL3, STM32MP213AAM3, STM32MP213AAN3, STM32MP213AAO3, STM32MP213CAL3, STM32MP213CAM3, STM32MP213CAN3, STM32MP213CAO3, STM32MP213DAL3, STM32MP213DAM3, STM32MP213DAN3, STM32MP213DAO3, STM32MP213FAL3, STM32MP213FAM3, STM32MP213FAN3, STM32MP213FAO3, STM32MP215AAL3, STM32MP215AAM3, STM32MP215AAN3, STM32MP215AAO3, STM32MP215CAL3, STM32MP215CAM3, STM32MP215CAN3, STM32MP215CAO3, STM32MP215DAL3, STM32MP215DAM3, STM32MP215DAN3, STM32MP215DAO3, STM32MP215F-DK, STM32MP215FAL3, STM32MP215FAM3, STM32MP215FAN3, STM32MP215FAO3, STM32MP231AAJ3, STM32MP231AAK3, STM32MP231AAL3, STM32MP231CAJ3, STM32MP231CAK3, STM32MP231CAL3, STM32MP231DAJ3, STM32MP231DAK3, STM32MP231DAL3, STM32MP231FAJ3, STM32MP231FAK3, STM32MP231FAL3, STM32MP233AAJ3, STM32MP233AAK3, STM32MP233AAL3, STM32MP233CAJ3, STM32MP233CAK3, STM32MP233CAL3, STM32MP233DAJ3, STM32MP233DAK3, STM32MP233DAL3, STM32MP233FAJ3, STM32MP233FAK3, STM32MP233FAL3, STM32MP235AAJ3, STM32MP235AAK3, STM32MP235AAL3, STM32MP235CAJ3, STM32MP235CAK3, STM32MP235CAL3, STM32MP235DAJ3, STM32MP235DAK3, STM32MP235DAL3, STM32MP235FAJ3, STM32MP235FAK3, STM32MP235FAL3, STM32MP251AAI3, STM32MP251AAK3, STM32MP251AAL3, STM32MP251CAI3, STM32MP251CAK3, STM32MP251CAL3, STM32MP251DAI3, STM32MP251DAK3, STM32MP251DAL3, STM32MP251FAI3, STM32MP251FAK3, STM32MP251FAL3, STM32MP253AAI3, STM32MP253AAK3, STM32MP253AAL3, STM32MP253CAI3, STM32MP253CAK3, STM32MP253CAL3, STM32MP253DAI3, STM32MP253DAK3, STM32MP253DAL3, STM32MP253FAI3, STM32MP253FAK3, STM32MP253FAL3, STM32MP255AAI3, STM32MP255AAK3, STM32MP255AAL3, STM32MP255CAI3, STM32MP255CAK3, STM32MP255CAL3, STM32MP255DAI3, STM32MP255DAK3, STM32MP255DAL3, STM32MP255FAI3, STM32MP255FAK3, STM32MP255FAL3, STM32MP257AAI3, STM32MP257AAK3, STM32MP257AAL3, STM32MP257CAI3, STM32MP257CAK3, STM32MP257CAL3, STM32MP257DAI3, STM32MP257DAK3, STM32MP257DAL3, STM32MP257F-DK, STM32MP257F-EV1, STM32MP257FAI3, STM32MP257FAK3, STM32MP257FAL3, STM32N645A0H3Q, STM32N645B0H3Q, STM32N645I0H3Q, STM32N645L0H3Q, STM32N645X0H3Q, STM32N645Z0H3Q, STM32N647A0H3Q, STM32N647B0H3Q, STM32N647I0H3Q, STM32N647L0H3Q, STM32N647X0H3Q, STM32N647Z0H3Q, STM32N655A0H3Q, STM32N655B0H3Q, STM32N655I0H3Q, STM32N655L0H3Q, STM32N655X0H3Q, STM32N655Z0H3Q, STM32N6570-DK, STM32N657A0H3Q, STM32N657B0H3Q, STM32N657I0H3Q, STM32N657L0H3Q, STM32N657X0H3Q, STM32N657Z0H3Q, STM32U031C6T6, STM32U031C6U6, STM32U031C8T6, STM32U031C8U6, STM32U031F4P6, STM32U031F6P6, STM32U031F8P6, STM32U031G6Y6TR, STM32U031G8Y6TR, STM32U031K4U6, STM32U031K6U6, STM32U031K8U6, STM32U031R6I6, STM32U031R6T6, STM32U031R8I6, STM32U031R8T6, STM32U073C8T6, STM32U073C8U6, STM32U073CBT6, STM32U073CBU6, STM32U073CCT6, STM32U073CCU6, STM32U073H8Y6TR, STM32U073HBY6TR, STM32U073HCY6TR, STM32U073K8U6, STM32U073KBU6, STM32U073KCU6, STM32U073M8I6, STM32U073M8T6, STM32U073MBI6, STM32U073MBT6, STM32U073MCI6, STM32U073MCT6, STM32U073R8I6, STM32U073R8T6, STM32U073RBI6, STM32U073RBT6, STM32U073RCI6, STM32U073RCT6, STM32U083C-DK, STM32U083CCT6, STM32U083CCU6, STM32U083HCY6TR, STM32U083KCU6, STM32U083MCI6, STM32U083MCT6, STM32U083RCI6, STM32U083RCT6, STM32U375CET6, STM32U375CET6Q, STM32U375CEU6, STM32U375CEU6Q, STM32U375CEY6QTR, STM32U375CGT6, STM32U375CGT6Q, STM32U375CGU6, STM32U375CGU6Q, STM32U375CGY6QTR, STM32U375KEU6, STM32U375KGU6, STM32U375REI6, STM32U375REI6Q, STM32U375RET6, STM32U375RET6Q, STM32U375REY6GTR, STM32U375REY6QTR, STM32U375RGI6, STM32U375RGI6Q, STM32U375RGT6, STM32U375RGT6Q, STM32U375RGY6GTR, STM32U375RGY6QTR, STM32U375VEI6, STM32U375VEI6Q, STM32U375VET6, STM32U375VET6Q, STM32U375VGI6, STM32U375VGI6Q, STM32U375VGT6, STM32U375VGT6Q, STM32U385CGT6, STM32U385CGT6Q, STM32U385CGU6, STM32U385CGU6Q, STM32U385CGY6QTR, STM32U385KGU6, STM32U385RGI6, STM32U385RGI6Q, STM32U385RGT6, STM32U385RGT6Q, STM32U385RGY6GTR, STM32U385RGY6QTR, STM32U385VGI6, STM32U385VGI6Q, STM32U385VGT6, STM32U385VGT6Q, STM32U535CBT6, STM32U535CBT6Q, STM32U535CBU6, STM32U535CBU6Q, STM32U535CCT6, STM32U535CCT6Q, STM32U535CCU6, STM32U535CCU6Q, STM32U535CET6, STM32U535CET6Q, STM32U535CEU6, STM32U535CEU6Q, STM32U535JEY6QTR, STM32U535NCY6QTR, STM32U535NEY6QTR, STM32U535RBI6, STM32U535RBI6Q, STM32U535RBT6, STM32U535RBT6Q, STM32U535RCI6, STM32U535RCI6Q, STM32U535RCT6, STM32U535RCT6Q, STM32U535REI6, STM32U535REI6Q, STM32U535RET6, STM32U535RET6Q, STM32U535VCI6, STM32U535VCI6Q, STM32U535VCT6, STM32U535VCT6Q, STM32U535VEI6, STM32U535VEI6Q, STM32U535VET6, STM32U535VET6Q, STM32U545CET6, STM32U545CET6Q, STM32U545CEU6, STM32U545CEU6Q, STM32U545JEY6QTR, STM32U545NEY6QTR, STM32U545REI6, STM32U545REI6Q, STM32U545RET6, STM32U545RET6Q, STM32U545VEI6, STM32U545VEI6Q, STM32U545VET6, STM32U545VET6Q, STM32U595AIH6, STM32U595AIH6Q, STM32U595AJH6, STM32U595AJH6Q, STM32U595QII6, STM32U595QII6Q, STM32U595QJI6, STM32U595QJI6Q, STM32U595RIT6, STM32U595RIT6Q, STM32U595RJT6, STM32U595RJT6Q, STM32U595VIT6, STM32U595VIT6Q, STM32U595VJT6, STM32U595VJT6Q, STM32U595ZIT6, STM32U595ZIT6Q, STM32U595ZIY6QTR, STM32U595ZJT6, STM32U595ZJT6Q, STM32U595ZJY6QTR, STM32U599BJY6QTR, STM32U599NIH6Q, STM32U599NJH6Q, STM32U599VIT6Q, STM32U599VJT6, STM32U599VJT6Q, STM32U599ZIT6Q, STM32U599ZIY6QTR, STM32U599ZJT6Q, STM32U599ZJY6QTR, STM32U5A5AJH6, STM32U5A5AJH6Q, STM32U5A5QII3Q , STM32U5A5QJI6, STM32U5A5QJI6Q, STM32U5A5RJT6, STM32U5A5RJT6Q, STM32U5A5VJT6, STM32U5A5VJT6Q, STM32U5A5ZJT6, STM32U5A5ZJT6Q, STM32U5A5ZJY6QTR, STM32U5A9BJY6QTR, STM32U5A9J-DK, STM32U5A9NJH6Q, STM32U5A9VJT6Q, STM32U5A9ZJT6Q, STM32U5A9ZJY6QTR, STM32U5F7VIT6, STM32U5F7VIT6Q, STM32U5F7VJT6, STM32U5F7VJT6Q, STM32U5F9BJY6QTR, STM32U5F9NJH6Q, STM32U5F9VIT6Q, STM32U5F9VJT6Q, STM32U5F9ZIJ6QTR, STM32U5F9ZIT6Q, STM32U5F9ZJJ6QTR, STM32U5F9ZJT6Q, STM32U5G7VJT6, STM32U5G7VJT6Q, STM32U5G9BJY6QTR, STM32U5G9J-DK1, STM32U5G9J-DK2, STM32U5G9NJH6Q, STM32U5G9VJT6Q, STM32U5G9ZJJ6QTR, STM32U5G9ZJT6Q, STM32WB05KZV6TR, STM32WB05KZV7TR, STM32WB05TZF6TR, STM32WB05TZF7TR, STM32WB06CCF6TR, STM32WB06CCF7TR, STM32WB06CCV6TR, STM32WB06CCV7TR, STM32WB06KCV6TR, STM32WB06KCV7TR, STM32WB07CCF6TR, STM32WB07CCF7TR, STM32WB07CCV6TR, STM32WB07CCV7TR, STM32WB07KCV6TR, STM32WB07KCV7TR, STM32WB09KEV6TR, STM32WB09KEV7TR, STM32WB09TEF6TR, STM32WB09TEF7TR, STM32WB1MMCH6, STM32WBA50KGU6, STM32WBA50KGU6TR, STM32WBA52CEU6, STM32WBA52CEU6TR, STM32WBA52CEU7, STM32WBA52CEU7TR, STM32WBA52CGU6, STM32WBA52CGU6TR, STM32WBA52CGU6U, STM32WBA52CGU7, STM32WBA52CGU7TR, STM32WBA52KEU6, STM32WBA52KEU6TR, STM32WBA52KGU6, STM32WBA52KGU6TR, STM32WBA54CEU6, STM32WBA54CEU6TR, STM32WBA54CEU7, STM32WBA54CEU7TR, STM32WBA54CGU6, STM32WBA54CGU6TR, STM32WBA54CGU7, STM32WBA54CGU7TR, STM32WBA54KEU6, STM32WBA54KEU6TR, STM32WBA54KEU7, STM32WBA54KEU7TR, STM32WBA54KGU6, STM32WBA54KGU6TR, STM32WBA54KGU7, STM32WBA54KGU7TR, STM32WBA55CEU6, STM32WBA55CEU6TR, STM32WBA55CEU7, STM32WBA55CEU7TR, STM32WBA55CGU6, STM32WBA55CGU6TR, STM32WBA55CGU6U, STM32WBA55CGU7, STM32WBA55CGU7TR, STM32WBA55G-DK1, STM32WBA55HEF6, STM32WBA55HEF7, STM32WBA55HGF6, STM32WBA55HGF7, STM32WBA55UEI6, STM32WBA55UEI6TR, STM32WBA55UEI7, STM32WBA55UEI7TR, STM32WBA55UGI6, STM32WBA55UGI6TR, STM32WBA55UGI7, STM32WBA55UGI7TR, STM32WBA5MMGH6TR, STM32WBA62MGF6, STM32WBA62MIF6, STM32WBA65MGF7, STM32WBA65MIF6, STM32WBA65MIF7, STM32WL30K8V6, STM32WL30KBV6, STM32WL31C8V6, STM32WL31CBV6, STM32WL31K8V6, STM32WL31KBV6, STM32WL33C8V6, STM32WL33C8V6X, STM32WL33CBV6, STM32WL33CBV6X, STM32WL33CCV6, STM32WL33CCV6A, STM32WL33CCV6X, STM32WL33K8V7, STM32WL33K8V7X, STM32WL33KBV7 , STM32WL33KBV7X, STM32WL33KCV7, STM32WL33KCV7X, STM32WL5MOCH6, STM32WL5MOCH6TR]
2026-01-03 15:26:36,800 [INFO] DbMcus:218 - Found 4876 MCUs, 4876 are supported
2026-01-03 15:26:36,801 [INFO] ApiDb:423 - Load user favorites file C:\Users\22142/.stm32cubeide/favorites.mcus.txt: 0 item(s)
2026-01-03 15:26:36,801 [INFO] ApiDb:427 - User favorites MCUs=[]
2026-01-03 15:26:36,801 [INFO] DbMcus:224 - Set 0 / 0 favorites MCUs
2026-01-03 15:26:37,867 [INFO] ApiDb:668 - CubeFinder database Data Model version=2.1
2026-01-03 15:26:37,867 [INFO] ApiDb:669 - CubeFinder database Configuration version=3.0.39
2026-01-03 15:26:37,867 [INFO] ApiDb:670 - CubeFinder database generation date=2025-12-22 (1766407740)
2026-01-03 15:26:37,868 [INFO] ApiDb:671 - CubeFinder database FW Pack versions=[FP-ATR-ASTRA1_V2.0.0, FP-SNS-FLIGHT1_V5.1.0, FP-SNS-MOTENV1_V5.1.0, FP-SNS-MOTENVWB1_V1.4.0, FP-SNS-SMARTAG2_V1.2.0, FP-SNS-STBOX1_V2.1.0, STM32Cube_FW_C0_V1.4.0, STM32Cube_FW_F4_V1.28.3, STM32Cube_FW_F7_V1.17.4, STM32Cube_FW_G0_V1.6.2, STM32Cube_FW_G4_V1.6.1, STM32Cube_FW_H5_V1.5.1, STM32Cube_FW_H7RS_V1.3.0, STM32Cube_FW_H7_V1.12.1, STM32Cube_FW_L0_V1.12.2, STM32Cube_FW_L4_V1.18.1, STM32Cube_FW_L5_V1.6.0, STM32Cube_FW_N6_V1.3.0, STM32Cube_FW_U0_V1.3.0, STM32Cube_FW_U3_V1.2.1, STM32Cube_FW_U5_V1.8.0, STM32Cube_FW_WB0_V1.4.0, STM32Cube_FW_WBA_V1.8.0, STM32Cube_FW_WB_V1.24.0, STM32Cube_FW_WL3_V1.3.0, STM32Cube_FW_WL_V1.4.0, X-CUBE-ALGOBUILD_V1.4.0, X-CUBE-ALS_V1.0.2, X-CUBE-AZRTOS-F4_V1.1.0, X-CUBE-AZRTOS-F7_V1.1.0, X-CUBE-AZRTOS-G0_V1.1.0, X-CUBE-AZRTOS-G4_V2.0.0, X-CUBE-AZRTOS-H7RS_V1.1.0, X-CUBE-AZRTOS-H7_V3.4.0, X-CUBE-AZRTOS-L4_V2.0.0, X-CUBE-AZRTOS-L5_V2.0.0, X-CUBE-AZRTOS-WB_V2.0.0, X-CUBE-AZRTOS-WL_V2.0.0, X-CUBE-BLE1_V7.1.0, X-CUBE-BLE2_V3.3.0, X-CUBE-BLEMGR_V4.1.0, X-CUBE-EEPRMA1_V5.2.0, X-CUBE-FREERTOS_V1.3.1, X-CUBE-GNSS1_V6.0.0, X-CUBE-MEMS1_V12.0.0, X-CUBE-NFC4_V3.0.0, X-CUBE-NFC7_V2.0.0, X-CUBE-SFXS2LP1_V4.0.0, X-CUBE-ST67W61_V1.1.0, X-CUBE-SUBG2_V5.0.0, X-CUBE-TOF1_V3.4.3]
2026-01-03 15:26:38,028 [INFO] DbBoardsSqlite:226 - include board P-NUCLEO-WB55-NUCLEO as a kit item of type 'Nucleo-64'
2026-01-03 15:26:38,029 [INFO] DbBoardsSqlite:226 - include board P-NUCLEO-WB55-USBDONGLE as a kit item of type 'Nucleo USB Dongle'
2026-01-03 15:26:38,030 [INFO] DbBoardsSqlite:226 - include board STEVAL-IDP005V1 as a kit item of type 'Evaluation Board'
2026-01-03 15:26:38,031 [INFO] DbBoardsSqlite:226 - include board STEVAL-IDP005V2 as a kit item of type 'Evaluation Board'
2026-01-03 15:26:38,212 [INFO] ApiDb:240 - Found 880 in-development CPN: [B-G473E-ZEST1S, B-WB1M-WPAN1, B-WBA5M-WPAN, B-WL5M-SUBG1, NUCLEO-C031C6, NUCLEO-C051C8, NUCLEO-C071RB, NUCLEO-C092RC, NUCLEO-H503RB, NUCLEO-H533RE, NUCLEO-H563ZI, NUCLEO-H7S3L8, NUCLEO-N657X0-Q, NUCLEO-U031R8, NUCLEO-U083RC, NUCLEO-U385RG-Q, NUCLEO-U545RE-Q, NUCLEO-U5A5ZJ-Q, NUCLEO-WB05KZ, NUCLEO-WB07CC, NUCLEO-WB09KE, NUCLEO-WBA52CG, NUCLEO-WBA55CG, NUCLEO-WL33CC1, NUCLEO-WL33CC2, STEVAL-PROTEUS1, STEVAL-SMARTAG2, STEVAL-STWINBX1, STM320518-EVAL, STM32C0116-DK, STM32C011D6Y3TR, STM32C011D6Y6TR, STM32C011F4P3, STM32C011F4P6, STM32C011F4U3, STM32C011F4U6TR, STM32C011F6P3, STM32C011F6P6, STM32C011F6U3, STM32C011F6U6TR, STM32C011J4M3, STM32C011J4M6, STM32C011J6M3, STM32C011J6M6, STM32C0316-DK, STM32C031C4T3, STM32C031C4T6, STM32C031C4U3, STM32C031C4U6, STM32C031C6T3, STM32C031C6T6, STM32C031C6U3, STM32C031C6U6, STM32C031F4P3, STM32C031F4P6, STM32C031F6P3, STM32C031F6P6, STM32C031G4U3, STM32C031G4U6, STM32C031G6U3, STM32C031G6U6, STM32C031K4T3, STM32C031K4T6, STM32C031K4U3, STM32C031K4U6, STM32C031K6T3, STM32C031K6T6, STM32C031K6U3, STM32C031K6U6, STM32C051C6T6, STM32C051C6U6, STM32C051C8T6, STM32C051C8U6, STM32C051D8Y6TR, STM32C051F6P6, STM32C051F8P6, STM32C051G6U6, STM32C051G8U6, STM32C051K6T6, STM32C051K6U6, STM32C051K8T6, STM32C071C8T6, STM32C071C8T6N, STM32C071C8U6, STM32C071C8U6N, STM32C071CBT6, STM32C071CBT6N, STM32C071CBU6, STM32C071CBU6N, STM32C071F8P6, STM32C071F8P6N, STM32C071FBP6, STM32C071FBP6N, STM32C071FBY6TR, STM32C071G8U6, STM32C071G8U6N, STM32C071GBU6, STM32C071GBU6N, STM32C071K8T6, STM32C071K8T6N, STM32C071K8U6, STM32C071K8U6N, STM32C071KBT6, STM32C071KBT6N, STM32C071KBU6, STM32C071KBU6N, STM32C071R8T6, STM32C071R8T6N, STM32C071RBI6N, STM32C071RBT6, STM32C071RBT6N, STM32C091CBT6, STM32C091CBU6, STM32C091CCT6, STM32C091CCU6, STM32C091ECY6TR, STM32C091FBP6, STM32C091FCP6, STM32C091GBU6, STM32C091GCU6, STM32C091KBT6, STM32C091KBU6, STM32C091KCT6, STM32C091KCU6, STM32C091RBT6, STM32C091RCI6, STM32C091RCT6, STM32C092CBT6, STM32C092CBU6, STM32C092CCT6, STM32C092CCU6, STM32C092ECY6TR, STM32C092FBP6, STM32C092FCP6, STM32C092GBU6, STM32C092GCU6, STM32C092KBT6, STM32C092KBU6, STM32C092KCT6, STM32C092KCU6, STM32C092RBT6, STM32C092RCI6, STM32C092RCT6, STM32G071K8TXN, STM32G071K8UXN, STM32G081GBU6N, STM32G081KBT6N, STM32G081KBUXN, STM32G0B1CCT6N, STM32G0B1KCT6, STM32G0B1NEY6TR, STM32G0B1RCT6N, STM32G0C1CCT6, STM32G0C1CCT6N, STM32G0C1CCU6N, STM32G0C1CET6N, STM32G0C1CEU6N, STM32G0C1KCT6, STM32G0C1NEY6TR, STM32G0C1RCI6N, STM32G0C1RCT6N, STM32G0C1REI6N, STM32G0C1RET6N, STM32G0C1VCI6, STM32G0C1VEI6, STM32G411C6T3, STM32G411C6T6, STM32G411C6U3, STM32G411C6U6, STM32G411C8T3, STM32G411C8T6, STM32G411C8U3, STM32G411C8U6, STM32G411CBT3, STM32G411CBT6, STM32G411CBU3, STM32G411CBU6, STM32G411K6T3, STM32G411K6T6, STM32G411K6U3, STM32G411K6U6, STM32G411K8T3, STM32G411K8T6, STM32G411K8U3, STM32G411K8U6, STM32G411KBT3, STM32G411KBT6, STM32G411KBU3, STM32G411KBU6, STM32G411M6T3, STM32G411M6T6, STM32G411M8T3, STM32G411M8T6, STM32G411MBT3, STM32G411MBT6, STM32G411R6T3, STM32G411R6T6, STM32G411R8T3, STM32G411R8T6, STM32G411RBT3, STM32G411RBT6, STM32G414CBT3, STM32G414CBT6, STM32G414CBU3, STM32G414CBU6, STM32G414CCT3, STM32G414CCT6, STM32G414CCU3, STM32G414CCU6, STM32G414MBT3, STM32G414MBT6, STM32G414MCT3, STM32G414MCT6, STM32G414RBT3, STM32G414RBT6, STM32G414RCT3, STM32G414RCT6, STM32G414VBT3, STM32G414VBT6, STM32G414VCT3, STM32G414VCT6, STM32G431CBT3Z, STM32G431RBT3Z, STM32G471CCT6, STM32G471CCU6, STM32G471CET3, STM32G471CET6, STM32G471CEU3, STM32G471CEU6, STM32G471MCT6, STM32G471MET3, STM32G471MET6, STM32G471MEY6TR, STM32G471QCT6, STM32G471QET3, STM32G471RCT6, STM32G471RET3, STM32G471RET6, STM32G471VCH6, STM32G471VCI6, STM32G471VCT6, STM32G471VEH3, STM32G471VEH6, STM32G471VEI3, STM32G471VEI6, STM32G471VET3, STM32G471VET6, STM32G473QET3Z, STM32G473RET3Z, STM32G474CCT6, STM32G491RET3Z, STM32H503CBT6, STM32H503CBU6, STM32H503EBY6TR, STM32H503KBU6, STM32H503RBT6, STM32H523CCT6, STM32H523CCU6, STM32H523CET6, STM32H523CEU6, STM32H523HEY6TR, STM32H523RCT6, STM32H523RET6, STM32H523VCI6, STM32H523VCT6, STM32H523VEI6, STM32H523VET6, STM32H523ZCJ6, STM32H523ZCT6, STM32H523ZEJ6, STM32H523ZET6, STM32H533CET6, STM32H533CEU6, STM32H533HEY6TR, STM32H533RET6, STM32H533VEI6, STM32H533VET6, STM32H533ZEJ6, STM32H533ZET6, STM32H562AGI6, STM32H562AII6, STM32H562IGK6, STM32H562IGT6, STM32H562IIK6, STM32H562IIT6, STM32H562RGT6, STM32H562RGV6, STM32H562RIT6, STM32H562RIV6, STM32H562VGT6, STM32H562VIT6, STM32H562ZGT6, STM32H562ZIT6, STM32H563AGI6, STM32H563AII3Q, STM32H563AII6, STM32H563IGK6, STM32H563IGT6, STM32H563IIK3Q, STM32H563IIK6, STM32H563IIT3Q, STM32H563IIT6, STM32H563MIY3QTR, STM32H563RGT6, STM32H563RGV6, STM32H563RIT6, STM32H563RIV6, STM32H563VGT6, STM32H563VIT3Q, STM32H563VIT6, STM32H563ZGT6, STM32H563ZIT3Q, STM32H563ZIT6, STM32H573AII3Q, STM32H573AII6, STM32H573I-DK, STM32H573IIK3Q, STM32H573IIK6, STM32H573IIT3Q, STM32H573IIT6, STM32H573MIY3QTR, STM32H573RIT6, STM32H573RIV6, STM32H573VIT3Q, STM32H573VIT6, STM32H573ZIT3Q, STM32H573ZIT6, STM32H7R3A8I6, STM32H7R3I8K6, STM32H7R3I8T6, STM32H7R3L8H6, STM32H7R3L8H6H, STM32H7R3R8V6, STM32H7R3V8H6, STM32H7R3V8T6, STM32H7R3V8Y6TR, STM32H7R3Z8J6, STM32H7R3Z8T6, STM32H7R7A8I6, STM32H7R7I8K6, STM32H7R7I8T6, STM32H7R7L8H6, STM32H7R7L8H6H, STM32H7R7Z8J6, STM32H7S3A8I6, STM32H7S3I8K6, STM32H7S3I8T6, STM32H7S3L8H6, STM32H7S3L8H6H, STM32H7S3R8V6, STM32H7S3V8H6, STM32H7S3V8T6, STM32H7S3V8Y6TR, STM32H7S3Z8J6, STM32H7S3Z8T6, STM32H7S78-DK, STM32H7S7A8I6, STM32H7S7I8K6, STM32H7S7I8T6, STM32H7S7L8H6, STM32H7S7L8H6H, STM32H7S7Z8J6, STM32L4R5QGI6STR, STM32MP131AAE3, STM32MP131AAF3, STM32MP131AAG3, STM32MP131CAE3, STM32MP131CAF3, STM32MP131CAG3, STM32MP131DAE7, STM32MP131DAF7, STM32MP131DAG7, STM32MP131FAE7, STM32MP131FAF7, STM32MP131FAG7, STM32MP133AAE3, STM32MP133AAF3, STM32MP133AAG3, STM32MP133CAE3, STM32MP133CAF3, STM32MP133CAG3, STM32MP133DAE7, STM32MP133DAF7, STM32MP133DAG7, STM32MP133FAE7, STM32MP133FAF7, STM32MP133FAG7, STM32MP135AAE3, STM32MP135AAF3, STM32MP135AAG3, STM32MP135CAE3, STM32MP135CAF3, STM32MP135CAG3, STM32MP135DAE7, STM32MP135DAF7, STM32MP135DAG7, STM32MP135F-DK, STM32MP135FAE7, STM32MP135FAF7, STM32MP135FAF7T, STM32MP135FAF7U, STM32MP135FAG7, STM32MP211AAL3, STM32MP211AAM3, STM32MP211AAN3, STM32MP211AAO3, STM32MP211CAL3, STM32MP211CAM3, STM32MP211CAN3, STM32MP211CAO3, STM32MP211DAL3, STM32MP211DAM3, STM32MP211DAN3, STM32MP211DAO3, STM32MP211FAL3, STM32MP211FAM3, STM32MP211FAN3, STM32MP211FAO3, STM32MP213AAL3, STM32MP213AAM3, STM32MP213AAN3, STM32MP213AAO3, STM32MP213CAL3, STM32MP213CAM3, STM32MP213CAN3, STM32MP213CAO3, STM32MP213DAL3, STM32MP213DAM3, STM32MP213DAN3, STM32MP213DAO3, STM32MP213FAL3, STM32MP213FAM3, STM32MP213FAN3, STM32MP213FAO3, STM32MP215AAL3, STM32MP215AAM3, STM32MP215AAN3, STM32MP215AAO3, STM32MP215CAL3, STM32MP215CAM3, STM32MP215CAN3, STM32MP215CAO3, STM32MP215DAL3, STM32MP215DAM3, STM32MP215DAN3, STM32MP215DAO3, STM32MP215F-DK, STM32MP215FAL3, STM32MP215FAM3, STM32MP215FAN3, STM32MP215FAO3, STM32MP231AAJ3, STM32MP231AAK3, STM32MP231AAL3, STM32MP231CAJ3, STM32MP231CAK3, STM32MP231CAL3, STM32MP231DAJ3, STM32MP231DAK3, STM32MP231DAL3, STM32MP231FAJ3, STM32MP231FAK3, STM32MP231FAL3, STM32MP233AAJ3, STM32MP233AAK3, STM32MP233AAL3, STM32MP233CAJ3, STM32MP233CAK3, STM32MP233CAL3, STM32MP233DAJ3, STM32MP233DAK3, STM32MP233DAL3, STM32MP233FAJ3, STM32MP233FAK3, STM32MP233FAL3, STM32MP235AAJ3, STM32MP235AAK3, STM32MP235AAL3, STM32MP235CAJ3, STM32MP235CAK3, STM32MP235CAL3, STM32MP235DAJ3, STM32MP235DAK3, STM32MP235DAL3, STM32MP235FAJ3, STM32MP235FAK3, STM32MP235FAL3, STM32MP251AAI3, STM32MP251AAK3, STM32MP251AAL3, STM32MP251CAI3, STM32MP251CAK3, STM32MP251CAL3, STM32MP251DAI3, STM32MP251DAK3, STM32MP251DAL3, STM32MP251FAI3, STM32MP251FAK3, STM32MP251FAL3, STM32MP253AAI3, STM32MP253AAK3, STM32MP253AAL3, STM32MP253CAI3, STM32MP253CAK3, STM32MP253CAL3, STM32MP253DAI3, STM32MP253DAK3, STM32MP253DAL3, STM32MP253FAI3, STM32MP253FAK3, STM32MP253FAL3, STM32MP255AAI3, STM32MP255AAK3, STM32MP255AAL3, STM32MP255CAI3, STM32MP255CAK3, STM32MP255CAL3, STM32MP255DAI3, STM32MP255DAK3, STM32MP255DAL3, STM32MP255FAI3, STM32MP255FAK3, STM32MP255FAL3, STM32MP257AAI3, STM32MP257AAK3, STM32MP257AAL3, STM32MP257CAI3, STM32MP257CAK3, STM32MP257CAL3, STM32MP257DAI3, STM32MP257DAK3, STM32MP257DAL3, STM32MP257F-DK, STM32MP257F-EV1, STM32MP257FAI3, STM32MP257FAK3, STM32MP257FAL3, STM32N645A0H3Q, STM32N645B0H3Q, STM32N645I0H3Q, STM32N645L0H3Q, STM32N645X0H3Q, STM32N645Z0H3Q, STM32N647A0H3Q, STM32N647B0H3Q, STM32N647I0H3Q, STM32N647L0H3Q, STM32N647X0H3Q, STM32N647Z0H3Q, STM32N655A0H3Q, STM32N655B0H3Q, STM32N655I0H3Q, STM32N655L0H3Q, STM32N655X0H3Q, STM32N655Z0H3Q, STM32N6570-DK, STM32N657A0H3Q, STM32N657B0H3Q, STM32N657I0H3Q, STM32N657L0H3Q, STM32N657X0H3Q, STM32N657Z0H3Q, STM32U031C6T6, STM32U031C6U6, STM32U031C8T6, STM32U031C8U6, STM32U031F4P6, STM32U031F6P6, STM32U031F8P6, STM32U031G6Y6TR, STM32U031G8Y6TR, STM32U031K4U6, STM32U031K6U6, STM32U031K8U6, STM32U031R6I6, STM32U031R6T6, STM32U031R8I6, STM32U031R8T6, STM32U073C8T6, STM32U073C8U6, STM32U073CBT6, STM32U073CBU6, STM32U073CCT6, STM32U073CCU6, STM32U073H8Y6TR, STM32U073HBY6TR, STM32U073HCY6TR, STM32U073K8U6, STM32U073KBU6, STM32U073KCU6, STM32U073M8I6, STM32U073M8T6, STM32U073MBI6, STM32U073MBT6, STM32U073MCI6, STM32U073MCT6, STM32U073R8I6, STM32U073R8T6, STM32U073RBI6, STM32U073RBT6, STM32U073RCI6, STM32U073RCT6, STM32U083C-DK, STM32U083CCT6, STM32U083CCU6, STM32U083HCY6TR, STM32U083KCU6, STM32U083MCI6, STM32U083MCT6, STM32U083RCI6, STM32U083RCT6, STM32U375CET6, STM32U375CET6Q, STM32U375CEU6, STM32U375CEU6Q, STM32U375CEY6QTR, STM32U375CGT6, STM32U375CGT6Q, STM32U375CGU6, STM32U375CGU6Q, STM32U375CGY6QTR, STM32U375KEU6, STM32U375KGU6, STM32U375REI6, STM32U375REI6Q, STM32U375RET6, STM32U375RET6Q, STM32U375REY6GTR, STM32U375REY6QTR, STM32U375RGI6, STM32U375RGI6Q, STM32U375RGT6, STM32U375RGT6Q, STM32U375RGY6GTR, STM32U375RGY6QTR, STM32U375VEI6, STM32U375VEI6Q, STM32U375VET6, STM32U375VET6Q, STM32U375VGI6, STM32U375VGI6Q, STM32U375VGT6, STM32U375VGT6Q, STM32U385CGT6, STM32U385CGT6Q, STM32U385CGU6, STM32U385CGU6Q, STM32U385CGY6QTR, STM32U385KGU6, STM32U385RGI6, STM32U385RGI6Q, STM32U385RGT6, STM32U385RGT6Q, STM32U385RGY6GTR, STM32U385RGY6QTR, STM32U385VGI6, STM32U385VGI6Q, STM32U385VGT6, STM32U385VGT6Q, STM32U535CBT6, STM32U535CBT6Q, STM32U535CBU6, STM32U535CBU6Q, STM32U535CCT6, STM32U535CCT6Q, STM32U535CCU6, STM32U535CCU6Q, STM32U535CET6, STM32U535CET6Q, STM32U535CEU6, STM32U535CEU6Q, STM32U535JEY6QTR, STM32U535NCY6QTR, STM32U535NEY6QTR, STM32U535RBI6, STM32U535RBI6Q, STM32U535RBT6, STM32U535RBT6Q, STM32U535RCI6, STM32U535RCI6Q, STM32U535RCT6, STM32U535RCT6Q, STM32U535REI6, STM32U535REI6Q, STM32U535RET6, STM32U535RET6Q, STM32U535VCI6, STM32U535VCI6Q, STM32U535VCT6, STM32U535VCT6Q, STM32U535VEI6, STM32U535VEI6Q, STM32U535VET6, STM32U535VET6Q, STM32U545CET6, STM32U545CET6Q, STM32U545CEU6, STM32U545CEU6Q, STM32U545JEY6QTR, STM32U545NEY6QTR, STM32U545REI6, STM32U545REI6Q, STM32U545RET6, STM32U545RET6Q, STM32U545VEI6, STM32U545VEI6Q, STM32U545VET6, STM32U545VET6Q, STM32U595AIH6, STM32U595AIH6Q, STM32U595AJH6, STM32U595AJH6Q, STM32U595QII6, STM32U595QII6Q, STM32U595QJI6, STM32U595QJI6Q, STM32U595RIT6, STM32U595RIT6Q, STM32U595RJT6, STM32U595RJT6Q, STM32U595VIT6, STM32U595VIT6Q, STM32U595VJT6, STM32U595VJT6Q, STM32U595ZIT6, STM32U595ZIT6Q, STM32U595ZIY6QTR, STM32U595ZJT6, STM32U595ZJT6Q, STM32U595ZJY6QTR, STM32U599BJY6QTR, STM32U599NIH6Q, STM32U599NJH6Q, STM32U599VIT6Q, STM32U599VJT6, STM32U599VJT6Q, STM32U599ZIT6Q, STM32U599ZIY6QTR, STM32U599ZJT6Q, STM32U599ZJY6QTR, STM32U5A5AJH6, STM32U5A5AJH6Q, STM32U5A5QII3Q , STM32U5A5QJI6, STM32U5A5QJI6Q, STM32U5A5RJT6, STM32U5A5RJT6Q, STM32U5A5VJT6, STM32U5A5VJT6Q, STM32U5A5ZJT6, STM32U5A5ZJT6Q, STM32U5A5ZJY6QTR, STM32U5A9BJY6QTR, STM32U5A9J-DK, STM32U5A9NJH6Q, STM32U5A9VJT6Q, STM32U5A9ZJT6Q, STM32U5A9ZJY6QTR, STM32U5F7VIT6, STM32U5F7VIT6Q, STM32U5F7VJT6, STM32U5F7VJT6Q, STM32U5F9BJY6QTR, STM32U5F9NJH6Q, STM32U5F9VIT6Q, STM32U5F9VJT6Q, STM32U5F9ZIJ6QTR, STM32U5F9ZIT6Q, STM32U5F9ZJJ6QTR, STM32U5F9ZJT6Q, STM32U5G7VJT6, STM32U5G7VJT6Q, STM32U5G9BJY6QTR, STM32U5G9J-DK1, STM32U5G9J-DK2, STM32U5G9NJH6Q, STM32U5G9VJT6Q, STM32U5G9ZJJ6QTR, STM32U5G9ZJT6Q, STM32WB05KZV6TR, STM32WB05KZV7TR, STM32WB05TZF6TR, STM32WB05TZF7TR, STM32WB06CCF6TR, STM32WB06CCF7TR, STM32WB06CCV6TR, STM32WB06CCV7TR, STM32WB06KCV6TR, STM32WB06KCV7TR, STM32WB07CCF6TR, STM32WB07CCF7TR, STM32WB07CCV6TR, STM32WB07CCV7TR, STM32WB07KCV6TR, STM32WB07KCV7TR, STM32WB09KEV6TR, STM32WB09KEV7TR, STM32WB09TEF6TR, STM32WB09TEF7TR, STM32WB1MMCH6, STM32WBA50KGU6, STM32WBA50KGU6TR, STM32WBA52CEU6, STM32WBA52CEU6TR, STM32WBA52CEU7, STM32WBA52CEU7TR, STM32WBA52CGU6, STM32WBA52CGU6TR, STM32WBA52CGU6U, STM32WBA52CGU7, STM32WBA52CGU7TR, STM32WBA52KEU6, STM32WBA52KEU6TR, STM32WBA52KGU6, STM32WBA52KGU6TR, STM32WBA54CEU6, STM32WBA54CEU6TR, STM32WBA54CEU7, STM32WBA54CEU7TR, STM32WBA54CGU6, STM32WBA54CGU6TR, STM32WBA54CGU7, STM32WBA54CGU7TR, STM32WBA54KEU6, STM32WBA54KEU6TR, STM32WBA54KEU7, STM32WBA54KEU7TR, STM32WBA54KGU6, STM32WBA54KGU6TR, STM32WBA54KGU7, STM32WBA54KGU7TR, STM32WBA55CEU6, STM32WBA55CEU6TR, STM32WBA55CEU7, STM32WBA55CEU7TR, STM32WBA55CGU6, STM32WBA55CGU6TR, STM32WBA55CGU6U, STM32WBA55CGU7, STM32WBA55CGU7TR, STM32WBA55G-DK1, STM32WBA55HEF6, STM32WBA55HEF7, STM32WBA55HGF6, STM32WBA55HGF7, STM32WBA55UEI6, STM32WBA55UEI6TR, STM32WBA55UEI7, STM32WBA55UEI7TR, STM32WBA55UGI6, STM32WBA55UGI6TR, STM32WBA55UGI7, STM32WBA55UGI7TR, STM32WBA5MMGH6TR, STM32WBA62MGF6, STM32WBA62MIF6, STM32WBA65MGF7, STM32WBA65MIF6, STM32WBA65MIF7, STM32WL30K8V6, STM32WL30KBV6, STM32WL31C8V6, STM32WL31CBV6, STM32WL31K8V6, STM32WL31KBV6, STM32WL33C8V6, STM32WL33C8V6X, STM32WL33CBV6, STM32WL33CBV6X, STM32WL33CCV6, STM32WL33CCV6A, STM32WL33CCV6X, STM32WL33K8V7, STM32WL33K8V7X, STM32WL33KBV7 , STM32WL33KBV7X, STM32WL33KCV7, STM32WL33KCV7X, STM32WL5MOCH6, STM32WL5MOCH6TR]
2026-01-03 15:26:38,520 [INFO] BoardInfo:889 - No configuration file found for board P-NUCLEO-WB55
2026-01-03 15:26:38,522 [INFO] DbBoards:161 - Kit is not supported: P-NUCLEO-WB55
2026-01-03 15:26:38,531 [INFO] BoardInfo:889 - No configuration file found for board STEVAL-BFA001V1B
2026-01-03 15:26:38,531 [INFO] DbBoards:161 - Kit is not supported: STEVAL-BFA001V1B
2026-01-03 15:26:38,533 [INFO] BoardInfo:889 - No configuration file found for board STEVAL-BFA001V2B
2026-01-03 15:26:38,534 [INFO] DbBoards:161 - Kit is not supported: STEVAL-BFA001V2B
2026-01-03 15:26:38,801 [INFO] DbBoards:168 - Found 212 boards, 209 are supported
2026-01-03 15:26:38,802 [INFO] DbBoards:169 - Found 212 boards, 43 of them is supported for  Bsp
2026-01-03 15:26:38,806 [INFO] ApiDb:414 - User favorites file not found: C:\Users\22142/.stm32cubeide/favorites.boards.txt
2026-01-03 15:26:38,807 [INFO] DbBoards:198 - Set 0 / 0 favorites Boards
2026-01-03 15:26:38,807 [INFO] McuFinderGlobals:76 - Set McuFinderConnectedMode to true
2026-01-03 15:26:38,820 [INFO] MultiScanPanel:200 - Auto-refresh data requested => check proxy status ongoing
2026-01-03 15:26:38,838 [INFO] FinderPluginLoader:96 - Searching for filters in installed packs
2026-01-03 15:26:41,838 [INFO] LoadUrlFilesThread:185 - End of LoadServerUrlFiles without Thread
2026-01-03 15:26:41,875 [INFO] DetailPanel:341 - Set advertising image to C:/Users/22142/STM32Cube/Repository/\en.prom-st67w-expansion-board.png
2026-01-03 15:27:44,107 [INFO] MainUpdater:2872 - connection check result : 10
2026-01-03 15:27:44,108 [INFO] MainUpdater:2872 - connection check result : 10
2026-01-03 15:27:44,138 [INFO] MicroXplorer:468 - Change Database Path : 
2026-01-03 15:27:44,138 [INFO] MicroXplorer:498 - Change Database Version : DB.6.0.150
2026-01-03 15:27:44,150 [WARN] ThirdParty:871 - waiting for thirdparty lock release [close project]
2026-01-03 15:27:44,150 [INFO] ThirdParty:873 - entering critical section [close project]
2026-01-03 15:27:44,151 [INFO] ThirdParty:883 - exiting critical section [close project]
2026-01-03 15:27:44,156 [INFO] PinOutPanel:1589 - setPackage(No Configuration,No Configuration)
2026-01-03 15:27:44,158 [INFO] UtilMem:75 - Begin LoadConfig() Used Memory: 509752408 Bytes (757071872)
2026-01-03 15:27:44,161 [INFO] MicroXplorer:468 - Change Database Path : 
2026-01-03 15:27:44,161 [INFO] MicroXplorer:498 - Change Database Version : DB.6.0.150
2026-01-03 15:27:44,162 [INFO] OpenFileManager:355 - Change cursor
2026-01-03 15:27:44,229 [INFO] Mcu:2029 - Initializing MCU STM32F103C8Tx STM32F103C8Tx STM32F103C8T6
2026-01-03 15:27:45,712 [INFO] Context:786 - Trying to add GPIOservice into a context  which must be forbidden
2026-01-03 15:27:46,082 [INFO] ImportTextPane:234 - (OptionalMessage_ERROR) Unable to find key (Mcu.ThirdPartyNb) in loaded IOC file
2026-01-03 15:27:46,083 [INFO] ImportTextPane:234 - (OptionalMessage_ERROR) Unable to find key (Mcu.PinsNb) in loaded IOC file
2026-01-03 15:27:46,084 [INFO] ImportTextPane:234 - (OptionalMessage_ERROR) Pin0 (VP_RIF_VS_RIF1) cannot be retrieved for this MCU
2026-01-03 15:27:46,084 [INFO] ImportTextPane:234 - (OptionalMessage_ERROR) Unable to find key (Mcu.IPNb) in loaded IOC file
2026-01-03 15:27:46,208 [INFO] RtosManager:558 - Registered RTOS mode: class=CMSIS, group=RTOS, mode=CMSIS_V1, owner=FREERTOS
2026-01-03 15:27:46,208 [INFO] RtosManager:558 - Registered RTOS mode: class=CMSIS, group=RTOS2, mode=CMSIS_V2, owner=FREERTOS
2026-01-03 15:27:46,208 [INFO] RtosManager:558 - Registered RTOS mode: class=RTOS, group=Core, mode=CMSIS_V1, owner=FREERTOS
2026-01-03 15:27:46,209 [INFO] RtosManager:558 - Registered RTOS mode: class=RTOS, group=Core, mode=CMSIS_V2, owner=FREERTOS
2026-01-03 15:27:46,209 [WARN] ModelIntegratedComponent:184 - Missing modes for component STMicroelectronics:FreeRTOS:0.0.1:STMicroelectronics:RTOS:FreeRTOS:Core:::10.2.0:
2026-01-03 15:27:46,225 [WARN] ModelIntegratedComponent:63 - No mode defined for component null
2026-01-03 15:27:46,225 [WARN] ModelIntegratedComponent:63 - No mode defined for component null
2026-01-03 15:27:46,226 [WARN] ModelIntegratedComponent:63 - No mode defined for component null
2026-01-03 15:27:46,226 [WARN] ModelIntegratedComponent:63 - No mode defined for component null
2026-01-03 15:27:46,226 [WARN] ModelIntegratedComponent:63 - No mode defined for component null
2026-01-03 15:27:46,226 [WARN] ModelIntegratedComponent:63 - No mode defined for component null
2026-01-03 15:27:46,226 [WARN] ModelIntegratedComponent:63 - No mode defined for component null
2026-01-03 15:27:46,226 [WARN] ModelIntegratedComponent:63 - No mode defined for component null
2026-01-03 15:27:46,227 [WARN] ModelIntegratedComponent:63 - No mode defined for component null
2026-01-03 15:27:46,227 [WARN] ModelIntegratedComponent:63 - No mode defined for component null
2026-01-03 15:27:46,227 [WARN] ModelIntegratedComponent:63 - No mode defined for component null
2026-01-03 15:27:46,227 [WARN] ModelIntegratedComponent:63 - No mode defined for component null
2026-01-03 15:27:46,227 [WARN] ModelIntegratedComponent:63 - No mode defined for component null
2026-01-03 15:27:46,227 [WARN] ModelIntegratedComponent:63 - No mode defined for component null
2026-01-03 15:27:46,228 [WARN] ModelIntegratedComponent:63 - No mode defined for component null
2026-01-03 15:27:46,228 [WARN] ModelIntegratedComponent:63 - No mode defined for component null
2026-01-03 15:27:46,228 [WARN] ModelIntegratedComponent:63 - No mode defined for component null
2026-01-03 15:27:46,228 [WARN] ModelIntegratedComponent:63 - No mode defined for component null
2026-01-03 15:27:46,228 [WARN] ModelIntegratedComponent:63 - No mode defined for component null
2026-01-03 15:27:46,228 [WARN] ModelIntegratedComponent:63 - No mode defined for component null
2026-01-03 15:27:46,229 [WARN] ModelIntegratedComponent:63 - No mode defined for component null
2026-01-03 15:27:46,229 [WARN] ModelIntegratedComponent:63 - No mode defined for component null
2026-01-03 15:27:46,229 [WARN] ModelIntegratedComponent:63 - No mode defined for component null
2026-01-03 15:27:46,229 [WARN] ModelIntegratedComponent:63 - No mode defined for component null
2026-01-03 15:27:46,229 [WARN] ModelIntegratedComponent:63 - No mode defined for component null
2026-01-03 15:27:46,229 [WARN] ModelIntegratedComponent:63 - No mode defined for component null
2026-01-03 15:27:46,230 [WARN] ModelIntegratedComponent:63 - No mode defined for component null
2026-01-03 15:27:46,230 [WARN] ModelIntegratedComponent:63 - No mode defined for component null
2026-01-03 15:27:46,230 [WARN] ModelIntegratedComponent:63 - No mode defined for component null
2026-01-03 15:27:46,230 [WARN] ModelIntegratedComponent:63 - No mode defined for component null
2026-01-03 15:27:46,230 [WARN] ModelIntegratedComponent:63 - No mode defined for component null
2026-01-03 15:27:46,230 [WARN] ModelIntegratedComponent:63 - No mode defined for component null
2026-01-03 15:27:46,230 [WARN] ModelIntegratedComponent:63 - No mode defined for component null
2026-01-03 15:27:46,230 [WARN] ModelIntegratedComponent:63 - No mode defined for component null
2026-01-03 15:27:46,230 [WARN] ModelIntegratedComponent:63 - No mode defined for component null
2026-01-03 15:27:46,231 [WARN] ModelPack:524 - Component already loaded: STMicroelectronics:HAL Drivers:0.0.0:STMicroelectronics:Device:STMicro_Driver:XSPI:HAL::0.0.1:HAL_XSPI
2026-01-03 15:27:46,558 [INFO] ThirdPartyModel:298 - Start build external matchings
2026-01-03 15:27:48,699 [INFO] ThirdPartyModel:316 - End build external matchings
2026-01-03 15:27:49,143 [INFO] UtilMem:75 - End LoadConfig() Used Memory: 622671888 Bytes (1073741824)
2026-01-03 15:27:49,195 [WARN] ThirdParty:833 - waiting for thirdparty lock release [change project]
2026-01-03 15:27:49,197 [INFO] ThirdParty:835 - entering critical section [change project]
2026-01-03 15:27:49,197 [INFO] ThirdParty:1030 - CMSIS Pack Vendor :STMicroelectronics X-CUBE-PM33A1 1.0.0
2026-01-03 15:27:49,197 [INFO] ThirdParty:1030 - CMSIS Pack Vendor :STMicroelectronics USBPD 4.1
2026-01-03 15:27:49,197 [INFO] ThirdParty:1030 - CMSIS Pack Vendor :STMicroelectronics USB_HOST 2.0.0
2026-01-03 15:27:49,198 [INFO] ThirdParty:1030 - CMSIS Pack Vendor :STMicroelectronics FP-SNS-MOTENVWB1 1.4.0
2026-01-03 15:27:49,198 [INFO] ThirdParty:1030 - CMSIS Pack Vendor :STMicroelectronics X-CUBE-AZRTOS-F4 1.1.0
2026-01-03 15:27:49,198 [INFO] ThirdParty:1030 - CMSIS Pack Vendor :STMicroelectronics LIBJPEG 8.0.0
2026-01-03 15:27:49,198 [INFO] ThirdParty:1030 - CMSIS Pack Vendor :STMicroelectronics FP-ATR-ASTRA1 2.0.2
2026-01-03 15:27:49,198 [INFO] ThirdParty:1030 - CMSIS Pack Vendor :STMicroelectronics X-CUBE-SMBUS 2.1.0
2026-01-03 15:27:49,198 [INFO] ThirdParty:1030 - CMSIS Pack Vendor :STMicroelectronics X-CUBE-WB05N 1.1.0
2026-01-03 15:27:49,198 [INFO] ThirdParty:1030 - CMSIS Pack Vendor :STMicroelectronics X-CUBE-ISPU 2.1.0
2026-01-03 15:27:49,198 [INFO] ThirdParty:1030 - CMSIS Pack Vendor :STMicroelectronics X-CUBE-IPS 3.2.0
2026-01-03 15:27:49,199 [INFO] ThirdParty:1030 - CMSIS Pack Vendor :STMicroelectronics X-CUBE-NFC12 1.0.0
2026-01-03 15:27:49,199 [INFO] ThirdParty:1030 - CMSIS Pack Vendor :STMicroelectronics X-CUBE-AZRTOS-F7 1.1.0
2026-01-03 15:27:49,199 [INFO] ThirdParty:1030 - CMSIS Pack Vendor :STMicroelectronics X-CUBE-AZRTOS-L5 2.0.0
2026-01-03 15:27:49,199 [INFO] ThirdParty:1030 - CMSIS Pack Vendor :STMicroelectronics USB_DEVICE 2.0.0
2026-01-03 15:27:49,199 [INFO] ThirdParty:1030 - CMSIS Pack Vendor :STMicroelectronics X-CUBE-NFC6 3.1.0
2026-01-03 15:27:49,199 [INFO] ThirdParty:1030 - CMSIS Pack Vendor :STMicroelectronics FP-SNS-MOTENV1 5.1.0
2026-01-03 15:27:49,199 [INFO] ThirdParty:1030 - CMSIS Pack Vendor :STMicroelectronics FreeRTOS 0.0.1
2026-01-03 15:27:49,200 [INFO] ThirdParty:1030 - CMSIS Pack Vendor :STMicroelectronics X-CUBE-DPower 1.2.0
2026-01-03 15:27:49,200 [INFO] ThirdParty:1030 - CMSIS Pack Vendor :Infineon AIROC-Wi-Fi-Bluetooth-STM32 1.7.0
2026-01-03 15:27:49,200 [INFO] ThirdParty:1030 - CMSIS Pack Vendor :STMicroelectronics PDM2PCM 3.3.0
2026-01-03 15:27:49,200 [INFO] ThirdParty:1030 - CMSIS Pack Vendor :STMicroelectronics X-CUBE-AZRTOS-H7 3.4.0
2026-01-03 15:27:49,200 [INFO] ThirdParty:1030 - CMSIS Pack Vendor :STMicroelectronics X-CUBE-DISPLAY 3.0.0
2026-01-03 15:27:49,200 [INFO] ThirdParty:1030 - CMSIS Pack Vendor :STMicroelectronics X-CUBE-NFC10 1.0.0
2026-01-03 15:27:49,200 [INFO] ThirdParty:1030 - CMSIS Pack Vendor :STMicroelectronics X-CUBE-BLEMGR 4.0.0
2026-01-03 15:27:49,201 [INFO] ThirdParty:1030 - CMSIS Pack Vendor :STMicroelectronics HAL Drivers 0.0.0
2026-01-03 15:27:49,201 [INFO] ThirdParty:1030 - CMSIS Pack Vendor :STMicroelectronics X-CUBE-ST60 1.1.0
2026-01-03 15:27:49,201 [INFO] ThirdParty:1030 - CMSIS Pack Vendor :emotas I-CUBE-CANOPEN 1.3.0
2026-01-03 15:27:49,201 [INFO] ThirdParty:1030 - CMSIS Pack Vendor :STMicroelectronics X-CUBE-FREERTOS 1.3.0
2026-01-03 15:27:49,201 [INFO] ThirdParty:1030 - CMSIS Pack Vendor :STMicroelectronics X-CUBE-NFC7 1.0.1
2026-01-03 15:27:49,201 [INFO] ThirdParty:1030 - CMSIS Pack Vendor :STMicroelectronics MBEDTLS 2.14.1
2026-01-03 15:27:49,201 [INFO] ThirdParty:1030 - CMSIS Pack Vendor :STMicroelectronics X-CUBE-GNSS1 7.1.0
2026-01-03 15:27:49,201 [INFO] ThirdParty:1030 - CMSIS Pack Vendor :STMicroelectronics X-CUBE-TOUCHGFX 4.26.0
2026-01-03 15:27:49,201 [INFO] ThirdParty:1030 - CMSIS Pack Vendor :quantropi X-CUBE-qispace-sdk-base 2.0.0
2026-01-03 15:27:49,201 [INFO] ThirdParty:1030 - CMSIS Pack Vendor :STMicroelectronics X-CUBE-AI 10.0.0
2026-01-03 15:27:49,201 [INFO] ThirdParty:1030 - CMSIS Pack Vendor :STMicroelectronics FP-SNS-STBOX1 2.1.0
2026-01-03 15:27:49,201 [INFO] ThirdParty:1030 - CMSIS Pack Vendor :STMicroelectronics FP-SNS-STAIOTCFT 1.0.0
2026-01-03 15:27:49,202 [INFO] ThirdParty:1030 - CMSIS Pack Vendor :STMicroelectronics FP-SNS-SMARTAG2 1.2.0
2026-01-03 15:27:49,202 [INFO] ThirdParty:1030 - CMSIS Pack Vendor :STMicroelectronics FP-SNS-FLIGHT1 5.1.0
2026-01-03 15:27:49,202 [INFO] ThirdParty:1030 - CMSIS Pack Vendor :STMicroelectronics X-CUBE-MEMS1 11.1.0
2026-01-03 15:27:49,202 [INFO] ThirdParty:1030 - CMSIS Pack Vendor :STMicroelectronics X-CUBE-AZRTOS-WL 2.0.0
2026-01-03 15:27:49,202 [INFO] ThirdParty:1030 - CMSIS Pack Vendor :STMicroelectronics X-CUBE-DPower 1.3.0
2026-01-03 15:27:49,202 [INFO] ThirdParty:1030 - CMSIS Pack Vendor :STMicroelectronics FP-SNS-MOTENV1 5.0.0
2026-01-03 15:27:49,202 [INFO] ThirdParty:1030 - CMSIS Pack Vendor :STMicroelectronics USB_DEVICE 1.0.0
2026-01-03 15:27:49,202 [INFO] ThirdParty:1030 - CMSIS Pack Vendor :STMicroelectronics X-CUBE-AZRTOS-H7RS 1.2.0
2026-01-03 15:27:49,203 [INFO] ThirdParty:1030 - CMSIS Pack Vendor :STMicroelectronics X-CUBE-AZRTOS-L4 2.0.0
2026-01-03 15:27:49,204 [INFO] ThirdParty:1030 - CMSIS Pack Vendor :STMicroelectronics ThreadX 0.0.2
2026-01-03 15:27:49,204 [INFO] ThirdParty:1030 - CMSIS Pack Vendor :WES I-CUBE-Cesium 1.3.0
2026-01-03 15:27:49,204 [INFO] ThirdParty:1030 - CMSIS Pack Vendor :STMicroelectronics lwIP 2.1.2
2026-01-03 15:27:49,204 [INFO] ThirdParty:1030 - CMSIS Pack Vendor :STMicroelectronics X-CUBE-SFXS2LP1 4.0.0
2026-01-03 15:27:49,204 [INFO] ThirdParty:1030 - CMSIS Pack Vendor :STMicroelectronics X-CUBE-BLE2 3.3.0
2026-01-03 15:27:49,204 [INFO] ThirdParty:1030 - CMSIS Pack Vendor :Avnet-IOTCONNECT X-CUBE-iotc-st67-sdk 1.0.0
2026-01-03 15:27:49,204 [INFO] ThirdParty:1030 - CMSIS Pack Vendor :STMicroelectronics PDM2PCM 3.2.0
2026-01-03 15:27:49,204 [INFO] ThirdParty:1030 - CMSIS Pack Vendor :STMicroelectronics X-CUBE-AZRTOS-H7 3.3.0
2026-01-03 15:27:49,206 [INFO] ThirdParty:1030 - CMSIS Pack Vendor :STMicroelectronics X-CUBE-NFC9 1.0.0
2026-01-03 15:27:49,206 [INFO] ThirdParty:1030 - CMSIS Pack Vendor :STMicroelectronics X-CUBE-BLE1 7.1.0
2026-01-03 15:27:49,206 [INFO] ThirdParty:1030 - CMSIS Pack Vendor :wolfSSL I-CUBE-wolfMQTT 1.19.2
2026-01-03 15:27:49,206 [INFO] ThirdParty:1030 - CMSIS Pack Vendor :STMicroelectronics USB_DEVICE 3.0.0
2026-01-03 15:27:49,206 [INFO] ThirdParty:1030 - CMSIS Pack Vendor :STMicroelectronics X-CUBE-FREERTOS 1.4.0
2026-01-03 15:27:49,206 [INFO] ThirdParty:1030 - CMSIS Pack Vendor :STMicroelectronics X-CUBE-EEPRMA1 5.2.0
2026-01-03 15:27:49,206 [INFO] ThirdParty:1030 - CMSIS Pack Vendor :STMicroelectronics X-CUBE-BLEMGR 4.1.0
2026-01-03 15:27:49,207 [INFO] ThirdParty:1030 - CMSIS Pack Vendor :STMicroelectronics X-CUBE-AZRTOS-WB 2.0.0
2026-01-03 15:27:49,207 [INFO] ThirdParty:1030 - CMSIS Pack Vendor :STMicroelectronics X-CUBE-GNSS1 7.0.1
2026-01-03 15:27:49,207 [INFO] ThirdParty:1030 - CMSIS Pack Vendor :STMicroelectronics X-CUBE-TOUCHGFX 4.25.0
2026-01-03 15:27:49,207 [INFO] ThirdParty:1030 - CMSIS Pack Vendor :STMicroelectronics X-CUBE-ST67W61 1.1.0
2026-01-03 15:27:49,207 [INFO] ThirdParty:1030 - CMSIS Pack Vendor :STMicroelectronics FP-SNS-STBOX1 2.0.0
2026-01-03 15:27:49,207 [INFO] ThirdParty:1030 - CMSIS Pack Vendor :STMicroelectronics X-CUBE-MEMS1 12.0.0
2026-01-03 15:27:49,207 [INFO] ThirdParty:1030 - CMSIS Pack Vendor :STMicroelectronics X-CUBE-AZRTOS-G0 1.1.0
2026-01-03 15:27:49,208 [INFO] ThirdParty:1030 - CMSIS Pack Vendor :STMicroelectronics X-CUBE-SAFEA1 1.2.2
2026-01-03 15:27:49,208 [INFO] ThirdParty:1030 - CMSIS Pack Vendor :STMicroelectronics X-CUBE-NFC4 3.0.0
2026-01-03 15:27:49,208 [INFO] ThirdParty:1030 - CMSIS Pack Vendor :STMicroelectronics X-CUBE-SUBG2 5.0.0
2026-01-03 15:27:49,208 [INFO] ThirdParty:1030 - CMSIS Pack Vendor :STMicroelectronics X-CUBE-AZRTOS-H7RS 1.1.0
2026-01-03 15:27:49,208 [INFO] ThirdParty:1030 - CMSIS Pack Vendor :STMicroelectronics STM32_WPAN 1.0.0
2026-01-03 15:27:49,208 [INFO] ThirdParty:1030 - CMSIS Pack Vendor :EmbeddedOffice I-CUBE-FS-RTOS 1.0.1
2026-01-03 15:27:49,208 [INFO] ThirdParty:1030 - CMSIS Pack Vendor :STMicroelectronics lwIP 2.0.3
2026-01-03 15:27:49,208 [INFO] ThirdParty:1030 - CMSIS Pack Vendor :Cesanta I-CUBE-Mongoose 7.13.0
2026-01-03 15:27:49,208 [INFO] ThirdParty:1030 - CMSIS Pack Vendor :STMicroelectronics USB_HOST 1.0.0
2026-01-03 15:27:49,209 [INFO] ThirdParty:1030 - CMSIS Pack Vendor :STMicroelectronics X-CUBE-AZRTOS-G4 2.0.0
2026-01-03 15:27:49,209 [INFO] ThirdParty:1030 - CMSIS Pack Vendor :STMicroelectronics X-CUBE-WB05N 2.0.0
2026-01-03 15:27:49,209 [INFO] ThirdParty:1030 - CMSIS Pack Vendor :STMicroelectronics PDM2PCM 3.1.0
2026-01-03 15:27:49,209 [INFO] ThirdParty:1030 - CMSIS Pack Vendor :wolfSSL I-CUBE-wolfTPM 3.8.0
2026-01-03 15:27:49,209 [INFO] ThirdParty:1030 - CMSIS Pack Vendor :wolfSSL I-CUBE-wolfSSH 1.4.20
2026-01-03 15:27:49,209 [INFO] ThirdParty:1030 - CMSIS Pack Vendor :STMicroelectronics X-CUBE-NFC7 2.0.0
2026-01-03 15:27:49,209 [INFO] ThirdParty:1030 - CMSIS Pack Vendor :STMicroelectronics X-CUBE-TCPP 4.2.0
2026-01-03 15:27:49,209 [INFO] ThirdParty:1030 - CMSIS Pack Vendor :RealThread X-CUBE-RT-Thread_Nano 4.1.1
2026-01-03 15:27:49,210 [INFO] ThirdParty:1030 - CMSIS Pack Vendor :STMicroelectronics FP-ATR-SIGFOX1 3.2.0
2026-01-03 15:27:49,210 [INFO] ThirdParty:1030 - CMSIS Pack Vendor :STMicroelectronics X-CUBE-EEPRMA1 5.1.0
2026-01-03 15:27:49,210 [INFO] ThirdParty:1030 - CMSIS Pack Vendor :STMicroelectronics MBEDTLS 2.16.2
2026-01-03 15:27:49,210 [INFO] ThirdParty:1030 - CMSIS Pack Vendor :STMicroelectronics X-CUBE-IPS 3.1.0
2026-01-03 15:27:49,210 [INFO] ThirdParty:1030 - CMSIS Pack Vendor :STMicroelectronics X-CUBE-ALS 1.0.2
2026-01-03 15:27:49,210 [INFO] ThirdParty:1030 - CMSIS Pack Vendor :wolfSSL I-CUBE-wolfSSL 5.7.6
2026-01-03 15:27:49,210 [INFO] ThirdParty:1030 - CMSIS Pack Vendor :ITTIA_DB I-CUBE-ITTIADB 8.9.0
2026-01-03 15:27:49,210 [INFO] ThirdParty:1030 - CMSIS Pack Vendor :STMicroelectronics X-CUBE-STSE01 1.0.0
2026-01-03 15:27:49,211 [INFO] ThirdParty:1030 - CMSIS Pack Vendor :portGmbH I-Cube-SoM-uGOAL 1.1.0
2026-01-03 15:27:49,211 [INFO] ThirdParty:1030 - CMSIS Pack Vendor :STMicroelectronics X-CUBE-AI 10.2.0
2026-01-03 15:27:49,211 [INFO] ThirdParty:1030 - CMSIS Pack Vendor :STMicroelectronics ThreadX 1.0.0
2026-01-03 15:27:49,212 [INFO] ThirdParty:1030 - CMSIS Pack Vendor :SEGGER I-CUBE-embOS 1.3.1
2026-01-03 15:27:49,214 [INFO] ThirdParty:1030 - CMSIS Pack Vendor :STMicroelectronics X-CUBE-ALGOBUILD 1.4.0
2026-01-03 15:27:49,215 [INFO] ThirdParty:1030 - CMSIS Pack Vendor :STMicroelectronics X-CUBE-TOF1 3.4.2
2026-01-03 15:27:49,215 [INFO] ThirdParty:1030 - CMSIS Pack Vendor :STMicroelectronics X-CUBE-TOF1 3.4.3
2026-01-03 15:27:49,216 [INFO] ThirdParty:841 - exiting critical section [change project]
2026-01-03 15:27:49,699 [INFO] PinOutPanel:1589 - setPackage(No Configuration,No Configuration)
2026-01-03 15:27:49,702 [INFO] PinOutPanel:1589 - setPackage(STM32F103C8Tx,LQFP48)
2026-01-03 15:27:50,326 [INFO] UtilMem:75 - Before build in PCC Used Memory: 858157912 Bytes (1073741824)
2026-01-03 15:27:51,679 [INFO] UtilMem:75 - After build in PCC Used Memory: 770056336 Bytes (1073741824)
2026-01-03 15:27:51,726 [INFO] IPUIPlugin:80 - create IPUIPlugin
2026-01-03 15:27:51,726 [INFO] IPUIPlugin:80 - create IPUIPlugin
2026-01-03 15:27:51,726 [INFO] IPUIPlugin:80 - create IPUIPlugin
2026-01-03 15:27:51,727 [INFO] IPUIPlugin:80 - create IPUIPlugin
2026-01-03 15:27:51,727 [INFO] IPUIPlugin:80 - create IPUIPlugin
2026-01-03 15:27:51,727 [INFO] IPUIPlugin:80 - create IPUIPlugin
2026-01-03 15:27:51,727 [INFO] IPUIPlugin:80 - create IPUIPlugin
2026-01-03 15:27:51,727 [INFO] IPUIPlugin:80 - create IPUIPlugin
2026-01-03 15:27:51,728 [INFO] IPUIPlugin:80 - create IPUIPlugin
2026-01-03 15:27:51,728 [INFO] IPUIPlugin:80 - create IPUIPlugin
2026-01-03 15:27:51,728 [INFO] IPUIPlugin:80 - create IPUIPlugin
2026-01-03 15:27:51,728 [INFO] IPUIPlugin:80 - create IPUIPlugin
2026-01-03 15:27:51,730 [INFO] IPUIPlugin:80 - create IPUIPlugin
2026-01-03 15:27:51,730 [INFO] IPUIPlugin:80 - create IPUIPlugin
2026-01-03 15:27:51,730 [INFO] IPUIPlugin:80 - create IPUIPlugin
2026-01-03 15:27:51,731 [INFO] IPUIPlugin:80 - create IPUIPlugin
2026-01-03 15:27:51,731 [INFO] IPUIPlugin:80 - create IPUIPlugin
2026-01-03 15:27:51,731 [INFO] IPUIPlugin:80 - create IPUIPlugin
2026-01-03 15:27:51,731 [INFO] IPUIPlugin:80 - create IPUIPlugin
2026-01-03 15:27:51,733 [INFO] IPUIPlugin:80 - create IPUIPlugin
2026-01-03 15:27:51,733 [INFO] IPUIPlugin:80 - create IPUIPlugin
2026-01-03 15:27:51,733 [INFO] IPUIPlugin:80 - create IPUIPlugin
2026-01-03 15:27:51,734 [INFO] IPUIPlugin:80 - create IPUIPlugin
2026-01-03 15:27:51,734 [INFO] IPUIPlugin:80 - create IPUIPlugin
2026-01-03 15:27:51,734 [INFO] IPUIPlugin:80 - create IPUIPlugin
2026-01-03 15:27:51,734 [INFO] IPUIPlugin:80 - create IPUIPlugin
2026-01-03 15:27:51,735 [INFO] IPUIPlugin:80 - create IPUIPlugin
2026-01-03 15:27:52,093 [INFO] CADModel:165 - CPN selected for project levelSTM32F103C8T6
2026-01-03 15:27:52,093 [INFO] CADModel:114 - Register for checkConnection events
2026-01-03 15:27:52,161 [INFO] OpenFileManager:386 - Restore cursor
2026-01-03 15:27:53,290 [INFO] UtilMem:75 - End SaveConfig() Used Memory: 987066640 Bytes (1073741824)
2026-01-03 15:27:53,386 [INFO] UtilMem:75 - End SaveConfig() Used Memory: 1025528400 Bytes (1073741824)
2026-01-03 15:27:54,082 [INFO] BlockDiagram:2775 - set Specific Code input for plugin: NVIC
2026-01-03 15:27:54,083 [INFO] BlockDiagram:2775 - set Specific Code input for plugin: RCC
2026-01-03 15:27:54,085 [INFO] CodeGenerator:892 - code generatio: config db path: D:\installs\STM32CubeIDE_1.19.0\STM32CubeIDE\plugins\com.st.stm32cube.common.mx_6.15.0.202507011659\\db\
2026-01-03 15:27:54,417 [INFO] CodeEngine:265 - oldGeneratedFile, D:\projects\stm32_cube_ide\blink\MXTmpFiles\license.tmp_save
2026-01-03 15:27:55,036 [INFO] CodeEngine:289 - Generated code: D:\projects\stm32_cube_ide\blink\MXTmpFiles\license.tmp
2026-01-03 15:27:55,062 [INFO] CodeEngine:265 - oldGeneratedFile, D:\projects\stm32_cube_ide\blink\Core\Src\stm32f1xx_it.c_save
2026-01-03 15:27:55,334 [INFO] CodeEngine:289 - Generated code: D:\projects\stm32_cube_ide\blink\Core\Src\stm32f1xx_it.c
2026-01-03 15:27:55,340 [INFO] CodeEngine:265 - oldGeneratedFile, D:\projects\stm32_cube_ide\blink\Core\Inc\stm32f1xx_it.h_save
2026-01-03 15:27:55,478 [INFO] CodeEngine:289 - Generated code: D:\projects\stm32_cube_ide\blink\Core\Inc\stm32f1xx_it.h
2026-01-03 15:27:55,647 [INFO] CodeEngine:265 - oldGeneratedFile, D:\projects\stm32_cube_ide\blink\Core\Src\stm32f1xx_hal_msp.c_save
2026-01-03 15:27:55,894 [INFO] CodeEngine:289 - Generated code: D:\projects\stm32_cube_ide\blink\Core\Src\stm32f1xx_hal_msp.c
2026-01-03 15:27:55,901 [INFO] CodeEngine:265 - oldGeneratedFile, D:\projects\stm32_cube_ide\blink\MXTmpFiles\system.tmp_save
2026-01-03 15:27:56,032 [INFO] CodeEngine:289 - Generated code: D:\projects\stm32_cube_ide\blink\MXTmpFiles\system.tmp
2026-01-03 15:27:56,049 [INFO] CodeEngine:321 - oldGeneratedFile, D:\projects\stm32_cube_ide\blink\Core\Inc\stm32f1xx_hal_conf.h_save
2026-01-03 15:27:56,195 [INFO] CodeEngine:345 - Generated code: D:\projects\stm32_cube_ide\blink\Core\Inc\stm32f1xx_hal_conf.h
2026-01-03 15:27:56,266 [INFO] ApiDbMcu:532 - Load IP Config File for RCC
2026-01-03 15:27:56,277 [INFO] CodeEngine:265 - oldGeneratedFile, D:\projects\stm32_cube_ide\blink\Core\Inc\main.h_save
2026-01-03 15:27:56,444 [INFO] CodeEngine:289 - Generated code: D:\projects\stm32_cube_ide\blink\Core\Inc\main.h
2026-01-03 15:27:56,451 [INFO] CodeEngine:265 - oldGeneratedFile, D:\projects\stm32_cube_ide\blink\Core\Src\main.c_save
2026-01-03 15:27:56,674 [INFO] CodeEngine:289 - Generated code: D:\projects\stm32_cube_ide\blink\Core\Src\main.c
2026-01-03 15:27:57,160 [INFO] ProjectBuilder:3606 - Time for Copy HAL[1] : 186mS.
2026-01-03 15:27:57,170 [INFO] ProjectBuilder:5216 - Project Generator version: 4.7.0-B52
2026-01-03 15:27:57,338 [INFO] ConfigFileManager:1595 - The Die is : DIE410
2026-01-03 15:27:57,365 [INFO] ApiDbMcu:532 - Load IP Config File for FATFS
2026-01-03 15:27:57,414 [INFO] ApiDbMcu:532 - Load IP Config File for FREERTOS
2026-01-03 15:27:57,452 [INFO] ApiDbMcu:532 - Load IP Config File for USB_DEVICE
2026-01-03 15:27:57,980 [INFO] LogOutputStream:77 - [STDOUT_REDIRECT] 
2026-01-03 15:28:01,572 [INFO] ProjectBuilder:5496 - Time for Generating toolchain IDE Files: 4402mS.
2026-01-03 15:28:01,574 [INFO] ProjectBuilder:3463 - Time for Copy CMSIS : 1mS.
2026-01-03 15:28:01,576 [INFO] ProjectBuilder:3463 - Time for Copy CMSIS : 0mS.
2026-01-03 15:28:02,640 [INFO] McuFinderGlobals:76 - Set McuFinderConnectedMode to true
2026-01-03 15:28:02,648 [INFO] ApiDb:448 - Save user favorites file C:\Users\22142/.stm32cubeide/favorites.mcus.txt: 0 item(s)
2026-01-03 15:28:02,648 [INFO] ApiDb:452 - User favorites MCUs=[]
2026-01-03 15:28:51,899 [INFO] Gpio:278 - dependency for GPIO [RCC]
2026-01-03 15:29:26,609 [INFO] UtilMem:75 - End SaveConfig() Used Memory: 718991920 Bytes (1073741824)
2026-01-03 15:29:28,550 [INFO] UtilMem:75 - End SaveConfig() Used Memory: 739770896 Bytes (1073741824)
2026-01-03 15:29:32,069 [INFO] UtilMem:75 - End SaveConfig() Used Memory: 882694496 Bytes (1073741824)
2026-01-03 15:29:32,575 [INFO] BlockDiagram:2775 - set Specific Code input for plugin: NVIC
2026-01-03 15:29:32,575 [INFO] BlockDiagram:2775 - set Specific Code input for plugin: SYS
2026-01-03 15:29:32,575 [INFO] BlockDiagram:2775 - set Specific Code input for plugin: GPIO
2026-01-03 15:29:32,575 [INFO] BlockDiagram:2775 - set Specific Code input for plugin: RCC
2026-01-03 15:29:32,576 [INFO] CodeGenerator:892 - code generatio: config db path: D:\installs\STM32CubeIDE_1.19.0\STM32CubeIDE\plugins\com.st.stm32cube.common.mx_6.15.0.202507011659\\db\
2026-01-03 15:29:32,725 [INFO] CodeEngine:265 - oldGeneratedFile, D:\projects\stm32_cube_ide\blink\MXTmpFiles\license.tmp_save
2026-01-03 15:29:32,960 [INFO] CodeEngine:289 - Generated code: D:\projects\stm32_cube_ide\blink\MXTmpFiles\license.tmp
2026-01-03 15:29:33,014 [INFO] CodeEngine:265 - oldGeneratedFile, D:\projects\stm32_cube_ide\blink\Core\Src\gpio.c_save
2026-01-03 15:29:33,180 [INFO] CodeEngine:289 - Generated code: D:\projects\stm32_cube_ide\blink\Core\Src\gpio.c
2026-01-03 15:29:33,188 [INFO] CodeEngine:265 - oldGeneratedFile, D:\projects\stm32_cube_ide\blink\Core\Inc\gpio.h_save
2026-01-03 15:29:33,304 [INFO] CodeEngine:289 - Generated code: D:\projects\stm32_cube_ide\blink\Core\Inc\gpio.h
2026-01-03 15:29:33,334 [INFO] CodeEngine:265 - oldGeneratedFile, D:\projects\stm32_cube_ide\blink\Core\Src\stm32f1xx_it.c_save
2026-01-03 15:29:33,649 [INFO] CodeEngine:289 - Generated code: D:\projects\stm32_cube_ide\blink\Core\Src\stm32f1xx_it.c
2026-01-03 15:29:33,657 [INFO] CodeEngine:265 - oldGeneratedFile, D:\projects\stm32_cube_ide\blink\Core\Inc\stm32f1xx_it.h_save
2026-01-03 15:29:33,770 [INFO] CodeEngine:289 - Generated code: D:\projects\stm32_cube_ide\blink\Core\Inc\stm32f1xx_it.h
2026-01-03 15:29:33,787 [INFO] CodeEngine:265 - oldGeneratedFile, D:\projects\stm32_cube_ide\blink\Core\Src\stm32f1xx_hal_msp.c_save
2026-01-03 15:29:33,975 [INFO] CodeEngine:289 - Generated code: D:\projects\stm32_cube_ide\blink\Core\Src\stm32f1xx_hal_msp.c
2026-01-03 15:29:33,982 [INFO] CodeEngine:265 - oldGeneratedFile, D:\projects\stm32_cube_ide\blink\MXTmpFiles\system.tmp_save
2026-01-03 15:29:34,082 [INFO] CodeEngine:289 - Generated code: D:\projects\stm32_cube_ide\blink\MXTmpFiles\system.tmp
2026-01-03 15:29:34,098 [INFO] CodeEngine:321 - oldGeneratedFile, D:\projects\stm32_cube_ide\blink\Core\Inc\stm32f1xx_hal_conf.h_save
2026-01-03 15:29:34,217 [INFO] CodeEngine:345 - Generated code: D:\projects\stm32_cube_ide\blink\Core\Inc\stm32f1xx_hal_conf.h
2026-01-03 15:29:34,268 [INFO] CodeEngine:265 - oldGeneratedFile, D:\projects\stm32_cube_ide\blink\Core\Inc\main.h_save
2026-01-03 15:29:34,428 [INFO] CodeEngine:289 - Generated code: D:\projects\stm32_cube_ide\blink\Core\Inc\main.h
2026-01-03 15:29:34,438 [INFO] CodeEngine:265 - oldGeneratedFile, D:\projects\stm32_cube_ide\blink\Core\Src\main.c_save
2026-01-03 15:29:34,601 [INFO] CodeEngine:289 - Generated code: D:\projects\stm32_cube_ide\blink\Core\Src\main.c
2026-01-03 15:29:35,072 [INFO] ProjectBuilder:3606 - Time for Copy HAL[1] : 204mS.
2026-01-03 15:29:35,078 [INFO] ProjectBuilder:5216 - Project Generator version: 4.7.0-B52
2026-01-03 15:29:35,202 [INFO] ConfigFileManager:1595 - The Die is : DIE410
2026-01-03 15:29:36,431 [INFO] ProjectBuilder:5496 - Time for Generating toolchain IDE Files: 1352mS.
2026-01-03 15:29:36,432 [INFO] ProjectBuilder:3463 - Time for Copy CMSIS : 0mS.
2026-01-03 15:29:36,435 [INFO] ProjectBuilder:3463 - Time for Copy CMSIS : 0mS.
2026-01-03 15:54:23,035 [INFO] Gpio:278 - dependency for GPIO [RCC]
2026-01-03 15:54:28,063 [INFO] Gpio:278 - dependency for GPIO [RCC]
2026-01-03 15:54:29,697 [INFO] UtilMem:75 - End SaveConfig() Used Memory: 704581048 Bytes (1073741824)
2026-01-03 15:54:31,432 [INFO] UtilMem:75 - End SaveConfig() Used Memory: 722732600 Bytes (1073741824)
2026-01-03 15:54:34,866 [INFO] UtilMem:75 - End SaveConfig() Used Memory: 785843640 Bytes (1073741824)
2026-01-03 15:54:35,302 [INFO] BlockDiagram:2775 - set Specific Code input for plugin: NVIC
2026-01-03 15:54:35,304 [INFO] BlockDiagram:2775 - set Specific Code input for plugin: SYS
2026-01-03 15:54:35,304 [INFO] BlockDiagram:2775 - set Specific Code input for plugin: GPIO
2026-01-03 15:54:35,304 [INFO] BlockDiagram:2775 - set Specific Code input for plugin: RCC
2026-01-03 15:54:35,305 [INFO] CodeGenerator:892 - code generatio: config db path: D:\installs\STM32CubeIDE_1.19.0\STM32CubeIDE\plugins\com.st.stm32cube.common.mx_6.15.0.202507011659\\db\
2026-01-03 15:54:35,397 [INFO] CodeEngine:265 - oldGeneratedFile, D:\projects\stm32_cube_ide\blink\MXTmpFiles\license.tmp_save
2026-01-03 15:54:35,529 [INFO] CodeEngine:289 - Generated code: D:\projects\stm32_cube_ide\blink\MXTmpFiles\license.tmp
2026-01-03 15:54:35,556 [INFO] CodeEngine:265 - oldGeneratedFile, D:\projects\stm32_cube_ide\blink\Core\Src\gpio.c_save
2026-01-03 15:54:35,679 [INFO] CodeEngine:289 - Generated code: D:\projects\stm32_cube_ide\blink\Core\Src\gpio.c
2026-01-03 15:54:35,688 [INFO] CodeEngine:265 - oldGeneratedFile, D:\projects\stm32_cube_ide\blink\Core\Inc\gpio.h_save
2026-01-03 15:54:35,788 [INFO] CodeEngine:289 - Generated code: D:\projects\stm32_cube_ide\blink\Core\Inc\gpio.h
2026-01-03 15:54:35,813 [INFO] CodeEngine:265 - oldGeneratedFile, D:\projects\stm32_cube_ide\blink\Core\Src\stm32f1xx_it.c_save
2026-01-03 15:54:36,098 [INFO] CodeEngine:289 - Generated code: D:\projects\stm32_cube_ide\blink\Core\Src\stm32f1xx_it.c
2026-01-03 15:54:36,105 [INFO] CodeEngine:265 - oldGeneratedFile, D:\projects\stm32_cube_ide\blink\Core\Inc\stm32f1xx_it.h_save
2026-01-03 15:54:36,210 [INFO] CodeEngine:289 - Generated code: D:\projects\stm32_cube_ide\blink\Core\Inc\stm32f1xx_it.h
2026-01-03 15:54:36,226 [INFO] CodeEngine:265 - oldGeneratedFile, D:\projects\stm32_cube_ide\blink\Core\Src\stm32f1xx_hal_msp.c_save
2026-01-03 15:54:36,386 [INFO] CodeEngine:289 - Generated code: D:\projects\stm32_cube_ide\blink\Core\Src\stm32f1xx_hal_msp.c
2026-01-03 15:54:36,392 [INFO] CodeEngine:265 - oldGeneratedFile, D:\projects\stm32_cube_ide\blink\MXTmpFiles\system.tmp_save
2026-01-03 15:54:36,489 [INFO] CodeEngine:289 - Generated code: D:\projects\stm32_cube_ide\blink\MXTmpFiles\system.tmp
2026-01-03 15:54:36,504 [INFO] CodeEngine:321 - oldGeneratedFile, D:\projects\stm32_cube_ide\blink\Core\Inc\stm32f1xx_hal_conf.h_save
2026-01-03 15:54:36,616 [INFO] CodeEngine:345 - Generated code: D:\projects\stm32_cube_ide\blink\Core\Inc\stm32f1xx_hal_conf.h
2026-01-03 15:54:36,655 [INFO] CodeEngine:265 - oldGeneratedFile, D:\projects\stm32_cube_ide\blink\Core\Inc\main.h_save
2026-01-03 15:54:36,798 [INFO] CodeEngine:289 - Generated code: D:\projects\stm32_cube_ide\blink\Core\Inc\main.h
2026-01-03 15:54:36,807 [INFO] CodeEngine:265 - oldGeneratedFile, D:\projects\stm32_cube_ide\blink\Core\Src\main.c_save
2026-01-03 15:54:36,957 [INFO] CodeEngine:289 - Generated code: D:\projects\stm32_cube_ide\blink\Core\Src\main.c
2026-01-03 15:54:37,424 [INFO] ProjectBuilder:3606 - Time for Copy HAL[1] : 208mS.
2026-01-03 15:54:37,431 [INFO] ProjectBuilder:5216 - Project Generator version: 4.7.0-B52
2026-01-03 15:54:37,567 [INFO] ConfigFileManager:1595 - The Die is : DIE410
2026-01-03 15:54:38,848 [INFO] ProjectBuilder:5496 - Time for Generating toolchain IDE Files: 1418mS.
2026-01-03 15:54:38,849 [INFO] ProjectBuilder:3463 - Time for Copy CMSIS : 0mS.
2026-01-03 15:54:38,854 [INFO] ProjectBuilder:3463 - Time for Copy CMSIS : 0mS.
2026-01-03 15:56:09,122 [INFO] UtilMem:75 - End SaveConfig() Used Memory: 985182112 Bytes (1073741824)
2026-01-03 15:56:10,319 [INFO] UtilMem:75 - End SaveConfig() Used Memory: 663548560 Bytes (1073741824)
2026-01-03 15:56:13,904 [INFO] UtilMem:75 - End SaveConfig() Used Memory: 735378064 Bytes (1073741824)
2026-01-03 15:56:14,314 [INFO] BlockDiagram:2775 - set Specific Code input for plugin: NVIC
2026-01-03 15:56:14,314 [INFO] BlockDiagram:2775 - set Specific Code input for plugin: SYS
2026-01-03 15:56:14,314 [INFO] BlockDiagram:2775 - set Specific Code input for plugin: GPIO
2026-01-03 15:56:14,314 [INFO] BlockDiagram:2775 - set Specific Code input for plugin: RCC
2026-01-03 15:56:14,316 [INFO] CodeGenerator:892 - code generatio: config db path: D:\installs\STM32CubeIDE_1.19.0\STM32CubeIDE\plugins\com.st.stm32cube.common.mx_6.15.0.202507011659\\db\
2026-01-03 15:56:14,428 [INFO] CodeEngine:265 - oldGeneratedFile, D:\projects\stm32_cube_ide\blink\MXTmpFiles\license.tmp_save
2026-01-03 15:56:14,539 [INFO] CodeEngine:289 - Generated code: D:\projects\stm32_cube_ide\blink\MXTmpFiles\license.tmp
2026-01-03 15:56:14,567 [INFO] CodeEngine:265 - oldGeneratedFile, D:\projects\stm32_cube_ide\blink\Core\Src\gpio.c_save
2026-01-03 15:56:14,718 [INFO] CodeEngine:289 - Generated code: D:\projects\stm32_cube_ide\blink\Core\Src\gpio.c
2026-01-03 15:56:14,729 [INFO] CodeEngine:265 - oldGeneratedFile, D:\projects\stm32_cube_ide\blink\Core\Inc\gpio.h_save
2026-01-03 15:56:14,827 [INFO] CodeEngine:289 - Generated code: D:\projects\stm32_cube_ide\blink\Core\Inc\gpio.h
2026-01-03 15:56:14,853 [INFO] CodeEngine:265 - oldGeneratedFile, D:\projects\stm32_cube_ide\blink\Core\Src\stm32f1xx_it.c_save
2026-01-03 15:56:14,968 [INFO] CodeEngine:289 - Generated code: D:\projects\stm32_cube_ide\blink\Core\Src\stm32f1xx_it.c
2026-01-03 15:56:14,977 [INFO] CodeEngine:265 - oldGeneratedFile, D:\projects\stm32_cube_ide\blink\Core\Inc\stm32f1xx_it.h_save
2026-01-03 15:56:15,077 [INFO] CodeEngine:289 - Generated code: D:\projects\stm32_cube_ide\blink\Core\Inc\stm32f1xx_it.h
2026-01-03 15:56:15,094 [INFO] CodeEngine:265 - oldGeneratedFile, D:\projects\stm32_cube_ide\blink\Core\Src\stm32f1xx_hal_msp.c_save
2026-01-03 15:56:15,240 [INFO] CodeEngine:289 - Generated code: D:\projects\stm32_cube_ide\blink\Core\Src\stm32f1xx_hal_msp.c
2026-01-03 15:56:15,246 [INFO] CodeEngine:265 - oldGeneratedFile, D:\projects\stm32_cube_ide\blink\MXTmpFiles\system.tmp_save
2026-01-03 15:56:15,344 [INFO] CodeEngine:289 - Generated code: D:\projects\stm32_cube_ide\blink\MXTmpFiles\system.tmp
2026-01-03 15:56:15,360 [INFO] CodeEngine:321 - oldGeneratedFile, D:\projects\stm32_cube_ide\blink\Core\Inc\stm32f1xx_hal_conf.h_save
2026-01-03 15:56:15,472 [INFO] CodeEngine:345 - Generated code: D:\projects\stm32_cube_ide\blink\Core\Inc\stm32f1xx_hal_conf.h
2026-01-03 15:56:15,509 [INFO] CodeEngine:265 - oldGeneratedFile, D:\projects\stm32_cube_ide\blink\Core\Inc\main.h_save
2026-01-03 15:56:15,624 [INFO] CodeEngine:289 - Generated code: D:\projects\stm32_cube_ide\blink\Core\Inc\main.h
2026-01-03 15:56:15,633 [INFO] CodeEngine:265 - oldGeneratedFile, D:\projects\stm32_cube_ide\blink\Core\Src\main.c_save
2026-01-03 15:56:15,783 [INFO] CodeEngine:289 - Generated code: D:\projects\stm32_cube_ide\blink\Core\Src\main.c
2026-01-03 15:56:16,236 [INFO] ProjectBuilder:3606 - Time for Copy HAL[1] : 198mS.
2026-01-03 15:56:16,240 [INFO] ProjectBuilder:5216 - Project Generator version: 4.7.0-B52
2026-01-03 15:56:16,358 [INFO] ConfigFileManager:1595 - The Die is : DIE410
2026-01-03 15:56:17,448 [INFO] ProjectBuilder:5496 - Time for Generating toolchain IDE Files: 1209mS.
2026-01-03 15:56:17,449 [INFO] ProjectBuilder:3463 - Time for Copy CMSIS : 1mS.
2026-01-03 15:56:17,451 [INFO] ProjectBuilder:3463 - Time for Copy CMSIS : 0mS.
2026-01-03 16:00:29,083 [INFO] Gpio:278 - dependency for GPIO [RCC]
2026-01-03 16:00:36,160 [ERROR] LogOutputStream:75 - [STDERR_REDIRECT] Exception in thread "AWT-EventQueue-0" java.lang.ClassCastException: class sun.awt.windows.WEmbeddedFrame cannot be cast to class javax.swing.JFrame (sun.awt.windows.WEmbeddedFrame and javax.swing.JFrame are in module java.desktop of loader 'bootstrap')
2026-01-03 16:00:36,168 [ERROR] LogOutputStream:75 - [STDERR_REDIRECT] 	at com.st.microxplorer.plugins.clock.ClockConfigurationView.activatePlugin(ClockConfigurationView.java:424)
2026-01-03 16:00:36,177 [ERROR] LogOutputStream:75 - [STDERR_REDIRECT] 	at com.st.microxplorer.maingui.MainPanel$1.stateChanged(MainPanel.java:385)
2026-01-03 16:00:36,181 [ERROR] LogOutputStream:75 - [STDERR_REDIRECT] 	at java.desktop/javax.swing.JTabbedPane.fireStateChanged(JTabbedPane.java:446)
2026-01-03 16:00:36,185 [ERROR] LogOutputStream:75 - [STDERR_REDIRECT] 	at java.desktop/javax.swing.JTabbedPane$ModelListener.stateChanged(JTabbedPane.java:297)
2026-01-03 16:00:36,190 [ERROR] LogOutputStream:75 - [STDERR_REDIRECT] 	at java.desktop/javax.swing.DefaultSingleSelectionModel.fireStateChanged(DefaultSingleSelectionModel.java:148)
2026-01-03 16:00:36,193 [ERROR] LogOutputStream:75 - [STDERR_REDIRECT] 	at java.desktop/javax.swing.DefaultSingleSelectionModel.setSelectedIndex(DefaultSingleSelectionModel.java:79)
2026-01-03 16:00:36,195 [ERROR] LogOutputStream:75 - [STDERR_REDIRECT] 	at java.desktop/javax.swing.JTabbedPane.setSelectedIndexImpl(JTabbedPane.java:650)
2026-01-03 16:00:36,199 [ERROR] LogOutputStream:75 - [STDERR_REDIRECT] 	at java.desktop/javax.swing.JTabbedPane.setSelectedIndex(JTabbedPane.java:625)
2026-01-03 16:00:36,202 [ERROR] LogOutputStream:75 - [STDERR_REDIRECT] 	at java.desktop/javax.swing.plaf.basic.BasicTabbedPaneUI$Handler.mousePressed(BasicTabbedPaneUI.java:4140)
2026-01-03 16:00:36,204 [ERROR] LogOutputStream:75 - [STDERR_REDIRECT] 	at java.desktop/java.awt.Component.processMouseEvent(Component.java:6618)
2026-01-03 16:00:36,208 [ERROR] LogOutputStream:75 - [STDERR_REDIRECT] 	at java.desktop/javax.swing.JComponent.processMouseEvent(JComponent.java:3398)
2026-01-03 16:00:36,210 [ERROR] LogOutputStream:75 - [STDERR_REDIRECT] 	at java.desktop/java.awt.Component.processEvent(Component.java:6386)
2026-01-03 16:00:36,211 [ERROR] LogOutputStream:75 - [STDERR_REDIRECT] 	at java.desktop/java.awt.Container.processEvent(Container.java:2266)
2026-01-03 16:00:36,213 [ERROR] LogOutputStream:75 - [STDERR_REDIRECT] 	at java.desktop/java.awt.Component.dispatchEventImpl(Component.java:4996)
2026-01-03 16:00:36,216 [ERROR] LogOutputStream:75 - [STDERR_REDIRECT] 	at java.desktop/java.awt.Container.dispatchEventImpl(Container.java:2324)
2026-01-03 16:00:36,219 [ERROR] LogOutputStream:75 - [STDERR_REDIRECT] 	at java.desktop/java.awt.Component.dispatchEvent(Component.java:4828)
2026-01-03 16:00:36,221 [ERROR] LogOutputStream:75 - [STDERR_REDIRECT] 	at java.desktop/java.awt.LightweightDispatcher.retargetMouseEvent(Container.java:4948)
2026-01-03 16:00:36,223 [ERROR] LogOutputStream:75 - [STDERR_REDIRECT] 	at java.desktop/java.awt.LightweightDispatcher.processMouseEvent(Container.java:4572)
2026-01-03 16:00:36,225 [ERROR] LogOutputStream:75 - [STDERR_REDIRECT] 	at java.desktop/java.awt.LightweightDispatcher.dispatchEvent(Container.java:4516)
2026-01-03 16:00:36,228 [ERROR] LogOutputStream:75 - [STDERR_REDIRECT] 	at java.desktop/java.awt.Container.dispatchEventImpl(Container.java:2310)
2026-01-03 16:00:36,229 [ERROR] LogOutputStream:75 - [STDERR_REDIRECT] 	at java.desktop/java.awt.Component.dispatchEvent(Component.java:4828)
2026-01-03 16:00:36,232 [ERROR] LogOutputStream:75 - [STDERR_REDIRECT] 	at java.desktop/java.awt.EventQueue.dispatchEventImpl(EventQueue.java:775)
2026-01-03 16:00:36,234 [ERROR] LogOutputStream:75 - [STDERR_REDIRECT] 	at java.desktop/java.awt.EventQueue$4.run(EventQueue.java:720)
2026-01-03 16:00:36,236 [ERROR] LogOutputStream:75 - [STDERR_REDIRECT] 	at java.desktop/java.awt.EventQueue$4.run(EventQueue.java:714)
2026-01-03 16:00:36,238 [ERROR] LogOutputStream:75 - [STDERR_REDIRECT] 	at java.base/java.security.AccessController.doPrivileged(AccessController.java:400)
2026-01-03 16:00:36,241 [ERROR] LogOutputStream:75 - [STDERR_REDIRECT] 	at java.base/java.security.ProtectionDomain$JavaSecurityAccessImpl.doIntersectionPrivilege(ProtectionDomain.java:87)
2026-01-03 16:00:36,244 [ERROR] LogOutputStream:75 - [STDERR_REDIRECT] 	at java.base/java.security.ProtectionDomain$JavaSecurityAccessImpl.doIntersectionPrivilege(ProtectionDomain.java:98)
2026-01-03 16:00:36,245 [ERROR] LogOutputStream:75 - [STDERR_REDIRECT] 	at java.desktop/java.awt.EventQueue$5.run(EventQueue.java:747)
2026-01-03 16:00:36,247 [ERROR] LogOutputStream:75 - [STDERR_REDIRECT] 	at java.desktop/java.awt.EventQueue$5.run(EventQueue.java:745)
2026-01-03 16:00:36,250 [ERROR] LogOutputStream:75 - [STDERR_REDIRECT] 	at java.base/java.security.AccessController.doPrivileged(AccessController.java:400)
2026-01-03 16:00:36,252 [ERROR] LogOutputStream:75 - [STDERR_REDIRECT] 	at java.base/java.security.ProtectionDomain$JavaSecurityAccessImpl.doIntersectionPrivilege(ProtectionDomain.java:87)
2026-01-03 16:00:36,255 [ERROR] LogOutputStream:75 - [STDERR_REDIRECT] 	at java.desktop/java.awt.EventQueue.dispatchEvent(EventQueue.java:744)
2026-01-03 16:00:36,258 [ERROR] LogOutputStream:75 - [STDERR_REDIRECT] 	at java.desktop/java.awt.EventDispatchThread.pumpOneEventForFilters(EventDispatchThread.java:203)
2026-01-03 16:00:36,261 [ERROR] LogOutputStream:75 - [STDERR_REDIRECT] 	at java.desktop/java.awt.EventDispatchThread.pumpEventsForFilter(EventDispatchThread.java:124)
2026-01-03 16:00:36,264 [ERROR] LogOutputStream:75 - [STDERR_REDIRECT] 	at java.desktop/java.awt.EventDispatchThread.pumpEventsForHierarchy(EventDispatchThread.java:113)
2026-01-03 16:00:36,267 [ERROR] LogOutputStream:75 - [STDERR_REDIRECT] 	at java.desktop/java.awt.EventDispatchThread.pumpEvents(EventDispatchThread.java:109)
2026-01-03 16:00:36,268 [ERROR] LogOutputStream:75 - [STDERR_REDIRECT] 	at java.desktop/java.awt.EventDispatchThread.pumpEvents(EventDispatchThread.java:101)
2026-01-03 16:00:36,270 [ERROR] LogOutputStream:75 - [STDERR_REDIRECT] 	at java.desktop/java.awt.EventDispatchThread.run(EventDispatchThread.java:90)
2026-01-03 16:00:57,027 [INFO] UtilMem:75 - End SaveConfig() Used Memory: 729966872 Bytes (1073741824)
2026-01-03 16:00:58,976 [INFO] UtilMem:75 - End SaveConfig() Used Memory: 753548200 Bytes (1073741824)
2026-01-03 16:01:01,770 [INFO] UtilMem:75 - End SaveConfig() Used Memory: 814365608 Bytes (1073741824)
2026-01-03 16:01:02,309 [INFO] BlockDiagram:2775 - set Specific Code input for plugin: NVIC
2026-01-03 16:01:02,309 [INFO] BlockDiagram:2775 - set Specific Code input for plugin: SYS
2026-01-03 16:01:02,311 [INFO] BlockDiagram:2775 - set Specific Code input for plugin: GPIO
2026-01-03 16:01:02,311 [INFO] BlockDiagram:2775 - set Specific Code input for plugin: RCC
2026-01-03 16:01:02,312 [INFO] CodeGenerator:892 - code generatio: config db path: D:\installs\STM32CubeIDE_1.19.0\STM32CubeIDE\plugins\com.st.stm32cube.common.mx_6.15.0.202507011659\\db\
2026-01-03 16:01:02,421 [INFO] CodeEngine:265 - oldGeneratedFile, D:\projects\stm32_cube_ide\blink\MXTmpFiles\license.tmp_save
2026-01-03 16:01:02,770 [INFO] CodeEngine:289 - Generated code: D:\projects\stm32_cube_ide\blink\MXTmpFiles\license.tmp
2026-01-03 16:01:02,814 [INFO] CodeEngine:265 - oldGeneratedFile, D:\projects\stm32_cube_ide\blink\Core\Src\gpio.c_save
2026-01-03 16:01:03,002 [INFO] CodeEngine:289 - Generated code: D:\projects\stm32_cube_ide\blink\Core\Src\gpio.c
2026-01-03 16:01:03,012 [INFO] CodeEngine:265 - oldGeneratedFile, D:\projects\stm32_cube_ide\blink\Core\Inc\gpio.h_save
2026-01-03 16:01:03,143 [INFO] CodeEngine:289 - Generated code: D:\projects\stm32_cube_ide\blink\Core\Inc\gpio.h
2026-01-03 16:01:03,174 [INFO] CodeEngine:265 - oldGeneratedFile, D:\projects\stm32_cube_ide\blink\Core\Src\stm32f1xx_it.c_save
2026-01-03 16:01:03,586 [INFO] CodeEngine:289 - Generated code: D:\projects\stm32_cube_ide\blink\Core\Src\stm32f1xx_it.c
2026-01-03 16:01:03,595 [INFO] CodeEngine:265 - oldGeneratedFile, D:\projects\stm32_cube_ide\blink\Core\Inc\stm32f1xx_it.h_save
2026-01-03 16:01:03,718 [INFO] CodeEngine:289 - Generated code: D:\projects\stm32_cube_ide\blink\Core\Inc\stm32f1xx_it.h
2026-01-03 16:01:03,737 [INFO] CodeEngine:265 - oldGeneratedFile, D:\projects\stm32_cube_ide\blink\Core\Src\stm32f1xx_hal_msp.c_save
2026-01-03 16:01:03,946 [INFO] CodeEngine:289 - Generated code: D:\projects\stm32_cube_ide\blink\Core\Src\stm32f1xx_hal_msp.c
2026-01-03 16:01:03,953 [INFO] CodeEngine:265 - oldGeneratedFile, D:\projects\stm32_cube_ide\blink\MXTmpFiles\system.tmp_save
2026-01-03 16:01:04,072 [INFO] CodeEngine:289 - Generated code: D:\projects\stm32_cube_ide\blink\MXTmpFiles\system.tmp
2026-01-03 16:01:04,092 [INFO] CodeEngine:321 - oldGeneratedFile, D:\projects\stm32_cube_ide\blink\Core\Inc\stm32f1xx_hal_conf.h_save
2026-01-03 16:01:04,230 [INFO] CodeEngine:345 - Generated code: D:\projects\stm32_cube_ide\blink\Core\Inc\stm32f1xx_hal_conf.h
2026-01-03 16:01:04,281 [INFO] CodeEngine:265 - oldGeneratedFile, D:\projects\stm32_cube_ide\blink\Core\Inc\main.h_save
2026-01-03 16:01:04,457 [INFO] CodeEngine:289 - Generated code: D:\projects\stm32_cube_ide\blink\Core\Inc\main.h
2026-01-03 16:01:04,465 [INFO] CodeEngine:265 - oldGeneratedFile, D:\projects\stm32_cube_ide\blink\Core\Src\main.c_save
2026-01-03 16:01:04,644 [INFO] CodeEngine:289 - Generated code: D:\projects\stm32_cube_ide\blink\Core\Src\main.c
2026-01-03 16:01:05,109 [INFO] ProjectBuilder:3606 - Time for Copy HAL[1] : 206mS.
2026-01-03 16:01:05,114 [INFO] ProjectBuilder:5216 - Project Generator version: 4.7.0-B52
2026-01-03 16:01:05,250 [INFO] ConfigFileManager:1595 - The Die is : DIE410
2026-01-03 16:01:07,233 [INFO] ProjectBuilder:5496 - Time for Generating toolchain IDE Files: 2119mS.
2026-01-03 16:01:07,234 [INFO] ProjectBuilder:3463 - Time for Copy CMSIS : 0mS.
2026-01-03 16:01:07,239 [INFO] ProjectBuilder:3463 - Time for Copy CMSIS : 0mS.
2026-01-03 16:14:05,330 [INFO] MainUpdater:2872 - connection check result : 10
2026-01-03 16:14:05,575 [INFO] McuFinderGlobals:76 - Set McuFinderConnectedMode to true
2026-01-03 16:14:05,577 [INFO] MultiScanPanel:200 - Auto-refresh data requested => check proxy status ongoing
2026-01-03 16:14:05,578 [INFO] FinderPluginLoader:96 - Searching for filters in installed packs
2026-01-03 16:14:09,153 [INFO] LoadUrlFilesThread:185 - End of LoadServerUrlFiles without Thread
2026-01-03 16:14:09,154 [INFO] DetailPanel:341 - Set advertising image to C:/Users/22142/STM32Cube/Repository/\en.prom-st67w-expansion-board.png
2026-01-03 16:14:34,976 [INFO] MainUpdater:2872 - connection check result : 10
2026-01-03 16:14:34,976 [INFO] MainUpdater:2872 - connection check result : 10
2026-01-03 16:14:35,041 [INFO] MicroXplorer:468 - Change Database Path : 
2026-01-03 16:14:35,041 [INFO] MicroXplorer:498 - Change Database Version : DB.6.0.150
2026-01-03 16:14:35,069 [ERROR] ProjectManagerView:395 - 
java.lang.NullPointerException: Cannot invoke "javax.swing.JTextField.getText()" because the return value of "java.util.List.get(int)" is null
	at com.st.microxplorer.plugins.projectmanager.gui.ProjectChoiceTab$9.caretUpdate(ProjectChoiceTab.java:2706) ~[filemanager.jar:?]
	at javax.swing.text.JTextComponent.fireCaretUpdate(JTextComponent.java:408) ~[?:?]
	at javax.swing.text.JTextComponent$MutableCaretEvent.fire(JTextComponent.java:4484) ~[?:?]
	at javax.swing.text.JTextComponent$MutableCaretEvent.stateChanged(JTextComponent.java:4506) ~[?:?]
	at javax.swing.text.DefaultCaret.fireStateChanged(DefaultCaret.java:857) ~[?:?]
	at javax.swing.text.DefaultCaret.changeCaretPosition(DefaultCaret.java:1343) ~[?:?]
	at javax.swing.text.DefaultCaret.handleSetDot(DefaultCaret.java:1242) ~[?:?]
	at javax.swing.text.DefaultCaret.setDot(DefaultCaret.java:1223) ~[?:?]
	at javax.swing.text.DefaultCaret$Handler.insertUpdate(DefaultCaret.java:1819) ~[?:?]
	at javax.swing.text.AbstractDocument.fireInsertUpdate(AbstractDocument.java:227) ~[?:?]
	at javax.swing.text.AbstractDocument.handleInsertString(AbstractDocument.java:781) ~[?:?]
	at javax.swing.text.AbstractDocument.insertString(AbstractDocument.java:740) ~[?:?]
	at javax.swing.text.PlainDocument.insertString(PlainDocument.java:131) ~[?:?]
	at javax.swing.text.AbstractDocument.replace(AbstractDocument.java:699) ~[?:?]
	at javax.swing.text.JTextComponent.setText(JTextComponent.java:1725) ~[?:?]
	at com.st.microxplorer.plugins.projectmanager.gui.ProjectChoiceTab.createHeapStackFields(ProjectChoiceTab.java:993) ~[filemanager.jar:?]
	at com.st.microxplorer.plugins.projectmanager.gui.ProjectChoiceTab.buildLinkSettingsPanel(ProjectChoiceTab.java:3813) ~[filemanager.jar:?]
	at com.st.microxplorer.plugins.projectmanager.gui.ProjectChoiceTab.defineWindowsFields(ProjectChoiceTab.java:1987) ~[filemanager.jar:?]
	at com.st.microxplorer.plugins.projectmanager.gui.ProjectChoiceTab.updateSettings(ProjectChoiceTab.java:558) ~[filemanager.jar:?]
	at com.st.microxplorer.plugins.projectmanager.gui.ProjectSettingsPanel.UpdateDialog(ProjectSettingsPanel.java:247) ~[filemanager.jar:?]
	at com.st.microxplorer.plugins.projectmanager.ProjectManagerView.propertyChange(ProjectManagerView.java:392) ~[filemanager.jar:?]
	at java.beans.PropertyChangeSupport.fire(PropertyChangeSupport.java:343) ~[?:?]
	at java.beans.PropertyChangeSupport.firePropertyChange(PropertyChangeSupport.java:335) ~[?:?]
	at java.beans.PropertyChangeSupport.firePropertyChange(PropertyChangeSupport.java:268) ~[?:?]
	at com.st.microxplorer.util.MXPropertyChangeSupport.firePropertyChange(MXPropertyChangeSupport.java:54) ~[STM32CubeMX.jar:?]
	at com.st.microxplorer.mxsystem.MxSystem.closeConfig(MxSystem.java:899) ~[STM32CubeMX.jar:?]
	at com.st.microxplorer.maingui.MainPanel.closeConfig(MainPanel.java:792) ~[STM32CubeMX.jar:?]
	at com.st.microxplorer.plugins.filemanager.engine.OpenFileManager.loadConfigurationFile(OpenFileManager.java:288) ~[filemanager.jar:?]
	at com.st.microxplorer.plugins.filemanager.engine.MainFileManager.userLoadConfig(MainFileManager.java:364) ~[filemanager.jar:?]
	at com.st.microxplorer.plugins.filemanager.engine.MainFileManager.userLoadConfig(MainFileManager.java:342) ~[filemanager.jar:?]
	at com.st.microxplorer.plugins.filemanager.FileManagerView.getSpecificTask(FileManagerView.java:264) ~[filemanager.jar:?]
	at com.st.stm32cube.common.mx.editor.CubeMxEditor.getMxTabbedPaneInstance(CubeMxEditor.java:1198) ~[com.st.stm32cube.common.mx_6.15.0.202507011659/:?]
	at com.st.stm32cube.common.mx.editor.CubeMxEditor$12$1.createSwingComponent(CubeMxEditor.java:1068) ~[com.st.stm32cube.common.mx_6.15.0.202507011659/:?]
	at com.st.stm32cube.common.mx.oss.core.awtswtbridge.EmbeddedSwingComposite.doComponentCreation(EmbeddedSwingComposite.java:492) ~[com.st.stm32cube.common.mx.oss_6.15.0.202507011659/:?]
	at com.st.stm32cube.common.mx.oss.core.awtswtbridge.EmbeddedSwingComposite$4.run(EmbeddedSwingComposite.java:291) ~[com.st.stm32cube.common.mx.oss_6.15.0.202507011659/:?]
	at com.st.stm32cube.common.mx.oss.core.awtswtbridge.AwtEnvironment$2.run(AwtEnvironment.java:166) ~[com.st.stm32cube.common.mx.oss_6.15.0.202507011659/:?]
	at java.awt.event.InvocationEvent.dispatch(InvocationEvent.java:318) ~[?:?]
	at java.awt.EventQueue.dispatchEventImpl(EventQueue.java:773) ~[?:?]
	at java.awt.EventQueue$4.run(EventQueue.java:720) ~[?:?]
	at java.awt.EventQueue$4.run(EventQueue.java:714) ~[?:?]
	at java.security.AccessController.doPrivileged(AccessController.java:400) ~[?:?]
	at java.security.ProtectionDomain$JavaSecurityAccessImpl.doIntersectionPrivilege(ProtectionDomain.java:87) ~[?:?]
	at java.awt.EventQueue.dispatchEvent(EventQueue.java:742) ~[?:?]
	at java.awt.EventDispatchThread.pumpOneEventForFilters(EventDispatchThread.java:203) ~[?:?]
	at java.awt.EventDispatchThread.pumpEventsForFilter(EventDispatchThread.java:124) ~[?:?]
	at java.awt.EventDispatchThread.pumpEventsForHierarchy(EventDispatchThread.java:113) ~[?:?]
	at java.awt.EventDispatchThread.pumpEvents(EventDispatchThread.java:109) ~[?:?]
	at java.awt.EventDispatchThread.pumpEvents(EventDispatchThread.java:101) ~[?:?]
	at java.awt.EventDispatchThread.run(EventDispatchThread.java:90) ~[?:?]
2026-01-03 16:14:35,085 [WARN] ThirdParty:871 - waiting for thirdparty lock release [close project]
2026-01-03 16:14:35,085 [INFO] ThirdParty:873 - entering critical section [close project]
2026-01-03 16:14:35,086 [INFO] ThirdParty:883 - exiting critical section [close project]
2026-01-03 16:14:35,087 [INFO] PinOutPanel:1589 - setPackage(No Configuration,No Configuration)
2026-01-03 16:14:35,100 [INFO] UtilMem:75 - Begin LoadConfig() Used Memory: 743333544 Bytes (1073741824)
2026-01-03 16:14:35,101 [INFO] MicroXplorer:468 - Change Database Path : 
2026-01-03 16:14:35,101 [INFO] MicroXplorer:498 - Change Database Version : DB.6.0.150
2026-01-03 16:14:35,102 [INFO] OpenFileManager:355 - Change cursor
2026-01-03 16:14:35,146 [INFO] RulesReader:64 - Compatibility file has been processed (317 Rules)
2026-01-03 16:14:35,153 [INFO] Mcu:2029 - Initializing MCU STM32F103C8Tx STM32F103C8Tx STM32F103C8T6
2026-01-03 16:14:36,291 [INFO] Context:786 - Trying to add GPIOservice into a context  which must be forbidden
2026-01-03 16:14:36,546 [INFO] ImportTextPane:234 - (OptionalMessage_ERROR) Unable to find key (Mcu.ThirdPartyNb) in loaded IOC file
2026-01-03 16:14:36,546 [INFO] ImportTextPane:234 - (OptionalMessage_ERROR) Unable to find key (Mcu.PinsNb) in loaded IOC file
2026-01-03 16:14:36,547 [INFO] ImportTextPane:234 - (OptionalMessage_ERROR) Pin0 (VP_RIF_VS_RIF1) cannot be retrieved for this MCU
2026-01-03 16:14:36,548 [INFO] ImportTextPane:234 - (OptionalMessage_ERROR) Unable to find key (Mcu.IPNb) in loaded IOC file
2026-01-03 16:14:36,614 [INFO] RtosManager:558 - Registered RTOS mode: class=CMSIS, group=RTOS, mode=CMSIS_V1, owner=FREERTOS
2026-01-03 16:14:36,615 [INFO] RtosManager:558 - Registered RTOS mode: class=CMSIS, group=RTOS2, mode=CMSIS_V2, owner=FREERTOS
2026-01-03 16:14:36,615 [INFO] RtosManager:558 - Registered RTOS mode: class=RTOS, group=Core, mode=CMSIS_V1, owner=FREERTOS
2026-01-03 16:14:36,615 [INFO] RtosManager:558 - Registered RTOS mode: class=RTOS, group=Core, mode=CMSIS_V2, owner=FREERTOS
2026-01-03 16:14:36,615 [WARN] ModelIntegratedComponent:184 - Missing modes for component STMicroelectronics:FreeRTOS:0.0.1:STMicroelectronics:RTOS:FreeRTOS:Core:::10.2.0:
2026-01-03 16:14:36,642 [WARN] ModelIntegratedComponent:63 - No mode defined for component null
2026-01-03 16:14:36,642 [WARN] ModelIntegratedComponent:63 - No mode defined for component null
2026-01-03 16:14:36,643 [WARN] ModelIntegratedComponent:63 - No mode defined for component null
2026-01-03 16:14:36,643 [WARN] ModelIntegratedComponent:63 - No mode defined for component null
2026-01-03 16:14:36,643 [WARN] ModelIntegratedComponent:63 - No mode defined for component null
2026-01-03 16:14:36,643 [WARN] ModelIntegratedComponent:63 - No mode defined for component null
2026-01-03 16:14:36,643 [WARN] ModelIntegratedComponent:63 - No mode defined for component null
2026-01-03 16:14:36,643 [WARN] ModelIntegratedComponent:63 - No mode defined for component null
2026-01-03 16:14:36,643 [WARN] ModelIntegratedComponent:63 - No mode defined for component null
2026-01-03 16:14:36,643 [WARN] ModelIntegratedComponent:63 - No mode defined for component null
2026-01-03 16:14:36,643 [WARN] ModelIntegratedComponent:63 - No mode defined for component null
2026-01-03 16:14:36,643 [WARN] ModelIntegratedComponent:63 - No mode defined for component null
2026-01-03 16:14:36,643 [WARN] ModelIntegratedComponent:63 - No mode defined for component null
2026-01-03 16:14:36,644 [WARN] ModelIntegratedComponent:63 - No mode defined for component null
2026-01-03 16:14:36,644 [WARN] ModelIntegratedComponent:63 - No mode defined for component null
2026-01-03 16:14:36,644 [WARN] ModelIntegratedComponent:63 - No mode defined for component null
2026-01-03 16:14:36,644 [WARN] ModelIntegratedComponent:63 - No mode defined for component null
2026-01-03 16:14:36,644 [WARN] ModelIntegratedComponent:63 - No mode defined for component null
2026-01-03 16:14:36,644 [WARN] ModelIntegratedComponent:63 - No mode defined for component null
2026-01-03 16:14:36,644 [WARN] ModelIntegratedComponent:63 - No mode defined for component null
2026-01-03 16:14:36,644 [WARN] ModelIntegratedComponent:63 - No mode defined for component null
2026-01-03 16:14:36,644 [WARN] ModelIntegratedComponent:63 - No mode defined for component null
2026-01-03 16:14:36,644 [WARN] ModelIntegratedComponent:63 - No mode defined for component null
2026-01-03 16:14:36,645 [WARN] ModelIntegratedComponent:63 - No mode defined for component null
2026-01-03 16:14:36,645 [WARN] ModelIntegratedComponent:63 - No mode defined for component null
2026-01-03 16:14:36,645 [WARN] ModelIntegratedComponent:63 - No mode defined for component null
2026-01-03 16:14:36,645 [WARN] ModelIntegratedComponent:63 - No mode defined for component null
2026-01-03 16:14:36,645 [WARN] ModelIntegratedComponent:63 - No mode defined for component null
2026-01-03 16:14:36,645 [WARN] ModelIntegratedComponent:63 - No mode defined for component null
2026-01-03 16:14:36,645 [WARN] ModelIntegratedComponent:63 - No mode defined for component null
2026-01-03 16:14:36,645 [WARN] ModelIntegratedComponent:63 - No mode defined for component null
2026-01-03 16:14:36,645 [WARN] ModelIntegratedComponent:63 - No mode defined for component null
2026-01-03 16:14:36,645 [WARN] ModelIntegratedComponent:63 - No mode defined for component null
2026-01-03 16:14:36,645 [WARN] ModelIntegratedComponent:63 - No mode defined for component null
2026-01-03 16:14:36,645 [WARN] ModelIntegratedComponent:63 - No mode defined for component null
2026-01-03 16:14:36,646 [WARN] ModelPack:524 - Component already loaded: STMicroelectronics:HAL Drivers:0.0.0:STMicroelectronics:Device:STMicro_Driver:XSPI:HAL::0.0.1:HAL_XSPI
2026-01-03 16:14:36,998 [INFO] ThirdPartyModel:298 - Start build external matchings
2026-01-03 16:14:39,533 [INFO] ThirdPartyModel:316 - End build external matchings
2026-01-03 16:14:39,940 [INFO] UtilMem:75 - End LoadConfig() Used Memory: 966397968 Bytes (1073741824)
2026-01-03 16:14:39,996 [WARN] ThirdParty:833 - waiting for thirdparty lock release [change project]
2026-01-03 16:14:39,997 [INFO] ThirdParty:835 - entering critical section [change project]
2026-01-03 16:14:39,998 [INFO] ThirdParty:1030 - CMSIS Pack Vendor :STMicroelectronics X-CUBE-PM33A1 1.0.0
2026-01-03 16:14:39,998 [INFO] ThirdParty:1030 - CMSIS Pack Vendor :STMicroelectronics USBPD 4.1
2026-01-03 16:14:39,998 [INFO] ThirdParty:1030 - CMSIS Pack Vendor :STMicroelectronics USB_HOST 2.0.0
2026-01-03 16:14:39,998 [INFO] ThirdParty:1030 - CMSIS Pack Vendor :STMicroelectronics FP-SNS-MOTENVWB1 1.4.0
2026-01-03 16:14:39,999 [INFO] ThirdParty:1030 - CMSIS Pack Vendor :STMicroelectronics X-CUBE-AZRTOS-F4 1.1.0
2026-01-03 16:14:39,999 [INFO] ThirdParty:1030 - CMSIS Pack Vendor :STMicroelectronics LIBJPEG 8.0.0
2026-01-03 16:14:39,999 [INFO] ThirdParty:1030 - CMSIS Pack Vendor :STMicroelectronics FP-ATR-ASTRA1 2.0.2
2026-01-03 16:14:39,999 [INFO] ThirdParty:1030 - CMSIS Pack Vendor :STMicroelectronics X-CUBE-SMBUS 2.1.0
2026-01-03 16:14:39,999 [INFO] ThirdParty:1030 - CMSIS Pack Vendor :STMicroelectronics X-CUBE-WB05N 1.1.0
2026-01-03 16:14:39,999 [INFO] ThirdParty:1030 - CMSIS Pack Vendor :STMicroelectronics X-CUBE-ISPU 2.1.0
2026-01-03 16:14:39,999 [INFO] ThirdParty:1030 - CMSIS Pack Vendor :STMicroelectronics X-CUBE-IPS 3.2.0
2026-01-03 16:14:39,999 [INFO] ThirdParty:1030 - CMSIS Pack Vendor :STMicroelectronics X-CUBE-NFC12 1.0.0
2026-01-03 16:14:39,999 [INFO] ThirdParty:1030 - CMSIS Pack Vendor :STMicroelectronics X-CUBE-AZRTOS-F7 1.1.0
2026-01-03 16:14:39,999 [INFO] ThirdParty:1030 - CMSIS Pack Vendor :STMicroelectronics X-CUBE-AZRTOS-L5 2.0.0
2026-01-03 16:14:39,999 [INFO] ThirdParty:1030 - CMSIS Pack Vendor :STMicroelectronics USB_DEVICE 2.0.0
2026-01-03 16:14:39,999 [INFO] ThirdParty:1030 - CMSIS Pack Vendor :STMicroelectronics X-CUBE-NFC6 3.1.0
2026-01-03 16:14:39,999 [INFO] ThirdParty:1030 - CMSIS Pack Vendor :STMicroelectronics FP-SNS-MOTENV1 5.1.0
2026-01-03 16:14:39,999 [INFO] ThirdParty:1030 - CMSIS Pack Vendor :STMicroelectronics FreeRTOS 0.0.1
2026-01-03 16:14:40,000 [INFO] ThirdParty:1030 - CMSIS Pack Vendor :STMicroelectronics X-CUBE-DPower 1.2.0
2026-01-03 16:14:40,000 [INFO] ThirdParty:1030 - CMSIS Pack Vendor :Infineon AIROC-Wi-Fi-Bluetooth-STM32 1.7.0
2026-01-03 16:14:40,000 [INFO] ThirdParty:1030 - CMSIS Pack Vendor :STMicroelectronics PDM2PCM 3.3.0
2026-01-03 16:14:40,000 [INFO] ThirdParty:1030 - CMSIS Pack Vendor :STMicroelectronics X-CUBE-AZRTOS-H7 3.4.0
2026-01-03 16:14:40,000 [INFO] ThirdParty:1030 - CMSIS Pack Vendor :STMicroelectronics X-CUBE-DISPLAY 3.0.0
2026-01-03 16:14:40,000 [INFO] ThirdParty:1030 - CMSIS Pack Vendor :STMicroelectronics X-CUBE-NFC10 1.0.0
2026-01-03 16:14:40,001 [INFO] ThirdParty:1030 - CMSIS Pack Vendor :STMicroelectronics X-CUBE-BLEMGR 4.0.0
2026-01-03 16:14:40,001 [INFO] ThirdParty:1030 - CMSIS Pack Vendor :STMicroelectronics HAL Drivers 0.0.0
2026-01-03 16:14:40,001 [INFO] ThirdParty:1030 - CMSIS Pack Vendor :STMicroelectronics X-CUBE-ST60 1.1.0
2026-01-03 16:14:40,001 [INFO] ThirdParty:1030 - CMSIS Pack Vendor :emotas I-CUBE-CANOPEN 1.3.0
2026-01-03 16:14:40,001 [INFO] ThirdParty:1030 - CMSIS Pack Vendor :STMicroelectronics X-CUBE-FREERTOS 1.3.0
2026-01-03 16:14:40,001 [INFO] ThirdParty:1030 - CMSIS Pack Vendor :STMicroelectronics X-CUBE-NFC7 1.0.1
2026-01-03 16:14:40,001 [INFO] ThirdParty:1030 - CMSIS Pack Vendor :STMicroelectronics MBEDTLS 2.14.1
2026-01-03 16:14:40,001 [INFO] ThirdParty:1030 - CMSIS Pack Vendor :STMicroelectronics X-CUBE-GNSS1 7.1.0
2026-01-03 16:14:40,001 [INFO] ThirdParty:1030 - CMSIS Pack Vendor :STMicroelectronics X-CUBE-TOUCHGFX 4.26.0
2026-01-03 16:14:40,001 [INFO] ThirdParty:1030 - CMSIS Pack Vendor :quantropi X-CUBE-qispace-sdk-base 2.0.0
2026-01-03 16:14:40,002 [INFO] ThirdParty:1030 - CMSIS Pack Vendor :STMicroelectronics X-CUBE-AI 10.0.0
2026-01-03 16:14:40,002 [INFO] ThirdParty:1030 - CMSIS Pack Vendor :STMicroelectronics FP-SNS-STBOX1 2.1.0
2026-01-03 16:14:40,002 [INFO] ThirdParty:1030 - CMSIS Pack Vendor :STMicroelectronics FP-SNS-STAIOTCFT 1.0.0
2026-01-03 16:14:40,002 [INFO] ThirdParty:1030 - CMSIS Pack Vendor :STMicroelectronics FP-SNS-SMARTAG2 1.2.0
2026-01-03 16:14:40,002 [INFO] ThirdParty:1030 - CMSIS Pack Vendor :STMicroelectronics FP-SNS-FLIGHT1 5.1.0
2026-01-03 16:14:40,002 [INFO] ThirdParty:1030 - CMSIS Pack Vendor :STMicroelectronics X-CUBE-MEMS1 11.1.0
2026-01-03 16:14:40,002 [INFO] ThirdParty:1030 - CMSIS Pack Vendor :STMicroelectronics X-CUBE-AZRTOS-WL 2.0.0
2026-01-03 16:14:40,002 [INFO] ThirdParty:1030 - CMSIS Pack Vendor :STMicroelectronics X-CUBE-DPower 1.3.0
2026-01-03 16:14:40,003 [INFO] ThirdParty:1030 - CMSIS Pack Vendor :STMicroelectronics FP-SNS-MOTENV1 5.0.0
2026-01-03 16:14:40,003 [INFO] ThirdParty:1030 - CMSIS Pack Vendor :STMicroelectronics USB_DEVICE 1.0.0
2026-01-03 16:14:40,003 [INFO] ThirdParty:1030 - CMSIS Pack Vendor :STMicroelectronics X-CUBE-AZRTOS-H7RS 1.2.0
2026-01-03 16:14:40,003 [INFO] ThirdParty:1030 - CMSIS Pack Vendor :STMicroelectronics X-CUBE-AZRTOS-L4 2.0.0
2026-01-03 16:14:40,003 [INFO] ThirdParty:1030 - CMSIS Pack Vendor :STMicroelectronics ThreadX 0.0.2
2026-01-03 16:14:40,003 [INFO] ThirdParty:1030 - CMSIS Pack Vendor :WES I-CUBE-Cesium 1.3.0
2026-01-03 16:14:40,003 [INFO] ThirdParty:1030 - CMSIS Pack Vendor :STMicroelectronics lwIP 2.1.2
2026-01-03 16:14:40,003 [INFO] ThirdParty:1030 - CMSIS Pack Vendor :STMicroelectronics X-CUBE-SFXS2LP1 4.0.0
2026-01-03 16:14:40,003 [INFO] ThirdParty:1030 - CMSIS Pack Vendor :STMicroelectronics X-CUBE-BLE2 3.3.0
2026-01-03 16:14:40,003 [INFO] ThirdParty:1030 - CMSIS Pack Vendor :Avnet-IOTCONNECT X-CUBE-iotc-st67-sdk 1.0.0
2026-01-03 16:14:40,003 [INFO] ThirdParty:1030 - CMSIS Pack Vendor :STMicroelectronics PDM2PCM 3.2.0
2026-01-03 16:14:40,004 [INFO] ThirdParty:1030 - CMSIS Pack Vendor :STMicroelectronics X-CUBE-AZRTOS-H7 3.3.0
2026-01-03 16:14:40,004 [INFO] ThirdParty:1030 - CMSIS Pack Vendor :STMicroelectronics X-CUBE-NFC9 1.0.0
2026-01-03 16:14:40,004 [INFO] ThirdParty:1030 - CMSIS Pack Vendor :STMicroelectronics X-CUBE-BLE1 7.1.0
2026-01-03 16:14:40,004 [INFO] ThirdParty:1030 - CMSIS Pack Vendor :wolfSSL I-CUBE-wolfMQTT 1.19.2
2026-01-03 16:14:40,004 [INFO] ThirdParty:1030 - CMSIS Pack Vendor :STMicroelectronics USB_DEVICE 3.0.0
2026-01-03 16:14:40,004 [INFO] ThirdParty:1030 - CMSIS Pack Vendor :STMicroelectronics X-CUBE-FREERTOS 1.4.0
2026-01-03 16:14:40,005 [INFO] ThirdParty:1030 - CMSIS Pack Vendor :STMicroelectronics X-CUBE-EEPRMA1 5.2.0
2026-01-03 16:14:40,005 [INFO] ThirdParty:1030 - CMSIS Pack Vendor :STMicroelectronics X-CUBE-BLEMGR 4.1.0
2026-01-03 16:14:40,005 [INFO] ThirdParty:1030 - CMSIS Pack Vendor :STMicroelectronics X-CUBE-AZRTOS-WB 2.0.0
2026-01-03 16:14:40,005 [INFO] ThirdParty:1030 - CMSIS Pack Vendor :STMicroelectronics X-CUBE-GNSS1 7.0.1
2026-01-03 16:14:40,005 [INFO] ThirdParty:1030 - CMSIS Pack Vendor :STMicroelectronics X-CUBE-TOUCHGFX 4.25.0
2026-01-03 16:14:40,005 [INFO] ThirdParty:1030 - CMSIS Pack Vendor :STMicroelectronics X-CUBE-ST67W61 1.1.0
2026-01-03 16:14:40,006 [INFO] ThirdParty:1030 - CMSIS Pack Vendor :STMicroelectronics FP-SNS-STBOX1 2.0.0
2026-01-03 16:14:40,006 [INFO] ThirdParty:1030 - CMSIS Pack Vendor :STMicroelectronics X-CUBE-MEMS1 12.0.0
2026-01-03 16:14:40,006 [INFO] ThirdParty:1030 - CMSIS Pack Vendor :STMicroelectronics X-CUBE-AZRTOS-G0 1.1.0
2026-01-03 16:14:40,006 [INFO] ThirdParty:1030 - CMSIS Pack Vendor :STMicroelectronics X-CUBE-SAFEA1 1.2.2
2026-01-03 16:14:40,006 [INFO] ThirdParty:1030 - CMSIS Pack Vendor :STMicroelectronics X-CUBE-NFC4 3.0.0
2026-01-03 16:14:40,006 [INFO] ThirdParty:1030 - CMSIS Pack Vendor :STMicroelectronics X-CUBE-SUBG2 5.0.0
2026-01-03 16:14:40,006 [INFO] ThirdParty:1030 - CMSIS Pack Vendor :STMicroelectronics X-CUBE-AZRTOS-H7RS 1.1.0
2026-01-03 16:14:40,007 [INFO] ThirdParty:1030 - CMSIS Pack Vendor :STMicroelectronics STM32_WPAN 1.0.0
2026-01-03 16:14:40,007 [INFO] ThirdParty:1030 - CMSIS Pack Vendor :EmbeddedOffice I-CUBE-FS-RTOS 1.0.1
2026-01-03 16:14:40,007 [INFO] ThirdParty:1030 - CMSIS Pack Vendor :STMicroelectronics lwIP 2.0.3
2026-01-03 16:14:40,007 [INFO] ThirdParty:1030 - CMSIS Pack Vendor :Cesanta I-CUBE-Mongoose 7.13.0
2026-01-03 16:14:40,007 [INFO] ThirdParty:1030 - CMSIS Pack Vendor :STMicroelectronics USB_HOST 1.0.0
2026-01-03 16:14:40,007 [INFO] ThirdParty:1030 - CMSIS Pack Vendor :STMicroelectronics X-CUBE-AZRTOS-G4 2.0.0
2026-01-03 16:14:40,007 [INFO] ThirdParty:1030 - CMSIS Pack Vendor :STMicroelectronics X-CUBE-WB05N 2.0.0
2026-01-03 16:14:40,007 [INFO] ThirdParty:1030 - CMSIS Pack Vendor :STMicroelectronics PDM2PCM 3.1.0
2026-01-03 16:14:40,007 [INFO] ThirdParty:1030 - CMSIS Pack Vendor :wolfSSL I-CUBE-wolfTPM 3.8.0
2026-01-03 16:14:40,007 [INFO] ThirdParty:1030 - CMSIS Pack Vendor :wolfSSL I-CUBE-wolfSSH 1.4.20
2026-01-03 16:14:40,007 [INFO] ThirdParty:1030 - CMSIS Pack Vendor :STMicroelectronics X-CUBE-NFC7 2.0.0
2026-01-03 16:14:40,007 [INFO] ThirdParty:1030 - CMSIS Pack Vendor :STMicroelectronics X-CUBE-TCPP 4.2.0
2026-01-03 16:14:40,007 [INFO] ThirdParty:1030 - CMSIS Pack Vendor :RealThread X-CUBE-RT-Thread_Nano 4.1.1
2026-01-03 16:14:40,007 [INFO] ThirdParty:1030 - CMSIS Pack Vendor :STMicroelectronics FP-ATR-SIGFOX1 3.2.0
2026-01-03 16:14:40,008 [INFO] ThirdParty:1030 - CMSIS Pack Vendor :STMicroelectronics X-CUBE-EEPRMA1 5.1.0
2026-01-03 16:14:40,008 [INFO] ThirdParty:1030 - CMSIS Pack Vendor :STMicroelectronics MBEDTLS 2.16.2
2026-01-03 16:14:40,008 [INFO] ThirdParty:1030 - CMSIS Pack Vendor :STMicroelectronics X-CUBE-IPS 3.1.0
2026-01-03 16:14:40,008 [INFO] ThirdParty:1030 - CMSIS Pack Vendor :STMicroelectronics X-CUBE-ALS 1.0.2
2026-01-03 16:14:40,008 [INFO] ThirdParty:1030 - CMSIS Pack Vendor :wolfSSL I-CUBE-wolfSSL 5.7.6
2026-01-03 16:14:40,008 [INFO] ThirdParty:1030 - CMSIS Pack Vendor :ITTIA_DB I-CUBE-ITTIADB 8.9.0
2026-01-03 16:14:40,008 [INFO] ThirdParty:1030 - CMSIS Pack Vendor :STMicroelectronics X-CUBE-STSE01 1.0.0
2026-01-03 16:14:40,008 [INFO] ThirdParty:1030 - CMSIS Pack Vendor :portGmbH I-Cube-SoM-uGOAL 1.1.0
2026-01-03 16:14:40,008 [INFO] ThirdParty:1030 - CMSIS Pack Vendor :STMicroelectronics X-CUBE-AI 10.2.0
2026-01-03 16:14:40,008 [INFO] ThirdParty:1030 - CMSIS Pack Vendor :STMicroelectronics ThreadX 1.0.0
2026-01-03 16:14:40,008 [INFO] ThirdParty:1030 - CMSIS Pack Vendor :SEGGER I-CUBE-embOS 1.3.1
2026-01-03 16:14:40,008 [INFO] ThirdParty:1030 - CMSIS Pack Vendor :STMicroelectronics X-CUBE-ALGOBUILD 1.4.0
2026-01-03 16:14:40,008 [INFO] ThirdParty:1030 - CMSIS Pack Vendor :STMicroelectronics X-CUBE-TOF1 3.4.2
2026-01-03 16:14:40,009 [INFO] ThirdParty:1030 - CMSIS Pack Vendor :STMicroelectronics X-CUBE-TOF1 3.4.3
2026-01-03 16:14:40,009 [INFO] ThirdParty:841 - exiting critical section [change project]
2026-01-03 16:14:40,251 [INFO] PinOutPanel:1589 - setPackage(No Configuration,No Configuration)
2026-01-03 16:14:40,252 [INFO] PinOutPanel:1589 - setPackage(STM32F103C8Tx,LQFP48)
2026-01-03 16:14:40,887 [INFO] UtilMem:75 - Before build in PCC Used Memory: 725264960 Bytes (1073741824)
2026-01-03 16:14:41,395 [INFO] UtilMem:75 - After build in PCC Used Memory: 768778816 Bytes (1073741824)
2026-01-03 16:14:41,421 [INFO] IPUIPlugin:80 - create IPUIPlugin
2026-01-03 16:14:41,421 [INFO] IPUIPlugin:80 - create IPUIPlugin
2026-01-03 16:14:41,422 [INFO] IPUIPlugin:80 - create IPUIPlugin
2026-01-03 16:14:41,422 [INFO] IPUIPlugin:80 - create IPUIPlugin
2026-01-03 16:14:41,422 [INFO] IPUIPlugin:80 - create IPUIPlugin
2026-01-03 16:14:41,423 [INFO] IPUIPlugin:80 - create IPUIPlugin
2026-01-03 16:14:41,423 [INFO] IPUIPlugin:80 - create IPUIPlugin
2026-01-03 16:14:41,423 [INFO] IPUIPlugin:80 - create IPUIPlugin
2026-01-03 16:14:41,424 [INFO] IPUIPlugin:80 - create IPUIPlugin
2026-01-03 16:14:41,424 [INFO] IPUIPlugin:80 - create IPUIPlugin
2026-01-03 16:14:41,424 [INFO] IPUIPlugin:80 - create IPUIPlugin
2026-01-03 16:14:41,425 [INFO] IPUIPlugin:80 - create IPUIPlugin
2026-01-03 16:14:41,425 [INFO] IPUIPlugin:80 - create IPUIPlugin
2026-01-03 16:14:41,426 [INFO] IPUIPlugin:80 - create IPUIPlugin
2026-01-03 16:14:41,426 [INFO] IPUIPlugin:80 - create IPUIPlugin
2026-01-03 16:14:41,426 [INFO] IPUIPlugin:80 - create IPUIPlugin
2026-01-03 16:14:41,426 [INFO] IPUIPlugin:80 - create IPUIPlugin
2026-01-03 16:14:41,427 [INFO] IPUIPlugin:80 - create IPUIPlugin
2026-01-03 16:14:41,427 [INFO] IPUIPlugin:80 - create IPUIPlugin
2026-01-03 16:14:41,427 [INFO] IPUIPlugin:80 - create IPUIPlugin
2026-01-03 16:14:41,427 [INFO] IPUIPlugin:80 - create IPUIPlugin
2026-01-03 16:14:41,428 [INFO] IPUIPlugin:80 - create IPUIPlugin
2026-01-03 16:14:41,428 [INFO] IPUIPlugin:80 - create IPUIPlugin
2026-01-03 16:14:41,428 [INFO] IPUIPlugin:80 - create IPUIPlugin
2026-01-03 16:14:41,428 [INFO] IPUIPlugin:80 - create IPUIPlugin
2026-01-03 16:14:41,428 [INFO] IPUIPlugin:80 - create IPUIPlugin
2026-01-03 16:14:41,428 [INFO] IPUIPlugin:80 - create IPUIPlugin
2026-01-03 16:14:41,470 [INFO] CADModel:165 - CPN selected for project levelSTM32F103C8T6
2026-01-03 16:14:41,470 [INFO] CADModel:114 - Register for checkConnection events
2026-01-03 16:14:41,532 [INFO] OpenFileManager:386 - Restore cursor
2026-01-03 16:14:42,451 [INFO] UtilMem:75 - End SaveConfig() Used Memory: 824250136 Bytes (1073741824)
2026-01-03 16:14:42,551 [INFO] UtilMem:75 - End SaveConfig() Used Memory: 836414016 Bytes (1073741824)
2026-01-03 16:14:42,762 [INFO] BlockDiagram:2775 - set Specific Code input for plugin: NVIC
2026-01-03 16:14:42,763 [INFO] BlockDiagram:2775 - set Specific Code input for plugin: RCC
2026-01-03 16:14:42,764 [INFO] CodeGenerator:892 - code generatio: config db path: D:\installs\STM32CubeIDE_1.19.0\STM32CubeIDE\plugins\com.st.stm32cube.common.mx_6.15.0.202507011659\\db\
2026-01-03 16:14:42,892 [INFO] CodeEngine:265 - oldGeneratedFile, D:\projects\stm32_cube_ide\uart\MXTmpFiles\license.tmp_save
2026-01-03 16:14:43,502 [INFO] CodeEngine:289 - Generated code: D:\projects\stm32_cube_ide\uart\MXTmpFiles\license.tmp
2026-01-03 16:14:43,524 [INFO] CodeEngine:265 - oldGeneratedFile, D:\projects\stm32_cube_ide\uart\Core\Src\stm32f1xx_it.c_save
2026-01-03 16:14:44,111 [INFO] CodeEngine:289 - Generated code: D:\projects\stm32_cube_ide\uart\Core\Src\stm32f1xx_it.c
2026-01-03 16:14:44,122 [INFO] CodeEngine:265 - oldGeneratedFile, D:\projects\stm32_cube_ide\uart\Core\Inc\stm32f1xx_it.h_save
2026-01-03 16:14:44,358 [INFO] CodeEngine:289 - Generated code: D:\projects\stm32_cube_ide\uart\Core\Inc\stm32f1xx_it.h
2026-01-03 16:14:44,407 [INFO] CodeEngine:265 - oldGeneratedFile, D:\projects\stm32_cube_ide\uart\Core\Src\stm32f1xx_hal_msp.c_save
2026-01-03 16:14:44,660 [INFO] CodeEngine:289 - Generated code: D:\projects\stm32_cube_ide\uart\Core\Src\stm32f1xx_hal_msp.c
2026-01-03 16:14:44,668 [INFO] CodeEngine:265 - oldGeneratedFile, D:\projects\stm32_cube_ide\uart\MXTmpFiles\system.tmp_save
2026-01-03 16:14:44,820 [INFO] CodeEngine:289 - Generated code: D:\projects\stm32_cube_ide\uart\MXTmpFiles\system.tmp
2026-01-03 16:14:44,838 [INFO] CodeEngine:321 - oldGeneratedFile, D:\projects\stm32_cube_ide\uart\Core\Inc\stm32f1xx_hal_conf.h_save
2026-01-03 16:14:44,993 [INFO] CodeEngine:345 - Generated code: D:\projects\stm32_cube_ide\uart\Core\Inc\stm32f1xx_hal_conf.h
2026-01-03 16:14:45,027 [INFO] ApiDbMcu:532 - Load IP Config File for RCC
2026-01-03 16:14:45,041 [INFO] CodeEngine:265 - oldGeneratedFile, D:\projects\stm32_cube_ide\uart\Core\Inc\main.h_save
2026-01-03 16:14:45,246 [INFO] CodeEngine:289 - Generated code: D:\projects\stm32_cube_ide\uart\Core\Inc\main.h
2026-01-03 16:14:45,255 [INFO] CodeEngine:265 - oldGeneratedFile, D:\projects\stm32_cube_ide\uart\Core\Src\main.c_save
2026-01-03 16:14:45,476 [INFO] CodeEngine:289 - Generated code: D:\projects\stm32_cube_ide\uart\Core\Src\main.c
2026-01-03 16:14:46,035 [INFO] ProjectBuilder:3606 - Time for Copy HAL[1] : 265mS.
2026-01-03 16:14:46,042 [INFO] ProjectBuilder:5216 - Project Generator version: 4.7.0-B52
2026-01-03 16:14:46,208 [INFO] ConfigFileManager:1595 - The Die is : DIE410
2026-01-03 16:14:46,213 [INFO] ApiDbMcu:532 - Load IP Config File for FATFS
2026-01-03 16:14:46,223 [INFO] ApiDbMcu:532 - Load IP Config File for FREERTOS
2026-01-03 16:14:46,234 [INFO] ApiDbMcu:532 - Load IP Config File for USB_DEVICE
2026-01-03 16:14:49,477 [INFO] ProjectBuilder:5496 - Time for Generating toolchain IDE Files: 3435mS.
2026-01-03 16:14:49,478 [INFO] ProjectBuilder:3463 - Time for Copy CMSIS : 0mS.
2026-01-03 16:14:49,483 [INFO] ProjectBuilder:3463 - Time for Copy CMSIS : 0mS.
2026-01-03 16:14:50,409 [INFO] McuFinderGlobals:76 - Set McuFinderConnectedMode to true
2026-01-03 16:14:50,415 [INFO] ApiDb:448 - Save user favorites file C:\Users\22142/.stm32cubeide/favorites.mcus.txt: 0 item(s)
2026-01-03 16:14:50,415 [INFO] ApiDb:452 - User favorites MCUs=[]
2026-01-03 16:22:04,399 [INFO] WebApp:194 - Connection lost
2026-01-03 16:22:04,695 [INFO] WebApp:191 - Connection restablished
2026-01-03 16:24:15,363 [INFO] WebApp:194 - Connection lost
2026-01-03 16:24:15,755 [INFO] WebApp:191 - Connection restablished
2026-01-03 16:29:24,895 [WARN] IP:2250 - I2C_Coeff_DF not found: check if there is a RefParameter without a condition.
2026-01-03 16:29:24,896 [WARN] IP:2250 - Analog_Filter not found: check if there is a RefParameter without a condition.
2026-01-03 16:29:24,906 [WARN] IP:2250 - I2C_Coeff_DF not found: check if there is a RefParameter without a condition.
2026-01-03 16:29:24,906 [WARN] IP:2250 - Analog_Filter not found: check if there is a RefParameter without a condition.
2026-01-03 16:29:24,907 [WARN] IP:2250 - I2C_Coeff_DF not found: check if there is a RefParameter without a condition.
2026-01-03 16:29:24,907 [WARN] IP:2250 - Analog_Filter not found: check if there is a RefParameter without a condition.
2026-01-03 16:29:24,959 [WARN] IP:2250 - I2C_Coeff_DF not found: check if there is a RefParameter without a condition.
2026-01-03 16:29:24,959 [WARN] IP:2250 - Analog_Filter not found: check if there is a RefParameter without a condition.
2026-01-03 16:29:24,961 [WARN] IP:2250 - I2C_Coeff_DF not found: check if there is a RefParameter without a condition.
2026-01-03 16:29:24,961 [WARN] IP:2250 - Analog_Filter not found: check if there is a RefParameter without a condition.
2026-01-03 16:29:59,266 [INFO] UtilMem:75 - End SaveConfig() Used Memory: 927625648 Bytes (1073741824)
2026-01-03 16:30:00,667 [INFO] UtilMem:75 - End SaveConfig() Used Memory: 948572512 Bytes (1073741824)
2026-01-03 16:30:10,033 [INFO] UtilMem:75 - End SaveConfig() Used Memory: 987147808 Bytes (1073741824)
2026-01-03 16:30:10,380 [INFO] BlockDiagram:2775 - set Specific Code input for plugin: NVIC
2026-01-03 16:30:10,380 [INFO] BlockDiagram:2775 - set Specific Code input for plugin: SYS
2026-01-03 16:30:10,380 [INFO] BlockDiagram:2775 - set Specific Code input for plugin: GPIO
2026-01-03 16:30:10,380 [INFO] BlockDiagram:2775 - set Specific Code input for plugin: RCC
2026-01-03 16:30:10,381 [INFO] BlockDiagram:2775 - set Specific Code input for plugin: I2C
2026-01-03 16:30:10,381 [INFO] CodeGenerator:892 - code generatio: config db path: D:\installs\STM32CubeIDE_1.19.0\STM32CubeIDE\plugins\com.st.stm32cube.common.mx_6.15.0.202507011659\\db\
2026-01-03 16:30:10,382 [WARN] IP:2250 - I2C_Coeff_DF not found: check if there is a RefParameter without a condition.
2026-01-03 16:30:10,383 [WARN] IP:2250 - Analog_Filter not found: check if there is a RefParameter without a condition.
2026-01-03 16:30:10,560 [INFO] CodeEngine:265 - oldGeneratedFile, D:\projects\stm32_cube_ide\uart\MXTmpFiles\license.tmp_save
2026-01-03 16:30:10,741 [INFO] CodeEngine:289 - Generated code: D:\projects\stm32_cube_ide\uart\MXTmpFiles\license.tmp
2026-01-03 16:30:10,791 [INFO] CodeEngine:265 - oldGeneratedFile, D:\projects\stm32_cube_ide\uart\MXTmpFiles\gpio.tmp_save
2026-01-03 16:30:10,896 [INFO] CodeEngine:289 - Generated code: D:\projects\stm32_cube_ide\uart\MXTmpFiles\gpio.tmp
2026-01-03 16:30:11,045 [INFO] CodeEngine:265 - oldGeneratedFile, D:\projects\stm32_cube_ide\uart\Core\Src\stm32f1xx_it.c_save
2026-01-03 16:30:11,317 [INFO] CodeEngine:289 - Generated code: D:\projects\stm32_cube_ide\uart\Core\Src\stm32f1xx_it.c
2026-01-03 16:30:11,322 [INFO] CodeEngine:265 - oldGeneratedFile, D:\projects\stm32_cube_ide\uart\Core\Inc\stm32f1xx_it.h_save
2026-01-03 16:30:11,464 [INFO] CodeEngine:289 - Generated code: D:\projects\stm32_cube_ide\uart\Core\Inc\stm32f1xx_it.h
2026-01-03 16:30:11,478 [INFO] CodeEngine:265 - oldGeneratedFile, D:\projects\stm32_cube_ide\uart\Core\Src\stm32f1xx_hal_msp.c_save
2026-01-03 16:30:11,713 [INFO] CodeEngine:289 - Generated code: D:\projects\stm32_cube_ide\uart\Core\Src\stm32f1xx_hal_msp.c
2026-01-03 16:30:11,718 [INFO] CodeEngine:265 - oldGeneratedFile, D:\projects\stm32_cube_ide\uart\MXTmpFiles\system.tmp_save
2026-01-03 16:30:11,809 [INFO] CodeEngine:289 - Generated code: D:\projects\stm32_cube_ide\uart\MXTmpFiles\system.tmp
2026-01-03 16:30:11,821 [INFO] CodeEngine:321 - oldGeneratedFile, D:\projects\stm32_cube_ide\uart\Core\Inc\stm32f1xx_hal_conf.h_save
2026-01-03 16:30:11,901 [INFO] CodeEngine:345 - Generated code: D:\projects\stm32_cube_ide\uart\Core\Inc\stm32f1xx_hal_conf.h
2026-01-03 16:30:11,925 [INFO] ApiDbMcu:532 - Load IP Config File for I2C1
2026-01-03 16:30:11,933 [INFO] CodeEngine:265 - oldGeneratedFile, D:\projects\stm32_cube_ide\uart\Core\Inc\main.h_save
2026-01-03 16:30:12,039 [INFO] CodeEngine:289 - Generated code: D:\projects\stm32_cube_ide\uart\Core\Inc\main.h
2026-01-03 16:30:12,046 [INFO] CodeEngine:265 - oldGeneratedFile, D:\projects\stm32_cube_ide\uart\Core\Src\main.c_save
2026-01-03 16:30:12,161 [INFO] CodeEngine:289 - Generated code: D:\projects\stm32_cube_ide\uart\Core\Src\main.c
2026-01-03 16:30:12,549 [INFO] ProjectBuilder:3606 - Time for Copy HAL[1] : 156mS.
2026-01-03 16:30:12,553 [INFO] ProjectBuilder:5216 - Project Generator version: 4.7.0-B52
2026-01-03 16:30:12,645 [INFO] ConfigFileManager:1595 - The Die is : DIE410
2026-01-03 16:30:13,572 [INFO] ProjectBuilder:5496 - Time for Generating toolchain IDE Files: 1019mS.
2026-01-03 16:30:13,573 [INFO] ProjectBuilder:3463 - Time for Copy CMSIS : 1mS.
2026-01-03 16:30:13,576 [INFO] ProjectBuilder:3463 - Time for Copy CMSIS : 0mS.
2026-01-03 17:06:59,813 [INFO] Activator:176 - 


2026-01-03 17:06:59,817 [INFO] Activator:177 - !SESSION log4j initialized
2026-01-03 17:07:11,024 [INFO] LogOutputStream:77 - [STDOUT_REDIRECT] 
2026-01-03 17:07:14,031 [INFO] ApplicationProperties:184 - Using Application install path: D:\installs\STM32CubeIDE_1.19.0\STM32CubeIDE\plugins\com.st.stm32cube.common.mx_6.15.0.202507011659
2026-01-03 17:07:14,092 [INFO] DbMcusXml:78 - Set database path to: D:\installs\STM32CubeIDE_1.19.0\STM32CubeIDE\plugins\com.st.stm32cube.common.mx_6.15.0.202507011659\\db\/mcu/
2026-01-03 17:07:14,092 [INFO] ApiDb:274 - Set plugin database path to: D:\installs\STM32CubeIDE_1.19.0\STM32CubeIDE\plugins\com.st.stm32cube.common.mx_6.15.0.202507011659\\db\/plugins/boardmanager/
2026-01-03 17:07:14,093 [WARN] ApiDb:259 - Overriding images path with different value:  => D:\installs\STM32CubeIDE_1.19.0\STM32CubeIDE\plugins\com.st.stm32cube.common.mx_6.15.0.202507011659\\db\/plugins/mcufinder/images/
2026-01-03 17:07:14,116 [INFO] ApiDb:250 - Set database path to: C:\Users\22142\.stmcufinder\plugins\mcufinder//mcu/
2026-01-03 17:07:14,118 [INFO] DbMcusAds:125 - Set database path to: C:\Users\22142\.stmcufinder\plugins\mcufinder//mcu/
2026-01-03 17:07:14,119 [INFO] CrossReferenceDbSqlite:203 - Set database path to: C:\Users\22142\.stmcufinder\plugins\mcufinder//mcu/cs/
2026-01-03 17:07:14,319 [INFO] RulesReader:64 - Compatibility file has been processed (317 Rules)
2026-01-03 17:07:14,668 [INFO] DbMcusXml:78 - Set database path to: D:\installs\STM32CubeIDE_1.19.0\STM32CubeIDE\plugins\com.st.stm32cube.common.mx_6.15.0.202507011659\\db\/mcu/
2026-01-03 17:07:14,669 [INFO] ApiDb:274 - Set plugin database path to: D:\installs\STM32CubeIDE_1.19.0\STM32CubeIDE\plugins\com.st.stm32cube.common.mx_6.15.0.202507011659\\db\/plugins/boardmanager/
2026-01-03 17:07:14,669 [INFO] ApiDb:261 - Set plugin images path to: D:\installs\STM32CubeIDE_1.19.0\STM32CubeIDE\plugins\com.st.stm32cube.common.mx_6.15.0.202507011659\\db\/plugins/mcufinder/images/
2026-01-03 17:07:14,669 [WARN] DbFile:41 - Overriding database path with different value: C:\Users\22142\.stmcufinder\plugins\mcufinder/ => C:\Users\22142\.stmcufinder\plugins\mcufinder
2026-01-03 17:07:14,669 [INFO] ApiDb:250 - Set database path to: C:\Users\22142\.stmcufinder\plugins\mcufinder//mcu/
2026-01-03 17:07:14,669 [WARN] DbFile:41 - Overriding database path with different value: C:\Users\22142\.stmcufinder\plugins\mcufinder/ => C:\Users\22142\.stmcufinder\plugins\mcufinder
2026-01-03 17:07:14,669 [INFO] DbMcusAds:125 - Set database path to: C:\Users\22142\.stmcufinder\plugins\mcufinder//mcu/
2026-01-03 17:07:14,669 [WARN] DbFile:41 - Overriding database path with different value: C:\Users\22142\.stmcufinder\plugins\mcufinder/ => C:\Users\22142\.stmcufinder\plugins\mcufinder
2026-01-03 17:07:14,669 [WARN] DbFile:41 - Overriding database path with different value: C:\Users\22142\.stmcufinder\plugins\mcufinder/ => C:\Users\22142\.stmcufinder\plugins\mcufinder
2026-01-03 17:07:14,669 [INFO] CrossReferenceDbSqlite:203 - Set database path to: C:\Users\22142\.stmcufinder\plugins\mcufinder//mcu/cs/
2026-01-03 17:07:15,181 [INFO] MainPanel:274 - HeapMemory: 268435456
2026-01-03 17:07:15,929 [INFO] DbMcusXml:78 - Set database path to: D:\installs\STM32CubeIDE_1.19.0\STM32CubeIDE\plugins\com.st.stm32cube.common.mx_6.15.0.202507011659\\db\/mcu/
2026-01-03 17:07:15,929 [INFO] ApiDb:274 - Set plugin database path to: D:\installs\STM32CubeIDE_1.19.0\STM32CubeIDE\plugins\com.st.stm32cube.common.mx_6.15.0.202507011659\\db\/plugins/boardmanager/
2026-01-03 17:07:15,930 [INFO] ApiDb:261 - Set plugin images path to: D:\installs\STM32CubeIDE_1.19.0\STM32CubeIDE\plugins\com.st.stm32cube.common.mx_6.15.0.202507011659\\db\/plugins/mcufinder/images/
2026-01-03 17:07:15,930 [WARN] DbFile:41 - Overriding database path with different value: C:\Users\22142\.stmcufinder\plugins\mcufinder/ => C:\Users\22142\.stmcufinder\plugins\mcufinder
2026-01-03 17:07:15,930 [INFO] ApiDb:250 - Set database path to: C:\Users\22142\.stmcufinder\plugins\mcufinder//mcu/
2026-01-03 17:07:15,930 [WARN] DbFile:41 - Overriding database path with different value: C:\Users\22142\.stmcufinder\plugins\mcufinder/ => C:\Users\22142\.stmcufinder\plugins\mcufinder
2026-01-03 17:07:15,930 [INFO] DbMcusAds:125 - Set database path to: C:\Users\22142\.stmcufinder\plugins\mcufinder//mcu/
2026-01-03 17:07:15,930 [WARN] DbFile:41 - Overriding database path with different value: C:\Users\22142\.stmcufinder\plugins\mcufinder/ => C:\Users\22142\.stmcufinder\plugins\mcufinder
2026-01-03 17:07:15,930 [WARN] DbFile:41 - Overriding database path with different value: C:\Users\22142\.stmcufinder\plugins\mcufinder/ => C:\Users\22142\.stmcufinder\plugins\mcufinder
2026-01-03 17:07:15,931 [INFO] CrossReferenceDbSqlite:203 - Set database path to: C:\Users\22142\.stmcufinder\plugins\mcufinder//mcu/cs/
2026-01-03 17:07:16,036 [INFO] ApplicationProperties:184 - Using Application install path: D:\installs\STM32CubeIDE_1.19.0\STM32CubeIDE\plugins\com.st.stm32cube.common.mx_6.15.0.202507011659
2026-01-03 17:07:16,037 [INFO] PluginManage:196 - Search for loadable plugins [exclusion list=, ]
2026-01-03 17:07:16,060 [INFO] PluginManage:310 - Check plugin analytics
2026-01-03 17:07:16,503 [INFO] AnalyticsPlugin:253 - Accepted Software Licenses: STM32CubeMX.6.16.1
2026-01-03 17:07:16,503 [INFO] AnalyticsPlugin:255 - Accepted CMSIS Pack Licenses: 
2026-01-03 17:07:16,503 [INFO] AnalyticsPlugin:257 - Accepted Firmware Licenses: 
2026-01-03 17:07:16,505 [INFO] PluginManage:359 - Loaded plugin analytics (category:tool,tabindex:-1)
2026-01-03 17:07:16,505 [INFO] PluginManage:310 - Check plugin cadmodel
2026-01-03 17:07:16,535 [INFO] CADModel:105 - Init CAD model plugin
2026-01-03 17:07:16,535 [INFO] PluginManage:359 - Loaded plugin cadmodel (category:power,tabindex:5)
2026-01-03 17:07:16,535 [INFO] PluginManage:310 - Check plugin clock
2026-01-03 17:07:16,550 [INFO] PluginManage:359 - Loaded plugin clock (category:base,tabindex:2)
2026-01-03 17:07:16,550 [INFO] PluginManage:310 - Check plugin ddr
2026-01-03 17:07:16,584 [INFO] PluginManage:359 - Loaded plugin ddr (category:tool,tabindex:6)
2026-01-03 17:07:16,585 [INFO] PluginManage:310 - Check plugin filemanager
2026-01-03 17:07:17,038 [INFO] PluginManage:359 - Loaded plugin filemanager (category:base,tabindex:10)
2026-01-03 17:07:17,039 [INFO] PluginManage:310 - Check plugin ipmanager
2026-01-03 17:07:17,057 [INFO] PluginManage:359 - Loaded plugin ipmanager (category:base,tabindex:5)
2026-01-03 17:07:17,057 [INFO] PluginManage:310 - Check plugin lpbam
2026-01-03 17:07:17,084 [INFO] PluginManage:359 - Loaded plugin lpbam (category:base,tabindex:0)
2026-01-03 17:07:17,084 [INFO] PluginManage:310 - Check plugin memorymap
2026-01-03 17:07:17,119 [INFO] PluginManage:359 - Loaded plugin memorymap (category:base,tabindex:4)
2026-01-03 17:07:17,119 [INFO] PluginManage:310 - Check plugin pinoutandconfiguration
2026-01-03 17:07:17,150 [INFO] PluginManage:359 - Loaded plugin pinoutandconfiguration (category:base,tabindex:1)
2026-01-03 17:07:17,150 [INFO] PluginManage:310 - Check plugin pinoutconfig
2026-01-03 17:07:17,315 [WARN] SupportedApi:132 - Cannot load RTOS API schema: s4s-elt-must-match.1: The content of 'definitions' must match (annotation?, (simpleType | complexType)?, (unique | key | keyref)*)). A problem was found starting at: attribute.
2026-01-03 17:07:17,542 [INFO] PluginManage:359 - Loaded plugin pinoutconfig (category:base,tabindex:0)
2026-01-03 17:07:17,543 [INFO] PluginManage:310 - Check plugin power
2026-01-03 17:07:17,581 [INFO] PluginManage:359 - Loaded plugin power (category:power,tabindex:4)
2026-01-03 17:07:17,582 [INFO] PluginManage:310 - Check plugin projectmanager
2026-01-03 17:07:17,605 [INFO] PluginManage:359 - Loaded plugin projectmanager (category:projectmanager,tabindex:4)
2026-01-03 17:07:17,606 [INFO] PluginManage:310 - Check plugin rif
2026-01-03 17:07:17,660 [INFO] PluginManage:359 - Loaded plugin rif (category:base,tabindex:3)
2026-01-03 17:07:17,660 [INFO] PluginManage:310 - Check plugin thirdparty
2026-01-03 17:07:17,924 [INFO] PluginManage:359 - Loaded plugin thirdparty (category:base,tabindex:-1)
2026-01-03 17:07:17,924 [WARN] IntegrityCheckThread:84 - waiting for thirdparty lock release [integrity check]
2026-01-03 17:07:17,924 [INFO] IntegrityCheckThread:86 - entering critical section [integrity check]
2026-01-03 17:07:17,924 [INFO] PluginManage:310 - Check plugin tools
2026-01-03 17:07:17,925 [INFO] ThirdPartyUpdaterWithRetryManager:70 - Updater plugin not ready yet. [1/15]
2026-01-03 17:07:17,926 [INFO] PluginManage:359 - Loaded plugin tools (category:base,tabindex:7)
2026-01-03 17:07:17,926 [INFO] PluginManage:310 - Check plugin tutovideos
2026-01-03 17:07:18,334 [INFO] PluginManage:359 - Loaded plugin tutovideos (category:base,tabindex:-1)
2026-01-03 17:07:18,334 [INFO] PluginManage:310 - Check plugin updater
2026-01-03 17:07:18,350 [INFO] PluginManage:359 - Loaded plugin updater (category:base,tabindex:12)
2026-01-03 17:07:18,350 [INFO] PluginManage:310 - Check plugin userauth
2026-01-03 17:07:18,393 [INFO] UserAuth:118 - Init User Auth plugin
2026-01-03 17:07:18,394 [INFO] PluginManage:359 - Loaded plugin userauth (category:base,tabindex:14)
2026-01-03 17:07:18,394 [INFO] PluginManage:283 - PluginManage : Loaded plugins [18]
2026-01-03 17:07:19,225 [INFO] PinOutPanel:1589 - setPackage(No Configuration,No Configuration)
2026-01-03 17:07:19,486 [INFO] CADModel:165 - CPN selected for project level
2026-01-03 17:07:19,486 [INFO] CADModel:114 - Register for checkConnection events
2026-01-03 17:07:19,531 [INFO] IPUIPlugin:80 - create IPUIPlugin
2026-01-03 17:07:19,531 [INFO] PluginManager:220 - loadIPPluginJar : add adc
2026-01-03 17:07:19,532 [INFO] IPUIPlugin:80 - create IPUIPlugin
2026-01-03 17:07:19,532 [INFO] PluginManager:220 - loadIPPluginJar : add aes
2026-01-03 17:07:19,534 [INFO] IPUIPlugin:80 - create IPUIPlugin
2026-01-03 17:07:19,534 [INFO] PluginManager:220 - loadIPPluginJar : add can
2026-01-03 17:07:19,535 [INFO] IPUIPlugin:80 - create IPUIPlugin
2026-01-03 17:07:19,535 [INFO] PluginManager:220 - loadIPPluginJar : add comp
2026-01-03 17:07:19,536 [INFO] IPUIPlugin:80 - create IPUIPlugin
2026-01-03 17:07:19,536 [INFO] PluginManager:220 - loadIPPluginJar : add cryp
2026-01-03 17:07:19,562 [INFO] IPUIPlugin:80 - create IPUIPlugin
2026-01-03 17:07:19,562 [INFO] PluginManager:220 - loadIPPluginJar : add ddr_ctrl_phy
2026-01-03 17:07:19,564 [INFO] IPUIPlugin:80 - create IPUIPlugin
2026-01-03 17:07:19,564 [INFO] PluginManager:220 - loadIPPluginJar : add dfsdm
2026-01-03 17:07:19,568 [INFO] IPUIPlugin:80 - create IPUIPlugin
2026-01-03 17:07:19,568 [INFO] PluginManager:220 - loadIPPluginJar : add dma
2026-01-03 17:07:19,570 [INFO] IPUIPlugin:80 - create IPUIPlugin
2026-01-03 17:07:19,570 [INFO] PluginManager:220 - loadIPPluginJar : add dma3
2026-01-03 17:07:19,571 [INFO] IPUIPlugin:80 - create IPUIPlugin
2026-01-03 17:07:19,571 [INFO] PluginManager:220 - loadIPPluginJar : add extmemmanager
2026-01-03 17:07:19,572 [INFO] IPUIPlugin:80 - create IPUIPlugin
2026-01-03 17:07:19,572 [INFO] PluginManager:220 - loadIPPluginJar : add fatfs
2026-01-03 17:07:19,575 [INFO] IPUIPlugin:80 - create IPUIPlugin
2026-01-03 17:07:19,576 [INFO] PluginManager:220 - loadIPPluginJar : add fmc
2026-01-03 17:07:19,580 [INFO] IPUIPlugin:80 - create IPUIPlugin
2026-01-03 17:07:19,580 [INFO] PluginManager:220 - loadIPPluginJar : add freertos
2026-01-03 17:07:19,581 [INFO] IPUIPlugin:80 - create IPUIPlugin
2026-01-03 17:07:19,581 [INFO] PluginManager:220 - loadIPPluginJar : add genericplugin
2026-01-03 17:07:19,582 [INFO] IPUIPlugin:80 - create IPUIPlugin
2026-01-03 17:07:19,583 [INFO] PluginManager:220 - loadIPPluginJar : add gfxmmu
2026-01-03 17:07:19,585 [INFO] IPUIPlugin:80 - create IPUIPlugin
2026-01-03 17:07:19,586 [INFO] PluginManager:220 - loadIPPluginJar : add gic
2026-01-03 17:07:19,588 [INFO] IPUIPlugin:80 - create IPUIPlugin
2026-01-03 17:07:19,588 [INFO] PluginManager:220 - loadIPPluginJar : add gpio
2026-01-03 17:07:19,589 [INFO] IPUIPlugin:80 - create IPUIPlugin
2026-01-03 17:07:19,589 [INFO] PluginManager:220 - loadIPPluginJar : add gtzc
2026-01-03 17:07:19,591 [INFO] IPUIPlugin:80 - create IPUIPlugin
2026-01-03 17:07:19,591 [INFO] PluginManager:220 - loadIPPluginJar : add hash
2026-01-03 17:07:19,592 [INFO] IPUIPlugin:80 - create IPUIPlugin
2026-01-03 17:07:19,592 [INFO] PluginManager:220 - loadIPPluginJar : add i2c
2026-01-03 17:07:19,594 [INFO] IPUIPlugin:80 - create IPUIPlugin
2026-01-03 17:07:19,594 [INFO] PluginManager:220 - loadIPPluginJar : add i2s
2026-01-03 17:07:19,595 [INFO] IPUIPlugin:80 - create IPUIPlugin
2026-01-03 17:07:19,595 [INFO] PluginManager:220 - loadIPPluginJar : add i3c
2026-01-03 17:07:19,611 [INFO] IPUIPlugin:80 - create IPUIPlugin
2026-01-03 17:07:19,611 [INFO] PluginManager:220 - loadIPPluginJar : add ipddr
2026-01-03 17:07:19,634 [INFO] IPUIPlugin:80 - create IPUIPlugin
2026-01-03 17:07:19,634 [INFO] PluginManager:220 - loadIPPluginJar : add linkedlist
2026-01-03 17:07:19,637 [INFO] IPUIPlugin:80 - create IPUIPlugin
2026-01-03 17:07:19,637 [INFO] PluginManager:220 - loadIPPluginJar : add lorawan
2026-01-03 17:07:19,639 [INFO] IPUIPlugin:80 - create IPUIPlugin
2026-01-03 17:07:19,639 [INFO] PluginManager:220 - loadIPPluginJar : add ltdc
2026-01-03 17:07:19,643 [INFO] IPUIPlugin:80 - create IPUIPlugin
2026-01-03 17:07:19,643 [INFO] PluginManager:220 - loadIPPluginJar : add mdma
2026-01-03 17:07:19,646 [INFO] IPUIPlugin:80 - create IPUIPlugin
2026-01-03 17:07:19,646 [INFO] PluginManager:220 - loadIPPluginJar : add nvic
2026-01-03 17:07:19,647 [INFO] IPUIPlugin:80 - create IPUIPlugin
2026-01-03 17:07:19,647 [INFO] PluginManager:220 - loadIPPluginJar : add opamp
2026-01-03 17:07:19,650 [INFO] IPUIPlugin:80 - create IPUIPlugin
2026-01-03 17:07:19,650 [INFO] PluginManager:220 - loadIPPluginJar : add openamp
2026-01-03 17:07:19,675 [INFO] IPUIPlugin:80 - create IPUIPlugin
2026-01-03 17:07:19,675 [INFO] PluginManager:220 - loadIPPluginJar : add pdm2pcm
2026-01-03 17:07:19,679 [INFO] IPUIPlugin:80 - create IPUIPlugin
2026-01-03 17:07:19,681 [INFO] PluginManager:220 - loadIPPluginJar : add plateformsettings
2026-01-03 17:07:19,682 [INFO] IPUIPlugin:80 - create IPUIPlugin
2026-01-03 17:07:19,682 [INFO] PluginManager:220 - loadIPPluginJar : add quadspi
2026-01-03 17:07:19,683 [INFO] IPUIPlugin:80 - create IPUIPlugin
2026-01-03 17:07:19,683 [INFO] PluginManager:220 - loadIPPluginJar : add radio
2026-01-03 17:07:19,686 [INFO] IPUIPlugin:80 - create IPUIPlugin
2026-01-03 17:07:19,686 [INFO] PluginManager:220 - loadIPPluginJar : add resmgrutility
2026-01-03 17:07:19,688 [INFO] IPUIPlugin:80 - create IPUIPlugin
2026-01-03 17:07:19,688 [INFO] PluginManager:220 - loadIPPluginJar : add sai
2026-01-03 17:07:19,689 [INFO] IPUIPlugin:80 - create IPUIPlugin
2026-01-03 17:07:19,689 [INFO] PluginManager:220 - loadIPPluginJar : add spi
2026-01-03 17:07:19,693 [INFO] IPUIPlugin:80 - create IPUIPlugin
2026-01-03 17:07:19,694 [INFO] PluginManager:220 - loadIPPluginJar : add stm32_wpan
2026-01-03 17:07:19,695 [INFO] IPUIPlugin:80 - create IPUIPlugin
2026-01-03 17:07:19,695 [INFO] PluginManager:220 - loadIPPluginJar : add tim
2026-01-03 17:07:19,696 [INFO] IPUIPlugin:80 - create IPUIPlugin
2026-01-03 17:07:19,697 [INFO] PluginManager:220 - loadIPPluginJar : add touchsensing
2026-01-03 17:07:19,698 [INFO] IPUIPlugin:80 - create IPUIPlugin
2026-01-03 17:07:19,698 [INFO] PluginManager:220 - loadIPPluginJar : add tracer_emb
2026-01-03 17:07:19,699 [INFO] IPUIPlugin:80 - create IPUIPlugin
2026-01-03 17:07:19,699 [INFO] PluginManager:220 - loadIPPluginJar : add ts
2026-01-03 17:07:19,700 [INFO] IPUIPlugin:80 - create IPUIPlugin
2026-01-03 17:07:19,700 [INFO] PluginManager:220 - loadIPPluginJar : add tsc
2026-01-03 17:07:19,701 [INFO] IPUIPlugin:80 - create IPUIPlugin
2026-01-03 17:07:19,701 [INFO] PluginManager:220 - loadIPPluginJar : add ucpd
2026-01-03 17:07:19,702 [INFO] IPUIPlugin:80 - create IPUIPlugin
2026-01-03 17:07:19,702 [INFO] PluginManager:220 - loadIPPluginJar : add usart
2026-01-03 17:07:19,704 [INFO] IPUIPlugin:80 - create IPUIPlugin
2026-01-03 17:07:19,704 [INFO] PluginManager:220 - loadIPPluginJar : add usbx
2026-01-03 17:07:19,856 [FATAL] Updater:351 - Updater called before beeing initialized
2026-01-03 17:07:19,950 [INFO] RulesReader:64 - Compatibility file has been processed (317 Rules)
2026-01-03 17:07:19,962 [INFO] RulesReader:64 - Compatibility file has been processed (317 Rules)
2026-01-03 17:07:20,003 [INFO] CADModel:165 - CPN selected for project level
2026-01-03 17:07:20,003 [INFO] CADModel:114 - Register for checkConnection events
2026-01-03 17:07:20,004 [FATAL] Updater:351 - Updater called before beeing initialized
2026-01-03 17:07:20,004 [ERROR] CADModel:125 - Updater not yet initialized, retry later 
2026-01-03 17:07:20,344 [FATAL] Updater:351 - Updater called before beeing initialized
2026-01-03 17:07:20,374 [INFO] CADModel:165 - CPN selected for project level
2026-01-03 17:07:20,375 [INFO] CADModel:114 - Register for checkConnection events
2026-01-03 17:07:20,375 [FATAL] Updater:351 - Updater called before beeing initialized
2026-01-03 17:07:20,375 [ERROR] CADModel:125 - Updater not yet initialized, retry later 
2026-01-03 17:07:20,377 [FATAL] Updater:351 - Updater called before beeing initialized
2026-01-03 17:07:20,579 [FATAL] Updater:351 - Updater called before beeing initialized
2026-01-03 17:07:20,583 [INFO] DbMcusAds:53 - JSON generation date=Tue Dec 16 04:41:46 IST 2025 (1765840306612)
2026-01-03 17:07:20,583 [FATAL] Updater:351 - Updater called before beeing initialized
2026-01-03 17:07:20,791 [WARN] DetailPanel:346 - Failed to get advertising image, set to default
2026-01-03 17:07:20,926 [INFO] ThirdPartyUpdaterWithRetryManager:70 - Updater plugin not ready yet. [2/15]
2026-01-03 17:07:20,930 [FATAL] Updater:351 - Updater called before beeing initialized
2026-01-03 17:07:20,932 [FATAL] Updater:351 - Updater called before beeing initialized
2026-01-03 17:07:20,932 [FATAL] Updater:351 - Updater called before beeing initialized
2026-01-03 17:07:20,932 [WARN] DetailPanel:346 - Failed to get advertising image, set to default
2026-01-03 17:07:20,933 [FATAL] Updater:351 - Updater called before beeing initialized
2026-01-03 17:07:21,035 [ERROR] Updater:1198 - MainUpdater not yet initialized. External WinMGr cannot be set.
2026-01-03 17:07:21,050 [INFO] Updater:1134 - Updater Version found : 6.15.0
2026-01-03 17:07:21,066 [INFO] ApplicationProperties:184 - Using Application install path: D:\installs\STM32CubeIDE_1.19.0\STM32CubeIDE\plugins\com.st.stm32cube.common.mx_6.15.0.202507011659
2026-01-03 17:07:21,363 [INFO] MainUpdater:2872 - connection check result : 10
2026-01-03 17:07:21,363 [INFO] MainUpdater:289 - Updater Check For Update Now.
2026-01-03 17:07:21,364 [INFO] MicroXplorer:498 - Change Database Version : DB.6.0.150
2026-01-03 17:07:21,394 [INFO] McuFinderGlobals:63 - Set McuFinder mode to 2 (CubeIDE integrated)
2026-01-03 17:07:21,394 [INFO] UserAuth:171 - activating auth plugin
2026-01-03 17:07:21,413 [INFO] UserAuth:487 - Internet connection configuration mode: 1
2026-01-03 17:07:21,509 [INFO] JxBrowserEngine:152 - Initiate JxBrowser Engine with user profile folder
2026-01-03 17:07:21,611 [INFO] CheckServerUpdateThread:120 - End of CheckServer Thread
2026-01-03 17:07:23,550 [INFO] WebApp:169 - Instantiating new browser for Auth
2026-01-03 17:07:24,246 [WARN] PackLoader:240 - Cannot read IP mode file for STMicroelectronics.FP-SNS-MOTENVWB1.1.4.0
2026-01-03 17:07:24,280 [WARN] PackLoader:240 - Cannot read IP mode file for STMicroelectronics.FP-ATR-ASTRA1.2.0.2
2026-01-03 17:07:24,298 [WARN] PackLoader:240 - Cannot read IP mode file for STMicroelectronics.X-CUBE-SMBUS.2.1.0
2026-01-03 17:07:24,316 [WARN] PackLoader:240 - Cannot read IP mode file for STMicroelectronics.X-CUBE-WB05N.1.1.0
2026-01-03 17:07:24,345 [WARN] PackLoader:240 - Cannot read IP mode file for STMicroelectronics.X-CUBE-AZRTOS-F7.1.1.0
2026-01-03 17:07:24,354 [WARN] PackLoader:240 - Cannot read IP mode file for STMicroelectronics.FP-SNS-MOTENV1.5.1.0
2026-01-03 17:07:24,384 [WARN] PackLoader:240 - Cannot read IP mode file for Infineon.AIROC-Wi-Fi-Bluetooth-STM32.1.7.0
2026-01-03 17:07:24,413 [WARN] PackLoader:240 - Cannot read IP mode file for STMicroelectronics.X-CUBE-AZRTOS-H7.3.4.0
2026-01-03 17:07:24,433 [WARN] PackLoader:240 - Cannot read IP mode file for STMicroelectronics.X-CUBE-DISPLAY.3.0.0
2026-01-03 17:07:24,442 [WARN] PackLoader:240 - Cannot read IP mode file for STMicroelectronics.X-CUBE-NFC10.1.0.0
2026-01-03 17:07:24,458 [WARN] PackLoader:240 - Cannot read IP mode file for STMicroelectronics.X-CUBE-BLEMGR.4.0.0
2026-01-03 17:07:24,467 [WARN] PackLoader:240 - Cannot read IP mode file for STMicroelectronics.X-CUBE-ST60.1.1.0
2026-01-03 17:07:24,478 [WARN] PackLoader:240 - Cannot read IP mode file for emotas.I-CUBE-CANOPEN.1.3.0
2026-01-03 17:07:24,483 [WARN] PackLoader:240 - Cannot read IP mode file for STMicroelectronics.X-CUBE-GNSS1.7.1.0
2026-01-03 17:07:24,495 [WARN] ConditionMgr:438 - getConditionDescription Invalid condition id : Cortex-A Device cause : null
2026-01-03 17:07:24,524 [WARN] ConditionMgr:1044 - genDependencies : Invalid condition id : Cortex-A Device cause : null
2026-01-03 17:07:24,524 [WARN] ConditionMgr:1044 - genDependencies : Invalid condition id : Cortex-A Device cause : null
2026-01-03 17:07:24,524 [WARN] ConditionMgr:1044 - genDependencies : Invalid condition id : Cortex-A Device cause : null
2026-01-03 17:07:24,536 [WARN] PackLoader:240 - Cannot read IP mode file for STMicroelectronics.X-CUBE-AI.10.0.0
2026-01-03 17:07:24,547 [WARN] PackLoader:240 - Cannot read IP mode file for STMicroelectronics.FP-SNS-STBOX1.2.1.0
2026-01-03 17:07:24,560 [WARN] PackLoader:240 - Cannot read IP mode file for STMicroelectronics.FP-SNS-SMARTAG2.1.2.0
2026-01-03 17:07:24,566 [WARN] PackLoader:240 - Cannot read IP mode file for STMicroelectronics.FP-SNS-FLIGHT1.5.1.0
2026-01-03 17:07:24,602 [WARN] PackLoader:240 - Cannot read IP mode file for STMicroelectronics.X-CUBE-MEMS1.11.1.0
2026-01-03 17:07:24,762 [INFO] LogOutputStream:77 - [STDOUT_REDIRECT] 1 : Invalid condition id : UX_CORESTACK_Condition cause : null
2026-01-03 17:07:24,763 [INFO] LogOutputStream:77 - [STDOUT_REDIRECT] 1 : Invalid condition id : UX_CORESTACK_Condition cause : null
2026-01-03 17:07:24,764 [INFO] LogOutputStream:77 - [STDOUT_REDIRECT] 1 : Invalid condition id : UX_CORESTACK_Condition cause : null
2026-01-03 17:07:24,765 [INFO] LogOutputStream:77 - [STDOUT_REDIRECT] 1 : Invalid condition id : UX_CORESTACK_Condition cause : null
2026-01-03 17:07:24,766 [INFO] LogOutputStream:77 - [STDOUT_REDIRECT] 1 : Invalid condition id : UX_CORESTACK_Condition cause : null
2026-01-03 17:07:24,767 [WARN] PackLoader:240 - Cannot read IP mode file for STMicroelectronics.X-CUBE-AZRTOS-WL.2.0.0
2026-01-03 17:07:24,772 [WARN] PackLoader:240 - Cannot read IP mode file for STMicroelectronics.FP-SNS-MOTENV1.5.0.0
2026-01-03 17:07:24,789 [WARN] PackLoader:240 - Cannot read IP mode file for STMicroelectronics.X-CUBE-AZRTOS-H7RS.1.2.0
2026-01-03 17:07:24,801 [WARN] PackLoader:240 - Cannot read IP mode file for WES.I-CUBE-Cesium.1.3.0
2026-01-03 17:07:24,811 [WARN] PackLoader:240 - Cannot read IP mode file for STMicroelectronics.X-CUBE-BLE2.3.3.0
2026-01-03 17:07:24,830 [WARN] PackLoader:240 - Cannot read IP mode file for STMicroelectronics.X-CUBE-NFC9.1.0.0
2026-01-03 17:07:24,836 [WARN] PackLoader:240 - Cannot read IP mode file for STMicroelectronics.X-CUBE-BLE1.7.1.0
2026-01-03 17:07:24,842 [WARN] PackLoader:240 - Cannot read IP mode file for wolfSSL.I-CUBE-wolfMQTT.1.19.2
2026-01-03 17:07:24,848 [WARN] PackLoader:240 - Cannot read IP mode file for STMicroelectronics.X-CUBE-FREERTOS.1.4.0
2026-01-03 17:07:24,856 [WARN] PackLoader:240 - Cannot read IP mode file for STMicroelectronics.X-CUBE-EEPRMA1.5.2.0
2026-01-03 17:07:24,864 [WARN] PackLoader:240 - Cannot read IP mode file for STMicroelectronics.X-CUBE-ST67W61.1.1.0
2026-01-03 17:07:24,896 [WARN] PackLoader:240 - Cannot read IP mode file for STMicroelectronics.X-CUBE-MEMS1.12.0.0
2026-01-03 17:07:24,951 [WARN] PackLoader:240 - Cannot read IP mode file for STMicroelectronics.X-CUBE-AZRTOS-G0.1.1.0
2026-01-03 17:07:24,959 [WARN] PackLoader:240 - Cannot read IP mode file for STMicroelectronics.X-CUBE-SAFEA1.1.2.2
2026-01-03 17:07:24,966 [WARN] PackLoader:240 - Cannot read IP mode file for STMicroelectronics.X-CUBE-NFC4.3.0.0
2026-01-03 17:07:24,975 [WARN] PackLoader:240 - Cannot read IP mode file for EmbeddedOffice.I-CUBE-FS-RTOS.1.0.1
2026-01-03 17:07:24,982 [WARN] PackLoader:240 - Cannot read IP mode file for STMicroelectronics.X-CUBE-WB05N.2.0.0
2026-01-03 17:07:24,986 [WARN] PackLoader:240 - Cannot read IP mode file for wolfSSL.I-CUBE-wolfTPM.3.8.0
2026-01-03 17:07:24,991 [WARN] PackLoader:240 - Cannot read IP mode file for STMicroelectronics.X-CUBE-TCPP.4.2.0
2026-01-03 17:07:24,999 [WARN] PackLoader:240 - Cannot read IP mode file for RealThread.X-CUBE-RT-Thread_Nano.4.1.1
2026-01-03 17:07:25,008 [WARN] PackLoader:240 - Cannot read IP mode file for STMicroelectronics.FP-ATR-SIGFOX1.3.2.0
2026-01-03 17:07:25,018 [WARN] PackLoader:240 - Cannot read IP mode file for STMicroelectronics.X-CUBE-EEPRMA1.5.1.0
2026-01-03 17:07:25,023 [WARN] PackLoader:240 - Cannot read IP mode file for wolfSSL.I-CUBE-wolfSSL.5.7.6
2026-01-03 17:07:25,034 [WARN] PackLoader:240 - Cannot read IP mode file for ITTIA_DB.I-CUBE-ITTIADB.8.9.0
2026-01-03 17:07:25,037 [WARN] PackLoader:240 - Cannot read IP mode file for STMicroelectronics.X-CUBE-AI.10.2.0
2026-01-03 17:07:25,064 [WARN] PackLoader:240 - Cannot read IP mode file for SEGGER.I-CUBE-embOS.1.3.1
2026-01-03 17:07:25,083 [WARN] PackLoader:240 - Cannot read IP mode file for STMicroelectronics.X-CUBE-ALGOBUILD.1.4.0
2026-01-03 17:07:25,090 [WARN] PackLoader:240 - Cannot read IP mode file for STMicroelectronics.X-CUBE-PM33A1.1.0.0
2026-01-03 17:07:25,099 [WARN] PackLoader:240 - Cannot read IP mode file for STMicroelectronics.X-CUBE-AZRTOS-F4.1.1.0
2026-01-03 17:07:25,104 [WARN] PackLoader:240 - Cannot read IP mode file for STMicroelectronics.X-CUBE-ISPU.2.1.0
2026-01-03 17:07:25,111 [WARN] PackLoader:240 - Cannot read IP mode file for STMicroelectronics.X-CUBE-IPS.3.2.0
2026-01-03 17:07:25,119 [WARN] PackLoader:240 - Cannot read IP mode file for STMicroelectronics.X-CUBE-NFC12.1.0.0
2026-01-03 17:07:25,128 [WARN] PackLoader:240 - Cannot read IP mode file for STMicroelectronics.X-CUBE-AZRTOS-L5.2.0.0
2026-01-03 17:07:25,136 [WARN] PackLoader:240 - Cannot read IP mode file for STMicroelectronics.X-CUBE-NFC6.3.1.0
2026-01-03 17:07:25,142 [WARN] PackLoader:240 - Cannot read IP mode file for STMicroelectronics.X-CUBE-DPower.1.2.0
2026-01-03 17:07:25,145 [WARN] PackLoader:240 - Cannot read IP mode file for STMicroelectronics.X-CUBE-FREERTOS.1.3.0
2026-01-03 17:07:25,149 [WARN] PackLoader:240 - Cannot read IP mode file for STMicroelectronics.X-CUBE-NFC7.1.0.1
2026-01-03 17:07:25,169 [WARN] PackLoader:240 - Cannot read IP mode file for STMicroelectronics.X-CUBE-TOUCHGFX.4.26.0
2026-01-03 17:07:25,174 [WARN] PackLoader:240 - Cannot read IP mode file for STMicroelectronics.FP-SNS-STAIOTCFT.1.0.0
2026-01-03 17:07:25,177 [WARN] PackLoader:240 - Cannot read IP mode file for STMicroelectronics.X-CUBE-DPower.1.3.0
2026-01-03 17:07:25,188 [WARN] ConditionMgr:438 - getConditionDescription Invalid condition id : LAN8742 Phy interface Condition cause : null
2026-01-03 17:07:25,190 [WARN] PackLoader:240 - Cannot read IP mode file for STMicroelectronics.X-CUBE-AZRTOS-L4.2.0.0
2026-01-03 17:07:25,190 [WARN] ConditionMgr:1044 - genDependencies : Invalid condition id : LAN8742 Phy interface Condition cause : null
2026-01-03 17:07:25,190 [WARN] ConditionMgr:1044 - genDependencies : Invalid condition id : LAN8742 Phy interface Condition cause : null
2026-01-03 17:07:25,191 [WARN] ConditionMgr:1044 - genDependencies : Invalid condition id : LAN8742 Phy interface Condition cause : null
2026-01-03 17:07:25,205 [WARN] PackLoader:240 - Cannot read IP mode file for STMicroelectronics.X-CUBE-SFXS2LP1.4.0.0
2026-01-03 17:07:25,235 [WARN] PackLoader:240 - Cannot read IP mode file for STMicroelectronics.X-CUBE-AZRTOS-H7.3.3.0
2026-01-03 17:07:25,261 [WARN] PackLoader:240 - Cannot read IP mode file for STMicroelectronics.X-CUBE-BLEMGR.4.1.0
2026-01-03 17:07:25,290 [WARN] ConditionMgr:438 - getConditionDescription Invalid condition id : UX DEVICE CLASS RTOS Condition cause : null
2026-01-03 17:07:25,290 [WARN] ConditionMgr:438 - getConditionDescription Invalid condition id : UX DEVICE CLASS RTOS Condition cause : null
2026-01-03 17:07:25,292 [WARN] PackLoader:240 - Cannot read IP mode file for STMicroelectronics.X-CUBE-AZRTOS-WB.2.0.0
2026-01-03 17:07:25,292 [WARN] ConditionMgr:1044 - genDependencies : Invalid condition id : UX DEVICE CLASS RTOS Condition cause : null
2026-01-03 17:07:25,293 [WARN] ConditionMgr:1044 - genDependencies : Invalid condition id : UX DEVICE CLASS RTOS Condition cause : null
2026-01-03 17:07:25,293 [WARN] ConditionMgr:1044 - genDependencies : Invalid condition id : UX DEVICE CLASS RTOS Condition cause : null
2026-01-03 17:07:25,293 [WARN] ConditionMgr:1044 - genDependencies : Invalid condition id : UX DEVICE CLASS RTOS Condition cause : null
2026-01-03 17:07:25,294 [WARN] ConditionMgr:1044 - genDependencies : Invalid condition id : UX DEVICE CLASS RTOS Condition cause : null
2026-01-03 17:07:25,313 [WARN] PackLoader:240 - Cannot read IP mode file for STMicroelectronics.X-CUBE-GNSS1.7.0.1
2026-01-03 17:07:25,319 [WARN] PackLoader:240 - Cannot read IP mode file for STMicroelectronics.X-CUBE-TOUCHGFX.4.25.0
2026-01-03 17:07:25,325 [WARN] PackLoader:240 - Cannot read IP mode file for STMicroelectronics.FP-SNS-STBOX1.2.0.0
2026-01-03 17:07:25,335 [WARN] PackLoader:240 - Cannot read IP mode file for STMicroelectronics.X-CUBE-SUBG2.5.0.0
2026-01-03 17:07:25,353 [WARN] PackLoader:240 - Cannot read IP mode file for STMicroelectronics.X-CUBE-AZRTOS-H7RS.1.1.0
2026-01-03 17:07:25,362 [WARN] PackLoader:240 - Cannot read IP mode file for Cesanta.I-CUBE-Mongoose.7.13.0
2026-01-03 17:07:25,372 [WARN] PackLoader:240 - Cannot read IP mode file for STMicroelectronics.X-CUBE-AZRTOS-G4.2.0.0
2026-01-03 17:07:25,380 [WARN] PackLoader:240 - Cannot read IP mode file for wolfSSL.I-CUBE-wolfSSH.1.4.20
2026-01-03 17:07:25,385 [WARN] PackLoader:240 - Cannot read IP mode file for STMicroelectronics.X-CUBE-NFC7.2.0.0
2026-01-03 17:07:25,394 [WARN] PackLoader:240 - Cannot read IP mode file for STMicroelectronics.X-CUBE-IPS.3.1.0
2026-01-03 17:07:25,404 [WARN] PackLoader:240 - Cannot read IP mode file for STMicroelectronics.X-CUBE-ALS.1.0.2
2026-01-03 17:07:25,412 [WARN] PackLoader:240 - Cannot read IP mode file for STMicroelectronics.X-CUBE-STSE01.1.0.0
2026-01-03 17:07:25,420 [WARN] PackLoader:240 - Cannot read IP mode file for portGmbH.I-Cube-SoM-uGOAL.1.1.0
2026-01-03 17:07:25,429 [WARN] PackLoader:240 - Cannot read IP mode file for STMicroelectronics.X-CUBE-TOF1.3.4.2
2026-01-03 17:07:25,446 [WARN] PackLoader:240 - Cannot read IP mode file for STMicroelectronics.X-CUBE-TOF1.3.4.3
2026-01-03 17:07:25,451 [INFO] WebApp:463 - Apply proxy settings
2026-01-03 17:07:25,452 [INFO] WebApp:548 - Chromium requires no authentication
2026-01-03 17:07:25,454 [INFO] ThirdParty:978 - Integrity check success = true
2026-01-03 17:07:25,454 [INFO] IntegrityCheckThread:100 - exiting critical section [integrity check]
2026-01-03 17:07:25,454 [INFO] IntegrityCheckThread:103 - End integrity checks thread
2026-01-03 17:07:25,562 [INFO] WebApp:491 - Direct internet connection detected
2026-01-03 17:07:25,593 [INFO] WebApp:900 - Register for checkConnection events
2026-01-03 17:07:25,593 [INFO] WebApp:463 - Apply proxy settings
2026-01-03 17:07:25,593 [INFO] WebApp:548 - Chromium requires no authentication
2026-01-03 17:07:25,594 [INFO] WebApp:491 - Direct internet connection detected
2026-01-03 17:07:25,966 [INFO] WebApp:225 - Starting web application
2026-01-03 17:07:25,966 [INFO] WebApp:593 - Web application path used D:\installs\STM32CubeIDE_1.19.0\STM32CubeIDE\plugins\com.st.stm32cube.common.mx_6.15.0.202507011659\db\plugins\mcufinder\reactClient1\index.html
2026-01-03 17:07:27,088 [INFO] WebApp:191 - Connection restablished
2026-01-03 18:27:46,894 [INFO] McuFinderGlobals:63 - Set McuFinder mode to 2 (CubeIDE integrated)
2026-01-03 18:27:46,910 [INFO] MainUpdater:2872 - connection check result : 10
2026-01-03 18:27:46,924 [INFO] MainUpdater:2872 - connection check result : 10
2026-01-03 18:27:47,103 [INFO] MicroXplorer:468 - Change Database Path : 
2026-01-03 18:27:47,103 [INFO] MicroXplorer:498 - Change Database Version : DB.6.0.150
2026-01-03 18:27:47,108 [WARN] ThirdParty:871 - waiting for thirdparty lock release [close project]
2026-01-03 18:27:47,108 [INFO] ThirdParty:873 - entering critical section [close project]
2026-01-03 18:27:47,110 [INFO] ThirdParty:883 - exiting critical section [close project]
2026-01-03 18:27:47,113 [INFO] PinOutPanel:1589 - setPackage(No Configuration,No Configuration)
2026-01-03 18:27:47,115 [INFO] UtilMem:75 - Begin LoadConfig() Used Memory: 789082048 Bytes (1073741824)
2026-01-03 18:27:47,117 [INFO] MicroXplorer:468 - Change Database Path : 
2026-01-03 18:27:47,117 [INFO] MicroXplorer:498 - Change Database Version : DB.6.0.150
2026-01-03 18:27:47,118 [INFO] OpenFileManager:355 - Change cursor
2026-01-03 18:27:47,209 [INFO] Mcu:2029 - Initializing MCU STM32F103C(8-B)Tx STM32F103C8Tx STM32F103C8T6
2026-01-03 18:27:48,300 [INFO] Context:786 - Trying to add GPIOservice into a context  which must be forbidden
2026-01-03 18:27:48,532 [INFO] ImportTextPane:234 - (OptionalMessage_ERROR) Pin6 (VP_RIF_VS_RIF1) cannot be retrieved for this MCU
2026-01-03 18:27:48,598 [INFO] RtosManager:558 - Registered RTOS mode: class=CMSIS, group=RTOS, mode=CMSIS_V1, owner=FREERTOS
2026-01-03 18:27:48,598 [INFO] RtosManager:558 - Registered RTOS mode: class=CMSIS, group=RTOS2, mode=CMSIS_V2, owner=FREERTOS
2026-01-03 18:27:48,598 [INFO] RtosManager:558 - Registered RTOS mode: class=RTOS, group=Core, mode=CMSIS_V1, owner=FREERTOS
2026-01-03 18:27:48,598 [INFO] RtosManager:558 - Registered RTOS mode: class=RTOS, group=Core, mode=CMSIS_V2, owner=FREERTOS
2026-01-03 18:27:48,598 [WARN] ModelIntegratedComponent:184 - Missing modes for component STMicroelectronics:FreeRTOS:0.0.1:STMicroelectronics:RTOS:FreeRTOS:Core:::10.2.0:
2026-01-03 18:27:48,604 [WARN] ModelIntegratedComponent:63 - No mode defined for component null
2026-01-03 18:27:48,606 [WARN] ModelIntegratedComponent:63 - No mode defined for component null
2026-01-03 18:27:48,606 [WARN] ModelIntegratedComponent:63 - No mode defined for component null
2026-01-03 18:27:48,606 [WARN] ModelIntegratedComponent:63 - No mode defined for component null
2026-01-03 18:27:48,606 [WARN] ModelIntegratedComponent:63 - No mode defined for component null
2026-01-03 18:27:48,606 [WARN] ModelIntegratedComponent:63 - No mode defined for component null
2026-01-03 18:27:48,606 [WARN] ModelIntegratedComponent:63 - No mode defined for component null
2026-01-03 18:27:48,606 [WARN] ModelIntegratedComponent:63 - No mode defined for component null
2026-01-03 18:27:48,606 [WARN] ModelIntegratedComponent:63 - No mode defined for component null
2026-01-03 18:27:48,606 [WARN] ModelIntegratedComponent:63 - No mode defined for component null
2026-01-03 18:27:48,606 [WARN] ModelIntegratedComponent:63 - No mode defined for component null
2026-01-03 18:27:48,606 [WARN] ModelIntegratedComponent:63 - No mode defined for component null
2026-01-03 18:27:48,606 [WARN] ModelIntegratedComponent:63 - No mode defined for component null
2026-01-03 18:27:48,606 [WARN] ModelIntegratedComponent:63 - No mode defined for component null
2026-01-03 18:27:48,606 [WARN] ModelIntegratedComponent:63 - No mode defined for component null
2026-01-03 18:27:48,606 [WARN] ModelIntegratedComponent:63 - No mode defined for component null
2026-01-03 18:27:48,606 [WARN] ModelIntegratedComponent:63 - No mode defined for component null
2026-01-03 18:27:48,606 [WARN] ModelIntegratedComponent:63 - No mode defined for component null
2026-01-03 18:27:48,607 [WARN] ModelIntegratedComponent:63 - No mode defined for component null
2026-01-03 18:27:48,607 [WARN] ModelIntegratedComponent:63 - No mode defined for component null
2026-01-03 18:27:48,607 [WARN] ModelIntegratedComponent:63 - No mode defined for component null
2026-01-03 18:27:48,607 [WARN] ModelIntegratedComponent:63 - No mode defined for component null
2026-01-03 18:27:48,607 [WARN] ModelIntegratedComponent:63 - No mode defined for component null
2026-01-03 18:27:48,607 [WARN] ModelIntegratedComponent:63 - No mode defined for component null
2026-01-03 18:27:48,607 [WARN] ModelIntegratedComponent:63 - No mode defined for component null
2026-01-03 18:27:48,607 [WARN] ModelIntegratedComponent:63 - No mode defined for component null
2026-01-03 18:27:48,607 [WARN] ModelIntegratedComponent:63 - No mode defined for component null
2026-01-03 18:27:48,607 [WARN] ModelIntegratedComponent:63 - No mode defined for component null
2026-01-03 18:27:48,607 [WARN] ModelIntegratedComponent:63 - No mode defined for component null
2026-01-03 18:27:48,607 [WARN] ModelIntegratedComponent:63 - No mode defined for component null
2026-01-03 18:27:48,607 [WARN] ModelIntegratedComponent:63 - No mode defined for component null
2026-01-03 18:27:48,607 [WARN] ModelIntegratedComponent:63 - No mode defined for component null
2026-01-03 18:27:48,607 [WARN] ModelIntegratedComponent:63 - No mode defined for component null
2026-01-03 18:27:48,607 [WARN] ModelIntegratedComponent:63 - No mode defined for component null
2026-01-03 18:27:48,607 [WARN] ModelIntegratedComponent:63 - No mode defined for component null
2026-01-03 18:27:48,608 [WARN] ModelPack:524 - Component already loaded: STMicroelectronics:HAL Drivers:0.0.0:STMicroelectronics:Device:STMicro_Driver:XSPI:HAL::0.0.1:HAL_XSPI
2026-01-03 18:27:48,764 [INFO] ThirdPartyModel:298 - Start build external matchings
2026-01-03 18:27:49,370 [INFO] ThirdPartyModel:316 - End build external matchings
2026-01-03 18:27:49,395 [INFO] ImportTextPane:234 - (OptionalMessage_ERROR) IP (RCC) : Invalid parameter (FamilyName)
2026-01-03 18:27:49,396 [INFO] ImportTextPane:234 - (OptionalMessage_ERROR) IP (RCC) : Parameter (USBFreq_Value) has invalid value (16000000)
2026-01-03 18:27:49,792 [INFO] ApiDb:581 - Connected to CubeFinder SQLite database (C:\Users\22142\.stmcufinder\plugins\mcufinder\mcu\cube-finder-db.db)
2026-01-03 18:27:49,879 [INFO] ApiDb:668 - CubeFinder database Data Model version=2.1
2026-01-03 18:27:49,880 [INFO] ApiDb:669 - CubeFinder database Configuration version=3.0.39
2026-01-03 18:27:49,880 [INFO] ApiDb:670 - CubeFinder database generation date=2025-12-22 (1766407740)
2026-01-03 18:27:49,881 [INFO] ApiDb:671 - CubeFinder database FW Pack versions=[FP-ATR-ASTRA1_V2.0.0, FP-SNS-FLIGHT1_V5.1.0, FP-SNS-MOTENV1_V5.1.0, FP-SNS-MOTENVWB1_V1.4.0, FP-SNS-SMARTAG2_V1.2.0, FP-SNS-STBOX1_V2.1.0, STM32Cube_FW_C0_V1.4.0, STM32Cube_FW_F4_V1.28.3, STM32Cube_FW_F7_V1.17.4, STM32Cube_FW_G0_V1.6.2, STM32Cube_FW_G4_V1.6.1, STM32Cube_FW_H5_V1.5.1, STM32Cube_FW_H7RS_V1.3.0, STM32Cube_FW_H7_V1.12.1, STM32Cube_FW_L0_V1.12.2, STM32Cube_FW_L4_V1.18.1, STM32Cube_FW_L5_V1.6.0, STM32Cube_FW_N6_V1.3.0, STM32Cube_FW_U0_V1.3.0, STM32Cube_FW_U3_V1.2.1, STM32Cube_FW_U5_V1.8.0, STM32Cube_FW_WB0_V1.4.0, STM32Cube_FW_WBA_V1.8.0, STM32Cube_FW_WB_V1.24.0, STM32Cube_FW_WL3_V1.3.0, STM32Cube_FW_WL_V1.4.0, X-CUBE-ALGOBUILD_V1.4.0, X-CUBE-ALS_V1.0.2, X-CUBE-AZRTOS-F4_V1.1.0, X-CUBE-AZRTOS-F7_V1.1.0, X-CUBE-AZRTOS-G0_V1.1.0, X-CUBE-AZRTOS-G4_V2.0.0, X-CUBE-AZRTOS-H7RS_V1.1.0, X-CUBE-AZRTOS-H7_V3.4.0, X-CUBE-AZRTOS-L4_V2.0.0, X-CUBE-AZRTOS-L5_V2.0.0, X-CUBE-AZRTOS-WB_V2.0.0, X-CUBE-AZRTOS-WL_V2.0.0, X-CUBE-BLE1_V7.1.0, X-CUBE-BLE2_V3.3.0, X-CUBE-BLEMGR_V4.1.0, X-CUBE-EEPRMA1_V5.2.0, X-CUBE-FREERTOS_V1.3.1, X-CUBE-GNSS1_V6.0.0, X-CUBE-MEMS1_V12.0.0, X-CUBE-NFC4_V3.0.0, X-CUBE-NFC7_V2.0.0, X-CUBE-SFXS2LP1_V4.0.0, X-CUBE-ST67W61_V1.1.0, X-CUBE-SUBG2_V5.0.0, X-CUBE-TOF1_V3.4.3]
2026-01-03 18:27:50,010 [INFO] DbBoardsSqlite:226 - include board P-NUCLEO-WB55-NUCLEO as a kit item of type 'Nucleo-64'
2026-01-03 18:27:50,010 [INFO] DbBoardsSqlite:226 - include board P-NUCLEO-WB55-USBDONGLE as a kit item of type 'Nucleo USB Dongle'
2026-01-03 18:27:50,010 [INFO] DbBoardsSqlite:226 - include board STEVAL-IDP005V1 as a kit item of type 'Evaluation Board'
2026-01-03 18:27:50,010 [INFO] DbBoardsSqlite:226 - include board STEVAL-IDP005V2 as a kit item of type 'Evaluation Board'
2026-01-03 18:27:50,532 [INFO] ApiDb:240 - Found 880 in-development CPN: [B-G473E-ZEST1S, B-WB1M-WPAN1, B-WBA5M-WPAN, B-WL5M-SUBG1, NUCLEO-C031C6, NUCLEO-C051C8, NUCLEO-C071RB, NUCLEO-C092RC, NUCLEO-H503RB, NUCLEO-H533RE, NUCLEO-H563ZI, NUCLEO-H7S3L8, NUCLEO-N657X0-Q, NUCLEO-U031R8, NUCLEO-U083RC, NUCLEO-U385RG-Q, NUCLEO-U545RE-Q, NUCLEO-U5A5ZJ-Q, NUCLEO-WB05KZ, NUCLEO-WB07CC, NUCLEO-WB09KE, NUCLEO-WBA52CG, NUCLEO-WBA55CG, NUCLEO-WL33CC1, NUCLEO-WL33CC2, STEVAL-PROTEUS1, STEVAL-SMARTAG2, STEVAL-STWINBX1, STM320518-EVAL, STM32C0116-DK, STM32C011D6Y3TR, STM32C011D6Y6TR, STM32C011F4P3, STM32C011F4P6, STM32C011F4U3, STM32C011F4U6TR, STM32C011F6P3, STM32C011F6P6, STM32C011F6U3, STM32C011F6U6TR, STM32C011J4M3, STM32C011J4M6, STM32C011J6M3, STM32C011J6M6, STM32C0316-DK, STM32C031C4T3, STM32C031C4T6, STM32C031C4U3, STM32C031C4U6, STM32C031C6T3, STM32C031C6T6, STM32C031C6U3, STM32C031C6U6, STM32C031F4P3, STM32C031F4P6, STM32C031F6P3, STM32C031F6P6, STM32C031G4U3, STM32C031G4U6, STM32C031G6U3, STM32C031G6U6, STM32C031K4T3, STM32C031K4T6, STM32C031K4U3, STM32C031K4U6, STM32C031K6T3, STM32C031K6T6, STM32C031K6U3, STM32C031K6U6, STM32C051C6T6, STM32C051C6U6, STM32C051C8T6, STM32C051C8U6, STM32C051D8Y6TR, STM32C051F6P6, STM32C051F8P6, STM32C051G6U6, STM32C051G8U6, STM32C051K6T6, STM32C051K6U6, STM32C051K8T6, STM32C071C8T6, STM32C071C8T6N, STM32C071C8U6, STM32C071C8U6N, STM32C071CBT6, STM32C071CBT6N, STM32C071CBU6, STM32C071CBU6N, STM32C071F8P6, STM32C071F8P6N, STM32C071FBP6, STM32C071FBP6N, STM32C071FBY6TR, STM32C071G8U6, STM32C071G8U6N, STM32C071GBU6, STM32C071GBU6N, STM32C071K8T6, STM32C071K8T6N, STM32C071K8U6, STM32C071K8U6N, STM32C071KBT6, STM32C071KBT6N, STM32C071KBU6, STM32C071KBU6N, STM32C071R8T6, STM32C071R8T6N, STM32C071RBI6N, STM32C071RBT6, STM32C071RBT6N, STM32C091CBT6, STM32C091CBU6, STM32C091CCT6, STM32C091CCU6, STM32C091ECY6TR, STM32C091FBP6, STM32C091FCP6, STM32C091GBU6, STM32C091GCU6, STM32C091KBT6, STM32C091KBU6, STM32C091KCT6, STM32C091KCU6, STM32C091RBT6, STM32C091RCI6, STM32C091RCT6, STM32C092CBT6, STM32C092CBU6, STM32C092CCT6, STM32C092CCU6, STM32C092ECY6TR, STM32C092FBP6, STM32C092FCP6, STM32C092GBU6, STM32C092GCU6, STM32C092KBT6, STM32C092KBU6, STM32C092KCT6, STM32C092KCU6, STM32C092RBT6, STM32C092RCI6, STM32C092RCT6, STM32G071K8TXN, STM32G071K8UXN, STM32G081GBU6N, STM32G081KBT6N, STM32G081KBUXN, STM32G0B1CCT6N, STM32G0B1KCT6, STM32G0B1NEY6TR, STM32G0B1RCT6N, STM32G0C1CCT6, STM32G0C1CCT6N, STM32G0C1CCU6N, STM32G0C1CET6N, STM32G0C1CEU6N, STM32G0C1KCT6, STM32G0C1NEY6TR, STM32G0C1RCI6N, STM32G0C1RCT6N, STM32G0C1REI6N, STM32G0C1RET6N, STM32G0C1VCI6, STM32G0C1VEI6, STM32G411C6T3, STM32G411C6T6, STM32G411C6U3, STM32G411C6U6, STM32G411C8T3, STM32G411C8T6, STM32G411C8U3, STM32G411C8U6, STM32G411CBT3, STM32G411CBT6, STM32G411CBU3, STM32G411CBU6, STM32G411K6T3, STM32G411K6T6, STM32G411K6U3, STM32G411K6U6, STM32G411K8T3, STM32G411K8T6, STM32G411K8U3, STM32G411K8U6, STM32G411KBT3, STM32G411KBT6, STM32G411KBU3, STM32G411KBU6, STM32G411M6T3, STM32G411M6T6, STM32G411M8T3, STM32G411M8T6, STM32G411MBT3, STM32G411MBT6, STM32G411R6T3, STM32G411R6T6, STM32G411R8T3, STM32G411R8T6, STM32G411RBT3, STM32G411RBT6, STM32G414CBT3, STM32G414CBT6, STM32G414CBU3, STM32G414CBU6, STM32G414CCT3, STM32G414CCT6, STM32G414CCU3, STM32G414CCU6, STM32G414MBT3, STM32G414MBT6, STM32G414MCT3, STM32G414MCT6, STM32G414RBT3, STM32G414RBT6, STM32G414RCT3, STM32G414RCT6, STM32G414VBT3, STM32G414VBT6, STM32G414VCT3, STM32G414VCT6, STM32G431CBT3Z, STM32G431RBT3Z, STM32G471CCT6, STM32G471CCU6, STM32G471CET3, STM32G471CET6, STM32G471CEU3, STM32G471CEU6, STM32G471MCT6, STM32G471MET3, STM32G471MET6, STM32G471MEY6TR, STM32G471QCT6, STM32G471QET3, STM32G471RCT6, STM32G471RET3, STM32G471RET6, STM32G471VCH6, STM32G471VCI6, STM32G471VCT6, STM32G471VEH3, STM32G471VEH6, STM32G471VEI3, STM32G471VEI6, STM32G471VET3, STM32G471VET6, STM32G473QET3Z, STM32G473RET3Z, STM32G474CCT6, STM32G491RET3Z, STM32H503CBT6, STM32H503CBU6, STM32H503EBY6TR, STM32H503KBU6, STM32H503RBT6, STM32H523CCT6, STM32H523CCU6, STM32H523CET6, STM32H523CEU6, STM32H523HEY6TR, STM32H523RCT6, STM32H523RET6, STM32H523VCI6, STM32H523VCT6, STM32H523VEI6, STM32H523VET6, STM32H523ZCJ6, STM32H523ZCT6, STM32H523ZEJ6, STM32H523ZET6, STM32H533CET6, STM32H533CEU6, STM32H533HEY6TR, STM32H533RET6, STM32H533VEI6, STM32H533VET6, STM32H533ZEJ6, STM32H533ZET6, STM32H562AGI6, STM32H562AII6, STM32H562IGK6, STM32H562IGT6, STM32H562IIK6, STM32H562IIT6, STM32H562RGT6, STM32H562RGV6, STM32H562RIT6, STM32H562RIV6, STM32H562VGT6, STM32H562VIT6, STM32H562ZGT6, STM32H562ZIT6, STM32H563AGI6, STM32H563AII3Q, STM32H563AII6, STM32H563IGK6, STM32H563IGT6, STM32H563IIK3Q, STM32H563IIK6, STM32H563IIT3Q, STM32H563IIT6, STM32H563MIY3QTR, STM32H563RGT6, STM32H563RGV6, STM32H563RIT6, STM32H563RIV6, STM32H563VGT6, STM32H563VIT3Q, STM32H563VIT6, STM32H563ZGT6, STM32H563ZIT3Q, STM32H563ZIT6, STM32H573AII3Q, STM32H573AII6, STM32H573I-DK, STM32H573IIK3Q, STM32H573IIK6, STM32H573IIT3Q, STM32H573IIT6, STM32H573MIY3QTR, STM32H573RIT6, STM32H573RIV6, STM32H573VIT3Q, STM32H573VIT6, STM32H573ZIT3Q, STM32H573ZIT6, STM32H7R3A8I6, STM32H7R3I8K6, STM32H7R3I8T6, STM32H7R3L8H6, STM32H7R3L8H6H, STM32H7R3R8V6, STM32H7R3V8H6, STM32H7R3V8T6, STM32H7R3V8Y6TR, STM32H7R3Z8J6, STM32H7R3Z8T6, STM32H7R7A8I6, STM32H7R7I8K6, STM32H7R7I8T6, STM32H7R7L8H6, STM32H7R7L8H6H, STM32H7R7Z8J6, STM32H7S3A8I6, STM32H7S3I8K6, STM32H7S3I8T6, STM32H7S3L8H6, STM32H7S3L8H6H, STM32H7S3R8V6, STM32H7S3V8H6, STM32H7S3V8T6, STM32H7S3V8Y6TR, STM32H7S3Z8J6, STM32H7S3Z8T6, STM32H7S78-DK, STM32H7S7A8I6, STM32H7S7I8K6, STM32H7S7I8T6, STM32H7S7L8H6, STM32H7S7L8H6H, STM32H7S7Z8J6, STM32L4R5QGI6STR, STM32MP131AAE3, STM32MP131AAF3, STM32MP131AAG3, STM32MP131CAE3, STM32MP131CAF3, STM32MP131CAG3, STM32MP131DAE7, STM32MP131DAF7, STM32MP131DAG7, STM32MP131FAE7, STM32MP131FAF7, STM32MP131FAG7, STM32MP133AAE3, STM32MP133AAF3, STM32MP133AAG3, STM32MP133CAE3, STM32MP133CAF3, STM32MP133CAG3, STM32MP133DAE7, STM32MP133DAF7, STM32MP133DAG7, STM32MP133FAE7, STM32MP133FAF7, STM32MP133FAG7, STM32MP135AAE3, STM32MP135AAF3, STM32MP135AAG3, STM32MP135CAE3, STM32MP135CAF3, STM32MP135CAG3, STM32MP135DAE7, STM32MP135DAF7, STM32MP135DAG7, STM32MP135F-DK, STM32MP135FAE7, STM32MP135FAF7, STM32MP135FAF7T, STM32MP135FAF7U, STM32MP135FAG7, STM32MP211AAL3, STM32MP211AAM3, STM32MP211AAN3, STM32MP211AAO3, STM32MP211CAL3, STM32MP211CAM3, STM32MP211CAN3, STM32MP211CAO3, STM32MP211DAL3, STM32MP211DAM3, STM32MP211DAN3, STM32MP211DAO3, STM32MP211FAL3, STM32MP211FAM3, STM32MP211FAN3, STM32MP211FAO3, STM32MP213AAL3, STM32MP213AAM3, STM32MP213AAN3, STM32MP213AAO3, STM32MP213CAL3, STM32MP213CAM3, STM32MP213CAN3, STM32MP213CAO3, STM32MP213DAL3, STM32MP213DAM3, STM32MP213DAN3, STM32MP213DAO3, STM32MP213FAL3, STM32MP213FAM3, STM32MP213FAN3, STM32MP213FAO3, STM32MP215AAL3, STM32MP215AAM3, STM32MP215AAN3, STM32MP215AAO3, STM32MP215CAL3, STM32MP215CAM3, STM32MP215CAN3, STM32MP215CAO3, STM32MP215DAL3, STM32MP215DAM3, STM32MP215DAN3, STM32MP215DAO3, STM32MP215F-DK, STM32MP215FAL3, STM32MP215FAM3, STM32MP215FAN3, STM32MP215FAO3, STM32MP231AAJ3, STM32MP231AAK3, STM32MP231AAL3, STM32MP231CAJ3, STM32MP231CAK3, STM32MP231CAL3, STM32MP231DAJ3, STM32MP231DAK3, STM32MP231DAL3, STM32MP231FAJ3, STM32MP231FAK3, STM32MP231FAL3, STM32MP233AAJ3, STM32MP233AAK3, STM32MP233AAL3, STM32MP233CAJ3, STM32MP233CAK3, STM32MP233CAL3, STM32MP233DAJ3, STM32MP233DAK3, STM32MP233DAL3, STM32MP233FAJ3, STM32MP233FAK3, STM32MP233FAL3, STM32MP235AAJ3, STM32MP235AAK3, STM32MP235AAL3, STM32MP235CAJ3, STM32MP235CAK3, STM32MP235CAL3, STM32MP235DAJ3, STM32MP235DAK3, STM32MP235DAL3, STM32MP235FAJ3, STM32MP235FAK3, STM32MP235FAL3, STM32MP251AAI3, STM32MP251AAK3, STM32MP251AAL3, STM32MP251CAI3, STM32MP251CAK3, STM32MP251CAL3, STM32MP251DAI3, STM32MP251DAK3, STM32MP251DAL3, STM32MP251FAI3, STM32MP251FAK3, STM32MP251FAL3, STM32MP253AAI3, STM32MP253AAK3, STM32MP253AAL3, STM32MP253CAI3, STM32MP253CAK3, STM32MP253CAL3, STM32MP253DAI3, STM32MP253DAK3, STM32MP253DAL3, STM32MP253FAI3, STM32MP253FAK3, STM32MP253FAL3, STM32MP255AAI3, STM32MP255AAK3, STM32MP255AAL3, STM32MP255CAI3, STM32MP255CAK3, STM32MP255CAL3, STM32MP255DAI3, STM32MP255DAK3, STM32MP255DAL3, STM32MP255FAI3, STM32MP255FAK3, STM32MP255FAL3, STM32MP257AAI3, STM32MP257AAK3, STM32MP257AAL3, STM32MP257CAI3, STM32MP257CAK3, STM32MP257CAL3, STM32MP257DAI3, STM32MP257DAK3, STM32MP257DAL3, STM32MP257F-DK, STM32MP257F-EV1, STM32MP257FAI3, STM32MP257FAK3, STM32MP257FAL3, STM32N645A0H3Q, STM32N645B0H3Q, STM32N645I0H3Q, STM32N645L0H3Q, STM32N645X0H3Q, STM32N645Z0H3Q, STM32N647A0H3Q, STM32N647B0H3Q, STM32N647I0H3Q, STM32N647L0H3Q, STM32N647X0H3Q, STM32N647Z0H3Q, STM32N655A0H3Q, STM32N655B0H3Q, STM32N655I0H3Q, STM32N655L0H3Q, STM32N655X0H3Q, STM32N655Z0H3Q, STM32N6570-DK, STM32N657A0H3Q, STM32N657B0H3Q, STM32N657I0H3Q, STM32N657L0H3Q, STM32N657X0H3Q, STM32N657Z0H3Q, STM32U031C6T6, STM32U031C6U6, STM32U031C8T6, STM32U031C8U6, STM32U031F4P6, STM32U031F6P6, STM32U031F8P6, STM32U031G6Y6TR, STM32U031G8Y6TR, STM32U031K4U6, STM32U031K6U6, STM32U031K8U6, STM32U031R6I6, STM32U031R6T6, STM32U031R8I6, STM32U031R8T6, STM32U073C8T6, STM32U073C8U6, STM32U073CBT6, STM32U073CBU6, STM32U073CCT6, STM32U073CCU6, STM32U073H8Y6TR, STM32U073HBY6TR, STM32U073HCY6TR, STM32U073K8U6, STM32U073KBU6, STM32U073KCU6, STM32U073M8I6, STM32U073M8T6, STM32U073MBI6, STM32U073MBT6, STM32U073MCI6, STM32U073MCT6, STM32U073R8I6, STM32U073R8T6, STM32U073RBI6, STM32U073RBT6, STM32U073RCI6, STM32U073RCT6, STM32U083C-DK, STM32U083CCT6, STM32U083CCU6, STM32U083HCY6TR, STM32U083KCU6, STM32U083MCI6, STM32U083MCT6, STM32U083RCI6, STM32U083RCT6, STM32U375CET6, STM32U375CET6Q, STM32U375CEU6, STM32U375CEU6Q, STM32U375CEY6QTR, STM32U375CGT6, STM32U375CGT6Q, STM32U375CGU6, STM32U375CGU6Q, STM32U375CGY6QTR, STM32U375KEU6, STM32U375KGU6, STM32U375REI6, STM32U375REI6Q, STM32U375RET6, STM32U375RET6Q, STM32U375REY6GTR, STM32U375REY6QTR, STM32U375RGI6, STM32U375RGI6Q, STM32U375RGT6, STM32U375RGT6Q, STM32U375RGY6GTR, STM32U375RGY6QTR, STM32U375VEI6, STM32U375VEI6Q, STM32U375VET6, STM32U375VET6Q, STM32U375VGI6, STM32U375VGI6Q, STM32U375VGT6, STM32U375VGT6Q, STM32U385CGT6, STM32U385CGT6Q, STM32U385CGU6, STM32U385CGU6Q, STM32U385CGY6QTR, STM32U385KGU6, STM32U385RGI6, STM32U385RGI6Q, STM32U385RGT6, STM32U385RGT6Q, STM32U385RGY6GTR, STM32U385RGY6QTR, STM32U385VGI6, STM32U385VGI6Q, STM32U385VGT6, STM32U385VGT6Q, STM32U535CBT6, STM32U535CBT6Q, STM32U535CBU6, STM32U535CBU6Q, STM32U535CCT6, STM32U535CCT6Q, STM32U535CCU6, STM32U535CCU6Q, STM32U535CET6, STM32U535CET6Q, STM32U535CEU6, STM32U535CEU6Q, STM32U535JEY6QTR, STM32U535NCY6QTR, STM32U535NEY6QTR, STM32U535RBI6, STM32U535RBI6Q, STM32U535RBT6, STM32U535RBT6Q, STM32U535RCI6, STM32U535RCI6Q, STM32U535RCT6, STM32U535RCT6Q, STM32U535REI6, STM32U535REI6Q, STM32U535RET6, STM32U535RET6Q, STM32U535VCI6, STM32U535VCI6Q, STM32U535VCT6, STM32U535VCT6Q, STM32U535VEI6, STM32U535VEI6Q, STM32U535VET6, STM32U535VET6Q, STM32U545CET6, STM32U545CET6Q, STM32U545CEU6, STM32U545CEU6Q, STM32U545JEY6QTR, STM32U545NEY6QTR, STM32U545REI6, STM32U545REI6Q, STM32U545RET6, STM32U545RET6Q, STM32U545VEI6, STM32U545VEI6Q, STM32U545VET6, STM32U545VET6Q, STM32U595AIH6, STM32U595AIH6Q, STM32U595AJH6, STM32U595AJH6Q, STM32U595QII6, STM32U595QII6Q, STM32U595QJI6, STM32U595QJI6Q, STM32U595RIT6, STM32U595RIT6Q, STM32U595RJT6, STM32U595RJT6Q, STM32U595VIT6, STM32U595VIT6Q, STM32U595VJT6, STM32U595VJT6Q, STM32U595ZIT6, STM32U595ZIT6Q, STM32U595ZIY6QTR, STM32U595ZJT6, STM32U595ZJT6Q, STM32U595ZJY6QTR, STM32U599BJY6QTR, STM32U599NIH6Q, STM32U599NJH6Q, STM32U599VIT6Q, STM32U599VJT6, STM32U599VJT6Q, STM32U599ZIT6Q, STM32U599ZIY6QTR, STM32U599ZJT6Q, STM32U599ZJY6QTR, STM32U5A5AJH6, STM32U5A5AJH6Q, STM32U5A5QII3Q , STM32U5A5QJI6, STM32U5A5QJI6Q, STM32U5A5RJT6, STM32U5A5RJT6Q, STM32U5A5VJT6, STM32U5A5VJT6Q, STM32U5A5ZJT6, STM32U5A5ZJT6Q, STM32U5A5ZJY6QTR, STM32U5A9BJY6QTR, STM32U5A9J-DK, STM32U5A9NJH6Q, STM32U5A9VJT6Q, STM32U5A9ZJT6Q, STM32U5A9ZJY6QTR, STM32U5F7VIT6, STM32U5F7VIT6Q, STM32U5F7VJT6, STM32U5F7VJT6Q, STM32U5F9BJY6QTR, STM32U5F9NJH6Q, STM32U5F9VIT6Q, STM32U5F9VJT6Q, STM32U5F9ZIJ6QTR, STM32U5F9ZIT6Q, STM32U5F9ZJJ6QTR, STM32U5F9ZJT6Q, STM32U5G7VJT6, STM32U5G7VJT6Q, STM32U5G9BJY6QTR, STM32U5G9J-DK1, STM32U5G9J-DK2, STM32U5G9NJH6Q, STM32U5G9VJT6Q, STM32U5G9ZJJ6QTR, STM32U5G9ZJT6Q, STM32WB05KZV6TR, STM32WB05KZV7TR, STM32WB05TZF6TR, STM32WB05TZF7TR, STM32WB06CCF6TR, STM32WB06CCF7TR, STM32WB06CCV6TR, STM32WB06CCV7TR, STM32WB06KCV6TR, STM32WB06KCV7TR, STM32WB07CCF6TR, STM32WB07CCF7TR, STM32WB07CCV6TR, STM32WB07CCV7TR, STM32WB07KCV6TR, STM32WB07KCV7TR, STM32WB09KEV6TR, STM32WB09KEV7TR, STM32WB09TEF6TR, STM32WB09TEF7TR, STM32WB1MMCH6, STM32WBA50KGU6, STM32WBA50KGU6TR, STM32WBA52CEU6, STM32WBA52CEU6TR, STM32WBA52CEU7, STM32WBA52CEU7TR, STM32WBA52CGU6, STM32WBA52CGU6TR, STM32WBA52CGU6U, STM32WBA52CGU7, STM32WBA52CGU7TR, STM32WBA52KEU6, STM32WBA52KEU6TR, STM32WBA52KGU6, STM32WBA52KGU6TR, STM32WBA54CEU6, STM32WBA54CEU6TR, STM32WBA54CEU7, STM32WBA54CEU7TR, STM32WBA54CGU6, STM32WBA54CGU6TR, STM32WBA54CGU7, STM32WBA54CGU7TR, STM32WBA54KEU6, STM32WBA54KEU6TR, STM32WBA54KEU7, STM32WBA54KEU7TR, STM32WBA54KGU6, STM32WBA54KGU6TR, STM32WBA54KGU7, STM32WBA54KGU7TR, STM32WBA55CEU6, STM32WBA55CEU6TR, STM32WBA55CEU7, STM32WBA55CEU7TR, STM32WBA55CGU6, STM32WBA55CGU6TR, STM32WBA55CGU6U, STM32WBA55CGU7, STM32WBA55CGU7TR, STM32WBA55G-DK1, STM32WBA55HEF6, STM32WBA55HEF7, STM32WBA55HGF6, STM32WBA55HGF7, STM32WBA55UEI6, STM32WBA55UEI6TR, STM32WBA55UEI7, STM32WBA55UEI7TR, STM32WBA55UGI6, STM32WBA55UGI6TR, STM32WBA55UGI7, STM32WBA55UGI7TR, STM32WBA5MMGH6TR, STM32WBA62MGF6, STM32WBA62MIF6, STM32WBA65MGF7, STM32WBA65MIF6, STM32WBA65MIF7, STM32WL30K8V6, STM32WL30KBV6, STM32WL31C8V6, STM32WL31CBV6, STM32WL31K8V6, STM32WL31KBV6, STM32WL33C8V6, STM32WL33C8V6X, STM32WL33CBV6, STM32WL33CBV6X, STM32WL33CCV6, STM32WL33CCV6A, STM32WL33CCV6X, STM32WL33K8V7, STM32WL33K8V7X, STM32WL33KBV7 , STM32WL33KBV7X, STM32WL33KCV7, STM32WL33KCV7X, STM32WL5MOCH6, STM32WL5MOCH6TR]
2026-01-03 18:27:50,536 [INFO] ApiDb:668 - CubeFinder database Data Model version=2.1
2026-01-03 18:27:50,536 [INFO] ApiDb:669 - CubeFinder database Configuration version=3.0.39
2026-01-03 18:27:50,536 [INFO] ApiDb:670 - CubeFinder database generation date=2025-12-22 (1766407740)
2026-01-03 18:27:50,536 [INFO] ApiDb:671 - CubeFinder database FW Pack versions=[FP-ATR-ASTRA1_V2.0.0, FP-SNS-FLIGHT1_V5.1.0, FP-SNS-MOTENV1_V5.1.0, FP-SNS-MOTENVWB1_V1.4.0, FP-SNS-SMARTAG2_V1.2.0, FP-SNS-STBOX1_V2.1.0, STM32Cube_FW_C0_V1.4.0, STM32Cube_FW_F4_V1.28.3, STM32Cube_FW_F7_V1.17.4, STM32Cube_FW_G0_V1.6.2, STM32Cube_FW_G4_V1.6.1, STM32Cube_FW_H5_V1.5.1, STM32Cube_FW_H7RS_V1.3.0, STM32Cube_FW_H7_V1.12.1, STM32Cube_FW_L0_V1.12.2, STM32Cube_FW_L4_V1.18.1, STM32Cube_FW_L5_V1.6.0, STM32Cube_FW_N6_V1.3.0, STM32Cube_FW_U0_V1.3.0, STM32Cube_FW_U3_V1.2.1, STM32Cube_FW_U5_V1.8.0, STM32Cube_FW_WB0_V1.4.0, STM32Cube_FW_WBA_V1.8.0, STM32Cube_FW_WB_V1.24.0, STM32Cube_FW_WL3_V1.3.0, STM32Cube_FW_WL_V1.4.0, X-CUBE-ALGOBUILD_V1.4.0, X-CUBE-ALS_V1.0.2, X-CUBE-AZRTOS-F4_V1.1.0, X-CUBE-AZRTOS-F7_V1.1.0, X-CUBE-AZRTOS-G0_V1.1.0, X-CUBE-AZRTOS-G4_V2.0.0, X-CUBE-AZRTOS-H7RS_V1.1.0, X-CUBE-AZRTOS-H7_V3.4.0, X-CUBE-AZRTOS-L4_V2.0.0, X-CUBE-AZRTOS-L5_V2.0.0, X-CUBE-AZRTOS-WB_V2.0.0, X-CUBE-AZRTOS-WL_V2.0.0, X-CUBE-BLE1_V7.1.0, X-CUBE-BLE2_V3.3.0, X-CUBE-BLEMGR_V4.1.0, X-CUBE-EEPRMA1_V5.2.0, X-CUBE-FREERTOS_V1.3.1, X-CUBE-GNSS1_V6.0.0, X-CUBE-MEMS1_V12.0.0, X-CUBE-NFC4_V3.0.0, X-CUBE-NFC7_V2.0.0, X-CUBE-SFXS2LP1_V4.0.0, X-CUBE-ST67W61_V1.1.0, X-CUBE-SUBG2_V5.0.0, X-CUBE-TOF1_V3.4.3]
2026-01-03 18:27:52,630 [INFO] ApiDb:240 - Found 880 in-development CPN: [B-G473E-ZEST1S, B-WB1M-WPAN1, B-WBA5M-WPAN, B-WL5M-SUBG1, NUCLEO-C031C6, NUCLEO-C051C8, NUCLEO-C071RB, NUCLEO-C092RC, NUCLEO-H503RB, NUCLEO-H533RE, NUCLEO-H563ZI, NUCLEO-H7S3L8, NUCLEO-N657X0-Q, NUCLEO-U031R8, NUCLEO-U083RC, NUCLEO-U385RG-Q, NUCLEO-U545RE-Q, NUCLEO-U5A5ZJ-Q, NUCLEO-WB05KZ, NUCLEO-WB07CC, NUCLEO-WB09KE, NUCLEO-WBA52CG, NUCLEO-WBA55CG, NUCLEO-WL33CC1, NUCLEO-WL33CC2, STEVAL-PROTEUS1, STEVAL-SMARTAG2, STEVAL-STWINBX1, STM320518-EVAL, STM32C0116-DK, STM32C011D6Y3TR, STM32C011D6Y6TR, STM32C011F4P3, STM32C011F4P6, STM32C011F4U3, STM32C011F4U6TR, STM32C011F6P3, STM32C011F6P6, STM32C011F6U3, STM32C011F6U6TR, STM32C011J4M3, STM32C011J4M6, STM32C011J6M3, STM32C011J6M6, STM32C0316-DK, STM32C031C4T3, STM32C031C4T6, STM32C031C4U3, STM32C031C4U6, STM32C031C6T3, STM32C031C6T6, STM32C031C6U3, STM32C031C6U6, STM32C031F4P3, STM32C031F4P6, STM32C031F6P3, STM32C031F6P6, STM32C031G4U3, STM32C031G4U6, STM32C031G6U3, STM32C031G6U6, STM32C031K4T3, STM32C031K4T6, STM32C031K4U3, STM32C031K4U6, STM32C031K6T3, STM32C031K6T6, STM32C031K6U3, STM32C031K6U6, STM32C051C6T6, STM32C051C6U6, STM32C051C8T6, STM32C051C8U6, STM32C051D8Y6TR, STM32C051F6P6, STM32C051F8P6, STM32C051G6U6, STM32C051G8U6, STM32C051K6T6, STM32C051K6U6, STM32C051K8T6, STM32C071C8T6, STM32C071C8T6N, STM32C071C8U6, STM32C071C8U6N, STM32C071CBT6, STM32C071CBT6N, STM32C071CBU6, STM32C071CBU6N, STM32C071F8P6, STM32C071F8P6N, STM32C071FBP6, STM32C071FBP6N, STM32C071FBY6TR, STM32C071G8U6, STM32C071G8U6N, STM32C071GBU6, STM32C071GBU6N, STM32C071K8T6, STM32C071K8T6N, STM32C071K8U6, STM32C071K8U6N, STM32C071KBT6, STM32C071KBT6N, STM32C071KBU6, STM32C071KBU6N, STM32C071R8T6, STM32C071R8T6N, STM32C071RBI6N, STM32C071RBT6, STM32C071RBT6N, STM32C091CBT6, STM32C091CBU6, STM32C091CCT6, STM32C091CCU6, STM32C091ECY6TR, STM32C091FBP6, STM32C091FCP6, STM32C091GBU6, STM32C091GCU6, STM32C091KBT6, STM32C091KBU6, STM32C091KCT6, STM32C091KCU6, STM32C091RBT6, STM32C091RCI6, STM32C091RCT6, STM32C092CBT6, STM32C092CBU6, STM32C092CCT6, STM32C092CCU6, STM32C092ECY6TR, STM32C092FBP6, STM32C092FCP6, STM32C092GBU6, STM32C092GCU6, STM32C092KBT6, STM32C092KBU6, STM32C092KCT6, STM32C092KCU6, STM32C092RBT6, STM32C092RCI6, STM32C092RCT6, STM32G071K8TXN, STM32G071K8UXN, STM32G081GBU6N, STM32G081KBT6N, STM32G081KBUXN, STM32G0B1CCT6N, STM32G0B1KCT6, STM32G0B1NEY6TR, STM32G0B1RCT6N, STM32G0C1CCT6, STM32G0C1CCT6N, STM32G0C1CCU6N, STM32G0C1CET6N, STM32G0C1CEU6N, STM32G0C1KCT6, STM32G0C1NEY6TR, STM32G0C1RCI6N, STM32G0C1RCT6N, STM32G0C1REI6N, STM32G0C1RET6N, STM32G0C1VCI6, STM32G0C1VEI6, STM32G411C6T3, STM32G411C6T6, STM32G411C6U3, STM32G411C6U6, STM32G411C8T3, STM32G411C8T6, STM32G411C8U3, STM32G411C8U6, STM32G411CBT3, STM32G411CBT6, STM32G411CBU3, STM32G411CBU6, STM32G411K6T3, STM32G411K6T6, STM32G411K6U3, STM32G411K6U6, STM32G411K8T3, STM32G411K8T6, STM32G411K8U3, STM32G411K8U6, STM32G411KBT3, STM32G411KBT6, STM32G411KBU3, STM32G411KBU6, STM32G411M6T3, STM32G411M6T6, STM32G411M8T3, STM32G411M8T6, STM32G411MBT3, STM32G411MBT6, STM32G411R6T3, STM32G411R6T6, STM32G411R8T3, STM32G411R8T6, STM32G411RBT3, STM32G411RBT6, STM32G414CBT3, STM32G414CBT6, STM32G414CBU3, STM32G414CBU6, STM32G414CCT3, STM32G414CCT6, STM32G414CCU3, STM32G414CCU6, STM32G414MBT3, STM32G414MBT6, STM32G414MCT3, STM32G414MCT6, STM32G414RBT3, STM32G414RBT6, STM32G414RCT3, STM32G414RCT6, STM32G414VBT3, STM32G414VBT6, STM32G414VCT3, STM32G414VCT6, STM32G431CBT3Z, STM32G431RBT3Z, STM32G471CCT6, STM32G471CCU6, STM32G471CET3, STM32G471CET6, STM32G471CEU3, STM32G471CEU6, STM32G471MCT6, STM32G471MET3, STM32G471MET6, STM32G471MEY6TR, STM32G471QCT6, STM32G471QET3, STM32G471RCT6, STM32G471RET3, STM32G471RET6, STM32G471VCH6, STM32G471VCI6, STM32G471VCT6, STM32G471VEH3, STM32G471VEH6, STM32G471VEI3, STM32G471VEI6, STM32G471VET3, STM32G471VET6, STM32G473QET3Z, STM32G473RET3Z, STM32G474CCT6, STM32G491RET3Z, STM32H503CBT6, STM32H503CBU6, STM32H503EBY6TR, STM32H503KBU6, STM32H503RBT6, STM32H523CCT6, STM32H523CCU6, STM32H523CET6, STM32H523CEU6, STM32H523HEY6TR, STM32H523RCT6, STM32H523RET6, STM32H523VCI6, STM32H523VCT6, STM32H523VEI6, STM32H523VET6, STM32H523ZCJ6, STM32H523ZCT6, STM32H523ZEJ6, STM32H523ZET6, STM32H533CET6, STM32H533CEU6, STM32H533HEY6TR, STM32H533RET6, STM32H533VEI6, STM32H533VET6, STM32H533ZEJ6, STM32H533ZET6, STM32H562AGI6, STM32H562AII6, STM32H562IGK6, STM32H562IGT6, STM32H562IIK6, STM32H562IIT6, STM32H562RGT6, STM32H562RGV6, STM32H562RIT6, STM32H562RIV6, STM32H562VGT6, STM32H562VIT6, STM32H562ZGT6, STM32H562ZIT6, STM32H563AGI6, STM32H563AII3Q, STM32H563AII6, STM32H563IGK6, STM32H563IGT6, STM32H563IIK3Q, STM32H563IIK6, STM32H563IIT3Q, STM32H563IIT6, STM32H563MIY3QTR, STM32H563RGT6, STM32H563RGV6, STM32H563RIT6, STM32H563RIV6, STM32H563VGT6, STM32H563VIT3Q, STM32H563VIT6, STM32H563ZGT6, STM32H563ZIT3Q, STM32H563ZIT6, STM32H573AII3Q, STM32H573AII6, STM32H573I-DK, STM32H573IIK3Q, STM32H573IIK6, STM32H573IIT3Q, STM32H573IIT6, STM32H573MIY3QTR, STM32H573RIT6, STM32H573RIV6, STM32H573VIT3Q, STM32H573VIT6, STM32H573ZIT3Q, STM32H573ZIT6, STM32H7R3A8I6, STM32H7R3I8K6, STM32H7R3I8T6, STM32H7R3L8H6, STM32H7R3L8H6H, STM32H7R3R8V6, STM32H7R3V8H6, STM32H7R3V8T6, STM32H7R3V8Y6TR, STM32H7R3Z8J6, STM32H7R3Z8T6, STM32H7R7A8I6, STM32H7R7I8K6, STM32H7R7I8T6, STM32H7R7L8H6, STM32H7R7L8H6H, STM32H7R7Z8J6, STM32H7S3A8I6, STM32H7S3I8K6, STM32H7S3I8T6, STM32H7S3L8H6, STM32H7S3L8H6H, STM32H7S3R8V6, STM32H7S3V8H6, STM32H7S3V8T6, STM32H7S3V8Y6TR, STM32H7S3Z8J6, STM32H7S3Z8T6, STM32H7S78-DK, STM32H7S7A8I6, STM32H7S7I8K6, STM32H7S7I8T6, STM32H7S7L8H6, STM32H7S7L8H6H, STM32H7S7Z8J6, STM32L4R5QGI6STR, STM32MP131AAE3, STM32MP131AAF3, STM32MP131AAG3, STM32MP131CAE3, STM32MP131CAF3, STM32MP131CAG3, STM32MP131DAE7, STM32MP131DAF7, STM32MP131DAG7, STM32MP131FAE7, STM32MP131FAF7, STM32MP131FAG7, STM32MP133AAE3, STM32MP133AAF3, STM32MP133AAG3, STM32MP133CAE3, STM32MP133CAF3, STM32MP133CAG3, STM32MP133DAE7, STM32MP133DAF7, STM32MP133DAG7, STM32MP133FAE7, STM32MP133FAF7, STM32MP133FAG7, STM32MP135AAE3, STM32MP135AAF3, STM32MP135AAG3, STM32MP135CAE3, STM32MP135CAF3, STM32MP135CAG3, STM32MP135DAE7, STM32MP135DAF7, STM32MP135DAG7, STM32MP135F-DK, STM32MP135FAE7, STM32MP135FAF7, STM32MP135FAF7T, STM32MP135FAF7U, STM32MP135FAG7, STM32MP211AAL3, STM32MP211AAM3, STM32MP211AAN3, STM32MP211AAO3, STM32MP211CAL3, STM32MP211CAM3, STM32MP211CAN3, STM32MP211CAO3, STM32MP211DAL3, STM32MP211DAM3, STM32MP211DAN3, STM32MP211DAO3, STM32MP211FAL3, STM32MP211FAM3, STM32MP211FAN3, STM32MP211FAO3, STM32MP213AAL3, STM32MP213AAM3, STM32MP213AAN3, STM32MP213AAO3, STM32MP213CAL3, STM32MP213CAM3, STM32MP213CAN3, STM32MP213CAO3, STM32MP213DAL3, STM32MP213DAM3, STM32MP213DAN3, STM32MP213DAO3, STM32MP213FAL3, STM32MP213FAM3, STM32MP213FAN3, STM32MP213FAO3, STM32MP215AAL3, STM32MP215AAM3, STM32MP215AAN3, STM32MP215AAO3, STM32MP215CAL3, STM32MP215CAM3, STM32MP215CAN3, STM32MP215CAO3, STM32MP215DAL3, STM32MP215DAM3, STM32MP215DAN3, STM32MP215DAO3, STM32MP215F-DK, STM32MP215FAL3, STM32MP215FAM3, STM32MP215FAN3, STM32MP215FAO3, STM32MP231AAJ3, STM32MP231AAK3, STM32MP231AAL3, STM32MP231CAJ3, STM32MP231CAK3, STM32MP231CAL3, STM32MP231DAJ3, STM32MP231DAK3, STM32MP231DAL3, STM32MP231FAJ3, STM32MP231FAK3, STM32MP231FAL3, STM32MP233AAJ3, STM32MP233AAK3, STM32MP233AAL3, STM32MP233CAJ3, STM32MP233CAK3, STM32MP233CAL3, STM32MP233DAJ3, STM32MP233DAK3, STM32MP233DAL3, STM32MP233FAJ3, STM32MP233FAK3, STM32MP233FAL3, STM32MP235AAJ3, STM32MP235AAK3, STM32MP235AAL3, STM32MP235CAJ3, STM32MP235CAK3, STM32MP235CAL3, STM32MP235DAJ3, STM32MP235DAK3, STM32MP235DAL3, STM32MP235FAJ3, STM32MP235FAK3, STM32MP235FAL3, STM32MP251AAI3, STM32MP251AAK3, STM32MP251AAL3, STM32MP251CAI3, STM32MP251CAK3, STM32MP251CAL3, STM32MP251DAI3, STM32MP251DAK3, STM32MP251DAL3, STM32MP251FAI3, STM32MP251FAK3, STM32MP251FAL3, STM32MP253AAI3, STM32MP253AAK3, STM32MP253AAL3, STM32MP253CAI3, STM32MP253CAK3, STM32MP253CAL3, STM32MP253DAI3, STM32MP253DAK3, STM32MP253DAL3, STM32MP253FAI3, STM32MP253FAK3, STM32MP253FAL3, STM32MP255AAI3, STM32MP255AAK3, STM32MP255AAL3, STM32MP255CAI3, STM32MP255CAK3, STM32MP255CAL3, STM32MP255DAI3, STM32MP255DAK3, STM32MP255DAL3, STM32MP255FAI3, STM32MP255FAK3, STM32MP255FAL3, STM32MP257AAI3, STM32MP257AAK3, STM32MP257AAL3, STM32MP257CAI3, STM32MP257CAK3, STM32MP257CAL3, STM32MP257DAI3, STM32MP257DAK3, STM32MP257DAL3, STM32MP257F-DK, STM32MP257F-EV1, STM32MP257FAI3, STM32MP257FAK3, STM32MP257FAL3, STM32N645A0H3Q, STM32N645B0H3Q, STM32N645I0H3Q, STM32N645L0H3Q, STM32N645X0H3Q, STM32N645Z0H3Q, STM32N647A0H3Q, STM32N647B0H3Q, STM32N647I0H3Q, STM32N647L0H3Q, STM32N647X0H3Q, STM32N647Z0H3Q, STM32N655A0H3Q, STM32N655B0H3Q, STM32N655I0H3Q, STM32N655L0H3Q, STM32N655X0H3Q, STM32N655Z0H3Q, STM32N6570-DK, STM32N657A0H3Q, STM32N657B0H3Q, STM32N657I0H3Q, STM32N657L0H3Q, STM32N657X0H3Q, STM32N657Z0H3Q, STM32U031C6T6, STM32U031C6U6, STM32U031C8T6, STM32U031C8U6, STM32U031F4P6, STM32U031F6P6, STM32U031F8P6, STM32U031G6Y6TR, STM32U031G8Y6TR, STM32U031K4U6, STM32U031K6U6, STM32U031K8U6, STM32U031R6I6, STM32U031R6T6, STM32U031R8I6, STM32U031R8T6, STM32U073C8T6, STM32U073C8U6, STM32U073CBT6, STM32U073CBU6, STM32U073CCT6, STM32U073CCU6, STM32U073H8Y6TR, STM32U073HBY6TR, STM32U073HCY6TR, STM32U073K8U6, STM32U073KBU6, STM32U073KCU6, STM32U073M8I6, STM32U073M8T6, STM32U073MBI6, STM32U073MBT6, STM32U073MCI6, STM32U073MCT6, STM32U073R8I6, STM32U073R8T6, STM32U073RBI6, STM32U073RBT6, STM32U073RCI6, STM32U073RCT6, STM32U083C-DK, STM32U083CCT6, STM32U083CCU6, STM32U083HCY6TR, STM32U083KCU6, STM32U083MCI6, STM32U083MCT6, STM32U083RCI6, STM32U083RCT6, STM32U375CET6, STM32U375CET6Q, STM32U375CEU6, STM32U375CEU6Q, STM32U375CEY6QTR, STM32U375CGT6, STM32U375CGT6Q, STM32U375CGU6, STM32U375CGU6Q, STM32U375CGY6QTR, STM32U375KEU6, STM32U375KGU6, STM32U375REI6, STM32U375REI6Q, STM32U375RET6, STM32U375RET6Q, STM32U375REY6GTR, STM32U375REY6QTR, STM32U375RGI6, STM32U375RGI6Q, STM32U375RGT6, STM32U375RGT6Q, STM32U375RGY6GTR, STM32U375RGY6QTR, STM32U375VEI6, STM32U375VEI6Q, STM32U375VET6, STM32U375VET6Q, STM32U375VGI6, STM32U375VGI6Q, STM32U375VGT6, STM32U375VGT6Q, STM32U385CGT6, STM32U385CGT6Q, STM32U385CGU6, STM32U385CGU6Q, STM32U385CGY6QTR, STM32U385KGU6, STM32U385RGI6, STM32U385RGI6Q, STM32U385RGT6, STM32U385RGT6Q, STM32U385RGY6GTR, STM32U385RGY6QTR, STM32U385VGI6, STM32U385VGI6Q, STM32U385VGT6, STM32U385VGT6Q, STM32U535CBT6, STM32U535CBT6Q, STM32U535CBU6, STM32U535CBU6Q, STM32U535CCT6, STM32U535CCT6Q, STM32U535CCU6, STM32U535CCU6Q, STM32U535CET6, STM32U535CET6Q, STM32U535CEU6, STM32U535CEU6Q, STM32U535JEY6QTR, STM32U535NCY6QTR, STM32U535NEY6QTR, STM32U535RBI6, STM32U535RBI6Q, STM32U535RBT6, STM32U535RBT6Q, STM32U535RCI6, STM32U535RCI6Q, STM32U535RCT6, STM32U535RCT6Q, STM32U535REI6, STM32U535REI6Q, STM32U535RET6, STM32U535RET6Q, STM32U535VCI6, STM32U535VCI6Q, STM32U535VCT6, STM32U535VCT6Q, STM32U535VEI6, STM32U535VEI6Q, STM32U535VET6, STM32U535VET6Q, STM32U545CET6, STM32U545CET6Q, STM32U545CEU6, STM32U545CEU6Q, STM32U545JEY6QTR, STM32U545NEY6QTR, STM32U545REI6, STM32U545REI6Q, STM32U545RET6, STM32U545RET6Q, STM32U545VEI6, STM32U545VEI6Q, STM32U545VET6, STM32U545VET6Q, STM32U595AIH6, STM32U595AIH6Q, STM32U595AJH6, STM32U595AJH6Q, STM32U595QII6, STM32U595QII6Q, STM32U595QJI6, STM32U595QJI6Q, STM32U595RIT6, STM32U595RIT6Q, STM32U595RJT6, STM32U595RJT6Q, STM32U595VIT6, STM32U595VIT6Q, STM32U595VJT6, STM32U595VJT6Q, STM32U595ZIT6, STM32U595ZIT6Q, STM32U595ZIY6QTR, STM32U595ZJT6, STM32U595ZJT6Q, STM32U595ZJY6QTR, STM32U599BJY6QTR, STM32U599NIH6Q, STM32U599NJH6Q, STM32U599VIT6Q, STM32U599VJT6, STM32U599VJT6Q, STM32U599ZIT6Q, STM32U599ZIY6QTR, STM32U599ZJT6Q, STM32U599ZJY6QTR, STM32U5A5AJH6, STM32U5A5AJH6Q, STM32U5A5QII3Q , STM32U5A5QJI6, STM32U5A5QJI6Q, STM32U5A5RJT6, STM32U5A5RJT6Q, STM32U5A5VJT6, STM32U5A5VJT6Q, STM32U5A5ZJT6, STM32U5A5ZJT6Q, STM32U5A5ZJY6QTR, STM32U5A9BJY6QTR, STM32U5A9J-DK, STM32U5A9NJH6Q, STM32U5A9VJT6Q, STM32U5A9ZJT6Q, STM32U5A9ZJY6QTR, STM32U5F7VIT6, STM32U5F7VIT6Q, STM32U5F7VJT6, STM32U5F7VJT6Q, STM32U5F9BJY6QTR, STM32U5F9NJH6Q, STM32U5F9VIT6Q, STM32U5F9VJT6Q, STM32U5F9ZIJ6QTR, STM32U5F9ZIT6Q, STM32U5F9ZJJ6QTR, STM32U5F9ZJT6Q, STM32U5G7VJT6, STM32U5G7VJT6Q, STM32U5G9BJY6QTR, STM32U5G9J-DK1, STM32U5G9J-DK2, STM32U5G9NJH6Q, STM32U5G9VJT6Q, STM32U5G9ZJJ6QTR, STM32U5G9ZJT6Q, STM32WB05KZV6TR, STM32WB05KZV7TR, STM32WB05TZF6TR, STM32WB05TZF7TR, STM32WB06CCF6TR, STM32WB06CCF7TR, STM32WB06CCV6TR, STM32WB06CCV7TR, STM32WB06KCV6TR, STM32WB06KCV7TR, STM32WB07CCF6TR, STM32WB07CCF7TR, STM32WB07CCV6TR, STM32WB07CCV7TR, STM32WB07KCV6TR, STM32WB07KCV7TR, STM32WB09KEV6TR, STM32WB09KEV7TR, STM32WB09TEF6TR, STM32WB09TEF7TR, STM32WB1MMCH6, STM32WBA50KGU6, STM32WBA50KGU6TR, STM32WBA52CEU6, STM32WBA52CEU6TR, STM32WBA52CEU7, STM32WBA52CEU7TR, STM32WBA52CGU6, STM32WBA52CGU6TR, STM32WBA52CGU6U, STM32WBA52CGU7, STM32WBA52CGU7TR, STM32WBA52KEU6, STM32WBA52KEU6TR, STM32WBA52KGU6, STM32WBA52KGU6TR, STM32WBA54CEU6, STM32WBA54CEU6TR, STM32WBA54CEU7, STM32WBA54CEU7TR, STM32WBA54CGU6, STM32WBA54CGU6TR, STM32WBA54CGU7, STM32WBA54CGU7TR, STM32WBA54KEU6, STM32WBA54KEU6TR, STM32WBA54KEU7, STM32WBA54KEU7TR, STM32WBA54KGU6, STM32WBA54KGU6TR, STM32WBA54KGU7, STM32WBA54KGU7TR, STM32WBA55CEU6, STM32WBA55CEU6TR, STM32WBA55CEU7, STM32WBA55CEU7TR, STM32WBA55CGU6, STM32WBA55CGU6TR, STM32WBA55CGU6U, STM32WBA55CGU7, STM32WBA55CGU7TR, STM32WBA55G-DK1, STM32WBA55HEF6, STM32WBA55HEF7, STM32WBA55HGF6, STM32WBA55HGF7, STM32WBA55UEI6, STM32WBA55UEI6TR, STM32WBA55UEI7, STM32WBA55UEI7TR, STM32WBA55UGI6, STM32WBA55UGI6TR, STM32WBA55UGI7, STM32WBA55UGI7TR, STM32WBA5MMGH6TR, STM32WBA62MGF6, STM32WBA62MIF6, STM32WBA65MGF7, STM32WBA65MIF6, STM32WBA65MIF7, STM32WL30K8V6, STM32WL30KBV6, STM32WL31C8V6, STM32WL31CBV6, STM32WL31K8V6, STM32WL31KBV6, STM32WL33C8V6, STM32WL33C8V6X, STM32WL33CBV6, STM32WL33CBV6X, STM32WL33CCV6, STM32WL33CCV6A, STM32WL33CCV6X, STM32WL33K8V7, STM32WL33K8V7X, STM32WL33KBV7 , STM32WL33KBV7X, STM32WL33KCV7, STM32WL33KCV7X, STM32WL5MOCH6, STM32WL5MOCH6TR]
2026-01-03 18:27:52,634 [INFO] DbMcus:218 - Found 4876 MCUs, 4876 are supported
2026-01-03 18:27:52,635 [INFO] ApiDb:423 - Load user favorites file C:\Users\22142/.stm32cubeide/favorites.mcus.txt: 0 item(s)
2026-01-03 18:27:52,635 [INFO] ApiDb:427 - User favorites MCUs=[]
2026-01-03 18:27:52,635 [INFO] DbMcus:224 - Set 0 / 0 favorites MCUs
2026-01-03 18:27:53,236 [INFO] BoardInfo:889 - No configuration file found for board P-NUCLEO-WB55
2026-01-03 18:27:53,237 [INFO] DbBoards:161 - Kit is not supported: P-NUCLEO-WB55
2026-01-03 18:27:53,240 [INFO] BoardInfo:889 - No configuration file found for board STEVAL-BFA001V1B
2026-01-03 18:27:53,240 [INFO] DbBoards:161 - Kit is not supported: STEVAL-BFA001V1B
2026-01-03 18:27:53,241 [INFO] BoardInfo:889 - No configuration file found for board STEVAL-BFA001V2B
2026-01-03 18:27:53,241 [INFO] DbBoards:161 - Kit is not supported: STEVAL-BFA001V2B
2026-01-03 18:27:53,323 [INFO] DbBoards:168 - Found 212 boards, 209 are supported
2026-01-03 18:27:53,323 [INFO] DbBoards:169 - Found 212 boards, 43 of them is supported for  Bsp
2026-01-03 18:27:53,326 [INFO] ApiDb:414 - User favorites file not found: C:\Users\22142/.stm32cubeide/favorites.boards.txt
2026-01-03 18:27:53,326 [INFO] DbBoards:198 - Set 0 / 0 favorites Boards
2026-01-03 18:27:53,431 [INFO] UtilMem:75 - End LoadConfig() Used Memory: 896243488 Bytes (1073741824)
2026-01-03 18:27:53,594 [WARN] ThirdParty:833 - waiting for thirdparty lock release [change project]
2026-01-03 18:27:53,594 [INFO] ThirdParty:835 - entering critical section [change project]
2026-01-03 18:27:53,594 [INFO] ThirdParty:1030 - CMSIS Pack Vendor :STMicroelectronics X-CUBE-PM33A1 1.0.0
2026-01-03 18:27:53,594 [INFO] ThirdParty:1030 - CMSIS Pack Vendor :STMicroelectronics USBPD 4.1
2026-01-03 18:27:53,594 [INFO] ThirdParty:1030 - CMSIS Pack Vendor :STMicroelectronics USB_HOST 2.0.0
2026-01-03 18:27:53,594 [INFO] ThirdParty:1030 - CMSIS Pack Vendor :STMicroelectronics FP-SNS-MOTENVWB1 1.4.0
2026-01-03 18:27:53,594 [INFO] ThirdParty:1030 - CMSIS Pack Vendor :STMicroelectronics X-CUBE-AZRTOS-F4 1.1.0
2026-01-03 18:27:53,595 [INFO] ThirdParty:1030 - CMSIS Pack Vendor :STMicroelectronics LIBJPEG 8.0.0
2026-01-03 18:27:53,595 [INFO] ThirdParty:1030 - CMSIS Pack Vendor :STMicroelectronics FP-ATR-ASTRA1 2.0.2
2026-01-03 18:27:53,595 [INFO] ThirdParty:1030 - CMSIS Pack Vendor :STMicroelectronics X-CUBE-SMBUS 2.1.0
2026-01-03 18:27:53,595 [INFO] ThirdParty:1030 - CMSIS Pack Vendor :STMicroelectronics X-CUBE-WB05N 1.1.0
2026-01-03 18:27:53,595 [INFO] ThirdParty:1030 - CMSIS Pack Vendor :STMicroelectronics X-CUBE-ISPU 2.1.0
2026-01-03 18:27:53,595 [INFO] ThirdParty:1030 - CMSIS Pack Vendor :STMicroelectronics X-CUBE-IPS 3.2.0
2026-01-03 18:27:53,595 [INFO] ThirdParty:1030 - CMSIS Pack Vendor :STMicroelectronics X-CUBE-NFC12 1.0.0
2026-01-03 18:27:53,595 [INFO] ThirdParty:1030 - CMSIS Pack Vendor :STMicroelectronics X-CUBE-AZRTOS-F7 1.1.0
2026-01-03 18:27:53,595 [INFO] ThirdParty:1030 - CMSIS Pack Vendor :STMicroelectronics X-CUBE-AZRTOS-L5 2.0.0
2026-01-03 18:27:53,595 [INFO] ThirdParty:1030 - CMSIS Pack Vendor :STMicroelectronics USB_DEVICE 2.0.0
2026-01-03 18:27:53,595 [INFO] ThirdParty:1030 - CMSIS Pack Vendor :STMicroelectronics X-CUBE-NFC6 3.1.0
2026-01-03 18:27:53,595 [INFO] ThirdParty:1030 - CMSIS Pack Vendor :STMicroelectronics FP-SNS-MOTENV1 5.1.0
2026-01-03 18:27:53,595 [INFO] ThirdParty:1030 - CMSIS Pack Vendor :STMicroelectronics FreeRTOS 0.0.1
2026-01-03 18:27:53,595 [INFO] ThirdParty:1030 - CMSIS Pack Vendor :STMicroelectronics X-CUBE-DPower 1.2.0
2026-01-03 18:27:53,595 [INFO] ThirdParty:1030 - CMSIS Pack Vendor :Infineon AIROC-Wi-Fi-Bluetooth-STM32 1.7.0
2026-01-03 18:27:53,595 [INFO] ThirdParty:1030 - CMSIS Pack Vendor :STMicroelectronics PDM2PCM 3.3.0
2026-01-03 18:27:53,595 [INFO] ThirdParty:1030 - CMSIS Pack Vendor :STMicroelectronics X-CUBE-AZRTOS-H7 3.4.0
2026-01-03 18:27:53,595 [INFO] ThirdParty:1030 - CMSIS Pack Vendor :STMicroelectronics X-CUBE-DISPLAY 3.0.0
2026-01-03 18:27:53,596 [INFO] ThirdParty:1030 - CMSIS Pack Vendor :STMicroelectronics X-CUBE-NFC10 1.0.0
2026-01-03 18:27:53,596 [INFO] ThirdParty:1030 - CMSIS Pack Vendor :STMicroelectronics X-CUBE-BLEMGR 4.0.0
2026-01-03 18:27:53,596 [INFO] ThirdParty:1030 - CMSIS Pack Vendor :STMicroelectronics HAL Drivers 0.0.0
2026-01-03 18:27:53,596 [INFO] ThirdParty:1030 - CMSIS Pack Vendor :STMicroelectronics X-CUBE-ST60 1.1.0
2026-01-03 18:27:53,596 [INFO] ThirdParty:1030 - CMSIS Pack Vendor :emotas I-CUBE-CANOPEN 1.3.0
2026-01-03 18:27:53,596 [INFO] ThirdParty:1030 - CMSIS Pack Vendor :STMicroelectronics X-CUBE-FREERTOS 1.3.0
2026-01-03 18:27:53,596 [INFO] ThirdParty:1030 - CMSIS Pack Vendor :STMicroelectronics X-CUBE-NFC7 1.0.1
2026-01-03 18:27:53,596 [INFO] ThirdParty:1030 - CMSIS Pack Vendor :STMicroelectronics MBEDTLS 2.14.1
2026-01-03 18:27:53,596 [INFO] ThirdParty:1030 - CMSIS Pack Vendor :STMicroelectronics X-CUBE-GNSS1 7.1.0
2026-01-03 18:27:53,596 [INFO] ThirdParty:1030 - CMSIS Pack Vendor :STMicroelectronics X-CUBE-TOUCHGFX 4.26.0
2026-01-03 18:27:53,596 [INFO] ThirdParty:1030 - CMSIS Pack Vendor :quantropi X-CUBE-qispace-sdk-base 2.0.0
2026-01-03 18:27:53,596 [INFO] ThirdParty:1030 - CMSIS Pack Vendor :STMicroelectronics X-CUBE-AI 10.0.0
2026-01-03 18:27:53,596 [INFO] ThirdParty:1030 - CMSIS Pack Vendor :STMicroelectronics FP-SNS-STBOX1 2.1.0
2026-01-03 18:27:53,596 [INFO] ThirdParty:1030 - CMSIS Pack Vendor :STMicroelectronics FP-SNS-STAIOTCFT 1.0.0
2026-01-03 18:27:53,596 [INFO] ThirdParty:1030 - CMSIS Pack Vendor :STMicroelectronics FP-SNS-SMARTAG2 1.2.0
2026-01-03 18:27:53,597 [INFO] ThirdParty:1030 - CMSIS Pack Vendor :STMicroelectronics FP-SNS-FLIGHT1 5.1.0
2026-01-03 18:27:53,597 [INFO] ThirdParty:1030 - CMSIS Pack Vendor :STMicroelectronics X-CUBE-MEMS1 11.1.0
2026-01-03 18:27:53,597 [INFO] ThirdParty:1030 - CMSIS Pack Vendor :STMicroelectronics X-CUBE-AZRTOS-WL 2.0.0
2026-01-03 18:27:53,597 [INFO] ThirdParty:1030 - CMSIS Pack Vendor :STMicroelectronics X-CUBE-DPower 1.3.0
2026-01-03 18:27:53,597 [INFO] ThirdParty:1030 - CMSIS Pack Vendor :STMicroelectronics FP-SNS-MOTENV1 5.0.0
2026-01-03 18:27:53,597 [INFO] ThirdParty:1030 - CMSIS Pack Vendor :STMicroelectronics USB_DEVICE 1.0.0
2026-01-03 18:27:53,597 [INFO] ThirdParty:1030 - CMSIS Pack Vendor :STMicroelectronics X-CUBE-AZRTOS-H7RS 1.2.0
2026-01-03 18:27:53,597 [INFO] ThirdParty:1030 - CMSIS Pack Vendor :STMicroelectronics X-CUBE-AZRTOS-L4 2.0.0
2026-01-03 18:27:53,597 [INFO] ThirdParty:1030 - CMSIS Pack Vendor :STMicroelectronics ThreadX 0.0.2
2026-01-03 18:27:53,597 [INFO] ThirdParty:1030 - CMSIS Pack Vendor :WES I-CUBE-Cesium 1.3.0
2026-01-03 18:27:53,597 [INFO] ThirdParty:1030 - CMSIS Pack Vendor :STMicroelectronics lwIP 2.1.2
2026-01-03 18:27:53,597 [INFO] ThirdParty:1030 - CMSIS Pack Vendor :STMicroelectronics X-CUBE-SFXS2LP1 4.0.0
2026-01-03 18:27:53,597 [INFO] ThirdParty:1030 - CMSIS Pack Vendor :STMicroelectronics X-CUBE-BLE2 3.3.0
2026-01-03 18:27:53,597 [INFO] ThirdParty:1030 - CMSIS Pack Vendor :Avnet-IOTCONNECT X-CUBE-iotc-st67-sdk 1.0.0
2026-01-03 18:27:53,597 [INFO] ThirdParty:1030 - CMSIS Pack Vendor :STMicroelectronics PDM2PCM 3.2.0
2026-01-03 18:27:53,597 [INFO] ThirdParty:1030 - CMSIS Pack Vendor :STMicroelectronics X-CUBE-AZRTOS-H7 3.3.0
2026-01-03 18:27:53,597 [INFO] ThirdParty:1030 - CMSIS Pack Vendor :STMicroelectronics X-CUBE-NFC9 1.0.0
2026-01-03 18:27:53,597 [INFO] ThirdParty:1030 - CMSIS Pack Vendor :STMicroelectronics X-CUBE-BLE1 7.1.0
2026-01-03 18:27:53,598 [INFO] ThirdParty:1030 - CMSIS Pack Vendor :wolfSSL I-CUBE-wolfMQTT 1.19.2
2026-01-03 18:27:53,598 [INFO] ThirdParty:1030 - CMSIS Pack Vendor :STMicroelectronics USB_DEVICE 3.0.0
2026-01-03 18:27:53,598 [INFO] ThirdParty:1030 - CMSIS Pack Vendor :STMicroelectronics X-CUBE-FREERTOS 1.4.0
2026-01-03 18:27:53,598 [INFO] ThirdParty:1030 - CMSIS Pack Vendor :STMicroelectronics X-CUBE-EEPRMA1 5.2.0
2026-01-03 18:27:53,598 [INFO] ThirdParty:1030 - CMSIS Pack Vendor :STMicroelectronics X-CUBE-BLEMGR 4.1.0
2026-01-03 18:27:53,598 [INFO] ThirdParty:1030 - CMSIS Pack Vendor :STMicroelectronics X-CUBE-AZRTOS-WB 2.0.0
2026-01-03 18:27:53,598 [INFO] ThirdParty:1030 - CMSIS Pack Vendor :STMicroelectronics X-CUBE-GNSS1 7.0.1
2026-01-03 18:27:53,598 [INFO] ThirdParty:1030 - CMSIS Pack Vendor :STMicroelectronics X-CUBE-TOUCHGFX 4.25.0
2026-01-03 18:27:53,598 [INFO] ThirdParty:1030 - CMSIS Pack Vendor :STMicroelectronics X-CUBE-ST67W61 1.1.0
2026-01-03 18:27:53,598 [INFO] ThirdParty:1030 - CMSIS Pack Vendor :STMicroelectronics FP-SNS-STBOX1 2.0.0
2026-01-03 18:27:53,598 [INFO] ThirdParty:1030 - CMSIS Pack Vendor :STMicroelectronics X-CUBE-MEMS1 12.0.0
2026-01-03 18:27:53,598 [INFO] ThirdParty:1030 - CMSIS Pack Vendor :STMicroelectronics X-CUBE-AZRTOS-G0 1.1.0
2026-01-03 18:27:53,598 [INFO] ThirdParty:1030 - CMSIS Pack Vendor :STMicroelectronics X-CUBE-SAFEA1 1.2.2
2026-01-03 18:27:53,598 [INFO] ThirdParty:1030 - CMSIS Pack Vendor :STMicroelectronics X-CUBE-NFC4 3.0.0
2026-01-03 18:27:53,598 [INFO] ThirdParty:1030 - CMSIS Pack Vendor :STMicroelectronics X-CUBE-SUBG2 5.0.0
2026-01-03 18:27:53,598 [INFO] ThirdParty:1030 - CMSIS Pack Vendor :STMicroelectronics X-CUBE-AZRTOS-H7RS 1.1.0
2026-01-03 18:27:53,598 [INFO] ThirdParty:1030 - CMSIS Pack Vendor :STMicroelectronics STM32_WPAN 1.0.0
2026-01-03 18:27:53,598 [INFO] ThirdParty:1030 - CMSIS Pack Vendor :EmbeddedOffice I-CUBE-FS-RTOS 1.0.1
2026-01-03 18:27:53,598 [INFO] ThirdParty:1030 - CMSIS Pack Vendor :STMicroelectronics lwIP 2.0.3
2026-01-03 18:27:53,598 [INFO] ThirdParty:1030 - CMSIS Pack Vendor :Cesanta I-CUBE-Mongoose 7.13.0
2026-01-03 18:27:53,598 [INFO] ThirdParty:1030 - CMSIS Pack Vendor :STMicroelectronics USB_HOST 1.0.0
2026-01-03 18:27:53,599 [INFO] ThirdParty:1030 - CMSIS Pack Vendor :STMicroelectronics X-CUBE-AZRTOS-G4 2.0.0
2026-01-03 18:27:53,599 [INFO] ThirdParty:1030 - CMSIS Pack Vendor :STMicroelectronics X-CUBE-WB05N 2.0.0
2026-01-03 18:27:53,599 [INFO] ThirdParty:1030 - CMSIS Pack Vendor :STMicroelectronics PDM2PCM 3.1.0
2026-01-03 18:27:53,599 [INFO] ThirdParty:1030 - CMSIS Pack Vendor :wolfSSL I-CUBE-wolfTPM 3.8.0
2026-01-03 18:27:53,599 [INFO] ThirdParty:1030 - CMSIS Pack Vendor :wolfSSL I-CUBE-wolfSSH 1.4.20
2026-01-03 18:27:53,599 [INFO] ThirdParty:1030 - CMSIS Pack Vendor :STMicroelectronics X-CUBE-NFC7 2.0.0
2026-01-03 18:27:53,599 [INFO] ThirdParty:1030 - CMSIS Pack Vendor :STMicroelectronics X-CUBE-TCPP 4.2.0
2026-01-03 18:27:53,599 [INFO] ThirdParty:1030 - CMSIS Pack Vendor :RealThread X-CUBE-RT-Thread_Nano 4.1.1
2026-01-03 18:27:53,599 [INFO] ThirdParty:1030 - CMSIS Pack Vendor :STMicroelectronics FP-ATR-SIGFOX1 3.2.0
2026-01-03 18:27:53,599 [INFO] ThirdParty:1030 - CMSIS Pack Vendor :STMicroelectronics X-CUBE-EEPRMA1 5.1.0
2026-01-03 18:27:53,599 [INFO] ThirdParty:1030 - CMSIS Pack Vendor :STMicroelectronics MBEDTLS 2.16.2
2026-01-03 18:27:53,599 [INFO] ThirdParty:1030 - CMSIS Pack Vendor :STMicroelectronics X-CUBE-IPS 3.1.0
2026-01-03 18:27:53,599 [INFO] ThirdParty:1030 - CMSIS Pack Vendor :STMicroelectronics X-CUBE-ALS 1.0.2
2026-01-03 18:27:53,599 [INFO] ThirdParty:1030 - CMSIS Pack Vendor :wolfSSL I-CUBE-wolfSSL 5.7.6
2026-01-03 18:27:53,599 [INFO] ThirdParty:1030 - CMSIS Pack Vendor :ITTIA_DB I-CUBE-ITTIADB 8.9.0
2026-01-03 18:27:53,599 [INFO] ThirdParty:1030 - CMSIS Pack Vendor :STMicroelectronics X-CUBE-STSE01 1.0.0
2026-01-03 18:27:53,599 [INFO] ThirdParty:1030 - CMSIS Pack Vendor :portGmbH I-Cube-SoM-uGOAL 1.1.0
2026-01-03 18:27:53,599 [INFO] ThirdParty:1030 - CMSIS Pack Vendor :STMicroelectronics X-CUBE-AI 10.2.0
2026-01-03 18:27:53,599 [INFO] ThirdParty:1030 - CMSIS Pack Vendor :STMicroelectronics ThreadX 1.0.0
2026-01-03 18:27:53,599 [INFO] ThirdParty:1030 - CMSIS Pack Vendor :SEGGER I-CUBE-embOS 1.3.1
2026-01-03 18:27:53,599 [INFO] ThirdParty:1030 - CMSIS Pack Vendor :STMicroelectronics X-CUBE-ALGOBUILD 1.4.0
2026-01-03 18:27:53,600 [INFO] ThirdParty:1030 - CMSIS Pack Vendor :STMicroelectronics X-CUBE-TOF1 3.4.2
2026-01-03 18:27:53,600 [INFO] ThirdParty:1030 - CMSIS Pack Vendor :STMicroelectronics X-CUBE-TOF1 3.4.3
2026-01-03 18:27:53,600 [INFO] ThirdParty:841 - exiting critical section [change project]
2026-01-03 18:27:53,973 [INFO] PinOutPanel:1589 - setPackage(No Configuration,No Configuration)
2026-01-03 18:27:53,973 [INFO] PinOutPanel:1589 - setPackage(STM32F103C8Tx,LQFP48)
2026-01-03 18:27:54,595 [INFO] UtilMem:75 - Before build in PCC Used Memory: 697063232 Bytes (1073741824)
2026-01-03 18:27:55,623 [INFO] UtilMem:75 - After build in PCC Used Memory: 788869840 Bytes (1073741824)
2026-01-03 18:27:55,640 [INFO] IPUIPlugin:80 - create IPUIPlugin
2026-01-03 18:27:55,640 [INFO] IPUIPlugin:80 - create IPUIPlugin
2026-01-03 18:27:55,640 [INFO] IPUIPlugin:80 - create IPUIPlugin
2026-01-03 18:27:55,640 [INFO] IPUIPlugin:80 - create IPUIPlugin
2026-01-03 18:27:55,640 [INFO] IPUIPlugin:80 - create IPUIPlugin
2026-01-03 18:27:55,640 [INFO] IPUIPlugin:80 - create IPUIPlugin
2026-01-03 18:27:55,640 [INFO] IPUIPlugin:80 - create IPUIPlugin
2026-01-03 18:27:55,640 [INFO] IPUIPlugin:80 - create IPUIPlugin
2026-01-03 18:27:55,640 [INFO] IPUIPlugin:80 - create IPUIPlugin
2026-01-03 18:27:55,640 [INFO] IPUIPlugin:80 - create IPUIPlugin
2026-01-03 18:27:55,640 [INFO] IPUIPlugin:80 - create IPUIPlugin
2026-01-03 18:27:55,640 [INFO] IPUIPlugin:80 - create IPUIPlugin
2026-01-03 18:27:55,640 [INFO] IPUIPlugin:80 - create IPUIPlugin
2026-01-03 18:27:55,640 [INFO] IPUIPlugin:80 - create IPUIPlugin
2026-01-03 18:27:55,640 [INFO] IPUIPlugin:80 - create IPUIPlugin
2026-01-03 18:27:55,640 [INFO] IPUIPlugin:80 - create IPUIPlugin
2026-01-03 18:27:55,640 [INFO] IPUIPlugin:80 - create IPUIPlugin
2026-01-03 18:27:55,640 [INFO] IPUIPlugin:80 - create IPUIPlugin
2026-01-03 18:27:55,640 [INFO] IPUIPlugin:80 - create IPUIPlugin
2026-01-03 18:27:55,640 [INFO] IPUIPlugin:80 - create IPUIPlugin
2026-01-03 18:27:55,640 [INFO] IPUIPlugin:80 - create IPUIPlugin
2026-01-03 18:27:55,640 [INFO] IPUIPlugin:80 - create IPUIPlugin
2026-01-03 18:27:55,647 [INFO] IPUIPlugin:80 - create IPUIPlugin
2026-01-03 18:27:55,647 [INFO] IPUIPlugin:80 - create IPUIPlugin
2026-01-03 18:27:55,647 [INFO] IPUIPlugin:80 - create IPUIPlugin
2026-01-03 18:27:55,647 [INFO] IPUIPlugin:80 - create IPUIPlugin
2026-01-03 18:27:55,647 [INFO] IPUIPlugin:80 - create IPUIPlugin
2026-01-03 18:27:55,658 [WARN] IP:2250 - I2C_Coeff_DF not found: check if there is a RefParameter without a condition.
2026-01-03 18:27:55,658 [WARN] IP:2250 - Analog_Filter not found: check if there is a RefParameter without a condition.
2026-01-03 18:27:55,894 [INFO] CADModel:165 - CPN selected for project levelSTM32F103C8T6
2026-01-03 18:27:55,894 [INFO] CADModel:114 - Register for checkConnection events
2026-01-03 18:27:55,957 [INFO] OpenFileManager:386 - Restore cursor
2026-01-03 18:27:56,122 [WARN] IP:2250 - I2C_Coeff_DF not found: check if there is a RefParameter without a condition.
2026-01-03 18:27:56,122 [WARN] IP:2250 - Analog_Filter not found: check if there is a RefParameter without a condition.
2026-01-03 18:27:56,123 [WARN] IP:2250 - I2C_Coeff_DF not found: check if there is a RefParameter without a condition.
2026-01-03 18:27:56,123 [WARN] IP:2250 - Analog_Filter not found: check if there is a RefParameter without a condition.
2026-01-03 18:28:02,176 [INFO] Gpio:278 - dependency for GPIO [I2C1, RCC]
2026-01-03 18:28:06,956 [WARN] IP:2250 - I2C_Coeff_DF not found: check if there is a RefParameter without a condition.
2026-01-03 18:28:06,956 [WARN] IP:2250 - Analog_Filter not found: check if there is a RefParameter without a condition.
2026-01-03 18:28:06,956 [WARN] IP:2250 - I2C_Coeff_DF not found: check if there is a RefParameter without a condition.
2026-01-03 18:28:06,956 [WARN] IP:2250 - Analog_Filter not found: check if there is a RefParameter without a condition.
2026-01-03 18:28:06,973 [WARN] IP:2250 - I2C_Coeff_DF not found: check if there is a RefParameter without a condition.
2026-01-03 18:28:06,973 [WARN] IP:2250 - Analog_Filter not found: check if there is a RefParameter without a condition.
2026-01-03 18:28:06,987 [WARN] IP:2250 - I2C_Coeff_DF not found: check if there is a RefParameter without a condition.
2026-01-03 18:28:06,987 [WARN] IP:2250 - Analog_Filter not found: check if there is a RefParameter without a condition.
2026-01-03 18:28:07,007 [INFO] Gpio:278 - dependency for GPIO [I2C1, RCC]
2026-01-03 18:28:12,155 [INFO] UtilMem:75 - End SaveConfig() Used Memory: 821038592 Bytes (1073741824)
2026-01-03 18:28:13,436 [INFO] UtilMem:75 - End SaveConfig() Used Memory: 620358552 Bytes (1073741824)
2026-01-03 18:28:16,247 [INFO] UtilMem:75 - End SaveConfig() Used Memory: 651956880 Bytes (1073741824)
2026-01-03 18:28:16,663 [INFO] BlockDiagram:2775 - set Specific Code input for plugin: NVIC
2026-01-03 18:28:16,663 [INFO] BlockDiagram:2775 - set Specific Code input for plugin: SYS
2026-01-03 18:28:16,663 [INFO] BlockDiagram:2775 - set Specific Code input for plugin: GPIO
2026-01-03 18:28:16,663 [INFO] BlockDiagram:2775 - set Specific Code input for plugin: RCC
2026-01-03 18:28:16,664 [INFO] BlockDiagram:2775 - set Specific Code input for plugin: I2C
2026-01-03 18:28:16,664 [INFO] CodeGenerator:892 - code generatio: config db path: D:\installs\STM32CubeIDE_1.19.0\STM32CubeIDE\plugins\com.st.stm32cube.common.mx_6.15.0.202507011659\\db\
2026-01-03 18:28:16,668 [WARN] IP:2250 - I2C_Coeff_DF not found: check if there is a RefParameter without a condition.
2026-01-03 18:28:16,669 [WARN] IP:2250 - Analog_Filter not found: check if there is a RefParameter without a condition.
2026-01-03 18:28:16,795 [INFO] CodeEngine:265 - oldGeneratedFile, D:\projects\stm32_cube_ide\uart\MXTmpFiles\license.tmp_save
2026-01-03 18:28:17,202 [INFO] CodeEngine:289 - Generated code: D:\projects\stm32_cube_ide\uart\MXTmpFiles\license.tmp
2026-01-03 18:28:17,344 [INFO] CodeEngine:265 - oldGeneratedFile, D:\projects\stm32_cube_ide\uart\MXTmpFiles\gpio.tmp_save
2026-01-03 18:28:17,461 [INFO] CodeEngine:289 - Generated code: D:\projects\stm32_cube_ide\uart\MXTmpFiles\gpio.tmp
2026-01-03 18:28:17,601 [INFO] CodeEngine:265 - oldGeneratedFile, D:\projects\stm32_cube_ide\uart\Core\Src\stm32f1xx_it.c_save
2026-01-03 18:28:17,690 [INFO] CodeEngine:289 - Generated code: D:\projects\stm32_cube_ide\uart\Core\Src\stm32f1xx_it.c
2026-01-03 18:28:17,695 [INFO] CodeEngine:265 - oldGeneratedFile, D:\projects\stm32_cube_ide\uart\Core\Inc\stm32f1xx_it.h_save
2026-01-03 18:28:17,747 [INFO] CodeEngine:289 - Generated code: D:\projects\stm32_cube_ide\uart\Core\Inc\stm32f1xx_it.h
2026-01-03 18:28:17,771 [INFO] CodeEngine:265 - oldGeneratedFile, D:\projects\stm32_cube_ide\uart\Core\Src\stm32f1xx_hal_msp.c_save
2026-01-03 18:28:17,870 [INFO] CodeEngine:289 - Generated code: D:\projects\stm32_cube_ide\uart\Core\Src\stm32f1xx_hal_msp.c
2026-01-03 18:28:17,872 [INFO] CodeEngine:265 - oldGeneratedFile, D:\projects\stm32_cube_ide\uart\MXTmpFiles\system.tmp_save
2026-01-03 18:28:17,920 [INFO] CodeEngine:289 - Generated code: D:\projects\stm32_cube_ide\uart\MXTmpFiles\system.tmp
2026-01-03 18:28:17,940 [INFO] CodeEngine:321 - oldGeneratedFile, D:\projects\stm32_cube_ide\uart\Core\Inc\stm32f1xx_hal_conf.h_save
2026-01-03 18:28:17,995 [INFO] CodeEngine:345 - Generated code: D:\projects\stm32_cube_ide\uart\Core\Inc\stm32f1xx_hal_conf.h
2026-01-03 18:28:18,016 [INFO] ApiDbMcu:532 - Load IP Config File for I2C1
2026-01-03 18:28:18,018 [INFO] ApiDbMcu:532 - Load IP Config File for RCC
2026-01-03 18:28:18,025 [INFO] CodeEngine:265 - oldGeneratedFile, D:\projects\stm32_cube_ide\uart\Core\Inc\main.h_save
2026-01-03 18:28:18,119 [INFO] CodeEngine:289 - Generated code: D:\projects\stm32_cube_ide\uart\Core\Inc\main.h
2026-01-03 18:28:18,124 [INFO] CodeEngine:265 - oldGeneratedFile, D:\projects\stm32_cube_ide\uart\Core\Src\main.c_save
2026-01-03 18:28:18,225 [INFO] CodeEngine:289 - Generated code: D:\projects\stm32_cube_ide\uart\Core\Src\main.c
2026-01-03 18:28:18,492 [INFO] ProjectBuilder:3606 - Time for Copy HAL[1] : 120mS.
2026-01-03 18:28:18,497 [INFO] ProjectBuilder:5216 - Project Generator version: 4.7.0-B52
2026-01-03 18:28:18,578 [INFO] ConfigFileManager:1595 - The Die is : DIE410
2026-01-03 18:28:18,607 [INFO] ApiDbMcu:532 - Load IP Config File for FATFS
2026-01-03 18:28:18,625 [INFO] ApiDbMcu:532 - Load IP Config File for FREERTOS
2026-01-03 18:28:18,633 [INFO] ApiDbMcu:532 - Load IP Config File for USB_DEVICE
2026-01-03 18:28:19,116 [INFO] LogOutputStream:77 - [STDOUT_REDIRECT] 
2026-01-03 18:28:19,995 [INFO] ProjectBuilder:5496 - Time for Generating toolchain IDE Files: 1499mS.
2026-01-03 18:28:19,996 [INFO] ProjectBuilder:3463 - Time for Copy CMSIS : 1mS.
2026-01-03 18:28:19,997 [INFO] ProjectBuilder:3463 - Time for Copy CMSIS : 0mS.
2026-01-03 18:30:19,158 [INFO] UtilMem:75 - End SaveConfig() Used Memory: 745387416 Bytes (1073741824)
2026-01-03 18:30:20,373 [INFO] UtilMem:75 - End SaveConfig() Used Memory: 774376488 Bytes (1073741824)
2026-01-03 18:30:23,002 [INFO] UtilMem:75 - End SaveConfig() Used Memory: 869641024 Bytes (1073741824)
2026-01-03 18:30:23,150 [INFO] BlockDiagram:2775 - set Specific Code input for plugin: NVIC
2026-01-03 18:30:23,150 [INFO] BlockDiagram:2775 - set Specific Code input for plugin: SYS
2026-01-03 18:30:23,150 [INFO] BlockDiagram:2775 - set Specific Code input for plugin: GPIO
2026-01-03 18:30:23,150 [INFO] BlockDiagram:2775 - set Specific Code input for plugin: RCC
2026-01-03 18:30:23,150 [INFO] BlockDiagram:2775 - set Specific Code input for plugin: I2C
2026-01-03 18:30:23,151 [INFO] CodeGenerator:892 - code generatio: config db path: D:\installs\STM32CubeIDE_1.19.0\STM32CubeIDE\plugins\com.st.stm32cube.common.mx_6.15.0.202507011659\\db\
2026-01-03 18:30:23,151 [WARN] IP:2250 - I2C_Coeff_DF not found: check if there is a RefParameter without a condition.
2026-01-03 18:30:23,152 [WARN] IP:2250 - Analog_Filter not found: check if there is a RefParameter without a condition.
2026-01-03 18:30:23,205 [INFO] CodeEngine:265 - oldGeneratedFile, D:\projects\stm32_cube_ide\uart\MXTmpFiles\license.tmp_save
2026-01-03 18:30:23,261 [INFO] CodeEngine:289 - Generated code: D:\projects\stm32_cube_ide\uart\MXTmpFiles\license.tmp
2026-01-03 18:30:23,273 [INFO] CodeEngine:265 - oldGeneratedFile, D:\projects\stm32_cube_ide\uart\MXTmpFiles\gpio.tmp_save
2026-01-03 18:30:23,325 [INFO] CodeEngine:289 - Generated code: D:\projects\stm32_cube_ide\uart\MXTmpFiles\gpio.tmp
2026-01-03 18:30:23,351 [INFO] CodeEngine:265 - oldGeneratedFile, D:\projects\stm32_cube_ide\uart\Core\Src\stm32f1xx_it.c_save
2026-01-03 18:30:23,403 [INFO] CodeEngine:289 - Generated code: D:\projects\stm32_cube_ide\uart\Core\Src\stm32f1xx_it.c
2026-01-03 18:30:23,407 [INFO] CodeEngine:265 - oldGeneratedFile, D:\projects\stm32_cube_ide\uart\Core\Inc\stm32f1xx_it.h_save
2026-01-03 18:30:23,460 [INFO] CodeEngine:289 - Generated code: D:\projects\stm32_cube_ide\uart\Core\Inc\stm32f1xx_it.h
2026-01-03 18:30:23,460 [INFO] CodeEngine:265 - oldGeneratedFile, D:\projects\stm32_cube_ide\uart\Core\Src\stm32f1xx_hal_msp.c_save
2026-01-03 18:30:23,535 [INFO] CodeEngine:289 - Generated code: D:\projects\stm32_cube_ide\uart\Core\Src\stm32f1xx_hal_msp.c
2026-01-03 18:30:23,538 [INFO] CodeEngine:265 - oldGeneratedFile, D:\projects\stm32_cube_ide\uart\MXTmpFiles\system.tmp_save
2026-01-03 18:30:23,578 [INFO] CodeEngine:289 - Generated code: D:\projects\stm32_cube_ide\uart\MXTmpFiles\system.tmp
2026-01-03 18:30:23,589 [INFO] CodeEngine:321 - oldGeneratedFile, D:\projects\stm32_cube_ide\uart\Core\Inc\stm32f1xx_hal_conf.h_save
2026-01-03 18:30:23,652 [INFO] CodeEngine:345 - Generated code: D:\projects\stm32_cube_ide\uart\Core\Inc\stm32f1xx_hal_conf.h
2026-01-03 18:30:23,666 [INFO] CodeEngine:265 - oldGeneratedFile, D:\projects\stm32_cube_ide\uart\Core\Inc\main.h_save
2026-01-03 18:30:23,723 [INFO] CodeEngine:289 - Generated code: D:\projects\stm32_cube_ide\uart\Core\Inc\main.h
2026-01-03 18:30:23,727 [INFO] CodeEngine:265 - oldGeneratedFile, D:\projects\stm32_cube_ide\uart\Core\Src\main.c_save
2026-01-03 18:30:23,802 [INFO] CodeEngine:289 - Generated code: D:\projects\stm32_cube_ide\uart\Core\Src\main.c
2026-01-03 18:30:24,021 [INFO] ProjectBuilder:3606 - Time for Copy HAL[1] : 83mS.
2026-01-03 18:30:24,033 [INFO] ProjectBuilder:5216 - Project Generator version: 4.7.0-B52
2026-01-03 18:30:24,093 [INFO] ConfigFileManager:1595 - The Die is : DIE410
2026-01-03 18:30:24,654 [INFO] ProjectBuilder:5496 - Time for Generating toolchain IDE Files: 621mS.
2026-01-03 18:30:24,655 [INFO] ProjectBuilder:3463 - Time for Copy CMSIS : 0mS.
2026-01-03 18:30:24,657 [INFO] ProjectBuilder:3463 - Time for Copy CMSIS : 1mS.
2026-01-03 18:37:59,740 [INFO] UtilMem:75 - End SaveConfig() Used Memory: 859188472 Bytes (1073741824)
2026-01-03 18:38:00,932 [INFO] UtilMem:75 - End SaveConfig() Used Memory: 896412888 Bytes (1073741824)
2026-01-03 18:38:02,339 [INFO] UtilMem:75 - End SaveConfig() Used Memory: 972434768 Bytes (1073741824)
2026-01-03 18:38:02,496 [INFO] BlockDiagram:2775 - set Specific Code input for plugin: NVIC
2026-01-03 18:38:02,496 [INFO] BlockDiagram:2775 - set Specific Code input for plugin: SYS
2026-01-03 18:38:02,497 [INFO] BlockDiagram:2775 - set Specific Code input for plugin: GPIO
2026-01-03 18:38:02,497 [INFO] BlockDiagram:2775 - set Specific Code input for plugin: RCC
2026-01-03 18:38:02,497 [INFO] BlockDiagram:2775 - set Specific Code input for plugin: I2C
2026-01-03 18:38:02,497 [INFO] CodeGenerator:892 - code generatio: config db path: D:\installs\STM32CubeIDE_1.19.0\STM32CubeIDE\plugins\com.st.stm32cube.common.mx_6.15.0.202507011659\\db\
2026-01-03 18:38:02,499 [WARN] IP:2250 - I2C_Coeff_DF not found: check if there is a RefParameter without a condition.
2026-01-03 18:38:02,499 [WARN] IP:2250 - Analog_Filter not found: check if there is a RefParameter without a condition.
2026-01-03 18:38:02,562 [INFO] CodeEngine:265 - oldGeneratedFile, D:\projects\stm32_cube_ide\uart\MXTmpFiles\license.tmp_save
2026-01-03 18:38:02,643 [INFO] CodeEngine:289 - Generated code: D:\projects\stm32_cube_ide\uart\MXTmpFiles\license.tmp
2026-01-03 18:38:02,653 [INFO] CodeEngine:265 - oldGeneratedFile, D:\projects\stm32_cube_ide\uart\MXTmpFiles\gpio.tmp_save
2026-01-03 18:38:02,716 [INFO] CodeEngine:289 - Generated code: D:\projects\stm32_cube_ide\uart\MXTmpFiles\gpio.tmp
2026-01-03 18:38:02,832 [INFO] CodeEngine:265 - oldGeneratedFile, D:\projects\stm32_cube_ide\uart\Core\Src\stm32f1xx_it.c_save
2026-01-03 18:38:02,949 [INFO] CodeEngine:289 - Generated code: D:\projects\stm32_cube_ide\uart\Core\Src\stm32f1xx_it.c
2026-01-03 18:38:02,954 [INFO] CodeEngine:265 - oldGeneratedFile, D:\projects\stm32_cube_ide\uart\Core\Inc\stm32f1xx_it.h_save
2026-01-03 18:38:03,001 [INFO] CodeEngine:289 - Generated code: D:\projects\stm32_cube_ide\uart\Core\Inc\stm32f1xx_it.h
2026-01-03 18:38:03,010 [INFO] CodeEngine:265 - oldGeneratedFile, D:\projects\stm32_cube_ide\uart\Core\Src\stm32f1xx_hal_msp.c_save
2026-01-03 18:38:03,088 [INFO] CodeEngine:289 - Generated code: D:\projects\stm32_cube_ide\uart\Core\Src\stm32f1xx_hal_msp.c
2026-01-03 18:38:03,093 [INFO] CodeEngine:265 - oldGeneratedFile, D:\projects\stm32_cube_ide\uart\MXTmpFiles\system.tmp_save
2026-01-03 18:38:03,139 [INFO] CodeEngine:289 - Generated code: D:\projects\stm32_cube_ide\uart\MXTmpFiles\system.tmp
2026-01-03 18:38:03,146 [INFO] CodeEngine:321 - oldGeneratedFile, D:\projects\stm32_cube_ide\uart\Core\Inc\stm32f1xx_hal_conf.h_save
2026-01-03 18:38:03,200 [INFO] CodeEngine:345 - Generated code: D:\projects\stm32_cube_ide\uart\Core\Inc\stm32f1xx_hal_conf.h
2026-01-03 18:38:03,217 [INFO] CodeEngine:265 - oldGeneratedFile, D:\projects\stm32_cube_ide\uart\Core\Inc\main.h_save
2026-01-03 18:38:03,284 [INFO] CodeEngine:289 - Generated code: D:\projects\stm32_cube_ide\uart\Core\Inc\main.h
2026-01-03 18:38:03,288 [INFO] CodeEngine:265 - oldGeneratedFile, D:\projects\stm32_cube_ide\uart\Core\Src\main.c_save
2026-01-03 18:38:03,364 [INFO] CodeEngine:289 - Generated code: D:\projects\stm32_cube_ide\uart\Core\Src\main.c
2026-01-03 18:38:03,636 [INFO] ProjectBuilder:3606 - Time for Copy HAL[1] : 93mS.
2026-01-03 18:38:03,639 [INFO] ProjectBuilder:5216 - Project Generator version: 4.7.0-B52
2026-01-03 18:38:03,712 [INFO] ConfigFileManager:1595 - The Die is : DIE410
2026-01-03 18:38:04,381 [INFO] ProjectBuilder:5496 - Time for Generating toolchain IDE Files: 742mS.
2026-01-03 18:38:04,382 [INFO] ProjectBuilder:3463 - Time for Copy CMSIS : 0mS.
2026-01-03 18:38:04,384 [INFO] ProjectBuilder:3463 - Time for Copy CMSIS : 0mS.
2026-01-03 18:41:33,315 [INFO] UtilMem:75 - End SaveConfig() Used Memory: 755911888 Bytes (1073741824)
2026-01-03 18:41:34,273 [INFO] UtilMem:75 - End SaveConfig() Used Memory: 788089216 Bytes (1073741824)
2026-01-03 18:41:35,192 [INFO] UtilMem:75 - End SaveConfig() Used Memory: 837700816 Bytes (1073741824)
2026-01-03 18:41:35,453 [INFO] BlockDiagram:2775 - set Specific Code input for plugin: NVIC
2026-01-03 18:41:35,454 [INFO] BlockDiagram:2775 - set Specific Code input for plugin: SYS
2026-01-03 18:41:35,454 [INFO] BlockDiagram:2775 - set Specific Code input for plugin: GPIO
2026-01-03 18:41:35,454 [INFO] BlockDiagram:2775 - set Specific Code input for plugin: RCC
2026-01-03 18:41:35,455 [INFO] BlockDiagram:2775 - set Specific Code input for plugin: I2C
2026-01-03 18:41:35,455 [INFO] CodeGenerator:892 - code generatio: config db path: D:\installs\STM32CubeIDE_1.19.0\STM32CubeIDE\plugins\com.st.stm32cube.common.mx_6.15.0.202507011659\\db\
2026-01-03 18:41:35,457 [WARN] IP:2250 - I2C_Coeff_DF not found: check if there is a RefParameter without a condition.
2026-01-03 18:41:35,457 [WARN] IP:2250 - Analog_Filter not found: check if there is a RefParameter without a condition.
2026-01-03 18:41:35,519 [INFO] CodeEngine:265 - oldGeneratedFile, D:\projects\stm32_cube_ide\uart\MXTmpFiles\license.tmp_save
2026-01-03 18:41:35,639 [INFO] CodeEngine:289 - Generated code: D:\projects\stm32_cube_ide\uart\MXTmpFiles\license.tmp
2026-01-03 18:41:35,662 [INFO] CodeEngine:265 - oldGeneratedFile, D:\projects\stm32_cube_ide\uart\MXTmpFiles\gpio.tmp_save
2026-01-03 18:41:35,741 [INFO] CodeEngine:289 - Generated code: D:\projects\stm32_cube_ide\uart\MXTmpFiles\gpio.tmp
2026-01-03 18:41:35,782 [INFO] CodeEngine:265 - oldGeneratedFile, D:\projects\stm32_cube_ide\uart\Core\Src\stm32f1xx_it.c_save
2026-01-03 18:41:35,859 [INFO] CodeEngine:289 - Generated code: D:\projects\stm32_cube_ide\uart\Core\Src\stm32f1xx_it.c
2026-01-03 18:41:35,863 [INFO] CodeEngine:265 - oldGeneratedFile, D:\projects\stm32_cube_ide\uart\Core\Inc\stm32f1xx_it.h_save
2026-01-03 18:41:35,936 [INFO] CodeEngine:289 - Generated code: D:\projects\stm32_cube_ide\uart\Core\Inc\stm32f1xx_it.h
2026-01-03 18:41:35,943 [INFO] CodeEngine:265 - oldGeneratedFile, D:\projects\stm32_cube_ide\uart\Core\Src\stm32f1xx_hal_msp.c_save
2026-01-03 18:41:36,045 [INFO] CodeEngine:289 - Generated code: D:\projects\stm32_cube_ide\uart\Core\Src\stm32f1xx_hal_msp.c
2026-01-03 18:41:36,048 [INFO] CodeEngine:265 - oldGeneratedFile, D:\projects\stm32_cube_ide\uart\MXTmpFiles\system.tmp_save
2026-01-03 18:41:36,108 [INFO] CodeEngine:289 - Generated code: D:\projects\stm32_cube_ide\uart\MXTmpFiles\system.tmp
2026-01-03 18:41:36,116 [INFO] CodeEngine:321 - oldGeneratedFile, D:\projects\stm32_cube_ide\uart\Core\Inc\stm32f1xx_hal_conf.h_save
2026-01-03 18:41:36,179 [INFO] CodeEngine:345 - Generated code: D:\projects\stm32_cube_ide\uart\Core\Inc\stm32f1xx_hal_conf.h
2026-01-03 18:41:36,203 [INFO] CodeEngine:265 - oldGeneratedFile, D:\projects\stm32_cube_ide\uart\Core\Inc\main.h_save
2026-01-03 18:41:36,270 [INFO] CodeEngine:289 - Generated code: D:\projects\stm32_cube_ide\uart\Core\Inc\main.h
2026-01-03 18:41:36,274 [INFO] CodeEngine:265 - oldGeneratedFile, D:\projects\stm32_cube_ide\uart\Core\Src\main.c_save
2026-01-03 18:41:36,370 [INFO] CodeEngine:289 - Generated code: D:\projects\stm32_cube_ide\uart\Core\Src\main.c
2026-01-03 18:41:36,613 [INFO] ProjectBuilder:3606 - Time for Copy HAL[1] : 95mS.
2026-01-03 18:41:36,615 [INFO] ProjectBuilder:5216 - Project Generator version: 4.7.0-B52
2026-01-03 18:41:36,685 [INFO] ConfigFileManager:1595 - The Die is : DIE410
2026-01-03 18:41:37,296 [INFO] ProjectBuilder:5496 - Time for Generating toolchain IDE Files: 681mS.
2026-01-03 18:41:37,297 [INFO] ProjectBuilder:3463 - Time for Copy CMSIS : 1mS.
2026-01-03 18:41:37,298 [INFO] ProjectBuilder:3463 - Time for Copy CMSIS : 0mS.
2026-01-03 19:44:05,167 [INFO] MainUpdater:2872 - connection check result : 10
2026-01-03 19:44:05,653 [INFO] McuFinderGlobals:76 - Set McuFinderConnectedMode to true
2026-01-03 19:44:05,672 [INFO] MultiScanPanel:200 - Auto-refresh data requested => check proxy status ongoing
2026-01-03 19:44:05,692 [INFO] FinderPluginLoader:96 - Searching for filters in installed packs
2026-01-03 19:44:08,252 [INFO] LoadUrlFilesThread:185 - End of LoadServerUrlFiles without Thread
2026-01-03 19:44:08,298 [INFO] DetailPanel:341 - Set advertising image to C:/Users/22142/STM32Cube/Repository/\en.prom-st67w-expansion-board.png
2026-01-03 19:47:20,737 [INFO] MainUpdater:2872 - connection check result : 10
2026-01-03 19:47:20,737 [INFO] MainUpdater:2872 - connection check result : 10
2026-01-03 19:47:20,823 [INFO] MicroXplorer:468 - Change Database Path : 
2026-01-03 19:47:20,823 [INFO] MicroXplorer:498 - Change Database Version : DB.6.0.150
2026-01-03 19:47:20,872 [ERROR] ProjectManagerView:395 - 
java.lang.NullPointerException: Cannot invoke "javax.swing.JTextField.getText()" because the return value of "java.util.List.get(int)" is null
	at com.st.microxplorer.plugins.projectmanager.gui.ProjectChoiceTab$9.caretUpdate(ProjectChoiceTab.java:2706) ~[filemanager.jar:?]
	at javax.swing.text.JTextComponent.fireCaretUpdate(JTextComponent.java:408) ~[?:?]
	at javax.swing.text.JTextComponent$MutableCaretEvent.fire(JTextComponent.java:4484) ~[?:?]
	at javax.swing.text.JTextComponent$MutableCaretEvent.stateChanged(JTextComponent.java:4506) ~[?:?]
	at javax.swing.text.DefaultCaret.fireStateChanged(DefaultCaret.java:857) ~[?:?]
	at javax.swing.text.DefaultCaret.changeCaretPosition(DefaultCaret.java:1343) ~[?:?]
	at javax.swing.text.DefaultCaret.handleSetDot(DefaultCaret.java:1242) ~[?:?]
	at javax.swing.text.DefaultCaret.setDot(DefaultCaret.java:1223) ~[?:?]
	at javax.swing.text.DefaultCaret$Handler.insertUpdate(DefaultCaret.java:1819) ~[?:?]
	at javax.swing.text.AbstractDocument.fireInsertUpdate(AbstractDocument.java:227) ~[?:?]
	at javax.swing.text.AbstractDocument.handleInsertString(AbstractDocument.java:781) ~[?:?]
	at javax.swing.text.AbstractDocument.insertString(AbstractDocument.java:740) ~[?:?]
	at javax.swing.text.PlainDocument.insertString(PlainDocument.java:131) ~[?:?]
	at javax.swing.text.AbstractDocument.replace(AbstractDocument.java:699) ~[?:?]
	at javax.swing.text.JTextComponent.setText(JTextComponent.java:1725) ~[?:?]
	at com.st.microxplorer.plugins.projectmanager.gui.ProjectChoiceTab.createHeapStackFields(ProjectChoiceTab.java:993) ~[filemanager.jar:?]
	at com.st.microxplorer.plugins.projectmanager.gui.ProjectChoiceTab.buildLinkSettingsPanel(ProjectChoiceTab.java:3813) ~[filemanager.jar:?]
	at com.st.microxplorer.plugins.projectmanager.gui.ProjectChoiceTab.defineWindowsFields(ProjectChoiceTab.java:1987) ~[filemanager.jar:?]
	at com.st.microxplorer.plugins.projectmanager.gui.ProjectChoiceTab.updateSettings(ProjectChoiceTab.java:558) ~[filemanager.jar:?]
	at com.st.microxplorer.plugins.projectmanager.gui.ProjectSettingsPanel.UpdateDialog(ProjectSettingsPanel.java:247) ~[filemanager.jar:?]
	at com.st.microxplorer.plugins.projectmanager.ProjectManagerView.propertyChange(ProjectManagerView.java:392) ~[filemanager.jar:?]
	at java.beans.PropertyChangeSupport.fire(PropertyChangeSupport.java:343) ~[?:?]
	at java.beans.PropertyChangeSupport.firePropertyChange(PropertyChangeSupport.java:335) ~[?:?]
	at java.beans.PropertyChangeSupport.firePropertyChange(PropertyChangeSupport.java:268) ~[?:?]
	at com.st.microxplorer.util.MXPropertyChangeSupport.firePropertyChange(MXPropertyChangeSupport.java:54) ~[STM32CubeMX.jar:?]
	at com.st.microxplorer.mxsystem.MxSystem.closeConfig(MxSystem.java:899) ~[STM32CubeMX.jar:?]
	at com.st.microxplorer.maingui.MainPanel.closeConfig(MainPanel.java:792) ~[STM32CubeMX.jar:?]
	at com.st.microxplorer.plugins.filemanager.engine.OpenFileManager.loadConfigurationFile(OpenFileManager.java:288) ~[filemanager.jar:?]
	at com.st.microxplorer.plugins.filemanager.engine.MainFileManager.userLoadConfig(MainFileManager.java:364) ~[filemanager.jar:?]
	at com.st.microxplorer.plugins.filemanager.engine.MainFileManager.userLoadConfig(MainFileManager.java:342) ~[filemanager.jar:?]
	at com.st.microxplorer.plugins.filemanager.FileManagerView.getSpecificTask(FileManagerView.java:264) ~[filemanager.jar:?]
	at com.st.stm32cube.common.mx.editor.CubeMxEditor.getMxTabbedPaneInstance(CubeMxEditor.java:1198) ~[com.st.stm32cube.common.mx_6.15.0.202507011659/:?]
	at com.st.stm32cube.common.mx.editor.CubeMxEditor$12$1.createSwingComponent(CubeMxEditor.java:1068) ~[com.st.stm32cube.common.mx_6.15.0.202507011659/:?]
	at com.st.stm32cube.common.mx.oss.core.awtswtbridge.EmbeddedSwingComposite.doComponentCreation(EmbeddedSwingComposite.java:492) ~[com.st.stm32cube.common.mx.oss_6.15.0.202507011659/:?]
	at com.st.stm32cube.common.mx.oss.core.awtswtbridge.EmbeddedSwingComposite$4.run(EmbeddedSwingComposite.java:291) ~[com.st.stm32cube.common.mx.oss_6.15.0.202507011659/:?]
	at com.st.stm32cube.common.mx.oss.core.awtswtbridge.AwtEnvironment$2.run(AwtEnvironment.java:166) ~[com.st.stm32cube.common.mx.oss_6.15.0.202507011659/:?]
	at java.awt.event.InvocationEvent.dispatch(InvocationEvent.java:318) ~[?:?]
	at java.awt.EventQueue.dispatchEventImpl(EventQueue.java:773) ~[?:?]
	at java.awt.EventQueue$4.run(EventQueue.java:720) ~[?:?]
	at java.awt.EventQueue$4.run(EventQueue.java:714) ~[?:?]
	at java.security.AccessController.doPrivileged(AccessController.java:400) ~[?:?]
	at java.security.ProtectionDomain$JavaSecurityAccessImpl.doIntersectionPrivilege(ProtectionDomain.java:87) ~[?:?]
	at java.awt.EventQueue.dispatchEvent(EventQueue.java:742) ~[?:?]
	at java.awt.EventDispatchThread.pumpOneEventForFilters(EventDispatchThread.java:203) ~[?:?]
	at java.awt.EventDispatchThread.pumpEventsForFilter(EventDispatchThread.java:124) ~[?:?]
	at java.awt.EventDispatchThread.pumpEventsForHierarchy(EventDispatchThread.java:113) ~[?:?]
	at java.awt.EventDispatchThread.pumpEvents(EventDispatchThread.java:109) ~[?:?]
	at java.awt.EventDispatchThread.pumpEvents(EventDispatchThread.java:101) ~[?:?]
	at java.awt.EventDispatchThread.run(EventDispatchThread.java:90) ~[?:?]
2026-01-03 19:47:20,912 [WARN] ThirdParty:871 - waiting for thirdparty lock release [close project]
2026-01-03 19:47:20,913 [INFO] ThirdParty:873 - entering critical section [close project]
2026-01-03 19:47:20,913 [INFO] ThirdParty:883 - exiting critical section [close project]
2026-01-03 19:47:20,917 [INFO] PinOutPanel:1589 - setPackage(No Configuration,No Configuration)
2026-01-03 19:47:20,935 [INFO] UtilMem:75 - Begin LoadConfig() Used Memory: 770026592 Bytes (1073741824)
2026-01-03 19:47:20,937 [INFO] MicroXplorer:468 - Change Database Path : 
2026-01-03 19:47:20,937 [INFO] MicroXplorer:498 - Change Database Version : DB.6.0.150
2026-01-03 19:47:20,937 [INFO] OpenFileManager:355 - Change cursor
2026-01-03 19:47:21,014 [INFO] RulesReader:64 - Compatibility file has been processed (317 Rules)
2026-01-03 19:47:21,040 [INFO] Mcu:2029 - Initializing MCU STM32F103C8Tx STM32F103C8Tx STM32F103C8T6
2026-01-03 19:47:22,263 [INFO] Context:786 - Trying to add GPIOservice into a context  which must be forbidden
2026-01-03 19:47:22,723 [INFO] ImportTextPane:234 - (OptionalMessage_ERROR) Unable to find key (Mcu.ThirdPartyNb) in loaded IOC file
2026-01-03 19:47:22,724 [INFO] ImportTextPane:234 - (OptionalMessage_ERROR) Unable to find key (Mcu.PinsNb) in loaded IOC file
2026-01-03 19:47:22,725 [INFO] ImportTextPane:234 - (OptionalMessage_ERROR) Pin0 (VP_RIF_VS_RIF1) cannot be retrieved for this MCU
2026-01-03 19:47:22,725 [INFO] ImportTextPane:234 - (OptionalMessage_ERROR) Unable to find key (Mcu.IPNb) in loaded IOC file
2026-01-03 19:47:22,863 [INFO] RtosManager:558 - Registered RTOS mode: class=CMSIS, group=RTOS, mode=CMSIS_V1, owner=FREERTOS
2026-01-03 19:47:22,864 [INFO] RtosManager:558 - Registered RTOS mode: class=CMSIS, group=RTOS2, mode=CMSIS_V2, owner=FREERTOS
2026-01-03 19:47:22,864 [INFO] RtosManager:558 - Registered RTOS mode: class=RTOS, group=Core, mode=CMSIS_V1, owner=FREERTOS
2026-01-03 19:47:22,864 [INFO] RtosManager:558 - Registered RTOS mode: class=RTOS, group=Core, mode=CMSIS_V2, owner=FREERTOS
2026-01-03 19:47:22,864 [WARN] ModelIntegratedComponent:184 - Missing modes for component STMicroelectronics:FreeRTOS:0.0.1:STMicroelectronics:RTOS:FreeRTOS:Core:::10.2.0:
2026-01-03 19:47:22,894 [WARN] ModelIntegratedComponent:63 - No mode defined for component null
2026-01-03 19:47:22,894 [WARN] ModelIntegratedComponent:63 - No mode defined for component null
2026-01-03 19:47:22,895 [WARN] ModelIntegratedComponent:63 - No mode defined for component null
2026-01-03 19:47:22,895 [WARN] ModelIntegratedComponent:63 - No mode defined for component null
2026-01-03 19:47:22,895 [WARN] ModelIntegratedComponent:63 - No mode defined for component null
2026-01-03 19:47:22,895 [WARN] ModelIntegratedComponent:63 - No mode defined for component null
2026-01-03 19:47:22,895 [WARN] ModelIntegratedComponent:63 - No mode defined for component null
2026-01-03 19:47:22,896 [WARN] ModelIntegratedComponent:63 - No mode defined for component null
2026-01-03 19:47:22,896 [WARN] ModelIntegratedComponent:63 - No mode defined for component null
2026-01-03 19:47:22,896 [WARN] ModelIntegratedComponent:63 - No mode defined for component null
2026-01-03 19:47:22,896 [WARN] ModelIntegratedComponent:63 - No mode defined for component null
2026-01-03 19:47:22,896 [WARN] ModelIntegratedComponent:63 - No mode defined for component null
2026-01-03 19:47:22,897 [WARN] ModelIntegratedComponent:63 - No mode defined for component null
2026-01-03 19:47:22,897 [WARN] ModelIntegratedComponent:63 - No mode defined for component null
2026-01-03 19:47:22,897 [WARN] ModelIntegratedComponent:63 - No mode defined for component null
2026-01-03 19:47:22,897 [WARN] ModelIntegratedComponent:63 - No mode defined for component null
2026-01-03 19:47:22,897 [WARN] ModelIntegratedComponent:63 - No mode defined for component null
2026-01-03 19:47:22,897 [WARN] ModelIntegratedComponent:63 - No mode defined for component null
2026-01-03 19:47:22,897 [WARN] ModelIntegratedComponent:63 - No mode defined for component null
2026-01-03 19:47:22,897 [WARN] ModelIntegratedComponent:63 - No mode defined for component null
2026-01-03 19:47:22,898 [WARN] ModelIntegratedComponent:63 - No mode defined for component null
2026-01-03 19:47:22,898 [WARN] ModelIntegratedComponent:63 - No mode defined for component null
2026-01-03 19:47:22,898 [WARN] ModelIntegratedComponent:63 - No mode defined for component null
2026-01-03 19:47:22,898 [WARN] ModelIntegratedComponent:63 - No mode defined for component null
2026-01-03 19:47:22,898 [WARN] ModelIntegratedComponent:63 - No mode defined for component null
2026-01-03 19:47:22,898 [WARN] ModelIntegratedComponent:63 - No mode defined for component null
2026-01-03 19:47:22,898 [WARN] ModelIntegratedComponent:63 - No mode defined for component null
2026-01-03 19:47:22,899 [WARN] ModelIntegratedComponent:63 - No mode defined for component null
2026-01-03 19:47:22,899 [WARN] ModelIntegratedComponent:63 - No mode defined for component null
2026-01-03 19:47:22,899 [WARN] ModelIntegratedComponent:63 - No mode defined for component null
2026-01-03 19:47:22,899 [WARN] ModelIntegratedComponent:63 - No mode defined for component null
2026-01-03 19:47:22,899 [WARN] ModelIntegratedComponent:63 - No mode defined for component null
2026-01-03 19:47:22,900 [WARN] ModelIntegratedComponent:63 - No mode defined for component null
2026-01-03 19:47:22,900 [WARN] ModelIntegratedComponent:63 - No mode defined for component null
2026-01-03 19:47:22,900 [WARN] ModelIntegratedComponent:63 - No mode defined for component null
2026-01-03 19:47:22,900 [WARN] ModelPack:524 - Component already loaded: STMicroelectronics:HAL Drivers:0.0.0:STMicroelectronics:Device:STMicro_Driver:XSPI:HAL::0.0.1:HAL_XSPI
2026-01-03 19:47:23,406 [INFO] ThirdPartyModel:298 - Start build external matchings
2026-01-03 19:47:26,257 [INFO] ThirdPartyModel:316 - End build external matchings
2026-01-03 19:47:26,659 [INFO] UtilMem:75 - End LoadConfig() Used Memory: 970490200 Bytes (1073741824)
2026-01-03 19:47:26,716 [WARN] ThirdParty:833 - waiting for thirdparty lock release [change project]
2026-01-03 19:47:26,717 [INFO] ThirdParty:835 - entering critical section [change project]
2026-01-03 19:47:26,717 [INFO] ThirdParty:1030 - CMSIS Pack Vendor :STMicroelectronics X-CUBE-PM33A1 1.0.0
2026-01-03 19:47:26,717 [INFO] ThirdParty:1030 - CMSIS Pack Vendor :STMicroelectronics USBPD 4.1
2026-01-03 19:47:26,717 [INFO] ThirdParty:1030 - CMSIS Pack Vendor :STMicroelectronics USB_HOST 2.0.0
2026-01-03 19:47:26,717 [INFO] ThirdParty:1030 - CMSIS Pack Vendor :STMicroelectronics FP-SNS-MOTENVWB1 1.4.0
2026-01-03 19:47:26,717 [INFO] ThirdParty:1030 - CMSIS Pack Vendor :STMicroelectronics X-CUBE-AZRTOS-F4 1.1.0
2026-01-03 19:47:26,717 [INFO] ThirdParty:1030 - CMSIS Pack Vendor :STMicroelectronics LIBJPEG 8.0.0
2026-01-03 19:47:26,718 [INFO] ThirdParty:1030 - CMSIS Pack Vendor :STMicroelectronics FP-ATR-ASTRA1 2.0.2
2026-01-03 19:47:26,718 [INFO] ThirdParty:1030 - CMSIS Pack Vendor :STMicroelectronics X-CUBE-SMBUS 2.1.0
2026-01-03 19:47:26,718 [INFO] ThirdParty:1030 - CMSIS Pack Vendor :STMicroelectronics X-CUBE-WB05N 1.1.0
2026-01-03 19:47:26,718 [INFO] ThirdParty:1030 - CMSIS Pack Vendor :STMicroelectronics X-CUBE-ISPU 2.1.0
2026-01-03 19:47:26,718 [INFO] ThirdParty:1030 - CMSIS Pack Vendor :STMicroelectronics X-CUBE-IPS 3.2.0
2026-01-03 19:47:26,718 [INFO] ThirdParty:1030 - CMSIS Pack Vendor :STMicroelectronics X-CUBE-NFC12 1.0.0
2026-01-03 19:47:26,718 [INFO] ThirdParty:1030 - CMSIS Pack Vendor :STMicroelectronics X-CUBE-AZRTOS-F7 1.1.0
2026-01-03 19:47:26,718 [INFO] ThirdParty:1030 - CMSIS Pack Vendor :STMicroelectronics X-CUBE-AZRTOS-L5 2.0.0
2026-01-03 19:47:26,718 [INFO] ThirdParty:1030 - CMSIS Pack Vendor :STMicroelectronics USB_DEVICE 2.0.0
2026-01-03 19:47:26,719 [INFO] ThirdParty:1030 - CMSIS Pack Vendor :STMicroelectronics X-CUBE-NFC6 3.1.0
2026-01-03 19:47:26,719 [INFO] ThirdParty:1030 - CMSIS Pack Vendor :STMicroelectronics FP-SNS-MOTENV1 5.1.0
2026-01-03 19:47:26,719 [INFO] ThirdParty:1030 - CMSIS Pack Vendor :STMicroelectronics FreeRTOS 0.0.1
2026-01-03 19:47:26,719 [INFO] ThirdParty:1030 - CMSIS Pack Vendor :STMicroelectronics X-CUBE-DPower 1.2.0
2026-01-03 19:47:26,719 [INFO] ThirdParty:1030 - CMSIS Pack Vendor :Infineon AIROC-Wi-Fi-Bluetooth-STM32 1.7.0
2026-01-03 19:47:26,719 [INFO] ThirdParty:1030 - CMSIS Pack Vendor :STMicroelectronics PDM2PCM 3.3.0
2026-01-03 19:47:26,720 [INFO] ThirdParty:1030 - CMSIS Pack Vendor :STMicroelectronics X-CUBE-AZRTOS-H7 3.4.0
2026-01-03 19:47:26,720 [INFO] ThirdParty:1030 - CMSIS Pack Vendor :STMicroelectronics X-CUBE-DISPLAY 3.0.0
2026-01-03 19:47:26,720 [INFO] ThirdParty:1030 - CMSIS Pack Vendor :STMicroelectronics X-CUBE-NFC10 1.0.0
2026-01-03 19:47:26,720 [INFO] ThirdParty:1030 - CMSIS Pack Vendor :STMicroelectronics X-CUBE-BLEMGR 4.0.0
2026-01-03 19:47:26,721 [INFO] ThirdParty:1030 - CMSIS Pack Vendor :STMicroelectronics HAL Drivers 0.0.0
2026-01-03 19:47:26,721 [INFO] ThirdParty:1030 - CMSIS Pack Vendor :STMicroelectronics X-CUBE-ST60 1.1.0
2026-01-03 19:47:26,721 [INFO] ThirdParty:1030 - CMSIS Pack Vendor :emotas I-CUBE-CANOPEN 1.3.0
2026-01-03 19:47:26,721 [INFO] ThirdParty:1030 - CMSIS Pack Vendor :STMicroelectronics X-CUBE-FREERTOS 1.3.0
2026-01-03 19:47:26,723 [INFO] ThirdParty:1030 - CMSIS Pack Vendor :STMicroelectronics X-CUBE-NFC7 1.0.1
2026-01-03 19:47:26,723 [INFO] ThirdParty:1030 - CMSIS Pack Vendor :STMicroelectronics MBEDTLS 2.14.1
2026-01-03 19:47:26,723 [INFO] ThirdParty:1030 - CMSIS Pack Vendor :STMicroelectronics X-CUBE-GNSS1 7.1.0
2026-01-03 19:47:26,723 [INFO] ThirdParty:1030 - CMSIS Pack Vendor :STMicroelectronics X-CUBE-TOUCHGFX 4.26.0
2026-01-03 19:47:26,723 [INFO] ThirdParty:1030 - CMSIS Pack Vendor :quantropi X-CUBE-qispace-sdk-base 2.0.0
2026-01-03 19:47:26,723 [INFO] ThirdParty:1030 - CMSIS Pack Vendor :STMicroelectronics X-CUBE-AI 10.0.0
2026-01-03 19:47:26,723 [INFO] ThirdParty:1030 - CMSIS Pack Vendor :STMicroelectronics FP-SNS-STBOX1 2.1.0
2026-01-03 19:47:26,724 [INFO] ThirdParty:1030 - CMSIS Pack Vendor :STMicroelectronics FP-SNS-STAIOTCFT 1.0.0
2026-01-03 19:47:26,724 [INFO] ThirdParty:1030 - CMSIS Pack Vendor :STMicroelectronics FP-SNS-SMARTAG2 1.2.0
2026-01-03 19:47:26,724 [INFO] ThirdParty:1030 - CMSIS Pack Vendor :STMicroelectronics FP-SNS-FLIGHT1 5.1.0
2026-01-03 19:47:26,724 [INFO] ThirdParty:1030 - CMSIS Pack Vendor :STMicroelectronics X-CUBE-MEMS1 11.1.0
2026-01-03 19:47:26,724 [INFO] ThirdParty:1030 - CMSIS Pack Vendor :STMicroelectronics X-CUBE-AZRTOS-WL 2.0.0
2026-01-03 19:47:26,724 [INFO] ThirdParty:1030 - CMSIS Pack Vendor :STMicroelectronics X-CUBE-DPower 1.3.0
2026-01-03 19:47:26,724 [INFO] ThirdParty:1030 - CMSIS Pack Vendor :STMicroelectronics FP-SNS-MOTENV1 5.0.0
2026-01-03 19:47:26,724 [INFO] ThirdParty:1030 - CMSIS Pack Vendor :STMicroelectronics USB_DEVICE 1.0.0
2026-01-03 19:47:26,724 [INFO] ThirdParty:1030 - CMSIS Pack Vendor :STMicroelectronics X-CUBE-AZRTOS-H7RS 1.2.0
2026-01-03 19:47:26,724 [INFO] ThirdParty:1030 - CMSIS Pack Vendor :STMicroelectronics X-CUBE-AZRTOS-L4 2.0.0
2026-01-03 19:47:26,724 [INFO] ThirdParty:1030 - CMSIS Pack Vendor :STMicroelectronics ThreadX 0.0.2
2026-01-03 19:47:26,724 [INFO] ThirdParty:1030 - CMSIS Pack Vendor :WES I-CUBE-Cesium 1.3.0
2026-01-03 19:47:26,725 [INFO] ThirdParty:1030 - CMSIS Pack Vendor :STMicroelectronics lwIP 2.1.2
2026-01-03 19:47:26,725 [INFO] ThirdParty:1030 - CMSIS Pack Vendor :STMicroelectronics X-CUBE-SFXS2LP1 4.0.0
2026-01-03 19:47:26,725 [INFO] ThirdParty:1030 - CMSIS Pack Vendor :STMicroelectronics X-CUBE-BLE2 3.3.0
2026-01-03 19:47:26,725 [INFO] ThirdParty:1030 - CMSIS Pack Vendor :Avnet-IOTCONNECT X-CUBE-iotc-st67-sdk 1.0.0
2026-01-03 19:47:26,725 [INFO] ThirdParty:1030 - CMSIS Pack Vendor :STMicroelectronics PDM2PCM 3.2.0
2026-01-03 19:47:26,725 [INFO] ThirdParty:1030 - CMSIS Pack Vendor :STMicroelectronics X-CUBE-AZRTOS-H7 3.3.0
2026-01-03 19:47:26,725 [INFO] ThirdParty:1030 - CMSIS Pack Vendor :STMicroelectronics X-CUBE-NFC9 1.0.0
2026-01-03 19:47:26,725 [INFO] ThirdParty:1030 - CMSIS Pack Vendor :STMicroelectronics X-CUBE-BLE1 7.1.0
2026-01-03 19:47:26,725 [INFO] ThirdParty:1030 - CMSIS Pack Vendor :wolfSSL I-CUBE-wolfMQTT 1.19.2
2026-01-03 19:47:26,725 [INFO] ThirdParty:1030 - CMSIS Pack Vendor :STMicroelectronics USB_DEVICE 3.0.0
2026-01-03 19:47:26,725 [INFO] ThirdParty:1030 - CMSIS Pack Vendor :STMicroelectronics X-CUBE-FREERTOS 1.4.0
2026-01-03 19:47:26,726 [INFO] ThirdParty:1030 - CMSIS Pack Vendor :STMicroelectronics X-CUBE-EEPRMA1 5.2.0
2026-01-03 19:47:26,726 [INFO] ThirdParty:1030 - CMSIS Pack Vendor :STMicroelectronics X-CUBE-BLEMGR 4.1.0
2026-01-03 19:47:26,726 [INFO] ThirdParty:1030 - CMSIS Pack Vendor :STMicroelectronics X-CUBE-AZRTOS-WB 2.0.0
2026-01-03 19:47:26,726 [INFO] ThirdParty:1030 - CMSIS Pack Vendor :STMicroelectronics X-CUBE-GNSS1 7.0.1
2026-01-03 19:47:26,726 [INFO] ThirdParty:1030 - CMSIS Pack Vendor :STMicroelectronics X-CUBE-TOUCHGFX 4.25.0
2026-01-03 19:47:26,726 [INFO] ThirdParty:1030 - CMSIS Pack Vendor :STMicroelectronics X-CUBE-ST67W61 1.1.0
2026-01-03 19:47:26,727 [INFO] ThirdParty:1030 - CMSIS Pack Vendor :STMicroelectronics FP-SNS-STBOX1 2.0.0
2026-01-03 19:47:26,727 [INFO] ThirdParty:1030 - CMSIS Pack Vendor :STMicroelectronics X-CUBE-MEMS1 12.0.0
2026-01-03 19:47:26,727 [INFO] ThirdParty:1030 - CMSIS Pack Vendor :STMicroelectronics X-CUBE-AZRTOS-G0 1.1.0
2026-01-03 19:47:26,727 [INFO] ThirdParty:1030 - CMSIS Pack Vendor :STMicroelectronics X-CUBE-SAFEA1 1.2.2
2026-01-03 19:47:26,727 [INFO] ThirdParty:1030 - CMSIS Pack Vendor :STMicroelectronics X-CUBE-NFC4 3.0.0
2026-01-03 19:47:26,727 [INFO] ThirdParty:1030 - CMSIS Pack Vendor :STMicroelectronics X-CUBE-SUBG2 5.0.0
2026-01-03 19:47:26,727 [INFO] ThirdParty:1030 - CMSIS Pack Vendor :STMicroelectronics X-CUBE-AZRTOS-H7RS 1.1.0
2026-01-03 19:47:26,727 [INFO] ThirdParty:1030 - CMSIS Pack Vendor :STMicroelectronics STM32_WPAN 1.0.0
2026-01-03 19:47:26,727 [INFO] ThirdParty:1030 - CMSIS Pack Vendor :EmbeddedOffice I-CUBE-FS-RTOS 1.0.1
2026-01-03 19:47:26,727 [INFO] ThirdParty:1030 - CMSIS Pack Vendor :STMicroelectronics lwIP 2.0.3
2026-01-03 19:47:26,728 [INFO] ThirdParty:1030 - CMSIS Pack Vendor :Cesanta I-CUBE-Mongoose 7.13.0
2026-01-03 19:47:26,728 [INFO] ThirdParty:1030 - CMSIS Pack Vendor :STMicroelectronics USB_HOST 1.0.0
2026-01-03 19:47:26,728 [INFO] ThirdParty:1030 - CMSIS Pack Vendor :STMicroelectronics X-CUBE-AZRTOS-G4 2.0.0
2026-01-03 19:47:26,728 [INFO] ThirdParty:1030 - CMSIS Pack Vendor :STMicroelectronics X-CUBE-WB05N 2.0.0
2026-01-03 19:47:26,728 [INFO] ThirdParty:1030 - CMSIS Pack Vendor :STMicroelectronics PDM2PCM 3.1.0
2026-01-03 19:47:26,728 [INFO] ThirdParty:1030 - CMSIS Pack Vendor :wolfSSL I-CUBE-wolfTPM 3.8.0
2026-01-03 19:47:26,728 [INFO] ThirdParty:1030 - CMSIS Pack Vendor :wolfSSL I-CUBE-wolfSSH 1.4.20
2026-01-03 19:47:26,728 [INFO] ThirdParty:1030 - CMSIS Pack Vendor :STMicroelectronics X-CUBE-NFC7 2.0.0
2026-01-03 19:47:26,728 [INFO] ThirdParty:1030 - CMSIS Pack Vendor :STMicroelectronics X-CUBE-TCPP 4.2.0
2026-01-03 19:47:26,730 [INFO] ThirdParty:1030 - CMSIS Pack Vendor :RealThread X-CUBE-RT-Thread_Nano 4.1.1
2026-01-03 19:47:26,730 [INFO] ThirdParty:1030 - CMSIS Pack Vendor :STMicroelectronics FP-ATR-SIGFOX1 3.2.0
2026-01-03 19:47:26,730 [INFO] ThirdParty:1030 - CMSIS Pack Vendor :STMicroelectronics X-CUBE-EEPRMA1 5.1.0
2026-01-03 19:47:26,730 [INFO] ThirdParty:1030 - CMSIS Pack Vendor :STMicroelectronics MBEDTLS 2.16.2
2026-01-03 19:47:26,731 [INFO] ThirdParty:1030 - CMSIS Pack Vendor :STMicroelectronics X-CUBE-IPS 3.1.0
2026-01-03 19:47:26,731 [INFO] ThirdParty:1030 - CMSIS Pack Vendor :STMicroelectronics X-CUBE-ALS 1.0.2
2026-01-03 19:47:26,731 [INFO] ThirdParty:1030 - CMSIS Pack Vendor :wolfSSL I-CUBE-wolfSSL 5.7.6
2026-01-03 19:47:26,731 [INFO] ThirdParty:1030 - CMSIS Pack Vendor :ITTIA_DB I-CUBE-ITTIADB 8.9.0
2026-01-03 19:47:26,731 [INFO] ThirdParty:1030 - CMSIS Pack Vendor :STMicroelectronics X-CUBE-STSE01 1.0.0
2026-01-03 19:47:26,731 [INFO] ThirdParty:1030 - CMSIS Pack Vendor :portGmbH I-Cube-SoM-uGOAL 1.1.0
2026-01-03 19:47:26,732 [INFO] ThirdParty:1030 - CMSIS Pack Vendor :STMicroelectronics X-CUBE-AI 10.2.0
2026-01-03 19:47:26,732 [INFO] ThirdParty:1030 - CMSIS Pack Vendor :STMicroelectronics ThreadX 1.0.0
2026-01-03 19:47:26,732 [INFO] ThirdParty:1030 - CMSIS Pack Vendor :SEGGER I-CUBE-embOS 1.3.1
2026-01-03 19:47:26,732 [INFO] ThirdParty:1030 - CMSIS Pack Vendor :STMicroelectronics X-CUBE-ALGOBUILD 1.4.0
2026-01-03 19:47:26,732 [INFO] ThirdParty:1030 - CMSIS Pack Vendor :STMicroelectronics X-CUBE-TOF1 3.4.2
2026-01-03 19:47:26,732 [INFO] ThirdParty:1030 - CMSIS Pack Vendor :STMicroelectronics X-CUBE-TOF1 3.4.3
2026-01-03 19:47:26,733 [INFO] ThirdParty:841 - exiting critical section [change project]
2026-01-03 19:47:26,992 [INFO] PinOutPanel:1589 - setPackage(No Configuration,No Configuration)
2026-01-03 19:47:26,993 [INFO] PinOutPanel:1589 - setPackage(STM32F103C8Tx,LQFP48)
2026-01-03 19:47:27,559 [INFO] UtilMem:75 - Before build in PCC Used Memory: 748534416 Bytes (1073741824)
2026-01-03 19:47:28,428 [INFO] UtilMem:75 - After build in PCC Used Memory: 793623184 Bytes (1073741824)
2026-01-03 19:47:28,476 [INFO] IPUIPlugin:80 - create IPUIPlugin
2026-01-03 19:47:28,476 [INFO] IPUIPlugin:80 - create IPUIPlugin
2026-01-03 19:47:28,477 [INFO] IPUIPlugin:80 - create IPUIPlugin
2026-01-03 19:47:28,477 [INFO] IPUIPlugin:80 - create IPUIPlugin
2026-01-03 19:47:28,478 [INFO] IPUIPlugin:80 - create IPUIPlugin
2026-01-03 19:47:28,478 [INFO] IPUIPlugin:80 - create IPUIPlugin
2026-01-03 19:47:28,479 [INFO] IPUIPlugin:80 - create IPUIPlugin
2026-01-03 19:47:28,479 [INFO] IPUIPlugin:80 - create IPUIPlugin
2026-01-03 19:47:28,480 [INFO] IPUIPlugin:80 - create IPUIPlugin
2026-01-03 19:47:28,480 [INFO] IPUIPlugin:80 - create IPUIPlugin
2026-01-03 19:47:28,481 [INFO] IPUIPlugin:80 - create IPUIPlugin
2026-01-03 19:47:28,481 [INFO] IPUIPlugin:80 - create IPUIPlugin
2026-01-03 19:47:28,481 [INFO] IPUIPlugin:80 - create IPUIPlugin
2026-01-03 19:47:28,482 [INFO] IPUIPlugin:80 - create IPUIPlugin
2026-01-03 19:47:28,482 [INFO] IPUIPlugin:80 - create IPUIPlugin
2026-01-03 19:47:28,483 [INFO] IPUIPlugin:80 - create IPUIPlugin
2026-01-03 19:47:28,484 [INFO] IPUIPlugin:80 - create IPUIPlugin
2026-01-03 19:47:28,484 [INFO] IPUIPlugin:80 - create IPUIPlugin
2026-01-03 19:47:28,485 [INFO] IPUIPlugin:80 - create IPUIPlugin
2026-01-03 19:47:28,485 [INFO] IPUIPlugin:80 - create IPUIPlugin
2026-01-03 19:47:28,486 [INFO] IPUIPlugin:80 - create IPUIPlugin
2026-01-03 19:47:28,486 [INFO] IPUIPlugin:80 - create IPUIPlugin
2026-01-03 19:47:28,487 [INFO] IPUIPlugin:80 - create IPUIPlugin
2026-01-03 19:47:28,488 [INFO] IPUIPlugin:80 - create IPUIPlugin
2026-01-03 19:47:28,489 [INFO] IPUIPlugin:80 - create IPUIPlugin
2026-01-03 19:47:28,490 [INFO] IPUIPlugin:80 - create IPUIPlugin
2026-01-03 19:47:28,490 [INFO] IPUIPlugin:80 - create IPUIPlugin
2026-01-03 19:47:28,545 [INFO] CADModel:165 - CPN selected for project levelSTM32F103C8T6
2026-01-03 19:47:28,545 [INFO] CADModel:114 - Register for checkConnection events
2026-01-03 19:47:28,588 [INFO] OpenFileManager:386 - Restore cursor
2026-01-03 19:47:29,489 [INFO] UtilMem:75 - End SaveConfig() Used Memory: 848722776 Bytes (1073741824)
2026-01-03 19:47:29,585 [INFO] UtilMem:75 - End SaveConfig() Used Memory: 861261784 Bytes (1073741824)
2026-01-03 19:47:29,833 [INFO] BlockDiagram:2775 - set Specific Code input for plugin: NVIC
2026-01-03 19:47:29,833 [INFO] BlockDiagram:2775 - set Specific Code input for plugin: RCC
2026-01-03 19:47:29,833 [INFO] CodeGenerator:892 - code generatio: config db path: D:\installs\STM32CubeIDE_1.19.0\STM32CubeIDE\plugins\com.st.stm32cube.common.mx_6.15.0.202507011659\\db\
2026-01-03 19:47:30,000 [INFO] CodeEngine:265 - oldGeneratedFile, D:\projects\stm32_cube_ide\oled\MXTmpFiles\license.tmp_save
2026-01-03 19:47:31,004 [INFO] CodeEngine:289 - Generated code: D:\projects\stm32_cube_ide\oled\MXTmpFiles\license.tmp
2026-01-03 19:47:31,026 [INFO] CodeEngine:265 - oldGeneratedFile, D:\projects\stm32_cube_ide\oled\Core\Src\stm32f1xx_it.c_save
2026-01-03 19:47:31,968 [INFO] CodeEngine:289 - Generated code: D:\projects\stm32_cube_ide\oled\Core\Src\stm32f1xx_it.c
2026-01-03 19:47:31,976 [INFO] CodeEngine:265 - oldGeneratedFile, D:\projects\stm32_cube_ide\oled\Core\Inc\stm32f1xx_it.h_save
2026-01-03 19:47:32,203 [INFO] CodeEngine:289 - Generated code: D:\projects\stm32_cube_ide\oled\Core\Inc\stm32f1xx_it.h
2026-01-03 19:47:32,255 [INFO] CodeEngine:265 - oldGeneratedFile, D:\projects\stm32_cube_ide\oled\Core\Src\stm32f1xx_hal_msp.c_save
2026-01-03 19:47:32,517 [INFO] CodeEngine:289 - Generated code: D:\projects\stm32_cube_ide\oled\Core\Src\stm32f1xx_hal_msp.c
2026-01-03 19:47:32,525 [INFO] CodeEngine:265 - oldGeneratedFile, D:\projects\stm32_cube_ide\oled\MXTmpFiles\system.tmp_save
2026-01-03 19:47:32,688 [INFO] CodeEngine:289 - Generated code: D:\projects\stm32_cube_ide\oled\MXTmpFiles\system.tmp
2026-01-03 19:47:32,707 [INFO] CodeEngine:321 - oldGeneratedFile, D:\projects\stm32_cube_ide\oled\Core\Inc\stm32f1xx_hal_conf.h_save
2026-01-03 19:47:32,875 [INFO] CodeEngine:345 - Generated code: D:\projects\stm32_cube_ide\oled\Core\Inc\stm32f1xx_hal_conf.h
2026-01-03 19:47:32,915 [INFO] ApiDbMcu:532 - Load IP Config File for RCC
2026-01-03 19:47:32,927 [INFO] CodeEngine:265 - oldGeneratedFile, D:\projects\stm32_cube_ide\oled\Core\Inc\main.h_save
2026-01-03 19:47:33,196 [INFO] CodeEngine:289 - Generated code: D:\projects\stm32_cube_ide\oled\Core\Inc\main.h
2026-01-03 19:47:33,204 [INFO] CodeEngine:265 - oldGeneratedFile, D:\projects\stm32_cube_ide\oled\Core\Src\main.c_save
2026-01-03 19:47:33,389 [INFO] CodeEngine:289 - Generated code: D:\projects\stm32_cube_ide\oled\Core\Src\main.c
2026-01-03 19:47:34,001 [INFO] ProjectBuilder:3606 - Time for Copy HAL[1] : 210mS.
2026-01-03 19:47:34,009 [INFO] ProjectBuilder:5216 - Project Generator version: 4.7.0-B52
2026-01-03 19:47:34,259 [INFO] ConfigFileManager:1595 - The Die is : DIE410
2026-01-03 19:47:34,265 [INFO] ApiDbMcu:532 - Load IP Config File for FATFS
2026-01-03 19:47:34,272 [INFO] ApiDbMcu:532 - Load IP Config File for FREERTOS
2026-01-03 19:47:34,282 [INFO] ApiDbMcu:532 - Load IP Config File for USB_DEVICE
2026-01-03 19:47:40,184 [INFO] ProjectBuilder:5496 - Time for Generating toolchain IDE Files: 6176mS.
2026-01-03 19:47:40,185 [INFO] ProjectBuilder:3463 - Time for Copy CMSIS : 1mS.
2026-01-03 19:47:40,187 [INFO] ProjectBuilder:3463 - Time for Copy CMSIS : 0mS.
2026-01-03 19:47:41,319 [INFO] McuFinderGlobals:76 - Set McuFinderConnectedMode to true
2026-01-03 19:47:41,324 [INFO] ApiDb:448 - Save user favorites file C:\Users\22142/.stm32cubeide/favorites.mcus.txt: 0 item(s)
2026-01-03 19:47:41,324 [INFO] ApiDb:452 - User favorites MCUs=[]
2026-01-03 19:48:50,650 [WARN] IP:2250 - I2C_Coeff_DF not found: check if there is a RefParameter without a condition.
2026-01-03 19:48:50,651 [WARN] IP:2250 - Analog_Filter not found: check if there is a RefParameter without a condition.
2026-01-03 19:48:50,676 [WARN] IP:2250 - I2C_Coeff_DF not found: check if there is a RefParameter without a condition.
2026-01-03 19:48:50,678 [WARN] IP:2250 - Analog_Filter not found: check if there is a RefParameter without a condition.
2026-01-03 19:48:50,678 [WARN] IP:2250 - I2C_Coeff_DF not found: check if there is a RefParameter without a condition.
2026-01-03 19:48:50,679 [WARN] IP:2250 - Analog_Filter not found: check if there is a RefParameter without a condition.
2026-01-03 19:48:50,820 [WARN] IP:2250 - I2C_Coeff_DF not found: check if there is a RefParameter without a condition.
2026-01-03 19:48:50,820 [WARN] IP:2250 - Analog_Filter not found: check if there is a RefParameter without a condition.
2026-01-03 19:48:50,823 [WARN] IP:2250 - I2C_Coeff_DF not found: check if there is a RefParameter without a condition.
2026-01-03 19:48:50,824 [WARN] IP:2250 - Analog_Filter not found: check if there is a RefParameter without a condition.
2026-01-03 19:49:08,541 [WARN] IP:2250 - I2C_Coeff_DF not found: check if there is a RefParameter without a condition.
2026-01-03 19:49:08,541 [WARN] IP:2250 - Analog_Filter not found: check if there is a RefParameter without a condition.
2026-01-03 19:49:08,542 [WARN] IP:2250 - I2C_Coeff_DF not found: check if there is a RefParameter without a condition.
2026-01-03 19:49:08,542 [WARN] IP:2250 - Analog_Filter not found: check if there is a RefParameter without a condition.
2026-01-03 19:49:08,698 [WARN] IP:2250 - I2C_Coeff_DF not found: check if there is a RefParameter without a condition.
2026-01-03 19:49:08,698 [WARN] IP:2250 - Analog_Filter not found: check if there is a RefParameter without a condition.
2026-01-03 19:49:08,716 [WARN] IP:2250 - I2C_Coeff_DF not found: check if there is a RefParameter without a condition.
2026-01-03 19:49:08,716 [WARN] IP:2250 - Analog_Filter not found: check if there is a RefParameter without a condition.
2026-01-03 19:49:39,977 [INFO] UtilMem:75 - End SaveConfig() Used Memory: 717285904 Bytes (1073741824)
2026-01-03 19:49:41,779 [INFO] UtilMem:75 - End SaveConfig() Used Memory: 738257424 Bytes (1073741824)
2026-01-03 19:49:44,072 [INFO] UtilMem:75 - End SaveConfig() Used Memory: 805922624 Bytes (1073741824)
2026-01-03 19:49:44,574 [INFO] BlockDiagram:2775 - set Specific Code input for plugin: NVIC
2026-01-03 19:49:44,574 [INFO] BlockDiagram:2775 - set Specific Code input for plugin: SYS
2026-01-03 19:49:44,574 [INFO] BlockDiagram:2775 - set Specific Code input for plugin: GPIO
2026-01-03 19:49:44,575 [INFO] BlockDiagram:2775 - set Specific Code input for plugin: RCC
2026-01-03 19:49:44,575 [INFO] BlockDiagram:2775 - set Specific Code input for plugin: I2C
2026-01-03 19:49:44,593 [INFO] CodeGenerator:892 - code generatio: config db path: D:\installs\STM32CubeIDE_1.19.0\STM32CubeIDE\plugins\com.st.stm32cube.common.mx_6.15.0.202507011659\\db\
2026-01-03 19:49:44,594 [WARN] IP:2250 - I2C_Coeff_DF not found: check if there is a RefParameter without a condition.
2026-01-03 19:49:44,594 [WARN] IP:2250 - Analog_Filter not found: check if there is a RefParameter without a condition.
2026-01-03 19:49:44,722 [INFO] CodeEngine:265 - oldGeneratedFile, D:\projects\stm32_cube_ide\oled\MXTmpFiles\license.tmp_save
2026-01-03 19:49:45,138 [INFO] CodeEngine:289 - Generated code: D:\projects\stm32_cube_ide\oled\MXTmpFiles\license.tmp
2026-01-03 19:49:45,203 [INFO] CodeEngine:265 - oldGeneratedFile, D:\projects\stm32_cube_ide\oled\MXTmpFiles\gpio.tmp_save
2026-01-03 19:49:45,452 [INFO] CodeEngine:289 - Generated code: D:\projects\stm32_cube_ide\oled\MXTmpFiles\gpio.tmp
2026-01-03 19:49:45,529 [INFO] CodeEngine:265 - oldGeneratedFile, D:\projects\stm32_cube_ide\oled\Core\Src\stm32f1xx_it.c_save
2026-01-03 19:49:46,005 [INFO] CodeEngine:289 - Generated code: D:\projects\stm32_cube_ide\oled\Core\Src\stm32f1xx_it.c
2026-01-03 19:49:46,014 [INFO] CodeEngine:265 - oldGeneratedFile, D:\projects\stm32_cube_ide\oled\Core\Inc\stm32f1xx_it.h_save
2026-01-03 19:49:46,214 [INFO] CodeEngine:289 - Generated code: D:\projects\stm32_cube_ide\oled\Core\Inc\stm32f1xx_it.h
2026-01-03 19:49:46,234 [INFO] CodeEngine:265 - oldGeneratedFile, D:\projects\stm32_cube_ide\oled\Core\Src\stm32f1xx_hal_msp.c_save
2026-01-03 19:49:46,570 [INFO] CodeEngine:289 - Generated code: D:\projects\stm32_cube_ide\oled\Core\Src\stm32f1xx_hal_msp.c
2026-01-03 19:49:46,580 [INFO] CodeEngine:265 - oldGeneratedFile, D:\projects\stm32_cube_ide\oled\MXTmpFiles\system.tmp_save
2026-01-03 19:49:46,742 [INFO] CodeEngine:289 - Generated code: D:\projects\stm32_cube_ide\oled\MXTmpFiles\system.tmp
2026-01-03 19:49:46,760 [INFO] CodeEngine:321 - oldGeneratedFile, D:\projects\stm32_cube_ide\oled\Core\Inc\stm32f1xx_hal_conf.h_save
2026-01-03 19:49:46,900 [INFO] CodeEngine:345 - Generated code: D:\projects\stm32_cube_ide\oled\Core\Inc\stm32f1xx_hal_conf.h
2026-01-03 19:49:46,934 [INFO] ApiDbMcu:532 - Load IP Config File for I2C1
2026-01-03 19:49:46,947 [INFO] CodeEngine:265 - oldGeneratedFile, D:\projects\stm32_cube_ide\oled\Core\Inc\main.h_save
2026-01-03 19:49:47,127 [INFO] CodeEngine:289 - Generated code: D:\projects\stm32_cube_ide\oled\Core\Inc\main.h
2026-01-03 19:49:47,137 [INFO] CodeEngine:265 - oldGeneratedFile, D:\projects\stm32_cube_ide\oled\Core\Src\main.c_save
2026-01-03 19:49:47,330 [INFO] CodeEngine:289 - Generated code: D:\projects\stm32_cube_ide\oled\Core\Src\main.c
2026-01-03 19:49:47,920 [INFO] ProjectBuilder:3606 - Time for Copy HAL[1] : 214mS.
2026-01-03 19:49:47,927 [INFO] ProjectBuilder:5216 - Project Generator version: 4.7.0-B52
2026-01-03 19:49:48,105 [INFO] ConfigFileManager:1595 - The Die is : DIE410
2026-01-03 19:49:49,933 [INFO] ProjectBuilder:5496 - Time for Generating toolchain IDE Files: 2006mS.
2026-01-03 19:49:49,935 [INFO] ProjectBuilder:3463 - Time for Copy CMSIS : 1mS.
2026-01-03 19:49:49,939 [INFO] ProjectBuilder:3463 - Time for Copy CMSIS : 0mS.
2026-01-03 20:07:44,457 [WARN] IP:2250 - I2C_Coeff_DF not found: check if there is a RefParameter without a condition.
2026-01-03 20:07:44,458 [WARN] IP:2250 - Analog_Filter not found: check if there is a RefParameter without a condition.
2026-01-03 20:07:44,459 [WARN] IP:2250 - I2C_Coeff_DF not found: check if there is a RefParameter without a condition.
2026-01-03 20:07:44,459 [WARN] IP:2250 - Analog_Filter not found: check if there is a RefParameter without a condition.
2026-01-03 20:07:44,479 [WARN] IP:2250 - I2C_Coeff_DF not found: check if there is a RefParameter without a condition.
2026-01-03 20:07:44,480 [WARN] IP:2250 - Analog_Filter not found: check if there is a RefParameter without a condition.
2026-01-03 20:07:44,499 [WARN] IP:2250 - I2C_Coeff_DF not found: check if there is a RefParameter without a condition.
2026-01-03 20:07:44,499 [WARN] IP:2250 - Analog_Filter not found: check if there is a RefParameter without a condition.
2026-01-03 20:07:47,185 [INFO] Gpio:278 - dependency for GPIO [I2C1, SYS]
2026-01-03 20:07:48,727 [INFO] Gpio:278 - dependency for GPIO [I2C1, RCC, SYS]
2026-01-03 20:07:55,067 [INFO] UtilMem:75 - End SaveConfig() Used Memory: 997323800 Bytes (1073741824)
2026-01-03 20:07:56,530 [INFO] UtilMem:75 - End SaveConfig() Used Memory: 686516192 Bytes (1073741824)
2026-01-03 20:07:59,686 [INFO] UtilMem:75 - End SaveConfig() Used Memory: 726178000 Bytes (1073741824)
2026-01-03 20:08:00,202 [INFO] BlockDiagram:2775 - set Specific Code input for plugin: NVIC
2026-01-03 20:08:00,202 [INFO] BlockDiagram:2775 - set Specific Code input for plugin: SYS
2026-01-03 20:08:00,203 [INFO] BlockDiagram:2775 - set Specific Code input for plugin: GPIO
2026-01-03 20:08:00,203 [INFO] BlockDiagram:2775 - set Specific Code input for plugin: RCC
2026-01-03 20:08:00,203 [INFO] BlockDiagram:2775 - set Specific Code input for plugin: I2C
2026-01-03 20:08:00,205 [INFO] CodeGenerator:892 - code generatio: config db path: D:\installs\STM32CubeIDE_1.19.0\STM32CubeIDE\plugins\com.st.stm32cube.common.mx_6.15.0.202507011659\\db\
2026-01-03 20:08:00,206 [WARN] IP:2250 - I2C_Coeff_DF not found: check if there is a RefParameter without a condition.
2026-01-03 20:08:00,206 [WARN] IP:2250 - Analog_Filter not found: check if there is a RefParameter without a condition.
2026-01-03 20:08:00,323 [INFO] CodeEngine:265 - oldGeneratedFile, D:\projects\stm32_cube_ide\oled\MXTmpFiles\license.tmp_save
2026-01-03 20:08:00,839 [INFO] CodeEngine:289 - Generated code: D:\projects\stm32_cube_ide\oled\MXTmpFiles\license.tmp
2026-01-03 20:08:00,879 [INFO] CodeEngine:265 - oldGeneratedFile, D:\projects\stm32_cube_ide\oled\MXTmpFiles\gpio.tmp_save
2026-01-03 20:08:01,121 [INFO] CodeEngine:289 - Generated code: D:\projects\stm32_cube_ide\oled\MXTmpFiles\gpio.tmp
2026-01-03 20:08:01,243 [INFO] CodeEngine:265 - oldGeneratedFile, D:\projects\stm32_cube_ide\oled\Core\Src\stm32f1xx_it.c_save
2026-01-03 20:08:01,747 [INFO] CodeEngine:289 - Generated code: D:\projects\stm32_cube_ide\oled\Core\Src\stm32f1xx_it.c
2026-01-03 20:08:01,756 [INFO] CodeEngine:265 - oldGeneratedFile, D:\projects\stm32_cube_ide\oled\Core\Inc\stm32f1xx_it.h_save
2026-01-03 20:08:01,941 [INFO] CodeEngine:289 - Generated code: D:\projects\stm32_cube_ide\oled\Core\Inc\stm32f1xx_it.h
2026-01-03 20:08:01,960 [INFO] CodeEngine:265 - oldGeneratedFile, D:\projects\stm32_cube_ide\oled\Core\Src\stm32f1xx_hal_msp.c_save
2026-01-03 20:08:02,291 [INFO] CodeEngine:289 - Generated code: D:\projects\stm32_cube_ide\oled\Core\Src\stm32f1xx_hal_msp.c
2026-01-03 20:08:02,300 [INFO] CodeEngine:265 - oldGeneratedFile, D:\projects\stm32_cube_ide\oled\MXTmpFiles\system.tmp_save
2026-01-03 20:08:02,429 [INFO] CodeEngine:289 - Generated code: D:\projects\stm32_cube_ide\oled\MXTmpFiles\system.tmp
2026-01-03 20:08:02,445 [INFO] CodeEngine:321 - oldGeneratedFile, D:\projects\stm32_cube_ide\oled\Core\Inc\stm32f1xx_hal_conf.h_save
2026-01-03 20:08:02,576 [INFO] CodeEngine:345 - Generated code: D:\projects\stm32_cube_ide\oled\Core\Inc\stm32f1xx_hal_conf.h
2026-01-03 20:08:02,630 [INFO] CodeEngine:265 - oldGeneratedFile, D:\projects\stm32_cube_ide\oled\Core\Inc\main.h_save
2026-01-03 20:08:02,797 [INFO] CodeEngine:289 - Generated code: D:\projects\stm32_cube_ide\oled\Core\Inc\main.h
2026-01-03 20:08:02,806 [INFO] CodeEngine:265 - oldGeneratedFile, D:\projects\stm32_cube_ide\oled\Core\Src\main.c_save
2026-01-03 20:08:02,982 [INFO] CodeEngine:289 - Generated code: D:\projects\stm32_cube_ide\oled\Core\Src\main.c
2026-01-03 20:08:03,573 [INFO] ProjectBuilder:3606 - Time for Copy HAL[1] : 234mS.
2026-01-03 20:08:03,579 [INFO] ProjectBuilder:5216 - Project Generator version: 4.7.0-B52
2026-01-03 20:08:03,760 [INFO] ConfigFileManager:1595 - The Die is : DIE410
2026-01-03 20:08:04,987 [INFO] ProjectBuilder:5496 - Time for Generating toolchain IDE Files: 1408mS.
2026-01-03 20:08:04,988 [INFO] ProjectBuilder:3463 - Time for Copy CMSIS : 1mS.
2026-01-03 20:08:04,992 [INFO] ProjectBuilder:3463 - Time for Copy CMSIS : 0mS.
2026-01-03 20:33:24,689 [INFO] Gpio:278 - dependency for GPIO [I2C1, RCC, SYS]
2026-01-03 20:33:24,834 [WARN] IP:2250 - I2C_Coeff_DF not found: check if there is a RefParameter without a condition.
2026-01-03 20:33:24,834 [WARN] IP:2250 - Analog_Filter not found: check if there is a RefParameter without a condition.
2026-01-03 20:34:44,954 [INFO] UtilMem:75 - End SaveConfig() Used Memory: 687790400 Bytes (1073741824)
2026-01-03 20:34:45,972 [INFO] UtilMem:75 - End SaveConfig() Used Memory: 721871168 Bytes (1073741824)
2026-01-03 20:34:48,196 [INFO] UtilMem:75 - End SaveConfig() Used Memory: 764336448 Bytes (1073741824)
2026-01-03 20:34:48,653 [INFO] ProjectBuilder:2395 - IP not ready for code generation: SPI1
2026-01-03 20:34:56,414 [INFO] BlockDiagram:2775 - set Specific Code input for plugin: SPI
2026-01-03 20:34:56,415 [INFO] BlockDiagram:2775 - set Specific Code input for plugin: NVIC
2026-01-03 20:34:56,415 [INFO] BlockDiagram:2775 - set Specific Code input for plugin: SYS
2026-01-03 20:34:56,416 [INFO] BlockDiagram:2775 - set Specific Code input for plugin: GPIO
2026-01-03 20:34:56,416 [INFO] BlockDiagram:2775 - set Specific Code input for plugin: RCC
2026-01-03 20:34:56,418 [INFO] CodeGenerator:892 - code generatio: config db path: D:\installs\STM32CubeIDE_1.19.0\STM32CubeIDE\plugins\com.st.stm32cube.common.mx_6.15.0.202507011659\\db\
2026-01-03 20:34:56,564 [INFO] CodeEngine:265 - oldGeneratedFile, D:\projects\stm32_cube_ide\oled\MXTmpFiles\license.tmp_save
2026-01-03 20:34:57,021 [INFO] CodeEngine:289 - Generated code: D:\projects\stm32_cube_ide\oled\MXTmpFiles\license.tmp
2026-01-03 20:34:57,065 [INFO] CodeEngine:265 - oldGeneratedFile, D:\projects\stm32_cube_ide\oled\MXTmpFiles\gpio.tmp_save
2026-01-03 20:34:57,308 [INFO] CodeEngine:289 - Generated code: D:\projects\stm32_cube_ide\oled\MXTmpFiles\gpio.tmp
2026-01-03 20:34:57,443 [INFO] CodeEngine:265 - oldGeneratedFile, D:\projects\stm32_cube_ide\oled\Core\Src\stm32f1xx_it.c_save
2026-01-03 20:34:57,858 [INFO] CodeEngine:289 - Generated code: D:\projects\stm32_cube_ide\oled\Core\Src\stm32f1xx_it.c
2026-01-03 20:34:57,868 [INFO] CodeEngine:265 - oldGeneratedFile, D:\projects\stm32_cube_ide\oled\Core\Inc\stm32f1xx_it.h_save
2026-01-03 20:34:58,045 [INFO] CodeEngine:289 - Generated code: D:\projects\stm32_cube_ide\oled\Core\Inc\stm32f1xx_it.h
2026-01-03 20:34:58,061 [INFO] CodeEngine:265 - oldGeneratedFile, D:\projects\stm32_cube_ide\oled\Core\Src\stm32f1xx_hal_msp.c_save
2026-01-03 20:34:58,390 [INFO] CodeEngine:289 - Generated code: D:\projects\stm32_cube_ide\oled\Core\Src\stm32f1xx_hal_msp.c
2026-01-03 20:34:58,399 [INFO] CodeEngine:265 - oldGeneratedFile, D:\projects\stm32_cube_ide\oled\MXTmpFiles\system.tmp_save
2026-01-03 20:34:58,579 [INFO] CodeEngine:289 - Generated code: D:\projects\stm32_cube_ide\oled\MXTmpFiles\system.tmp
2026-01-03 20:34:58,594 [INFO] CodeEngine:321 - oldGeneratedFile, D:\projects\stm32_cube_ide\oled\Core\Inc\stm32f1xx_hal_conf.h_save
2026-01-03 20:34:58,794 [INFO] CodeEngine:345 - Generated code: D:\projects\stm32_cube_ide\oled\Core\Inc\stm32f1xx_hal_conf.h
2026-01-03 20:34:58,831 [INFO] ApiDbMcu:532 - Load IP Config File for SPI1
2026-01-03 20:34:58,845 [INFO] CodeEngine:265 - oldGeneratedFile, D:\projects\stm32_cube_ide\oled\Core\Inc\main.h_save
2026-01-03 20:34:59,085 [INFO] CodeEngine:289 - Generated code: D:\projects\stm32_cube_ide\oled\Core\Inc\main.h
2026-01-03 20:34:59,093 [INFO] CodeEngine:265 - oldGeneratedFile, D:\projects\stm32_cube_ide\oled\Core\Src\main.c_save
2026-01-03 20:34:59,330 [INFO] CodeEngine:289 - Generated code: D:\projects\stm32_cube_ide\oled\Core\Src\main.c
2026-01-03 20:34:59,854 [INFO] ProjectBuilder:3606 - Time for Copy HAL[1] : 217mS.
2026-01-03 20:34:59,859 [INFO] ProjectBuilder:5216 - Project Generator version: 4.7.0-B52
2026-01-03 20:35:00,001 [INFO] ConfigFileManager:1595 - The Die is : DIE410
2026-01-03 20:35:01,218 [INFO] ProjectBuilder:5496 - Time for Generating toolchain IDE Files: 1358mS.
2026-01-03 20:35:01,219 [INFO] ProjectBuilder:3463 - Time for Copy CMSIS : 1mS.
2026-01-03 20:35:01,224 [INFO] ProjectBuilder:3463 - Time for Copy CMSIS : 0mS.
2026-01-03 20:36:24,272 [INFO] UtilMem:75 - End SaveConfig() Used Memory: 824627856 Bytes (1073741824)
2026-01-03 20:36:25,946 [INFO] UtilMem:75 - End SaveConfig() Used Memory: 896979600 Bytes (1073741824)
2026-01-03 20:36:31,604 [INFO] UtilMem:75 - End SaveConfig() Used Memory: 1023857296 Bytes (1073741824)
2026-01-03 20:36:31,832 [INFO] ProjectBuilder:2395 - IP not ready for code generation: SPI1
2026-01-03 20:36:37,909 [INFO] BlockDiagram:2775 - set Specific Code input for plugin: SPI
2026-01-03 20:36:37,909 [INFO] BlockDiagram:2775 - set Specific Code input for plugin: NVIC
2026-01-03 20:36:37,909 [INFO] BlockDiagram:2775 - set Specific Code input for plugin: SYS
2026-01-03 20:36:37,910 [INFO] BlockDiagram:2775 - set Specific Code input for plugin: GPIO
2026-01-03 20:36:37,910 [INFO] BlockDiagram:2775 - set Specific Code input for plugin: RCC
2026-01-03 20:36:37,912 [INFO] CodeGenerator:892 - code generatio: config db path: D:\installs\STM32CubeIDE_1.19.0\STM32CubeIDE\plugins\com.st.stm32cube.common.mx_6.15.0.202507011659\\db\
2026-01-03 20:36:38,067 [INFO] CodeEngine:265 - oldGeneratedFile, D:\projects\stm32_cube_ide\oled\MXTmpFiles\license.tmp_save
2026-01-03 20:36:38,177 [INFO] CodeEngine:289 - Generated code: D:\projects\stm32_cube_ide\oled\MXTmpFiles\license.tmp
2026-01-03 20:36:38,203 [INFO] CodeEngine:265 - oldGeneratedFile, D:\projects\stm32_cube_ide\oled\MXTmpFiles\gpio.tmp_save
2026-01-03 20:36:38,310 [INFO] CodeEngine:289 - Generated code: D:\projects\stm32_cube_ide\oled\MXTmpFiles\gpio.tmp
2026-01-03 20:36:38,357 [INFO] CodeEngine:265 - oldGeneratedFile, D:\projects\stm32_cube_ide\oled\Core\Src\stm32f1xx_it.c_save
2026-01-03 20:36:38,481 [INFO] CodeEngine:289 - Generated code: D:\projects\stm32_cube_ide\oled\Core\Src\stm32f1xx_it.c
2026-01-03 20:36:38,490 [INFO] CodeEngine:265 - oldGeneratedFile, D:\projects\stm32_cube_ide\oled\Core\Inc\stm32f1xx_it.h_save
2026-01-03 20:36:38,594 [INFO] CodeEngine:289 - Generated code: D:\projects\stm32_cube_ide\oled\Core\Inc\stm32f1xx_it.h
2026-01-03 20:36:38,613 [INFO] CodeEngine:265 - oldGeneratedFile, D:\projects\stm32_cube_ide\oled\Core\Src\stm32f1xx_hal_msp.c_save
2026-01-03 20:36:38,777 [INFO] CodeEngine:289 - Generated code: D:\projects\stm32_cube_ide\oled\Core\Src\stm32f1xx_hal_msp.c
2026-01-03 20:36:38,785 [INFO] CodeEngine:265 - oldGeneratedFile, D:\projects\stm32_cube_ide\oled\MXTmpFiles\system.tmp_save
2026-01-03 20:36:38,890 [INFO] CodeEngine:289 - Generated code: D:\projects\stm32_cube_ide\oled\MXTmpFiles\system.tmp
2026-01-03 20:36:38,907 [INFO] CodeEngine:321 - oldGeneratedFile, D:\projects\stm32_cube_ide\oled\Core\Inc\stm32f1xx_hal_conf.h_save
2026-01-03 20:36:39,020 [INFO] CodeEngine:345 - Generated code: D:\projects\stm32_cube_ide\oled\Core\Inc\stm32f1xx_hal_conf.h
2026-01-03 20:36:39,056 [INFO] CodeEngine:265 - oldGeneratedFile, D:\projects\stm32_cube_ide\oled\Core\Inc\main.h_save
2026-01-03 20:36:39,179 [INFO] CodeEngine:289 - Generated code: D:\projects\stm32_cube_ide\oled\Core\Inc\main.h
2026-01-03 20:36:39,189 [INFO] CodeEngine:265 - oldGeneratedFile, D:\projects\stm32_cube_ide\oled\Core\Src\main.c_save
2026-01-03 20:36:39,354 [INFO] CodeEngine:289 - Generated code: D:\projects\stm32_cube_ide\oled\Core\Src\main.c
2026-01-03 20:36:39,850 [INFO] ProjectBuilder:3606 - Time for Copy HAL[1] : 192mS.
2026-01-03 20:36:39,855 [INFO] ProjectBuilder:5216 - Project Generator version: 4.7.0-B52
2026-01-03 20:36:39,993 [INFO] ConfigFileManager:1595 - The Die is : DIE410
2026-01-03 20:36:41,097 [INFO] ProjectBuilder:5496 - Time for Generating toolchain IDE Files: 1241mS.
2026-01-03 20:36:41,098 [INFO] ProjectBuilder:3463 - Time for Copy CMSIS : 1mS.
2026-01-03 20:36:41,102 [INFO] ProjectBuilder:3463 - Time for Copy CMSIS : 0mS.
2026-01-03 20:47:22,544 [ERROR] LogOutputStream:75 - [STDERR_REDIRECT] 
2026-01-03 20:47:43,437 [INFO] Activator:176 - 


2026-01-03 20:47:43,440 [INFO] Activator:177 - !SESSION log4j initialized
2026-01-03 20:47:52,938 [INFO] LogOutputStream:77 - [STDOUT_REDIRECT] 
2026-01-03 20:47:54,874 [INFO] ApplicationProperties:184 - Using Application install path: D:\installs\STM32CubeIDE_1.19.0\STM32CubeIDE\plugins\com.st.stm32cube.common.mx_6.15.0.202507011659
2026-01-03 20:47:54,902 [INFO] DbMcusXml:78 - Set database path to: D:\installs\STM32CubeIDE_1.19.0\STM32CubeIDE\plugins\com.st.stm32cube.common.mx_6.15.0.202507011659\\db\/mcu/
2026-01-03 20:47:54,902 [INFO] ApiDb:274 - Set plugin database path to: D:\installs\STM32CubeIDE_1.19.0\STM32CubeIDE\plugins\com.st.stm32cube.common.mx_6.15.0.202507011659\\db\/plugins/boardmanager/
2026-01-03 20:47:54,903 [WARN] ApiDb:259 - Overriding images path with different value:  => D:\installs\STM32CubeIDE_1.19.0\STM32CubeIDE\plugins\com.st.stm32cube.common.mx_6.15.0.202507011659\\db\/plugins/mcufinder/images/
2026-01-03 20:47:54,912 [INFO] ApiDb:250 - Set database path to: C:\Users\22142\.stmcufinder\plugins\mcufinder//mcu/
2026-01-03 20:47:54,914 [INFO] DbMcusAds:125 - Set database path to: C:\Users\22142\.stmcufinder\plugins\mcufinder//mcu/
2026-01-03 20:47:54,918 [INFO] CrossReferenceDbSqlite:203 - Set database path to: C:\Users\22142\.stmcufinder\plugins\mcufinder//mcu/cs/
2026-01-03 20:47:55,123 [INFO] RulesReader:64 - Compatibility file has been processed (317 Rules)
2026-01-03 20:47:55,259 [INFO] DbMcusXml:78 - Set database path to: D:\installs\STM32CubeIDE_1.19.0\STM32CubeIDE\plugins\com.st.stm32cube.common.mx_6.15.0.202507011659\\db\/mcu/
2026-01-03 20:47:55,259 [INFO] ApiDb:274 - Set plugin database path to: D:\installs\STM32CubeIDE_1.19.0\STM32CubeIDE\plugins\com.st.stm32cube.common.mx_6.15.0.202507011659\\db\/plugins/boardmanager/
2026-01-03 20:47:55,259 [INFO] ApiDb:261 - Set plugin images path to: D:\installs\STM32CubeIDE_1.19.0\STM32CubeIDE\plugins\com.st.stm32cube.common.mx_6.15.0.202507011659\\db\/plugins/mcufinder/images/
2026-01-03 20:47:55,260 [WARN] DbFile:41 - Overriding database path with different value: C:\Users\22142\.stmcufinder\plugins\mcufinder/ => C:\Users\22142\.stmcufinder\plugins\mcufinder
2026-01-03 20:47:55,260 [INFO] ApiDb:250 - Set database path to: C:\Users\22142\.stmcufinder\plugins\mcufinder//mcu/
2026-01-03 20:47:55,260 [WARN] DbFile:41 - Overriding database path with different value: C:\Users\22142\.stmcufinder\plugins\mcufinder/ => C:\Users\22142\.stmcufinder\plugins\mcufinder
2026-01-03 20:47:55,260 [INFO] DbMcusAds:125 - Set database path to: C:\Users\22142\.stmcufinder\plugins\mcufinder//mcu/
2026-01-03 20:47:55,260 [WARN] DbFile:41 - Overriding database path with different value: C:\Users\22142\.stmcufinder\plugins\mcufinder/ => C:\Users\22142\.stmcufinder\plugins\mcufinder
2026-01-03 20:47:55,261 [WARN] DbFile:41 - Overriding database path with different value: C:\Users\22142\.stmcufinder\plugins\mcufinder/ => C:\Users\22142\.stmcufinder\plugins\mcufinder
2026-01-03 20:47:55,261 [INFO] CrossReferenceDbSqlite:203 - Set database path to: C:\Users\22142\.stmcufinder\plugins\mcufinder//mcu/cs/
2026-01-03 20:47:55,381 [INFO] MainPanel:274 - HeapMemory: 268435456
2026-01-03 20:47:55,519 [INFO] DbMcusXml:78 - Set database path to: D:\installs\STM32CubeIDE_1.19.0\STM32CubeIDE\plugins\com.st.stm32cube.common.mx_6.15.0.202507011659\\db\/mcu/
2026-01-03 20:47:55,520 [INFO] ApiDb:274 - Set plugin database path to: D:\installs\STM32CubeIDE_1.19.0\STM32CubeIDE\plugins\com.st.stm32cube.common.mx_6.15.0.202507011659\\db\/plugins/boardmanager/
2026-01-03 20:47:55,520 [INFO] ApiDb:261 - Set plugin images path to: D:\installs\STM32CubeIDE_1.19.0\STM32CubeIDE\plugins\com.st.stm32cube.common.mx_6.15.0.202507011659\\db\/plugins/mcufinder/images/
2026-01-03 20:47:55,521 [WARN] DbFile:41 - Overriding database path with different value: C:\Users\22142\.stmcufinder\plugins\mcufinder/ => C:\Users\22142\.stmcufinder\plugins\mcufinder
2026-01-03 20:47:55,521 [INFO] ApiDb:250 - Set database path to: C:\Users\22142\.stmcufinder\plugins\mcufinder//mcu/
2026-01-03 20:47:55,521 [WARN] DbFile:41 - Overriding database path with different value: C:\Users\22142\.stmcufinder\plugins\mcufinder/ => C:\Users\22142\.stmcufinder\plugins\mcufinder
2026-01-03 20:47:55,521 [INFO] DbMcusAds:125 - Set database path to: C:\Users\22142\.stmcufinder\plugins\mcufinder//mcu/
2026-01-03 20:47:55,521 [WARN] DbFile:41 - Overriding database path with different value: C:\Users\22142\.stmcufinder\plugins\mcufinder/ => C:\Users\22142\.stmcufinder\plugins\mcufinder
2026-01-03 20:47:55,522 [WARN] DbFile:41 - Overriding database path with different value: C:\Users\22142\.stmcufinder\plugins\mcufinder/ => C:\Users\22142\.stmcufinder\plugins\mcufinder
2026-01-03 20:47:55,522 [INFO] CrossReferenceDbSqlite:203 - Set database path to: C:\Users\22142\.stmcufinder\plugins\mcufinder//mcu/cs/
2026-01-03 20:47:55,564 [INFO] ApplicationProperties:184 - Using Application install path: D:\installs\STM32CubeIDE_1.19.0\STM32CubeIDE\plugins\com.st.stm32cube.common.mx_6.15.0.202507011659
2026-01-03 20:47:55,566 [INFO] PluginManage:196 - Search for loadable plugins [exclusion list=, ]
2026-01-03 20:47:55,567 [INFO] PluginManage:310 - Check plugin analytics
2026-01-03 20:47:55,897 [INFO] AnalyticsPlugin:253 - Accepted Software Licenses: STM32CubeMX.6.16.1
2026-01-03 20:47:55,899 [INFO] AnalyticsPlugin:255 - Accepted CMSIS Pack Licenses: 
2026-01-03 20:47:55,899 [INFO] AnalyticsPlugin:257 - Accepted Firmware Licenses: 
2026-01-03 20:47:55,900 [INFO] PluginManage:359 - Loaded plugin analytics (category:tool,tabindex:-1)
2026-01-03 20:47:55,900 [INFO] PluginManage:310 - Check plugin cadmodel
2026-01-03 20:47:55,908 [INFO] CADModel:105 - Init CAD model plugin
2026-01-03 20:47:55,908 [INFO] PluginManage:359 - Loaded plugin cadmodel (category:power,tabindex:5)
2026-01-03 20:47:55,909 [INFO] PluginManage:310 - Check plugin clock
2026-01-03 20:47:55,923 [INFO] PluginManage:359 - Loaded plugin clock (category:base,tabindex:2)
2026-01-03 20:47:55,923 [INFO] PluginManage:310 - Check plugin ddr
2026-01-03 20:47:55,927 [INFO] PluginManage:359 - Loaded plugin ddr (category:tool,tabindex:6)
2026-01-03 20:47:55,927 [INFO] PluginManage:310 - Check plugin filemanager
2026-01-03 20:47:56,163 [INFO] PluginManage:359 - Loaded plugin filemanager (category:base,tabindex:10)
2026-01-03 20:47:56,163 [INFO] PluginManage:310 - Check plugin ipmanager
2026-01-03 20:47:56,177 [INFO] PluginManage:359 - Loaded plugin ipmanager (category:base,tabindex:5)
2026-01-03 20:47:56,177 [INFO] PluginManage:310 - Check plugin lpbam
2026-01-03 20:47:56,189 [INFO] PluginManage:359 - Loaded plugin lpbam (category:base,tabindex:0)
2026-01-03 20:47:56,189 [INFO] PluginManage:310 - Check plugin memorymap
2026-01-03 20:47:56,206 [INFO] PluginManage:359 - Loaded plugin memorymap (category:base,tabindex:4)
2026-01-03 20:47:56,206 [INFO] PluginManage:310 - Check plugin pinoutandconfiguration
2026-01-03 20:47:56,217 [INFO] PluginManage:359 - Loaded plugin pinoutandconfiguration (category:base,tabindex:1)
2026-01-03 20:47:56,217 [INFO] PluginManage:310 - Check plugin pinoutconfig
2026-01-03 20:47:56,369 [WARN] SupportedApi:132 - Cannot load RTOS API schema: s4s-elt-must-match.1: The content of 'definitions' must match (annotation?, (simpleType | complexType)?, (unique | key | keyref)*)). A problem was found starting at: attribute.
2026-01-03 20:47:56,589 [INFO] PluginManage:359 - Loaded plugin pinoutconfig (category:base,tabindex:0)
2026-01-03 20:47:56,589 [INFO] PluginManage:310 - Check plugin power
2026-01-03 20:47:56,601 [INFO] PluginManage:359 - Loaded plugin power (category:power,tabindex:4)
2026-01-03 20:47:56,601 [INFO] PluginManage:310 - Check plugin projectmanager
2026-01-03 20:47:56,642 [INFO] PluginManage:359 - Loaded plugin projectmanager (category:projectmanager,tabindex:4)
2026-01-03 20:47:56,643 [INFO] PluginManage:310 - Check plugin rif
2026-01-03 20:47:56,656 [INFO] PluginManage:359 - Loaded plugin rif (category:base,tabindex:3)
2026-01-03 20:47:56,656 [INFO] PluginManage:310 - Check plugin thirdparty
2026-01-03 20:47:56,838 [INFO] PluginManage:359 - Loaded plugin thirdparty (category:base,tabindex:-1)
2026-01-03 20:47:56,838 [INFO] PluginManage:310 - Check plugin tools
2026-01-03 20:47:56,838 [WARN] IntegrityCheckThread:84 - waiting for thirdparty lock release [integrity check]
2026-01-03 20:47:56,838 [INFO] IntegrityCheckThread:86 - entering critical section [integrity check]
2026-01-03 20:47:56,839 [INFO] ThirdPartyUpdaterWithRetryManager:70 - Updater plugin not ready yet. [1/15]
2026-01-03 20:47:56,842 [INFO] PluginManage:359 - Loaded plugin tools (category:base,tabindex:7)
2026-01-03 20:47:56,842 [INFO] PluginManage:310 - Check plugin tutovideos
2026-01-03 20:47:57,141 [INFO] PluginManage:359 - Loaded plugin tutovideos (category:base,tabindex:-1)
2026-01-03 20:47:57,141 [INFO] PluginManage:310 - Check plugin updater
2026-01-03 20:47:57,179 [INFO] PluginManage:359 - Loaded plugin updater (category:base,tabindex:12)
2026-01-03 20:47:57,180 [INFO] PluginManage:310 - Check plugin userauth
2026-01-03 20:47:57,186 [INFO] UserAuth:118 - Init User Auth plugin
2026-01-03 20:47:57,187 [INFO] PluginManage:359 - Loaded plugin userauth (category:base,tabindex:14)
2026-01-03 20:47:57,188 [INFO] PluginManage:283 - PluginManage : Loaded plugins [18]
2026-01-03 20:47:57,522 [INFO] PinOutPanel:1589 - setPackage(No Configuration,No Configuration)
2026-01-03 20:47:57,662 [INFO] CADModel:165 - CPN selected for project level
2026-01-03 20:47:57,662 [INFO] CADModel:114 - Register for checkConnection events
2026-01-03 20:47:57,685 [INFO] IPUIPlugin:80 - create IPUIPlugin
2026-01-03 20:47:57,685 [INFO] PluginManager:220 - loadIPPluginJar : add adc
2026-01-03 20:47:57,688 [INFO] IPUIPlugin:80 - create IPUIPlugin
2026-01-03 20:47:57,689 [INFO] PluginManager:220 - loadIPPluginJar : add aes
2026-01-03 20:47:57,692 [INFO] IPUIPlugin:80 - create IPUIPlugin
2026-01-03 20:47:57,692 [INFO] PluginManager:220 - loadIPPluginJar : add can
2026-01-03 20:47:57,694 [INFO] IPUIPlugin:80 - create IPUIPlugin
2026-01-03 20:47:57,695 [INFO] PluginManager:220 - loadIPPluginJar : add comp
2026-01-03 20:47:57,697 [INFO] IPUIPlugin:80 - create IPUIPlugin
2026-01-03 20:47:57,697 [INFO] PluginManager:220 - loadIPPluginJar : add cryp
2026-01-03 20:47:57,700 [INFO] IPUIPlugin:80 - create IPUIPlugin
2026-01-03 20:47:57,700 [INFO] PluginManager:220 - loadIPPluginJar : add ddr_ctrl_phy
2026-01-03 20:47:57,703 [INFO] IPUIPlugin:80 - create IPUIPlugin
2026-01-03 20:47:57,703 [INFO] PluginManager:220 - loadIPPluginJar : add dfsdm
2026-01-03 20:47:57,712 [INFO] IPUIPlugin:80 - create IPUIPlugin
2026-01-03 20:47:57,713 [INFO] PluginManager:220 - loadIPPluginJar : add dma
2026-01-03 20:47:57,717 [INFO] IPUIPlugin:80 - create IPUIPlugin
2026-01-03 20:47:57,717 [INFO] PluginManager:220 - loadIPPluginJar : add dma3
2026-01-03 20:47:57,721 [INFO] IPUIPlugin:80 - create IPUIPlugin
2026-01-03 20:47:57,721 [INFO] PluginManager:220 - loadIPPluginJar : add extmemmanager
2026-01-03 20:47:57,724 [INFO] IPUIPlugin:80 - create IPUIPlugin
2026-01-03 20:47:57,724 [INFO] PluginManager:220 - loadIPPluginJar : add fatfs
2026-01-03 20:47:57,732 [INFO] IPUIPlugin:80 - create IPUIPlugin
2026-01-03 20:47:57,732 [INFO] PluginManager:220 - loadIPPluginJar : add fmc
2026-01-03 20:47:57,741 [INFO] IPUIPlugin:80 - create IPUIPlugin
2026-01-03 20:47:57,741 [INFO] PluginManager:220 - loadIPPluginJar : add freertos
2026-01-03 20:47:57,743 [INFO] IPUIPlugin:80 - create IPUIPlugin
2026-01-03 20:47:57,743 [INFO] PluginManager:220 - loadIPPluginJar : add genericplugin
2026-01-03 20:47:57,745 [INFO] IPUIPlugin:80 - create IPUIPlugin
2026-01-03 20:47:57,746 [INFO] PluginManager:220 - loadIPPluginJar : add gfxmmu
2026-01-03 20:47:57,751 [INFO] IPUIPlugin:80 - create IPUIPlugin
2026-01-03 20:47:57,751 [INFO] PluginManager:220 - loadIPPluginJar : add gic
2026-01-03 20:47:57,756 [INFO] IPUIPlugin:80 - create IPUIPlugin
2026-01-03 20:47:57,756 [INFO] PluginManager:220 - loadIPPluginJar : add gpio
2026-01-03 20:47:57,759 [INFO] IPUIPlugin:80 - create IPUIPlugin
2026-01-03 20:47:57,759 [INFO] PluginManager:220 - loadIPPluginJar : add gtzc
2026-01-03 20:47:57,762 [INFO] IPUIPlugin:80 - create IPUIPlugin
2026-01-03 20:47:57,762 [INFO] PluginManager:220 - loadIPPluginJar : add hash
2026-01-03 20:47:57,765 [INFO] IPUIPlugin:80 - create IPUIPlugin
2026-01-03 20:47:57,765 [INFO] PluginManager:220 - loadIPPluginJar : add i2c
2026-01-03 20:47:57,768 [INFO] IPUIPlugin:80 - create IPUIPlugin
2026-01-03 20:47:57,768 [INFO] PluginManager:220 - loadIPPluginJar : add i2s
2026-01-03 20:47:57,772 [INFO] IPUIPlugin:80 - create IPUIPlugin
2026-01-03 20:47:57,772 [INFO] PluginManager:220 - loadIPPluginJar : add i3c
2026-01-03 20:47:57,776 [INFO] IPUIPlugin:80 - create IPUIPlugin
2026-01-03 20:47:57,776 [INFO] PluginManager:220 - loadIPPluginJar : add ipddr
2026-01-03 20:47:57,786 [INFO] IPUIPlugin:80 - create IPUIPlugin
2026-01-03 20:47:57,786 [INFO] PluginManager:220 - loadIPPluginJar : add linkedlist
2026-01-03 20:47:57,791 [INFO] IPUIPlugin:80 - create IPUIPlugin
2026-01-03 20:47:57,791 [INFO] PluginManager:220 - loadIPPluginJar : add lorawan
2026-01-03 20:47:57,792 [INFO] IPUIPlugin:80 - create IPUIPlugin
2026-01-03 20:47:57,792 [INFO] PluginManager:220 - loadIPPluginJar : add ltdc
2026-01-03 20:47:57,800 [INFO] IPUIPlugin:80 - create IPUIPlugin
2026-01-03 20:47:57,800 [INFO] PluginManager:220 - loadIPPluginJar : add mdma
2026-01-03 20:47:57,804 [INFO] IPUIPlugin:80 - create IPUIPlugin
2026-01-03 20:47:57,804 [INFO] PluginManager:220 - loadIPPluginJar : add nvic
2026-01-03 20:47:57,807 [INFO] IPUIPlugin:80 - create IPUIPlugin
2026-01-03 20:47:57,807 [INFO] PluginManager:220 - loadIPPluginJar : add opamp
2026-01-03 20:47:57,811 [INFO] IPUIPlugin:80 - create IPUIPlugin
2026-01-03 20:47:57,811 [INFO] PluginManager:220 - loadIPPluginJar : add openamp
2026-01-03 20:47:57,814 [INFO] IPUIPlugin:80 - create IPUIPlugin
2026-01-03 20:47:57,815 [INFO] PluginManager:220 - loadIPPluginJar : add pdm2pcm
2026-01-03 20:47:57,822 [INFO] IPUIPlugin:80 - create IPUIPlugin
2026-01-03 20:47:57,828 [INFO] PluginManager:220 - loadIPPluginJar : add plateformsettings
2026-01-03 20:47:57,829 [INFO] IPUIPlugin:80 - create IPUIPlugin
2026-01-03 20:47:57,829 [INFO] PluginManager:220 - loadIPPluginJar : add quadspi
2026-01-03 20:47:57,831 [INFO] IPUIPlugin:80 - create IPUIPlugin
2026-01-03 20:47:57,833 [INFO] PluginManager:220 - loadIPPluginJar : add radio
2026-01-03 20:47:57,837 [INFO] IPUIPlugin:80 - create IPUIPlugin
2026-01-03 20:47:57,837 [INFO] PluginManager:220 - loadIPPluginJar : add resmgrutility
2026-01-03 20:47:57,841 [INFO] IPUIPlugin:80 - create IPUIPlugin
2026-01-03 20:47:57,842 [INFO] PluginManager:220 - loadIPPluginJar : add sai
2026-01-03 20:47:57,844 [INFO] IPUIPlugin:80 - create IPUIPlugin
2026-01-03 20:47:57,845 [INFO] PluginManager:220 - loadIPPluginJar : add spi
2026-01-03 20:47:57,855 [INFO] IPUIPlugin:80 - create IPUIPlugin
2026-01-03 20:47:57,856 [INFO] PluginManager:220 - loadIPPluginJar : add stm32_wpan
2026-01-03 20:47:57,858 [INFO] IPUIPlugin:80 - create IPUIPlugin
2026-01-03 20:47:57,858 [INFO] PluginManager:220 - loadIPPluginJar : add tim
2026-01-03 20:47:57,862 [INFO] IPUIPlugin:80 - create IPUIPlugin
2026-01-03 20:47:57,863 [INFO] PluginManager:220 - loadIPPluginJar : add touchsensing
2026-01-03 20:47:57,865 [INFO] IPUIPlugin:80 - create IPUIPlugin
2026-01-03 20:47:57,865 [INFO] PluginManager:220 - loadIPPluginJar : add tracer_emb
2026-01-03 20:47:57,867 [INFO] IPUIPlugin:80 - create IPUIPlugin
2026-01-03 20:47:57,867 [INFO] PluginManager:220 - loadIPPluginJar : add ts
2026-01-03 20:47:57,869 [INFO] IPUIPlugin:80 - create IPUIPlugin
2026-01-03 20:47:57,869 [INFO] PluginManager:220 - loadIPPluginJar : add tsc
2026-01-03 20:47:57,871 [INFO] IPUIPlugin:80 - create IPUIPlugin
2026-01-03 20:47:57,871 [INFO] PluginManager:220 - loadIPPluginJar : add ucpd
2026-01-03 20:47:57,874 [INFO] IPUIPlugin:80 - create IPUIPlugin
2026-01-03 20:47:57,874 [INFO] PluginManager:220 - loadIPPluginJar : add usart
2026-01-03 20:47:57,879 [INFO] IPUIPlugin:80 - create IPUIPlugin
2026-01-03 20:47:57,880 [INFO] PluginManager:220 - loadIPPluginJar : add usbx
2026-01-03 20:47:58,064 [FATAL] Updater:351 - Updater called before beeing initialized
2026-01-03 20:47:58,126 [INFO] RulesReader:64 - Compatibility file has been processed (317 Rules)
2026-01-03 20:47:58,145 [INFO] RulesReader:64 - Compatibility file has been processed (317 Rules)
2026-01-03 20:47:58,158 [INFO] CADModel:165 - CPN selected for project level
2026-01-03 20:47:58,158 [INFO] CADModel:114 - Register for checkConnection events
2026-01-03 20:47:58,158 [FATAL] Updater:351 - Updater called before beeing initialized
2026-01-03 20:47:58,158 [ERROR] CADModel:125 - Updater not yet initialized, retry later 
2026-01-03 20:47:58,420 [FATAL] Updater:351 - Updater called before beeing initialized
2026-01-03 20:47:58,422 [INFO] CADModel:165 - CPN selected for project level
2026-01-03 20:47:58,422 [INFO] CADModel:114 - Register for checkConnection events
2026-01-03 20:47:58,422 [FATAL] Updater:351 - Updater called before beeing initialized
2026-01-03 20:47:58,422 [ERROR] CADModel:125 - Updater not yet initialized, retry later 
2026-01-03 20:47:58,428 [FATAL] Updater:351 - Updater called before beeing initialized
2026-01-03 20:47:58,600 [FATAL] Updater:351 - Updater called before beeing initialized
2026-01-03 20:47:58,607 [INFO] DbMcusAds:53 - JSON generation date=Tue Dec 16 04:41:46 IST 2025 (1765840306612)
2026-01-03 20:47:58,607 [FATAL] Updater:351 - Updater called before beeing initialized
2026-01-03 20:47:58,660 [WARN] DetailPanel:346 - Failed to get advertising image, set to default
2026-01-03 20:47:58,809 [FATAL] Updater:351 - Updater called before beeing initialized
2026-01-03 20:47:58,812 [FATAL] Updater:351 - Updater called before beeing initialized
2026-01-03 20:47:58,812 [FATAL] Updater:351 - Updater called before beeing initialized
2026-01-03 20:47:58,812 [WARN] DetailPanel:346 - Failed to get advertising image, set to default
2026-01-03 20:47:58,814 [FATAL] Updater:351 - Updater called before beeing initialized
2026-01-03 20:47:58,889 [ERROR] Updater:1198 - MainUpdater not yet initialized. External WinMGr cannot be set.
2026-01-03 20:47:58,891 [INFO] Updater:1134 - Updater Version found : 6.15.0
2026-01-03 20:47:58,917 [INFO] ApplicationProperties:184 - Using Application install path: D:\installs\STM32CubeIDE_1.19.0\STM32CubeIDE\plugins\com.st.stm32cube.common.mx_6.15.0.202507011659
2026-01-03 20:47:59,350 [INFO] MainUpdater:2872 - connection check result : 10
2026-01-03 20:47:59,351 [INFO] MainUpdater:289 - Updater Check For Update Now.
2026-01-03 20:47:59,352 [INFO] MicroXplorer:498 - Change Database Version : DB.6.0.150
2026-01-03 20:47:59,360 [INFO] McuFinderGlobals:63 - Set McuFinder mode to 2 (CubeIDE integrated)
2026-01-03 20:47:59,360 [INFO] UserAuth:171 - activating auth plugin
2026-01-03 20:47:59,364 [INFO] UserAuth:487 - Internet connection configuration mode: 1
2026-01-03 20:47:59,396 [INFO] JxBrowserEngine:152 - Initiate JxBrowser Engine with user profile folder
2026-01-03 20:47:59,611 [INFO] CheckServerUpdateThread:120 - End of CheckServer Thread
2026-01-03 20:48:00,342 [WARN] PackLoader:240 - Cannot read IP mode file for STMicroelectronics.FP-SNS-MOTENVWB1.1.4.0
2026-01-03 20:48:00,357 [WARN] PackLoader:240 - Cannot read IP mode file for STMicroelectronics.FP-ATR-ASTRA1.2.0.2
2026-01-03 20:48:00,380 [WARN] PackLoader:240 - Cannot read IP mode file for STMicroelectronics.X-CUBE-SMBUS.2.1.0
2026-01-03 20:48:00,395 [WARN] PackLoader:240 - Cannot read IP mode file for STMicroelectronics.X-CUBE-WB05N.1.1.0
2026-01-03 20:48:00,462 [WARN] PackLoader:240 - Cannot read IP mode file for STMicroelectronics.X-CUBE-AZRTOS-F7.1.1.0
2026-01-03 20:48:00,483 [WARN] PackLoader:240 - Cannot read IP mode file for STMicroelectronics.FP-SNS-MOTENV1.5.1.0
2026-01-03 20:48:00,553 [WARN] PackLoader:240 - Cannot read IP mode file for Infineon.AIROC-Wi-Fi-Bluetooth-STM32.1.7.0
2026-01-03 20:48:00,618 [WARN] PackLoader:240 - Cannot read IP mode file for STMicroelectronics.X-CUBE-AZRTOS-H7.3.4.0
2026-01-03 20:48:00,640 [WARN] PackLoader:240 - Cannot read IP mode file for STMicroelectronics.X-CUBE-DISPLAY.3.0.0
2026-01-03 20:48:00,660 [WARN] PackLoader:240 - Cannot read IP mode file for STMicroelectronics.X-CUBE-NFC10.1.0.0
2026-01-03 20:48:00,681 [WARN] PackLoader:240 - Cannot read IP mode file for STMicroelectronics.X-CUBE-BLEMGR.4.0.0
2026-01-03 20:48:00,695 [WARN] PackLoader:240 - Cannot read IP mode file for STMicroelectronics.X-CUBE-ST60.1.1.0
2026-01-03 20:48:00,703 [WARN] PackLoader:240 - Cannot read IP mode file for emotas.I-CUBE-CANOPEN.1.3.0
2026-01-03 20:48:00,711 [WARN] PackLoader:240 - Cannot read IP mode file for STMicroelectronics.X-CUBE-GNSS1.7.1.0
2026-01-03 20:48:00,720 [WARN] ConditionMgr:438 - getConditionDescription Invalid condition id : Cortex-A Device cause : null
2026-01-03 20:48:00,739 [WARN] ConditionMgr:1044 - genDependencies : Invalid condition id : Cortex-A Device cause : null
2026-01-03 20:48:00,740 [WARN] ConditionMgr:1044 - genDependencies : Invalid condition id : Cortex-A Device cause : null
2026-01-03 20:48:00,740 [WARN] ConditionMgr:1044 - genDependencies : Invalid condition id : Cortex-A Device cause : null
2026-01-03 20:48:00,746 [WARN] PackLoader:240 - Cannot read IP mode file for STMicroelectronics.X-CUBE-AI.10.0.0
2026-01-03 20:48:00,757 [WARN] PackLoader:240 - Cannot read IP mode file for STMicroelectronics.FP-SNS-STBOX1.2.1.0
2026-01-03 20:48:00,766 [WARN] PackLoader:240 - Cannot read IP mode file for STMicroelectronics.FP-SNS-SMARTAG2.1.2.0
2026-01-03 20:48:00,773 [WARN] PackLoader:240 - Cannot read IP mode file for STMicroelectronics.FP-SNS-FLIGHT1.5.1.0
2026-01-03 20:48:00,864 [WARN] PackLoader:240 - Cannot read IP mode file for STMicroelectronics.X-CUBE-MEMS1.11.1.0
2026-01-03 20:48:00,970 [INFO] WebApp:169 - Instantiating new browser for Auth
2026-01-03 20:48:01,192 [INFO] LogOutputStream:77 - [STDOUT_REDIRECT] 1 : Invalid condition id : UX_CORESTACK_Condition cause : null
2026-01-03 20:48:01,194 [INFO] LogOutputStream:77 - [STDOUT_REDIRECT] 1 : Invalid condition id : UX_CORESTACK_Condition cause : null
2026-01-03 20:48:01,195 [INFO] LogOutputStream:77 - [STDOUT_REDIRECT] 1 : Invalid condition id : UX_CORESTACK_Condition cause : null
2026-01-03 20:48:01,197 [INFO] LogOutputStream:77 - [STDOUT_REDIRECT] 1 : Invalid condition id : UX_CORESTACK_Condition cause : null
2026-01-03 20:48:01,199 [INFO] LogOutputStream:77 - [STDOUT_REDIRECT] 1 : Invalid condition id : UX_CORESTACK_Condition cause : null
2026-01-03 20:48:01,207 [WARN] PackLoader:240 - Cannot read IP mode file for STMicroelectronics.X-CUBE-AZRTOS-WL.2.0.0
2026-01-03 20:48:01,214 [WARN] PackLoader:240 - Cannot read IP mode file for STMicroelectronics.FP-SNS-MOTENV1.5.0.0
2026-01-03 20:48:01,239 [WARN] PackLoader:240 - Cannot read IP mode file for STMicroelectronics.X-CUBE-AZRTOS-H7RS.1.2.0
2026-01-03 20:48:01,257 [WARN] PackLoader:240 - Cannot read IP mode file for WES.I-CUBE-Cesium.1.3.0
2026-01-03 20:48:01,265 [WARN] PackLoader:240 - Cannot read IP mode file for STMicroelectronics.X-CUBE-BLE2.3.3.0
2026-01-03 20:48:01,292 [WARN] PackLoader:240 - Cannot read IP mode file for STMicroelectronics.X-CUBE-NFC9.1.0.0
2026-01-03 20:48:01,300 [WARN] PackLoader:240 - Cannot read IP mode file for STMicroelectronics.X-CUBE-BLE1.7.1.0
2026-01-03 20:48:01,309 [WARN] PackLoader:240 - Cannot read IP mode file for wolfSSL.I-CUBE-wolfMQTT.1.19.2
2026-01-03 20:48:01,319 [WARN] PackLoader:240 - Cannot read IP mode file for STMicroelectronics.X-CUBE-FREERTOS.1.4.0
2026-01-03 20:48:01,327 [WARN] PackLoader:240 - Cannot read IP mode file for STMicroelectronics.X-CUBE-EEPRMA1.5.2.0
2026-01-03 20:48:01,338 [WARN] PackLoader:240 - Cannot read IP mode file for STMicroelectronics.X-CUBE-ST67W61.1.1.0
2026-01-03 20:48:01,398 [WARN] PackLoader:240 - Cannot read IP mode file for STMicroelectronics.X-CUBE-MEMS1.12.0.0
2026-01-03 20:48:01,528 [WARN] PackLoader:240 - Cannot read IP mode file for STMicroelectronics.X-CUBE-AZRTOS-G0.1.1.0
2026-01-03 20:48:01,539 [WARN] PackLoader:240 - Cannot read IP mode file for STMicroelectronics.X-CUBE-SAFEA1.1.2.2
2026-01-03 20:48:01,548 [WARN] PackLoader:240 - Cannot read IP mode file for STMicroelectronics.X-CUBE-NFC4.3.0.0
2026-01-03 20:48:01,564 [WARN] PackLoader:240 - Cannot read IP mode file for EmbeddedOffice.I-CUBE-FS-RTOS.1.0.1
2026-01-03 20:48:01,571 [WARN] PackLoader:240 - Cannot read IP mode file for STMicroelectronics.X-CUBE-WB05N.2.0.0
2026-01-03 20:48:01,592 [WARN] PackLoader:240 - Cannot read IP mode file for wolfSSL.I-CUBE-wolfTPM.3.8.0
2026-01-03 20:48:01,601 [WARN] PackLoader:240 - Cannot read IP mode file for STMicroelectronics.X-CUBE-TCPP.4.2.0
2026-01-03 20:48:01,612 [WARN] PackLoader:240 - Cannot read IP mode file for RealThread.X-CUBE-RT-Thread_Nano.4.1.1
2026-01-03 20:48:01,619 [WARN] PackLoader:240 - Cannot read IP mode file for STMicroelectronics.FP-ATR-SIGFOX1.3.2.0
2026-01-03 20:48:01,624 [WARN] PackLoader:240 - Cannot read IP mode file for STMicroelectronics.X-CUBE-EEPRMA1.5.1.0
2026-01-03 20:48:01,631 [WARN] PackLoader:240 - Cannot read IP mode file for wolfSSL.I-CUBE-wolfSSL.5.7.6
2026-01-03 20:48:01,640 [WARN] PackLoader:240 - Cannot read IP mode file for ITTIA_DB.I-CUBE-ITTIADB.8.9.0
2026-01-03 20:48:01,645 [WARN] PackLoader:240 - Cannot read IP mode file for STMicroelectronics.X-CUBE-AI.10.2.0
2026-01-03 20:48:01,680 [WARN] PackLoader:240 - Cannot read IP mode file for SEGGER.I-CUBE-embOS.1.3.1
2026-01-03 20:48:01,741 [WARN] PackLoader:240 - Cannot read IP mode file for STMicroelectronics.X-CUBE-ALGOBUILD.1.4.0
2026-01-03 20:48:01,748 [WARN] PackLoader:240 - Cannot read IP mode file for STMicroelectronics.X-CUBE-PM33A1.1.0.0
2026-01-03 20:48:01,766 [WARN] PackLoader:240 - Cannot read IP mode file for STMicroelectronics.X-CUBE-AZRTOS-F4.1.1.0
2026-01-03 20:48:01,775 [WARN] PackLoader:240 - Cannot read IP mode file for STMicroelectronics.X-CUBE-ISPU.2.1.0
2026-01-03 20:48:01,799 [WARN] PackLoader:240 - Cannot read IP mode file for STMicroelectronics.X-CUBE-IPS.3.2.0
2026-01-03 20:48:01,817 [WARN] PackLoader:240 - Cannot read IP mode file for STMicroelectronics.X-CUBE-NFC12.1.0.0
2026-01-03 20:48:01,843 [WARN] PackLoader:240 - Cannot read IP mode file for STMicroelectronics.X-CUBE-AZRTOS-L5.2.0.0
2026-01-03 20:48:01,858 [WARN] PackLoader:240 - Cannot read IP mode file for STMicroelectronics.X-CUBE-NFC6.3.1.0
2026-01-03 20:48:01,868 [WARN] PackLoader:240 - Cannot read IP mode file for STMicroelectronics.X-CUBE-DPower.1.2.0
2026-01-03 20:48:01,873 [WARN] PackLoader:240 - Cannot read IP mode file for STMicroelectronics.X-CUBE-FREERTOS.1.3.0
2026-01-03 20:48:01,880 [WARN] PackLoader:240 - Cannot read IP mode file for STMicroelectronics.X-CUBE-NFC7.1.0.1
2026-01-03 20:48:01,889 [WARN] PackLoader:240 - Cannot read IP mode file for STMicroelectronics.X-CUBE-TOUCHGFX.4.26.0
2026-01-03 20:48:01,896 [WARN] PackLoader:240 - Cannot read IP mode file for STMicroelectronics.FP-SNS-STAIOTCFT.1.0.0
2026-01-03 20:48:01,902 [WARN] PackLoader:240 - Cannot read IP mode file for STMicroelectronics.X-CUBE-DPower.1.3.0
2026-01-03 20:48:01,921 [WARN] ConditionMgr:438 - getConditionDescription Invalid condition id : LAN8742 Phy interface Condition cause : null
2026-01-03 20:48:01,921 [WARN] PackLoader:240 - Cannot read IP mode file for STMicroelectronics.X-CUBE-AZRTOS-L4.2.0.0
2026-01-03 20:48:01,923 [WARN] ConditionMgr:1044 - genDependencies : Invalid condition id : LAN8742 Phy interface Condition cause : null
2026-01-03 20:48:01,923 [WARN] ConditionMgr:1044 - genDependencies : Invalid condition id : LAN8742 Phy interface Condition cause : null
2026-01-03 20:48:01,924 [WARN] ConditionMgr:1044 - genDependencies : Invalid condition id : LAN8742 Phy interface Condition cause : null
2026-01-03 20:48:01,933 [WARN] PackLoader:240 - Cannot read IP mode file for STMicroelectronics.X-CUBE-SFXS2LP1.4.0.0
2026-01-03 20:48:01,953 [WARN] PackLoader:240 - Cannot read IP mode file for STMicroelectronics.X-CUBE-AZRTOS-H7.3.3.0
2026-01-03 20:48:01,966 [WARN] PackLoader:240 - Cannot read IP mode file for STMicroelectronics.X-CUBE-BLEMGR.4.1.0
2026-01-03 20:48:01,992 [WARN] ConditionMgr:438 - getConditionDescription Invalid condition id : UX DEVICE CLASS RTOS Condition cause : null
2026-01-03 20:48:01,993 [WARN] ConditionMgr:438 - getConditionDescription Invalid condition id : UX DEVICE CLASS RTOS Condition cause : null
2026-01-03 20:48:01,997 [WARN] PackLoader:240 - Cannot read IP mode file for STMicroelectronics.X-CUBE-AZRTOS-WB.2.0.0
2026-01-03 20:48:01,998 [WARN] ConditionMgr:1044 - genDependencies : Invalid condition id : UX DEVICE CLASS RTOS Condition cause : null
2026-01-03 20:48:01,999 [WARN] ConditionMgr:1044 - genDependencies : Invalid condition id : UX DEVICE CLASS RTOS Condition cause : null
2026-01-03 20:48:02,000 [WARN] ConditionMgr:1044 - genDependencies : Invalid condition id : UX DEVICE CLASS RTOS Condition cause : null
2026-01-03 20:48:02,000 [WARN] ConditionMgr:1044 - genDependencies : Invalid condition id : UX DEVICE CLASS RTOS Condition cause : null
2026-01-03 20:48:02,000 [WARN] ConditionMgr:1044 - genDependencies : Invalid condition id : UX DEVICE CLASS RTOS Condition cause : null
2026-01-03 20:48:02,012 [WARN] PackLoader:240 - Cannot read IP mode file for STMicroelectronics.X-CUBE-GNSS1.7.0.1
2026-01-03 20:48:02,017 [WARN] PackLoader:240 - Cannot read IP mode file for STMicroelectronics.X-CUBE-TOUCHGFX.4.25.0
2026-01-03 20:48:02,026 [WARN] PackLoader:240 - Cannot read IP mode file for STMicroelectronics.FP-SNS-STBOX1.2.0.0
2026-01-03 20:48:02,044 [WARN] PackLoader:240 - Cannot read IP mode file for STMicroelectronics.X-CUBE-SUBG2.5.0.0
2026-01-03 20:48:02,104 [WARN] PackLoader:240 - Cannot read IP mode file for STMicroelectronics.X-CUBE-AZRTOS-H7RS.1.1.0
2026-01-03 20:48:02,119 [WARN] PackLoader:240 - Cannot read IP mode file for Cesanta.I-CUBE-Mongoose.7.13.0
2026-01-03 20:48:02,143 [WARN] PackLoader:240 - Cannot read IP mode file for STMicroelectronics.X-CUBE-AZRTOS-G4.2.0.0
2026-01-03 20:48:02,158 [WARN] PackLoader:240 - Cannot read IP mode file for wolfSSL.I-CUBE-wolfSSH.1.4.20
2026-01-03 20:48:02,164 [WARN] PackLoader:240 - Cannot read IP mode file for STMicroelectronics.X-CUBE-NFC7.2.0.0
2026-01-03 20:48:02,215 [WARN] PackLoader:240 - Cannot read IP mode file for STMicroelectronics.X-CUBE-IPS.3.1.0
2026-01-03 20:48:02,234 [WARN] PackLoader:240 - Cannot read IP mode file for STMicroelectronics.X-CUBE-ALS.1.0.2
2026-01-03 20:48:02,250 [WARN] PackLoader:240 - Cannot read IP mode file for STMicroelectronics.X-CUBE-STSE01.1.0.0
2026-01-03 20:48:02,262 [WARN] PackLoader:240 - Cannot read IP mode file for portGmbH.I-Cube-SoM-uGOAL.1.1.0
2026-01-03 20:48:02,279 [WARN] PackLoader:240 - Cannot read IP mode file for STMicroelectronics.X-CUBE-TOF1.3.4.2
2026-01-03 20:48:02,312 [WARN] PackLoader:240 - Cannot read IP mode file for STMicroelectronics.X-CUBE-TOF1.3.4.3
2026-01-03 20:48:02,329 [INFO] ThirdParty:978 - Integrity check success = true
2026-01-03 20:48:02,329 [INFO] IntegrityCheckThread:100 - exiting critical section [integrity check]
2026-01-03 20:48:02,329 [INFO] IntegrityCheckThread:103 - End integrity checks thread
2026-01-03 20:48:02,479 [INFO] WebApp:463 - Apply proxy settings
2026-01-03 20:48:02,480 [INFO] WebApp:548 - Chromium requires no authentication
2026-01-03 20:48:02,495 [INFO] WebApp:491 - Direct internet connection detected
2026-01-03 20:48:02,590 [INFO] WebApp:900 - Register for checkConnection events
2026-01-03 20:48:02,590 [INFO] WebApp:463 - Apply proxy settings
2026-01-03 20:48:02,591 [INFO] WebApp:548 - Chromium requires no authentication
2026-01-03 20:48:02,591 [INFO] WebApp:491 - Direct internet connection detected
2026-01-03 20:48:02,892 [INFO] WebApp:225 - Starting web application
2026-01-03 20:48:02,892 [INFO] WebApp:593 - Web application path used D:\installs\STM32CubeIDE_1.19.0\STM32CubeIDE\plugins\com.st.stm32cube.common.mx_6.15.0.202507011659\db\plugins\mcufinder\reactClient1\index.html
2026-01-03 20:48:04,014 [INFO] WebApp:191 - Connection restablished
2026-01-03 20:48:13,840 [INFO] McuFinderGlobals:63 - Set McuFinder mode to 2 (CubeIDE integrated)
2026-01-03 20:48:13,846 [INFO] MainUpdater:2872 - connection check result : 10
2026-01-03 20:48:14,462 [INFO] ApiDb:581 - Connected to CubeFinder SQLite database (C:\Users\22142\.stmcufinder\plugins\mcufinder\mcu\cube-finder-db.db)
2026-01-03 20:48:14,674 [INFO] ApiDb:668 - CubeFinder database Data Model version=2.1
2026-01-03 20:48:14,675 [INFO] ApiDb:669 - CubeFinder database Configuration version=3.0.39
2026-01-03 20:48:14,675 [INFO] ApiDb:670 - CubeFinder database generation date=2025-12-22 (1766407740)
2026-01-03 20:48:14,676 [INFO] ApiDb:671 - CubeFinder database FW Pack versions=[FP-ATR-ASTRA1_V2.0.0, FP-SNS-FLIGHT1_V5.1.0, FP-SNS-MOTENV1_V5.1.0, FP-SNS-MOTENVWB1_V1.4.0, FP-SNS-SMARTAG2_V1.2.0, FP-SNS-STBOX1_V2.1.0, STM32Cube_FW_C0_V1.4.0, STM32Cube_FW_F4_V1.28.3, STM32Cube_FW_F7_V1.17.4, STM32Cube_FW_G0_V1.6.2, STM32Cube_FW_G4_V1.6.1, STM32Cube_FW_H5_V1.5.1, STM32Cube_FW_H7RS_V1.3.0, STM32Cube_FW_H7_V1.12.1, STM32Cube_FW_L0_V1.12.2, STM32Cube_FW_L4_V1.18.1, STM32Cube_FW_L5_V1.6.0, STM32Cube_FW_N6_V1.3.0, STM32Cube_FW_U0_V1.3.0, STM32Cube_FW_U3_V1.2.1, STM32Cube_FW_U5_V1.8.0, STM32Cube_FW_WB0_V1.4.0, STM32Cube_FW_WBA_V1.8.0, STM32Cube_FW_WB_V1.24.0, STM32Cube_FW_WL3_V1.3.0, STM32Cube_FW_WL_V1.4.0, X-CUBE-ALGOBUILD_V1.4.0, X-CUBE-ALS_V1.0.2, X-CUBE-AZRTOS-F4_V1.1.0, X-CUBE-AZRTOS-F7_V1.1.0, X-CUBE-AZRTOS-G0_V1.1.0, X-CUBE-AZRTOS-G4_V2.0.0, X-CUBE-AZRTOS-H7RS_V1.1.0, X-CUBE-AZRTOS-H7_V3.4.0, X-CUBE-AZRTOS-L4_V2.0.0, X-CUBE-AZRTOS-L5_V2.0.0, X-CUBE-AZRTOS-WB_V2.0.0, X-CUBE-AZRTOS-WL_V2.0.0, X-CUBE-BLE1_V7.1.0, X-CUBE-BLE2_V3.3.0, X-CUBE-BLEMGR_V4.1.0, X-CUBE-EEPRMA1_V5.2.0, X-CUBE-FREERTOS_V1.3.1, X-CUBE-GNSS1_V6.0.0, X-CUBE-MEMS1_V12.0.0, X-CUBE-NFC4_V3.0.0, X-CUBE-NFC7_V2.0.0, X-CUBE-SFXS2LP1_V4.0.0, X-CUBE-ST67W61_V1.1.0, X-CUBE-SUBG2_V5.0.0, X-CUBE-TOF1_V3.4.3]
2026-01-03 20:48:19,716 [INFO] ApiDb:240 - Found 880 in-development CPN: [B-G473E-ZEST1S, B-WB1M-WPAN1, B-WBA5M-WPAN, B-WL5M-SUBG1, NUCLEO-C031C6, NUCLEO-C051C8, NUCLEO-C071RB, NUCLEO-C092RC, NUCLEO-H503RB, NUCLEO-H533RE, NUCLEO-H563ZI, NUCLEO-H7S3L8, NUCLEO-N657X0-Q, NUCLEO-U031R8, NUCLEO-U083RC, NUCLEO-U385RG-Q, NUCLEO-U545RE-Q, NUCLEO-U5A5ZJ-Q, NUCLEO-WB05KZ, NUCLEO-WB07CC, NUCLEO-WB09KE, NUCLEO-WBA52CG, NUCLEO-WBA55CG, NUCLEO-WL33CC1, NUCLEO-WL33CC2, STEVAL-PROTEUS1, STEVAL-SMARTAG2, STEVAL-STWINBX1, STM320518-EVAL, STM32C0116-DK, STM32C011D6Y3TR, STM32C011D6Y6TR, STM32C011F4P3, STM32C011F4P6, STM32C011F4U3, STM32C011F4U6TR, STM32C011F6P3, STM32C011F6P6, STM32C011F6U3, STM32C011F6U6TR, STM32C011J4M3, STM32C011J4M6, STM32C011J6M3, STM32C011J6M6, STM32C0316-DK, STM32C031C4T3, STM32C031C4T6, STM32C031C4U3, STM32C031C4U6, STM32C031C6T3, STM32C031C6T6, STM32C031C6U3, STM32C031C6U6, STM32C031F4P3, STM32C031F4P6, STM32C031F6P3, STM32C031F6P6, STM32C031G4U3, STM32C031G4U6, STM32C031G6U3, STM32C031G6U6, STM32C031K4T3, STM32C031K4T6, STM32C031K4U3, STM32C031K4U6, STM32C031K6T3, STM32C031K6T6, STM32C031K6U3, STM32C031K6U6, STM32C051C6T6, STM32C051C6U6, STM32C051C8T6, STM32C051C8U6, STM32C051D8Y6TR, STM32C051F6P6, STM32C051F8P6, STM32C051G6U6, STM32C051G8U6, STM32C051K6T6, STM32C051K6U6, STM32C051K8T6, STM32C071C8T6, STM32C071C8T6N, STM32C071C8U6, STM32C071C8U6N, STM32C071CBT6, STM32C071CBT6N, STM32C071CBU6, STM32C071CBU6N, STM32C071F8P6, STM32C071F8P6N, STM32C071FBP6, STM32C071FBP6N, STM32C071FBY6TR, STM32C071G8U6, STM32C071G8U6N, STM32C071GBU6, STM32C071GBU6N, STM32C071K8T6, STM32C071K8T6N, STM32C071K8U6, STM32C071K8U6N, STM32C071KBT6, STM32C071KBT6N, STM32C071KBU6, STM32C071KBU6N, STM32C071R8T6, STM32C071R8T6N, STM32C071RBI6N, STM32C071RBT6, STM32C071RBT6N, STM32C091CBT6, STM32C091CBU6, STM32C091CCT6, STM32C091CCU6, STM32C091ECY6TR, STM32C091FBP6, STM32C091FCP6, STM32C091GBU6, STM32C091GCU6, STM32C091KBT6, STM32C091KBU6, STM32C091KCT6, STM32C091KCU6, STM32C091RBT6, STM32C091RCI6, STM32C091RCT6, STM32C092CBT6, STM32C092CBU6, STM32C092CCT6, STM32C092CCU6, STM32C092ECY6TR, STM32C092FBP6, STM32C092FCP6, STM32C092GBU6, STM32C092GCU6, STM32C092KBT6, STM32C092KBU6, STM32C092KCT6, STM32C092KCU6, STM32C092RBT6, STM32C092RCI6, STM32C092RCT6, STM32G071K8TXN, STM32G071K8UXN, STM32G081GBU6N, STM32G081KBT6N, STM32G081KBUXN, STM32G0B1CCT6N, STM32G0B1KCT6, STM32G0B1NEY6TR, STM32G0B1RCT6N, STM32G0C1CCT6, STM32G0C1CCT6N, STM32G0C1CCU6N, STM32G0C1CET6N, STM32G0C1CEU6N, STM32G0C1KCT6, STM32G0C1NEY6TR, STM32G0C1RCI6N, STM32G0C1RCT6N, STM32G0C1REI6N, STM32G0C1RET6N, STM32G0C1VCI6, STM32G0C1VEI6, STM32G411C6T3, STM32G411C6T6, STM32G411C6U3, STM32G411C6U6, STM32G411C8T3, STM32G411C8T6, STM32G411C8U3, STM32G411C8U6, STM32G411CBT3, STM32G411CBT6, STM32G411CBU3, STM32G411CBU6, STM32G411K6T3, STM32G411K6T6, STM32G411K6U3, STM32G411K6U6, STM32G411K8T3, STM32G411K8T6, STM32G411K8U3, STM32G411K8U6, STM32G411KBT3, STM32G411KBT6, STM32G411KBU3, STM32G411KBU6, STM32G411M6T3, STM32G411M6T6, STM32G411M8T3, STM32G411M8T6, STM32G411MBT3, STM32G411MBT6, STM32G411R6T3, STM32G411R6T6, STM32G411R8T3, STM32G411R8T6, STM32G411RBT3, STM32G411RBT6, STM32G414CBT3, STM32G414CBT6, STM32G414CBU3, STM32G414CBU6, STM32G414CCT3, STM32G414CCT6, STM32G414CCU3, STM32G414CCU6, STM32G414MBT3, STM32G414MBT6, STM32G414MCT3, STM32G414MCT6, STM32G414RBT3, STM32G414RBT6, STM32G414RCT3, STM32G414RCT6, STM32G414VBT3, STM32G414VBT6, STM32G414VCT3, STM32G414VCT6, STM32G431CBT3Z, STM32G431RBT3Z, STM32G471CCT6, STM32G471CCU6, STM32G471CET3, STM32G471CET6, STM32G471CEU3, STM32G471CEU6, STM32G471MCT6, STM32G471MET3, STM32G471MET6, STM32G471MEY6TR, STM32G471QCT6, STM32G471QET3, STM32G471RCT6, STM32G471RET3, STM32G471RET6, STM32G471VCH6, STM32G471VCI6, STM32G471VCT6, STM32G471VEH3, STM32G471VEH6, STM32G471VEI3, STM32G471VEI6, STM32G471VET3, STM32G471VET6, STM32G473QET3Z, STM32G473RET3Z, STM32G474CCT6, STM32G491RET3Z, STM32H503CBT6, STM32H503CBU6, STM32H503EBY6TR, STM32H503KBU6, STM32H503RBT6, STM32H523CCT6, STM32H523CCU6, STM32H523CET6, STM32H523CEU6, STM32H523HEY6TR, STM32H523RCT6, STM32H523RET6, STM32H523VCI6, STM32H523VCT6, STM32H523VEI6, STM32H523VET6, STM32H523ZCJ6, STM32H523ZCT6, STM32H523ZEJ6, STM32H523ZET6, STM32H533CET6, STM32H533CEU6, STM32H533HEY6TR, STM32H533RET6, STM32H533VEI6, STM32H533VET6, STM32H533ZEJ6, STM32H533ZET6, STM32H562AGI6, STM32H562AII6, STM32H562IGK6, STM32H562IGT6, STM32H562IIK6, STM32H562IIT6, STM32H562RGT6, STM32H562RGV6, STM32H562RIT6, STM32H562RIV6, STM32H562VGT6, STM32H562VIT6, STM32H562ZGT6, STM32H562ZIT6, STM32H563AGI6, STM32H563AII3Q, STM32H563AII6, STM32H563IGK6, STM32H563IGT6, STM32H563IIK3Q, STM32H563IIK6, STM32H563IIT3Q, STM32H563IIT6, STM32H563MIY3QTR, STM32H563RGT6, STM32H563RGV6, STM32H563RIT6, STM32H563RIV6, STM32H563VGT6, STM32H563VIT3Q, STM32H563VIT6, STM32H563ZGT6, STM32H563ZIT3Q, STM32H563ZIT6, STM32H573AII3Q, STM32H573AII6, STM32H573I-DK, STM32H573IIK3Q, STM32H573IIK6, STM32H573IIT3Q, STM32H573IIT6, STM32H573MIY3QTR, STM32H573RIT6, STM32H573RIV6, STM32H573VIT3Q, STM32H573VIT6, STM32H573ZIT3Q, STM32H573ZIT6, STM32H7R3A8I6, STM32H7R3I8K6, STM32H7R3I8T6, STM32H7R3L8H6, STM32H7R3L8H6H, STM32H7R3R8V6, STM32H7R3V8H6, STM32H7R3V8T6, STM32H7R3V8Y6TR, STM32H7R3Z8J6, STM32H7R3Z8T6, STM32H7R7A8I6, STM32H7R7I8K6, STM32H7R7I8T6, STM32H7R7L8H6, STM32H7R7L8H6H, STM32H7R7Z8J6, STM32H7S3A8I6, STM32H7S3I8K6, STM32H7S3I8T6, STM32H7S3L8H6, STM32H7S3L8H6H, STM32H7S3R8V6, STM32H7S3V8H6, STM32H7S3V8T6, STM32H7S3V8Y6TR, STM32H7S3Z8J6, STM32H7S3Z8T6, STM32H7S78-DK, STM32H7S7A8I6, STM32H7S7I8K6, STM32H7S7I8T6, STM32H7S7L8H6, STM32H7S7L8H6H, STM32H7S7Z8J6, STM32L4R5QGI6STR, STM32MP131AAE3, STM32MP131AAF3, STM32MP131AAG3, STM32MP131CAE3, STM32MP131CAF3, STM32MP131CAG3, STM32MP131DAE7, STM32MP131DAF7, STM32MP131DAG7, STM32MP131FAE7, STM32MP131FAF7, STM32MP131FAG7, STM32MP133AAE3, STM32MP133AAF3, STM32MP133AAG3, STM32MP133CAE3, STM32MP133CAF3, STM32MP133CAG3, STM32MP133DAE7, STM32MP133DAF7, STM32MP133DAG7, STM32MP133FAE7, STM32MP133FAF7, STM32MP133FAG7, STM32MP135AAE3, STM32MP135AAF3, STM32MP135AAG3, STM32MP135CAE3, STM32MP135CAF3, STM32MP135CAG3, STM32MP135DAE7, STM32MP135DAF7, STM32MP135DAG7, STM32MP135F-DK, STM32MP135FAE7, STM32MP135FAF7, STM32MP135FAF7T, STM32MP135FAF7U, STM32MP135FAG7, STM32MP211AAL3, STM32MP211AAM3, STM32MP211AAN3, STM32MP211AAO3, STM32MP211CAL3, STM32MP211CAM3, STM32MP211CAN3, STM32MP211CAO3, STM32MP211DAL3, STM32MP211DAM3, STM32MP211DAN3, STM32MP211DAO3, STM32MP211FAL3, STM32MP211FAM3, STM32MP211FAN3, STM32MP211FAO3, STM32MP213AAL3, STM32MP213AAM3, STM32MP213AAN3, STM32MP213AAO3, STM32MP213CAL3, STM32MP213CAM3, STM32MP213CAN3, STM32MP213CAO3, STM32MP213DAL3, STM32MP213DAM3, STM32MP213DAN3, STM32MP213DAO3, STM32MP213FAL3, STM32MP213FAM3, STM32MP213FAN3, STM32MP213FAO3, STM32MP215AAL3, STM32MP215AAM3, STM32MP215AAN3, STM32MP215AAO3, STM32MP215CAL3, STM32MP215CAM3, STM32MP215CAN3, STM32MP215CAO3, STM32MP215DAL3, STM32MP215DAM3, STM32MP215DAN3, STM32MP215DAO3, STM32MP215F-DK, STM32MP215FAL3, STM32MP215FAM3, STM32MP215FAN3, STM32MP215FAO3, STM32MP231AAJ3, STM32MP231AAK3, STM32MP231AAL3, STM32MP231CAJ3, STM32MP231CAK3, STM32MP231CAL3, STM32MP231DAJ3, STM32MP231DAK3, STM32MP231DAL3, STM32MP231FAJ3, STM32MP231FAK3, STM32MP231FAL3, STM32MP233AAJ3, STM32MP233AAK3, STM32MP233AAL3, STM32MP233CAJ3, STM32MP233CAK3, STM32MP233CAL3, STM32MP233DAJ3, STM32MP233DAK3, STM32MP233DAL3, STM32MP233FAJ3, STM32MP233FAK3, STM32MP233FAL3, STM32MP235AAJ3, STM32MP235AAK3, STM32MP235AAL3, STM32MP235CAJ3, STM32MP235CAK3, STM32MP235CAL3, STM32MP235DAJ3, STM32MP235DAK3, STM32MP235DAL3, STM32MP235FAJ3, STM32MP235FAK3, STM32MP235FAL3, STM32MP251AAI3, STM32MP251AAK3, STM32MP251AAL3, STM32MP251CAI3, STM32MP251CAK3, STM32MP251CAL3, STM32MP251DAI3, STM32MP251DAK3, STM32MP251DAL3, STM32MP251FAI3, STM32MP251FAK3, STM32MP251FAL3, STM32MP253AAI3, STM32MP253AAK3, STM32MP253AAL3, STM32MP253CAI3, STM32MP253CAK3, STM32MP253CAL3, STM32MP253DAI3, STM32MP253DAK3, STM32MP253DAL3, STM32MP253FAI3, STM32MP253FAK3, STM32MP253FAL3, STM32MP255AAI3, STM32MP255AAK3, STM32MP255AAL3, STM32MP255CAI3, STM32MP255CAK3, STM32MP255CAL3, STM32MP255DAI3, STM32MP255DAK3, STM32MP255DAL3, STM32MP255FAI3, STM32MP255FAK3, STM32MP255FAL3, STM32MP257AAI3, STM32MP257AAK3, STM32MP257AAL3, STM32MP257CAI3, STM32MP257CAK3, STM32MP257CAL3, STM32MP257DAI3, STM32MP257DAK3, STM32MP257DAL3, STM32MP257F-DK, STM32MP257F-EV1, STM32MP257FAI3, STM32MP257FAK3, STM32MP257FAL3, STM32N645A0H3Q, STM32N645B0H3Q, STM32N645I0H3Q, STM32N645L0H3Q, STM32N645X0H3Q, STM32N645Z0H3Q, STM32N647A0H3Q, STM32N647B0H3Q, STM32N647I0H3Q, STM32N647L0H3Q, STM32N647X0H3Q, STM32N647Z0H3Q, STM32N655A0H3Q, STM32N655B0H3Q, STM32N655I0H3Q, STM32N655L0H3Q, STM32N655X0H3Q, STM32N655Z0H3Q, STM32N6570-DK, STM32N657A0H3Q, STM32N657B0H3Q, STM32N657I0H3Q, STM32N657L0H3Q, STM32N657X0H3Q, STM32N657Z0H3Q, STM32U031C6T6, STM32U031C6U6, STM32U031C8T6, STM32U031C8U6, STM32U031F4P6, STM32U031F6P6, STM32U031F8P6, STM32U031G6Y6TR, STM32U031G8Y6TR, STM32U031K4U6, STM32U031K6U6, STM32U031K8U6, STM32U031R6I6, STM32U031R6T6, STM32U031R8I6, STM32U031R8T6, STM32U073C8T6, STM32U073C8U6, STM32U073CBT6, STM32U073CBU6, STM32U073CCT6, STM32U073CCU6, STM32U073H8Y6TR, STM32U073HBY6TR, STM32U073HCY6TR, STM32U073K8U6, STM32U073KBU6, STM32U073KCU6, STM32U073M8I6, STM32U073M8T6, STM32U073MBI6, STM32U073MBT6, STM32U073MCI6, STM32U073MCT6, STM32U073R8I6, STM32U073R8T6, STM32U073RBI6, STM32U073RBT6, STM32U073RCI6, STM32U073RCT6, STM32U083C-DK, STM32U083CCT6, STM32U083CCU6, STM32U083HCY6TR, STM32U083KCU6, STM32U083MCI6, STM32U083MCT6, STM32U083RCI6, STM32U083RCT6, STM32U375CET6, STM32U375CET6Q, STM32U375CEU6, STM32U375CEU6Q, STM32U375CEY6QTR, STM32U375CGT6, STM32U375CGT6Q, STM32U375CGU6, STM32U375CGU6Q, STM32U375CGY6QTR, STM32U375KEU6, STM32U375KGU6, STM32U375REI6, STM32U375REI6Q, STM32U375RET6, STM32U375RET6Q, STM32U375REY6GTR, STM32U375REY6QTR, STM32U375RGI6, STM32U375RGI6Q, STM32U375RGT6, STM32U375RGT6Q, STM32U375RGY6GTR, STM32U375RGY6QTR, STM32U375VEI6, STM32U375VEI6Q, STM32U375VET6, STM32U375VET6Q, STM32U375VGI6, STM32U375VGI6Q, STM32U375VGT6, STM32U375VGT6Q, STM32U385CGT6, STM32U385CGT6Q, STM32U385CGU6, STM32U385CGU6Q, STM32U385CGY6QTR, STM32U385KGU6, STM32U385RGI6, STM32U385RGI6Q, STM32U385RGT6, STM32U385RGT6Q, STM32U385RGY6GTR, STM32U385RGY6QTR, STM32U385VGI6, STM32U385VGI6Q, STM32U385VGT6, STM32U385VGT6Q, STM32U535CBT6, STM32U535CBT6Q, STM32U535CBU6, STM32U535CBU6Q, STM32U535CCT6, STM32U535CCT6Q, STM32U535CCU6, STM32U535CCU6Q, STM32U535CET6, STM32U535CET6Q, STM32U535CEU6, STM32U535CEU6Q, STM32U535JEY6QTR, STM32U535NCY6QTR, STM32U535NEY6QTR, STM32U535RBI6, STM32U535RBI6Q, STM32U535RBT6, STM32U535RBT6Q, STM32U535RCI6, STM32U535RCI6Q, STM32U535RCT6, STM32U535RCT6Q, STM32U535REI6, STM32U535REI6Q, STM32U535RET6, STM32U535RET6Q, STM32U535VCI6, STM32U535VCI6Q, STM32U535VCT6, STM32U535VCT6Q, STM32U535VEI6, STM32U535VEI6Q, STM32U535VET6, STM32U535VET6Q, STM32U545CET6, STM32U545CET6Q, STM32U545CEU6, STM32U545CEU6Q, STM32U545JEY6QTR, STM32U545NEY6QTR, STM32U545REI6, STM32U545REI6Q, STM32U545RET6, STM32U545RET6Q, STM32U545VEI6, STM32U545VEI6Q, STM32U545VET6, STM32U545VET6Q, STM32U595AIH6, STM32U595AIH6Q, STM32U595AJH6, STM32U595AJH6Q, STM32U595QII6, STM32U595QII6Q, STM32U595QJI6, STM32U595QJI6Q, STM32U595RIT6, STM32U595RIT6Q, STM32U595RJT6, STM32U595RJT6Q, STM32U595VIT6, STM32U595VIT6Q, STM32U595VJT6, STM32U595VJT6Q, STM32U595ZIT6, STM32U595ZIT6Q, STM32U595ZIY6QTR, STM32U595ZJT6, STM32U595ZJT6Q, STM32U595ZJY6QTR, STM32U599BJY6QTR, STM32U599NIH6Q, STM32U599NJH6Q, STM32U599VIT6Q, STM32U599VJT6, STM32U599VJT6Q, STM32U599ZIT6Q, STM32U599ZIY6QTR, STM32U599ZJT6Q, STM32U599ZJY6QTR, STM32U5A5AJH6, STM32U5A5AJH6Q, STM32U5A5QII3Q , STM32U5A5QJI6, STM32U5A5QJI6Q, STM32U5A5RJT6, STM32U5A5RJT6Q, STM32U5A5VJT6, STM32U5A5VJT6Q, STM32U5A5ZJT6, STM32U5A5ZJT6Q, STM32U5A5ZJY6QTR, STM32U5A9BJY6QTR, STM32U5A9J-DK, STM32U5A9NJH6Q, STM32U5A9VJT6Q, STM32U5A9ZJT6Q, STM32U5A9ZJY6QTR, STM32U5F7VIT6, STM32U5F7VIT6Q, STM32U5F7VJT6, STM32U5F7VJT6Q, STM32U5F9BJY6QTR, STM32U5F9NJH6Q, STM32U5F9VIT6Q, STM32U5F9VJT6Q, STM32U5F9ZIJ6QTR, STM32U5F9ZIT6Q, STM32U5F9ZJJ6QTR, STM32U5F9ZJT6Q, STM32U5G7VJT6, STM32U5G7VJT6Q, STM32U5G9BJY6QTR, STM32U5G9J-DK1, STM32U5G9J-DK2, STM32U5G9NJH6Q, STM32U5G9VJT6Q, STM32U5G9ZJJ6QTR, STM32U5G9ZJT6Q, STM32WB05KZV6TR, STM32WB05KZV7TR, STM32WB05TZF6TR, STM32WB05TZF7TR, STM32WB06CCF6TR, STM32WB06CCF7TR, STM32WB06CCV6TR, STM32WB06CCV7TR, STM32WB06KCV6TR, STM32WB06KCV7TR, STM32WB07CCF6TR, STM32WB07CCF7TR, STM32WB07CCV6TR, STM32WB07CCV7TR, STM32WB07KCV6TR, STM32WB07KCV7TR, STM32WB09KEV6TR, STM32WB09KEV7TR, STM32WB09TEF6TR, STM32WB09TEF7TR, STM32WB1MMCH6, STM32WBA50KGU6, STM32WBA50KGU6TR, STM32WBA52CEU6, STM32WBA52CEU6TR, STM32WBA52CEU7, STM32WBA52CEU7TR, STM32WBA52CGU6, STM32WBA52CGU6TR, STM32WBA52CGU6U, STM32WBA52CGU7, STM32WBA52CGU7TR, STM32WBA52KEU6, STM32WBA52KEU6TR, STM32WBA52KGU6, STM32WBA52KGU6TR, STM32WBA54CEU6, STM32WBA54CEU6TR, STM32WBA54CEU7, STM32WBA54CEU7TR, STM32WBA54CGU6, STM32WBA54CGU6TR, STM32WBA54CGU7, STM32WBA54CGU7TR, STM32WBA54KEU6, STM32WBA54KEU6TR, STM32WBA54KEU7, STM32WBA54KEU7TR, STM32WBA54KGU6, STM32WBA54KGU6TR, STM32WBA54KGU7, STM32WBA54KGU7TR, STM32WBA55CEU6, STM32WBA55CEU6TR, STM32WBA55CEU7, STM32WBA55CEU7TR, STM32WBA55CGU6, STM32WBA55CGU6TR, STM32WBA55CGU6U, STM32WBA55CGU7, STM32WBA55CGU7TR, STM32WBA55G-DK1, STM32WBA55HEF6, STM32WBA55HEF7, STM32WBA55HGF6, STM32WBA55HGF7, STM32WBA55UEI6, STM32WBA55UEI6TR, STM32WBA55UEI7, STM32WBA55UEI7TR, STM32WBA55UGI6, STM32WBA55UGI6TR, STM32WBA55UGI7, STM32WBA55UGI7TR, STM32WBA5MMGH6TR, STM32WBA62MGF6, STM32WBA62MIF6, STM32WBA65MGF7, STM32WBA65MIF6, STM32WBA65MIF7, STM32WL30K8V6, STM32WL30KBV6, STM32WL31C8V6, STM32WL31CBV6, STM32WL31K8V6, STM32WL31KBV6, STM32WL33C8V6, STM32WL33C8V6X, STM32WL33CBV6, STM32WL33CBV6X, STM32WL33CCV6, STM32WL33CCV6A, STM32WL33CCV6X, STM32WL33K8V7, STM32WL33K8V7X, STM32WL33KBV7 , STM32WL33KBV7X, STM32WL33KCV7, STM32WL33KCV7X, STM32WL5MOCH6, STM32WL5MOCH6TR]
2026-01-03 20:48:19,725 [INFO] DbMcus:218 - Found 4876 MCUs, 4876 are supported
2026-01-03 20:48:19,726 [INFO] ApiDb:423 - Load user favorites file C:\Users\22142/.stm32cubeide/favorites.mcus.txt: 0 item(s)
2026-01-03 20:48:19,726 [INFO] ApiDb:427 - User favorites MCUs=[]
2026-01-03 20:48:19,726 [INFO] DbMcus:224 - Set 0 / 0 favorites MCUs
2026-01-03 20:48:20,533 [INFO] ApiDb:668 - CubeFinder database Data Model version=2.1
2026-01-03 20:48:20,534 [INFO] ApiDb:669 - CubeFinder database Configuration version=3.0.39
2026-01-03 20:48:20,534 [INFO] ApiDb:670 - CubeFinder database generation date=2025-12-22 (1766407740)
2026-01-03 20:48:20,534 [INFO] ApiDb:671 - CubeFinder database FW Pack versions=[FP-ATR-ASTRA1_V2.0.0, FP-SNS-FLIGHT1_V5.1.0, FP-SNS-MOTENV1_V5.1.0, FP-SNS-MOTENVWB1_V1.4.0, FP-SNS-SMARTAG2_V1.2.0, FP-SNS-STBOX1_V2.1.0, STM32Cube_FW_C0_V1.4.0, STM32Cube_FW_F4_V1.28.3, STM32Cube_FW_F7_V1.17.4, STM32Cube_FW_G0_V1.6.2, STM32Cube_FW_G4_V1.6.1, STM32Cube_FW_H5_V1.5.1, STM32Cube_FW_H7RS_V1.3.0, STM32Cube_FW_H7_V1.12.1, STM32Cube_FW_L0_V1.12.2, STM32Cube_FW_L4_V1.18.1, STM32Cube_FW_L5_V1.6.0, STM32Cube_FW_N6_V1.3.0, STM32Cube_FW_U0_V1.3.0, STM32Cube_FW_U3_V1.2.1, STM32Cube_FW_U5_V1.8.0, STM32Cube_FW_WB0_V1.4.0, STM32Cube_FW_WBA_V1.8.0, STM32Cube_FW_WB_V1.24.0, STM32Cube_FW_WL3_V1.3.0, STM32Cube_FW_WL_V1.4.0, X-CUBE-ALGOBUILD_V1.4.0, X-CUBE-ALS_V1.0.2, X-CUBE-AZRTOS-F4_V1.1.0, X-CUBE-AZRTOS-F7_V1.1.0, X-CUBE-AZRTOS-G0_V1.1.0, X-CUBE-AZRTOS-G4_V2.0.0, X-CUBE-AZRTOS-H7RS_V1.1.0, X-CUBE-AZRTOS-H7_V3.4.0, X-CUBE-AZRTOS-L4_V2.0.0, X-CUBE-AZRTOS-L5_V2.0.0, X-CUBE-AZRTOS-WB_V2.0.0, X-CUBE-AZRTOS-WL_V2.0.0, X-CUBE-BLE1_V7.1.0, X-CUBE-BLE2_V3.3.0, X-CUBE-BLEMGR_V4.1.0, X-CUBE-EEPRMA1_V5.2.0, X-CUBE-FREERTOS_V1.3.1, X-CUBE-GNSS1_V6.0.0, X-CUBE-MEMS1_V12.0.0, X-CUBE-NFC4_V3.0.0, X-CUBE-NFC7_V2.0.0, X-CUBE-SFXS2LP1_V4.0.0, X-CUBE-ST67W61_V1.1.0, X-CUBE-SUBG2_V5.0.0, X-CUBE-TOF1_V3.4.3]
2026-01-03 20:48:20,638 [INFO] DbBoardsSqlite:226 - include board P-NUCLEO-WB55-NUCLEO as a kit item of type 'Nucleo-64'
2026-01-03 20:48:20,638 [INFO] DbBoardsSqlite:226 - include board P-NUCLEO-WB55-USBDONGLE as a kit item of type 'Nucleo USB Dongle'
2026-01-03 20:48:20,639 [INFO] DbBoardsSqlite:226 - include board STEVAL-IDP005V1 as a kit item of type 'Evaluation Board'
2026-01-03 20:48:20,639 [INFO] DbBoardsSqlite:226 - include board STEVAL-IDP005V2 as a kit item of type 'Evaluation Board'
2026-01-03 20:48:20,768 [INFO] ApiDb:240 - Found 880 in-development CPN: [B-G473E-ZEST1S, B-WB1M-WPAN1, B-WBA5M-WPAN, B-WL5M-SUBG1, NUCLEO-C031C6, NUCLEO-C051C8, NUCLEO-C071RB, NUCLEO-C092RC, NUCLEO-H503RB, NUCLEO-H533RE, NUCLEO-H563ZI, NUCLEO-H7S3L8, NUCLEO-N657X0-Q, NUCLEO-U031R8, NUCLEO-U083RC, NUCLEO-U385RG-Q, NUCLEO-U545RE-Q, NUCLEO-U5A5ZJ-Q, NUCLEO-WB05KZ, NUCLEO-WB07CC, NUCLEO-WB09KE, NUCLEO-WBA52CG, NUCLEO-WBA55CG, NUCLEO-WL33CC1, NUCLEO-WL33CC2, STEVAL-PROTEUS1, STEVAL-SMARTAG2, STEVAL-STWINBX1, STM320518-EVAL, STM32C0116-DK, STM32C011D6Y3TR, STM32C011D6Y6TR, STM32C011F4P3, STM32C011F4P6, STM32C011F4U3, STM32C011F4U6TR, STM32C011F6P3, STM32C011F6P6, STM32C011F6U3, STM32C011F6U6TR, STM32C011J4M3, STM32C011J4M6, STM32C011J6M3, STM32C011J6M6, STM32C0316-DK, STM32C031C4T3, STM32C031C4T6, STM32C031C4U3, STM32C031C4U6, STM32C031C6T3, STM32C031C6T6, STM32C031C6U3, STM32C031C6U6, STM32C031F4P3, STM32C031F4P6, STM32C031F6P3, STM32C031F6P6, STM32C031G4U3, STM32C031G4U6, STM32C031G6U3, STM32C031G6U6, STM32C031K4T3, STM32C031K4T6, STM32C031K4U3, STM32C031K4U6, STM32C031K6T3, STM32C031K6T6, STM32C031K6U3, STM32C031K6U6, STM32C051C6T6, STM32C051C6U6, STM32C051C8T6, STM32C051C8U6, STM32C051D8Y6TR, STM32C051F6P6, STM32C051F8P6, STM32C051G6U6, STM32C051G8U6, STM32C051K6T6, STM32C051K6U6, STM32C051K8T6, STM32C071C8T6, STM32C071C8T6N, STM32C071C8U6, STM32C071C8U6N, STM32C071CBT6, STM32C071CBT6N, STM32C071CBU6, STM32C071CBU6N, STM32C071F8P6, STM32C071F8P6N, STM32C071FBP6, STM32C071FBP6N, STM32C071FBY6TR, STM32C071G8U6, STM32C071G8U6N, STM32C071GBU6, STM32C071GBU6N, STM32C071K8T6, STM32C071K8T6N, STM32C071K8U6, STM32C071K8U6N, STM32C071KBT6, STM32C071KBT6N, STM32C071KBU6, STM32C071KBU6N, STM32C071R8T6, STM32C071R8T6N, STM32C071RBI6N, STM32C071RBT6, STM32C071RBT6N, STM32C091CBT6, STM32C091CBU6, STM32C091CCT6, STM32C091CCU6, STM32C091ECY6TR, STM32C091FBP6, STM32C091FCP6, STM32C091GBU6, STM32C091GCU6, STM32C091KBT6, STM32C091KBU6, STM32C091KCT6, STM32C091KCU6, STM32C091RBT6, STM32C091RCI6, STM32C091RCT6, STM32C092CBT6, STM32C092CBU6, STM32C092CCT6, STM32C092CCU6, STM32C092ECY6TR, STM32C092FBP6, STM32C092FCP6, STM32C092GBU6, STM32C092GCU6, STM32C092KBT6, STM32C092KBU6, STM32C092KCT6, STM32C092KCU6, STM32C092RBT6, STM32C092RCI6, STM32C092RCT6, STM32G071K8TXN, STM32G071K8UXN, STM32G081GBU6N, STM32G081KBT6N, STM32G081KBUXN, STM32G0B1CCT6N, STM32G0B1KCT6, STM32G0B1NEY6TR, STM32G0B1RCT6N, STM32G0C1CCT6, STM32G0C1CCT6N, STM32G0C1CCU6N, STM32G0C1CET6N, STM32G0C1CEU6N, STM32G0C1KCT6, STM32G0C1NEY6TR, STM32G0C1RCI6N, STM32G0C1RCT6N, STM32G0C1REI6N, STM32G0C1RET6N, STM32G0C1VCI6, STM32G0C1VEI6, STM32G411C6T3, STM32G411C6T6, STM32G411C6U3, STM32G411C6U6, STM32G411C8T3, STM32G411C8T6, STM32G411C8U3, STM32G411C8U6, STM32G411CBT3, STM32G411CBT6, STM32G411CBU3, STM32G411CBU6, STM32G411K6T3, STM32G411K6T6, STM32G411K6U3, STM32G411K6U6, STM32G411K8T3, STM32G411K8T6, STM32G411K8U3, STM32G411K8U6, STM32G411KBT3, STM32G411KBT6, STM32G411KBU3, STM32G411KBU6, STM32G411M6T3, STM32G411M6T6, STM32G411M8T3, STM32G411M8T6, STM32G411MBT3, STM32G411MBT6, STM32G411R6T3, STM32G411R6T6, STM32G411R8T3, STM32G411R8T6, STM32G411RBT3, STM32G411RBT6, STM32G414CBT3, STM32G414CBT6, STM32G414CBU3, STM32G414CBU6, STM32G414CCT3, STM32G414CCT6, STM32G414CCU3, STM32G414CCU6, STM32G414MBT3, STM32G414MBT6, STM32G414MCT3, STM32G414MCT6, STM32G414RBT3, STM32G414RBT6, STM32G414RCT3, STM32G414RCT6, STM32G414VBT3, STM32G414VBT6, STM32G414VCT3, STM32G414VCT6, STM32G431CBT3Z, STM32G431RBT3Z, STM32G471CCT6, STM32G471CCU6, STM32G471CET3, STM32G471CET6, STM32G471CEU3, STM32G471CEU6, STM32G471MCT6, STM32G471MET3, STM32G471MET6, STM32G471MEY6TR, STM32G471QCT6, STM32G471QET3, STM32G471RCT6, STM32G471RET3, STM32G471RET6, STM32G471VCH6, STM32G471VCI6, STM32G471VCT6, STM32G471VEH3, STM32G471VEH6, STM32G471VEI3, STM32G471VEI6, STM32G471VET3, STM32G471VET6, STM32G473QET3Z, STM32G473RET3Z, STM32G474CCT6, STM32G491RET3Z, STM32H503CBT6, STM32H503CBU6, STM32H503EBY6TR, STM32H503KBU6, STM32H503RBT6, STM32H523CCT6, STM32H523CCU6, STM32H523CET6, STM32H523CEU6, STM32H523HEY6TR, STM32H523RCT6, STM32H523RET6, STM32H523VCI6, STM32H523VCT6, STM32H523VEI6, STM32H523VET6, STM32H523ZCJ6, STM32H523ZCT6, STM32H523ZEJ6, STM32H523ZET6, STM32H533CET6, STM32H533CEU6, STM32H533HEY6TR, STM32H533RET6, STM32H533VEI6, STM32H533VET6, STM32H533ZEJ6, STM32H533ZET6, STM32H562AGI6, STM32H562AII6, STM32H562IGK6, STM32H562IGT6, STM32H562IIK6, STM32H562IIT6, STM32H562RGT6, STM32H562RGV6, STM32H562RIT6, STM32H562RIV6, STM32H562VGT6, STM32H562VIT6, STM32H562ZGT6, STM32H562ZIT6, STM32H563AGI6, STM32H563AII3Q, STM32H563AII6, STM32H563IGK6, STM32H563IGT6, STM32H563IIK3Q, STM32H563IIK6, STM32H563IIT3Q, STM32H563IIT6, STM32H563MIY3QTR, STM32H563RGT6, STM32H563RGV6, STM32H563RIT6, STM32H563RIV6, STM32H563VGT6, STM32H563VIT3Q, STM32H563VIT6, STM32H563ZGT6, STM32H563ZIT3Q, STM32H563ZIT6, STM32H573AII3Q, STM32H573AII6, STM32H573I-DK, STM32H573IIK3Q, STM32H573IIK6, STM32H573IIT3Q, STM32H573IIT6, STM32H573MIY3QTR, STM32H573RIT6, STM32H573RIV6, STM32H573VIT3Q, STM32H573VIT6, STM32H573ZIT3Q, STM32H573ZIT6, STM32H7R3A8I6, STM32H7R3I8K6, STM32H7R3I8T6, STM32H7R3L8H6, STM32H7R3L8H6H, STM32H7R3R8V6, STM32H7R3V8H6, STM32H7R3V8T6, STM32H7R3V8Y6TR, STM32H7R3Z8J6, STM32H7R3Z8T6, STM32H7R7A8I6, STM32H7R7I8K6, STM32H7R7I8T6, STM32H7R7L8H6, STM32H7R7L8H6H, STM32H7R7Z8J6, STM32H7S3A8I6, STM32H7S3I8K6, STM32H7S3I8T6, STM32H7S3L8H6, STM32H7S3L8H6H, STM32H7S3R8V6, STM32H7S3V8H6, STM32H7S3V8T6, STM32H7S3V8Y6TR, STM32H7S3Z8J6, STM32H7S3Z8T6, STM32H7S78-DK, STM32H7S7A8I6, STM32H7S7I8K6, STM32H7S7I8T6, STM32H7S7L8H6, STM32H7S7L8H6H, STM32H7S7Z8J6, STM32L4R5QGI6STR, STM32MP131AAE3, STM32MP131AAF3, STM32MP131AAG3, STM32MP131CAE3, STM32MP131CAF3, STM32MP131CAG3, STM32MP131DAE7, STM32MP131DAF7, STM32MP131DAG7, STM32MP131FAE7, STM32MP131FAF7, STM32MP131FAG7, STM32MP133AAE3, STM32MP133AAF3, STM32MP133AAG3, STM32MP133CAE3, STM32MP133CAF3, STM32MP133CAG3, STM32MP133DAE7, STM32MP133DAF7, STM32MP133DAG7, STM32MP133FAE7, STM32MP133FAF7, STM32MP133FAG7, STM32MP135AAE3, STM32MP135AAF3, STM32MP135AAG3, STM32MP135CAE3, STM32MP135CAF3, STM32MP135CAG3, STM32MP135DAE7, STM32MP135DAF7, STM32MP135DAG7, STM32MP135F-DK, STM32MP135FAE7, STM32MP135FAF7, STM32MP135FAF7T, STM32MP135FAF7U, STM32MP135FAG7, STM32MP211AAL3, STM32MP211AAM3, STM32MP211AAN3, STM32MP211AAO3, STM32MP211CAL3, STM32MP211CAM3, STM32MP211CAN3, STM32MP211CAO3, STM32MP211DAL3, STM32MP211DAM3, STM32MP211DAN3, STM32MP211DAO3, STM32MP211FAL3, STM32MP211FAM3, STM32MP211FAN3, STM32MP211FAO3, STM32MP213AAL3, STM32MP213AAM3, STM32MP213AAN3, STM32MP213AAO3, STM32MP213CAL3, STM32MP213CAM3, STM32MP213CAN3, STM32MP213CAO3, STM32MP213DAL3, STM32MP213DAM3, STM32MP213DAN3, STM32MP213DAO3, STM32MP213FAL3, STM32MP213FAM3, STM32MP213FAN3, STM32MP213FAO3, STM32MP215AAL3, STM32MP215AAM3, STM32MP215AAN3, STM32MP215AAO3, STM32MP215CAL3, STM32MP215CAM3, STM32MP215CAN3, STM32MP215CAO3, STM32MP215DAL3, STM32MP215DAM3, STM32MP215DAN3, STM32MP215DAO3, STM32MP215F-DK, STM32MP215FAL3, STM32MP215FAM3, STM32MP215FAN3, STM32MP215FAO3, STM32MP231AAJ3, STM32MP231AAK3, STM32MP231AAL3, STM32MP231CAJ3, STM32MP231CAK3, STM32MP231CAL3, STM32MP231DAJ3, STM32MP231DAK3, STM32MP231DAL3, STM32MP231FAJ3, STM32MP231FAK3, STM32MP231FAL3, STM32MP233AAJ3, STM32MP233AAK3, STM32MP233AAL3, STM32MP233CAJ3, STM32MP233CAK3, STM32MP233CAL3, STM32MP233DAJ3, STM32MP233DAK3, STM32MP233DAL3, STM32MP233FAJ3, STM32MP233FAK3, STM32MP233FAL3, STM32MP235AAJ3, STM32MP235AAK3, STM32MP235AAL3, STM32MP235CAJ3, STM32MP235CAK3, STM32MP235CAL3, STM32MP235DAJ3, STM32MP235DAK3, STM32MP235DAL3, STM32MP235FAJ3, STM32MP235FAK3, STM32MP235FAL3, STM32MP251AAI3, STM32MP251AAK3, STM32MP251AAL3, STM32MP251CAI3, STM32MP251CAK3, STM32MP251CAL3, STM32MP251DAI3, STM32MP251DAK3, STM32MP251DAL3, STM32MP251FAI3, STM32MP251FAK3, STM32MP251FAL3, STM32MP253AAI3, STM32MP253AAK3, STM32MP253AAL3, STM32MP253CAI3, STM32MP253CAK3, STM32MP253CAL3, STM32MP253DAI3, STM32MP253DAK3, STM32MP253DAL3, STM32MP253FAI3, STM32MP253FAK3, STM32MP253FAL3, STM32MP255AAI3, STM32MP255AAK3, STM32MP255AAL3, STM32MP255CAI3, STM32MP255CAK3, STM32MP255CAL3, STM32MP255DAI3, STM32MP255DAK3, STM32MP255DAL3, STM32MP255FAI3, STM32MP255FAK3, STM32MP255FAL3, STM32MP257AAI3, STM32MP257AAK3, STM32MP257AAL3, STM32MP257CAI3, STM32MP257CAK3, STM32MP257CAL3, STM32MP257DAI3, STM32MP257DAK3, STM32MP257DAL3, STM32MP257F-DK, STM32MP257F-EV1, STM32MP257FAI3, STM32MP257FAK3, STM32MP257FAL3, STM32N645A0H3Q, STM32N645B0H3Q, STM32N645I0H3Q, STM32N645L0H3Q, STM32N645X0H3Q, STM32N645Z0H3Q, STM32N647A0H3Q, STM32N647B0H3Q, STM32N647I0H3Q, STM32N647L0H3Q, STM32N647X0H3Q, STM32N647Z0H3Q, STM32N655A0H3Q, STM32N655B0H3Q, STM32N655I0H3Q, STM32N655L0H3Q, STM32N655X0H3Q, STM32N655Z0H3Q, STM32N6570-DK, STM32N657A0H3Q, STM32N657B0H3Q, STM32N657I0H3Q, STM32N657L0H3Q, STM32N657X0H3Q, STM32N657Z0H3Q, STM32U031C6T6, STM32U031C6U6, STM32U031C8T6, STM32U031C8U6, STM32U031F4P6, STM32U031F6P6, STM32U031F8P6, STM32U031G6Y6TR, STM32U031G8Y6TR, STM32U031K4U6, STM32U031K6U6, STM32U031K8U6, STM32U031R6I6, STM32U031R6T6, STM32U031R8I6, STM32U031R8T6, STM32U073C8T6, STM32U073C8U6, STM32U073CBT6, STM32U073CBU6, STM32U073CCT6, STM32U073CCU6, STM32U073H8Y6TR, STM32U073HBY6TR, STM32U073HCY6TR, STM32U073K8U6, STM32U073KBU6, STM32U073KCU6, STM32U073M8I6, STM32U073M8T6, STM32U073MBI6, STM32U073MBT6, STM32U073MCI6, STM32U073MCT6, STM32U073R8I6, STM32U073R8T6, STM32U073RBI6, STM32U073RBT6, STM32U073RCI6, STM32U073RCT6, STM32U083C-DK, STM32U083CCT6, STM32U083CCU6, STM32U083HCY6TR, STM32U083KCU6, STM32U083MCI6, STM32U083MCT6, STM32U083RCI6, STM32U083RCT6, STM32U375CET6, STM32U375CET6Q, STM32U375CEU6, STM32U375CEU6Q, STM32U375CEY6QTR, STM32U375CGT6, STM32U375CGT6Q, STM32U375CGU6, STM32U375CGU6Q, STM32U375CGY6QTR, STM32U375KEU6, STM32U375KGU6, STM32U375REI6, STM32U375REI6Q, STM32U375RET6, STM32U375RET6Q, STM32U375REY6GTR, STM32U375REY6QTR, STM32U375RGI6, STM32U375RGI6Q, STM32U375RGT6, STM32U375RGT6Q, STM32U375RGY6GTR, STM32U375RGY6QTR, STM32U375VEI6, STM32U375VEI6Q, STM32U375VET6, STM32U375VET6Q, STM32U375VGI6, STM32U375VGI6Q, STM32U375VGT6, STM32U375VGT6Q, STM32U385CGT6, STM32U385CGT6Q, STM32U385CGU6, STM32U385CGU6Q, STM32U385CGY6QTR, STM32U385KGU6, STM32U385RGI6, STM32U385RGI6Q, STM32U385RGT6, STM32U385RGT6Q, STM32U385RGY6GTR, STM32U385RGY6QTR, STM32U385VGI6, STM32U385VGI6Q, STM32U385VGT6, STM32U385VGT6Q, STM32U535CBT6, STM32U535CBT6Q, STM32U535CBU6, STM32U535CBU6Q, STM32U535CCT6, STM32U535CCT6Q, STM32U535CCU6, STM32U535CCU6Q, STM32U535CET6, STM32U535CET6Q, STM32U535CEU6, STM32U535CEU6Q, STM32U535JEY6QTR, STM32U535NCY6QTR, STM32U535NEY6QTR, STM32U535RBI6, STM32U535RBI6Q, STM32U535RBT6, STM32U535RBT6Q, STM32U535RCI6, STM32U535RCI6Q, STM32U535RCT6, STM32U535RCT6Q, STM32U535REI6, STM32U535REI6Q, STM32U535RET6, STM32U535RET6Q, STM32U535VCI6, STM32U535VCI6Q, STM32U535VCT6, STM32U535VCT6Q, STM32U535VEI6, STM32U535VEI6Q, STM32U535VET6, STM32U535VET6Q, STM32U545CET6, STM32U545CET6Q, STM32U545CEU6, STM32U545CEU6Q, STM32U545JEY6QTR, STM32U545NEY6QTR, STM32U545REI6, STM32U545REI6Q, STM32U545RET6, STM32U545RET6Q, STM32U545VEI6, STM32U545VEI6Q, STM32U545VET6, STM32U545VET6Q, STM32U595AIH6, STM32U595AIH6Q, STM32U595AJH6, STM32U595AJH6Q, STM32U595QII6, STM32U595QII6Q, STM32U595QJI6, STM32U595QJI6Q, STM32U595RIT6, STM32U595RIT6Q, STM32U595RJT6, STM32U595RJT6Q, STM32U595VIT6, STM32U595VIT6Q, STM32U595VJT6, STM32U595VJT6Q, STM32U595ZIT6, STM32U595ZIT6Q, STM32U595ZIY6QTR, STM32U595ZJT6, STM32U595ZJT6Q, STM32U595ZJY6QTR, STM32U599BJY6QTR, STM32U599NIH6Q, STM32U599NJH6Q, STM32U599VIT6Q, STM32U599VJT6, STM32U599VJT6Q, STM32U599ZIT6Q, STM32U599ZIY6QTR, STM32U599ZJT6Q, STM32U599ZJY6QTR, STM32U5A5AJH6, STM32U5A5AJH6Q, STM32U5A5QII3Q , STM32U5A5QJI6, STM32U5A5QJI6Q, STM32U5A5RJT6, STM32U5A5RJT6Q, STM32U5A5VJT6, STM32U5A5VJT6Q, STM32U5A5ZJT6, STM32U5A5ZJT6Q, STM32U5A5ZJY6QTR, STM32U5A9BJY6QTR, STM32U5A9J-DK, STM32U5A9NJH6Q, STM32U5A9VJT6Q, STM32U5A9ZJT6Q, STM32U5A9ZJY6QTR, STM32U5F7VIT6, STM32U5F7VIT6Q, STM32U5F7VJT6, STM32U5F7VJT6Q, STM32U5F9BJY6QTR, STM32U5F9NJH6Q, STM32U5F9VIT6Q, STM32U5F9VJT6Q, STM32U5F9ZIJ6QTR, STM32U5F9ZIT6Q, STM32U5F9ZJJ6QTR, STM32U5F9ZJT6Q, STM32U5G7VJT6, STM32U5G7VJT6Q, STM32U5G9BJY6QTR, STM32U5G9J-DK1, STM32U5G9J-DK2, STM32U5G9NJH6Q, STM32U5G9VJT6Q, STM32U5G9ZJJ6QTR, STM32U5G9ZJT6Q, STM32WB05KZV6TR, STM32WB05KZV7TR, STM32WB05TZF6TR, STM32WB05TZF7TR, STM32WB06CCF6TR, STM32WB06CCF7TR, STM32WB06CCV6TR, STM32WB06CCV7TR, STM32WB06KCV6TR, STM32WB06KCV7TR, STM32WB07CCF6TR, STM32WB07CCF7TR, STM32WB07CCV6TR, STM32WB07CCV7TR, STM32WB07KCV6TR, STM32WB07KCV7TR, STM32WB09KEV6TR, STM32WB09KEV7TR, STM32WB09TEF6TR, STM32WB09TEF7TR, STM32WB1MMCH6, STM32WBA50KGU6, STM32WBA50KGU6TR, STM32WBA52CEU6, STM32WBA52CEU6TR, STM32WBA52CEU7, STM32WBA52CEU7TR, STM32WBA52CGU6, STM32WBA52CGU6TR, STM32WBA52CGU6U, STM32WBA52CGU7, STM32WBA52CGU7TR, STM32WBA52KEU6, STM32WBA52KEU6TR, STM32WBA52KGU6, STM32WBA52KGU6TR, STM32WBA54CEU6, STM32WBA54CEU6TR, STM32WBA54CEU7, STM32WBA54CEU7TR, STM32WBA54CGU6, STM32WBA54CGU6TR, STM32WBA54CGU7, STM32WBA54CGU7TR, STM32WBA54KEU6, STM32WBA54KEU6TR, STM32WBA54KEU7, STM32WBA54KEU7TR, STM32WBA54KGU6, STM32WBA54KGU6TR, STM32WBA54KGU7, STM32WBA54KGU7TR, STM32WBA55CEU6, STM32WBA55CEU6TR, STM32WBA55CEU7, STM32WBA55CEU7TR, STM32WBA55CGU6, STM32WBA55CGU6TR, STM32WBA55CGU6U, STM32WBA55CGU7, STM32WBA55CGU7TR, STM32WBA55G-DK1, STM32WBA55HEF6, STM32WBA55HEF7, STM32WBA55HGF6, STM32WBA55HGF7, STM32WBA55UEI6, STM32WBA55UEI6TR, STM32WBA55UEI7, STM32WBA55UEI7TR, STM32WBA55UGI6, STM32WBA55UGI6TR, STM32WBA55UGI7, STM32WBA55UGI7TR, STM32WBA5MMGH6TR, STM32WBA62MGF6, STM32WBA62MIF6, STM32WBA65MGF7, STM32WBA65MIF6, STM32WBA65MIF7, STM32WL30K8V6, STM32WL30KBV6, STM32WL31C8V6, STM32WL31CBV6, STM32WL31K8V6, STM32WL31KBV6, STM32WL33C8V6, STM32WL33C8V6X, STM32WL33CBV6, STM32WL33CBV6X, STM32WL33CCV6, STM32WL33CCV6A, STM32WL33CCV6X, STM32WL33K8V7, STM32WL33K8V7X, STM32WL33KBV7 , STM32WL33KBV7X, STM32WL33KCV7, STM32WL33KCV7X, STM32WL5MOCH6, STM32WL5MOCH6TR]
2026-01-03 20:48:20,979 [INFO] BoardInfo:889 - No configuration file found for board P-NUCLEO-WB55
2026-01-03 20:48:20,980 [INFO] DbBoards:161 - Kit is not supported: P-NUCLEO-WB55
2026-01-03 20:48:20,988 [INFO] BoardInfo:889 - No configuration file found for board STEVAL-BFA001V1B
2026-01-03 20:48:20,988 [INFO] DbBoards:161 - Kit is not supported: STEVAL-BFA001V1B
2026-01-03 20:48:20,990 [INFO] BoardInfo:889 - No configuration file found for board STEVAL-BFA001V2B
2026-01-03 20:48:20,990 [INFO] DbBoards:161 - Kit is not supported: STEVAL-BFA001V2B
2026-01-03 20:48:21,254 [INFO] DbBoards:168 - Found 212 boards, 209 are supported
2026-01-03 20:48:21,254 [INFO] DbBoards:169 - Found 212 boards, 43 of them is supported for  Bsp
2026-01-03 20:48:21,258 [INFO] ApiDb:414 - User favorites file not found: C:\Users\22142/.stm32cubeide/favorites.boards.txt
2026-01-03 20:48:21,258 [INFO] DbBoards:198 - Set 0 / 0 favorites Boards
2026-01-03 20:48:21,259 [INFO] McuFinderGlobals:76 - Set McuFinderConnectedMode to true
2026-01-03 20:48:21,269 [INFO] MultiScanPanel:200 - Auto-refresh data requested => check proxy status ongoing
2026-01-03 20:48:21,273 [INFO] FinderPluginLoader:96 - Searching for filters in installed packs
2026-01-03 20:48:23,770 [INFO] LoadUrlFilesThread:185 - End of LoadServerUrlFiles without Thread
2026-01-03 20:48:23,792 [INFO] DetailPanel:341 - Set advertising image to C:/Users/22142/STM32Cube/Repository/\en.prom-st67w-expansion-board.png
2026-01-03 20:48:53,644 [INFO] MainUpdater:2872 - connection check result : 10
2026-01-03 20:48:53,644 [INFO] MainUpdater:2872 - connection check result : 10
2026-01-03 20:48:53,671 [INFO] MicroXplorer:468 - Change Database Path : 
2026-01-03 20:48:53,671 [INFO] MicroXplorer:498 - Change Database Version : DB.6.0.150
2026-01-03 20:48:53,680 [WARN] ThirdParty:871 - waiting for thirdparty lock release [close project]
2026-01-03 20:48:53,680 [INFO] ThirdParty:873 - entering critical section [close project]
2026-01-03 20:48:53,682 [INFO] ThirdParty:883 - exiting critical section [close project]
2026-01-03 20:48:53,685 [INFO] PinOutPanel:1589 - setPackage(No Configuration,No Configuration)
2026-01-03 20:48:53,687 [INFO] UtilMem:75 - Begin LoadConfig() Used Memory: 514839400 Bytes (635437056)
2026-01-03 20:48:53,689 [INFO] MicroXplorer:468 - Change Database Path : 
2026-01-03 20:48:53,689 [INFO] MicroXplorer:498 - Change Database Version : DB.6.0.150
2026-01-03 20:48:53,689 [INFO] OpenFileManager:355 - Change cursor
2026-01-03 20:48:53,762 [INFO] Mcu:2029 - Initializing MCU STM32F103C8Tx STM32F103C8Tx STM32F103C8T6
2026-01-03 20:48:55,152 [INFO] Context:786 - Trying to add GPIOservice into a context  which must be forbidden
2026-01-03 20:48:55,537 [INFO] ImportTextPane:234 - (OptionalMessage_ERROR) Unable to find key (Mcu.ThirdPartyNb) in loaded IOC file
2026-01-03 20:48:55,538 [INFO] ImportTextPane:234 - (OptionalMessage_ERROR) Unable to find key (Mcu.PinsNb) in loaded IOC file
2026-01-03 20:48:55,539 [INFO] ImportTextPane:234 - (OptionalMessage_ERROR) Pin0 (VP_RIF_VS_RIF1) cannot be retrieved for this MCU
2026-01-03 20:48:55,539 [INFO] ImportTextPane:234 - (OptionalMessage_ERROR) Unable to find key (Mcu.IPNb) in loaded IOC file
2026-01-03 20:48:55,649 [INFO] RtosManager:558 - Registered RTOS mode: class=CMSIS, group=RTOS, mode=CMSIS_V1, owner=FREERTOS
2026-01-03 20:48:55,650 [INFO] RtosManager:558 - Registered RTOS mode: class=CMSIS, group=RTOS2, mode=CMSIS_V2, owner=FREERTOS
2026-01-03 20:48:55,650 [INFO] RtosManager:558 - Registered RTOS mode: class=RTOS, group=Core, mode=CMSIS_V1, owner=FREERTOS
2026-01-03 20:48:55,650 [INFO] RtosManager:558 - Registered RTOS mode: class=RTOS, group=Core, mode=CMSIS_V2, owner=FREERTOS
2026-01-03 20:48:55,650 [WARN] ModelIntegratedComponent:184 - Missing modes for component STMicroelectronics:FreeRTOS:0.0.1:STMicroelectronics:RTOS:FreeRTOS:Core:::10.2.0:
2026-01-03 20:48:55,668 [WARN] ModelIntegratedComponent:63 - No mode defined for component null
2026-01-03 20:48:55,668 [WARN] ModelIntegratedComponent:63 - No mode defined for component null
2026-01-03 20:48:55,668 [WARN] ModelIntegratedComponent:63 - No mode defined for component null
2026-01-03 20:48:55,668 [WARN] ModelIntegratedComponent:63 - No mode defined for component null
2026-01-03 20:48:55,668 [WARN] ModelIntegratedComponent:63 - No mode defined for component null
2026-01-03 20:48:55,668 [WARN] ModelIntegratedComponent:63 - No mode defined for component null
2026-01-03 20:48:55,669 [WARN] ModelIntegratedComponent:63 - No mode defined for component null
2026-01-03 20:48:55,669 [WARN] ModelIntegratedComponent:63 - No mode defined for component null
2026-01-03 20:48:55,669 [WARN] ModelIntegratedComponent:63 - No mode defined for component null
2026-01-03 20:48:55,669 [WARN] ModelIntegratedComponent:63 - No mode defined for component null
2026-01-03 20:48:55,669 [WARN] ModelIntegratedComponent:63 - No mode defined for component null
2026-01-03 20:48:55,669 [WARN] ModelIntegratedComponent:63 - No mode defined for component null
2026-01-03 20:48:55,669 [WARN] ModelIntegratedComponent:63 - No mode defined for component null
2026-01-03 20:48:55,669 [WARN] ModelIntegratedComponent:63 - No mode defined for component null
2026-01-03 20:48:55,669 [WARN] ModelIntegratedComponent:63 - No mode defined for component null
2026-01-03 20:48:55,670 [WARN] ModelIntegratedComponent:63 - No mode defined for component null
2026-01-03 20:48:55,670 [WARN] ModelIntegratedComponent:63 - No mode defined for component null
2026-01-03 20:48:55,670 [WARN] ModelIntegratedComponent:63 - No mode defined for component null
2026-01-03 20:48:55,670 [WARN] ModelIntegratedComponent:63 - No mode defined for component null
2026-01-03 20:48:55,670 [WARN] ModelIntegratedComponent:63 - No mode defined for component null
2026-01-03 20:48:55,671 [WARN] ModelIntegratedComponent:63 - No mode defined for component null
2026-01-03 20:48:55,671 [WARN] ModelIntegratedComponent:63 - No mode defined for component null
2026-01-03 20:48:55,671 [WARN] ModelIntegratedComponent:63 - No mode defined for component null
2026-01-03 20:48:55,671 [WARN] ModelIntegratedComponent:63 - No mode defined for component null
2026-01-03 20:48:55,671 [WARN] ModelIntegratedComponent:63 - No mode defined for component null
2026-01-03 20:48:55,671 [WARN] ModelIntegratedComponent:63 - No mode defined for component null
2026-01-03 20:48:55,671 [WARN] ModelIntegratedComponent:63 - No mode defined for component null
2026-01-03 20:48:55,671 [WARN] ModelIntegratedComponent:63 - No mode defined for component null
2026-01-03 20:48:55,672 [WARN] ModelIntegratedComponent:63 - No mode defined for component null
2026-01-03 20:48:55,672 [WARN] ModelIntegratedComponent:63 - No mode defined for component null
2026-01-03 20:48:55,672 [WARN] ModelIntegratedComponent:63 - No mode defined for component null
2026-01-03 20:48:55,672 [WARN] ModelIntegratedComponent:63 - No mode defined for component null
2026-01-03 20:48:55,672 [WARN] ModelIntegratedComponent:63 - No mode defined for component null
2026-01-03 20:48:55,672 [WARN] ModelIntegratedComponent:63 - No mode defined for component null
2026-01-03 20:48:55,672 [WARN] ModelIntegratedComponent:63 - No mode defined for component null
2026-01-03 20:48:55,673 [WARN] ModelPack:524 - Component already loaded: STMicroelectronics:HAL Drivers:0.0.0:STMicroelectronics:Device:STMicro_Driver:XSPI:HAL::0.0.1:HAL_XSPI
2026-01-03 20:48:55,999 [INFO] ThirdPartyModel:298 - Start build external matchings
2026-01-03 20:48:58,181 [INFO] ThirdPartyModel:316 - End build external matchings
2026-01-03 20:48:58,565 [INFO] UtilMem:75 - End LoadConfig() Used Memory: 548810992 Bytes (806354944)
2026-01-03 20:48:58,623 [WARN] ThirdParty:833 - waiting for thirdparty lock release [change project]
2026-01-03 20:48:58,624 [INFO] ThirdParty:835 - entering critical section [change project]
2026-01-03 20:48:58,625 [INFO] ThirdParty:1030 - CMSIS Pack Vendor :STMicroelectronics X-CUBE-PM33A1 1.0.0
2026-01-03 20:48:58,625 [INFO] ThirdParty:1030 - CMSIS Pack Vendor :STMicroelectronics USBPD 4.1
2026-01-03 20:48:58,625 [INFO] ThirdParty:1030 - CMSIS Pack Vendor :STMicroelectronics USB_HOST 2.0.0
2026-01-03 20:48:58,625 [INFO] ThirdParty:1030 - CMSIS Pack Vendor :STMicroelectronics FP-SNS-MOTENVWB1 1.4.0
2026-01-03 20:48:58,625 [INFO] ThirdParty:1030 - CMSIS Pack Vendor :STMicroelectronics X-CUBE-AZRTOS-F4 1.1.0
2026-01-03 20:48:58,625 [INFO] ThirdParty:1030 - CMSIS Pack Vendor :STMicroelectronics LIBJPEG 8.0.0
2026-01-03 20:48:58,626 [INFO] ThirdParty:1030 - CMSIS Pack Vendor :STMicroelectronics FP-ATR-ASTRA1 2.0.2
2026-01-03 20:48:58,626 [INFO] ThirdParty:1030 - CMSIS Pack Vendor :STMicroelectronics X-CUBE-SMBUS 2.1.0
2026-01-03 20:48:58,626 [INFO] ThirdParty:1030 - CMSIS Pack Vendor :STMicroelectronics X-CUBE-WB05N 1.1.0
2026-01-03 20:48:58,626 [INFO] ThirdParty:1030 - CMSIS Pack Vendor :STMicroelectronics X-CUBE-ISPU 2.1.0
2026-01-03 20:48:58,626 [INFO] ThirdParty:1030 - CMSIS Pack Vendor :STMicroelectronics X-CUBE-IPS 3.2.0
2026-01-03 20:48:58,626 [INFO] ThirdParty:1030 - CMSIS Pack Vendor :STMicroelectronics X-CUBE-NFC12 1.0.0
2026-01-03 20:48:58,626 [INFO] ThirdParty:1030 - CMSIS Pack Vendor :STMicroelectronics X-CUBE-AZRTOS-F7 1.1.0
2026-01-03 20:48:58,626 [INFO] ThirdParty:1030 - CMSIS Pack Vendor :STMicroelectronics X-CUBE-AZRTOS-L5 2.0.0
2026-01-03 20:48:58,626 [INFO] ThirdParty:1030 - CMSIS Pack Vendor :STMicroelectronics USB_DEVICE 2.0.0
2026-01-03 20:48:58,626 [INFO] ThirdParty:1030 - CMSIS Pack Vendor :STMicroelectronics X-CUBE-NFC6 3.1.0
2026-01-03 20:48:58,626 [INFO] ThirdParty:1030 - CMSIS Pack Vendor :STMicroelectronics FP-SNS-MOTENV1 5.1.0
2026-01-03 20:48:58,627 [INFO] ThirdParty:1030 - CMSIS Pack Vendor :STMicroelectronics FreeRTOS 0.0.1
2026-01-03 20:48:58,627 [INFO] ThirdParty:1030 - CMSIS Pack Vendor :STMicroelectronics X-CUBE-DPower 1.2.0
2026-01-03 20:48:58,627 [INFO] ThirdParty:1030 - CMSIS Pack Vendor :Infineon AIROC-Wi-Fi-Bluetooth-STM32 1.7.0
2026-01-03 20:48:58,627 [INFO] ThirdParty:1030 - CMSIS Pack Vendor :STMicroelectronics PDM2PCM 3.3.0
2026-01-03 20:48:58,627 [INFO] ThirdParty:1030 - CMSIS Pack Vendor :STMicroelectronics X-CUBE-AZRTOS-H7 3.4.0
2026-01-03 20:48:58,627 [INFO] ThirdParty:1030 - CMSIS Pack Vendor :STMicroelectronics X-CUBE-DISPLAY 3.0.0
2026-01-03 20:48:58,627 [INFO] ThirdParty:1030 - CMSIS Pack Vendor :STMicroelectronics X-CUBE-NFC10 1.0.0
2026-01-03 20:48:58,627 [INFO] ThirdParty:1030 - CMSIS Pack Vendor :STMicroelectronics X-CUBE-BLEMGR 4.0.0
2026-01-03 20:48:58,627 [INFO] ThirdParty:1030 - CMSIS Pack Vendor :STMicroelectronics HAL Drivers 0.0.0
2026-01-03 20:48:58,627 [INFO] ThirdParty:1030 - CMSIS Pack Vendor :STMicroelectronics X-CUBE-ST60 1.1.0
2026-01-03 20:48:58,627 [INFO] ThirdParty:1030 - CMSIS Pack Vendor :emotas I-CUBE-CANOPEN 1.3.0
2026-01-03 20:48:58,627 [INFO] ThirdParty:1030 - CMSIS Pack Vendor :STMicroelectronics X-CUBE-FREERTOS 1.3.0
2026-01-03 20:48:58,627 [INFO] ThirdParty:1030 - CMSIS Pack Vendor :STMicroelectronics X-CUBE-NFC7 1.0.1
2026-01-03 20:48:58,627 [INFO] ThirdParty:1030 - CMSIS Pack Vendor :STMicroelectronics MBEDTLS 2.14.1
2026-01-03 20:48:58,627 [INFO] ThirdParty:1030 - CMSIS Pack Vendor :STMicroelectronics X-CUBE-GNSS1 7.1.0
2026-01-03 20:48:58,627 [INFO] ThirdParty:1030 - CMSIS Pack Vendor :STMicroelectronics X-CUBE-TOUCHGFX 4.26.0
2026-01-03 20:48:58,627 [INFO] ThirdParty:1030 - CMSIS Pack Vendor :quantropi X-CUBE-qispace-sdk-base 2.0.0
2026-01-03 20:48:58,627 [INFO] ThirdParty:1030 - CMSIS Pack Vendor :STMicroelectronics X-CUBE-AI 10.0.0
2026-01-03 20:48:58,627 [INFO] ThirdParty:1030 - CMSIS Pack Vendor :STMicroelectronics FP-SNS-STBOX1 2.1.0
2026-01-03 20:48:58,628 [INFO] ThirdParty:1030 - CMSIS Pack Vendor :STMicroelectronics FP-SNS-STAIOTCFT 1.0.0
2026-01-03 20:48:58,628 [INFO] ThirdParty:1030 - CMSIS Pack Vendor :STMicroelectronics FP-SNS-SMARTAG2 1.2.0
2026-01-03 20:48:58,628 [INFO] ThirdParty:1030 - CMSIS Pack Vendor :STMicroelectronics FP-SNS-FLIGHT1 5.1.0
2026-01-03 20:48:58,628 [INFO] ThirdParty:1030 - CMSIS Pack Vendor :STMicroelectronics X-CUBE-MEMS1 11.1.0
2026-01-03 20:48:58,628 [INFO] ThirdParty:1030 - CMSIS Pack Vendor :STMicroelectronics X-CUBE-AZRTOS-WL 2.0.0
2026-01-03 20:48:58,628 [INFO] ThirdParty:1030 - CMSIS Pack Vendor :STMicroelectronics X-CUBE-DPower 1.3.0
2026-01-03 20:48:58,628 [INFO] ThirdParty:1030 - CMSIS Pack Vendor :STMicroelectronics FP-SNS-MOTENV1 5.0.0
2026-01-03 20:48:58,628 [INFO] ThirdParty:1030 - CMSIS Pack Vendor :STMicroelectronics USB_DEVICE 1.0.0
2026-01-03 20:48:58,628 [INFO] ThirdParty:1030 - CMSIS Pack Vendor :STMicroelectronics X-CUBE-AZRTOS-H7RS 1.2.0
2026-01-03 20:48:58,628 [INFO] ThirdParty:1030 - CMSIS Pack Vendor :STMicroelectronics X-CUBE-AZRTOS-L4 2.0.0
2026-01-03 20:48:58,628 [INFO] ThirdParty:1030 - CMSIS Pack Vendor :STMicroelectronics ThreadX 0.0.2
2026-01-03 20:48:58,628 [INFO] ThirdParty:1030 - CMSIS Pack Vendor :WES I-CUBE-Cesium 1.3.0
2026-01-03 20:48:58,628 [INFO] ThirdParty:1030 - CMSIS Pack Vendor :STMicroelectronics lwIP 2.1.2
2026-01-03 20:48:58,628 [INFO] ThirdParty:1030 - CMSIS Pack Vendor :STMicroelectronics X-CUBE-SFXS2LP1 4.0.0
2026-01-03 20:48:58,628 [INFO] ThirdParty:1030 - CMSIS Pack Vendor :STMicroelectronics X-CUBE-BLE2 3.3.0
2026-01-03 20:48:58,629 [INFO] ThirdParty:1030 - CMSIS Pack Vendor :Avnet-IOTCONNECT X-CUBE-iotc-st67-sdk 1.0.0
2026-01-03 20:48:58,629 [INFO] ThirdParty:1030 - CMSIS Pack Vendor :STMicroelectronics PDM2PCM 3.2.0
2026-01-03 20:48:58,629 [INFO] ThirdParty:1030 - CMSIS Pack Vendor :STMicroelectronics X-CUBE-AZRTOS-H7 3.3.0
2026-01-03 20:48:58,629 [INFO] ThirdParty:1030 - CMSIS Pack Vendor :STMicroelectronics X-CUBE-NFC9 1.0.0
2026-01-03 20:48:58,629 [INFO] ThirdParty:1030 - CMSIS Pack Vendor :STMicroelectronics X-CUBE-BLE1 7.1.0
2026-01-03 20:48:58,629 [INFO] ThirdParty:1030 - CMSIS Pack Vendor :wolfSSL I-CUBE-wolfMQTT 1.19.2
2026-01-03 20:48:58,629 [INFO] ThirdParty:1030 - CMSIS Pack Vendor :STMicroelectronics USB_DEVICE 3.0.0
2026-01-03 20:48:58,629 [INFO] ThirdParty:1030 - CMSIS Pack Vendor :STMicroelectronics X-CUBE-FREERTOS 1.4.0
2026-01-03 20:48:58,629 [INFO] ThirdParty:1030 - CMSIS Pack Vendor :STMicroelectronics X-CUBE-EEPRMA1 5.2.0
2026-01-03 20:48:58,629 [INFO] ThirdParty:1030 - CMSIS Pack Vendor :STMicroelectronics X-CUBE-BLEMGR 4.1.0
2026-01-03 20:48:58,629 [INFO] ThirdParty:1030 - CMSIS Pack Vendor :STMicroelectronics X-CUBE-AZRTOS-WB 2.0.0
2026-01-03 20:48:58,629 [INFO] ThirdParty:1030 - CMSIS Pack Vendor :STMicroelectronics X-CUBE-GNSS1 7.0.1
2026-01-03 20:48:58,629 [INFO] ThirdParty:1030 - CMSIS Pack Vendor :STMicroelectronics X-CUBE-TOUCHGFX 4.25.0
2026-01-03 20:48:58,629 [INFO] ThirdParty:1030 - CMSIS Pack Vendor :STMicroelectronics X-CUBE-ST67W61 1.1.0
2026-01-03 20:48:58,630 [INFO] ThirdParty:1030 - CMSIS Pack Vendor :STMicroelectronics FP-SNS-STBOX1 2.0.0
2026-01-03 20:48:58,630 [INFO] ThirdParty:1030 - CMSIS Pack Vendor :STMicroelectronics X-CUBE-MEMS1 12.0.0
2026-01-03 20:48:58,630 [INFO] ThirdParty:1030 - CMSIS Pack Vendor :STMicroelectronics X-CUBE-AZRTOS-G0 1.1.0
2026-01-03 20:48:58,630 [INFO] ThirdParty:1030 - CMSIS Pack Vendor :STMicroelectronics X-CUBE-SAFEA1 1.2.2
2026-01-03 20:48:58,630 [INFO] ThirdParty:1030 - CMSIS Pack Vendor :STMicroelectronics X-CUBE-NFC4 3.0.0
2026-01-03 20:48:58,630 [INFO] ThirdParty:1030 - CMSIS Pack Vendor :STMicroelectronics X-CUBE-SUBG2 5.0.0
2026-01-03 20:48:58,630 [INFO] ThirdParty:1030 - CMSIS Pack Vendor :STMicroelectronics X-CUBE-AZRTOS-H7RS 1.1.0
2026-01-03 20:48:58,630 [INFO] ThirdParty:1030 - CMSIS Pack Vendor :STMicroelectronics STM32_WPAN 1.0.0
2026-01-03 20:48:58,630 [INFO] ThirdParty:1030 - CMSIS Pack Vendor :EmbeddedOffice I-CUBE-FS-RTOS 1.0.1
2026-01-03 20:48:58,630 [INFO] ThirdParty:1030 - CMSIS Pack Vendor :STMicroelectronics lwIP 2.0.3
2026-01-03 20:48:58,630 [INFO] ThirdParty:1030 - CMSIS Pack Vendor :Cesanta I-CUBE-Mongoose 7.13.0
2026-01-03 20:48:58,630 [INFO] ThirdParty:1030 - CMSIS Pack Vendor :STMicroelectronics USB_HOST 1.0.0
2026-01-03 20:48:58,630 [INFO] ThirdParty:1030 - CMSIS Pack Vendor :STMicroelectronics X-CUBE-AZRTOS-G4 2.0.0
2026-01-03 20:48:58,630 [INFO] ThirdParty:1030 - CMSIS Pack Vendor :STMicroelectronics X-CUBE-WB05N 2.0.0
2026-01-03 20:48:58,631 [INFO] ThirdParty:1030 - CMSIS Pack Vendor :STMicroelectronics PDM2PCM 3.1.0
2026-01-03 20:48:58,631 [INFO] ThirdParty:1030 - CMSIS Pack Vendor :wolfSSL I-CUBE-wolfTPM 3.8.0
2026-01-03 20:48:58,631 [INFO] ThirdParty:1030 - CMSIS Pack Vendor :wolfSSL I-CUBE-wolfSSH 1.4.20
2026-01-03 20:48:58,631 [INFO] ThirdParty:1030 - CMSIS Pack Vendor :STMicroelectronics X-CUBE-NFC7 2.0.0
2026-01-03 20:48:58,631 [INFO] ThirdParty:1030 - CMSIS Pack Vendor :STMicroelectronics X-CUBE-TCPP 4.2.0
2026-01-03 20:48:58,631 [INFO] ThirdParty:1030 - CMSIS Pack Vendor :RealThread X-CUBE-RT-Thread_Nano 4.1.1
2026-01-03 20:48:58,631 [INFO] ThirdParty:1030 - CMSIS Pack Vendor :STMicroelectronics FP-ATR-SIGFOX1 3.2.0
2026-01-03 20:48:58,631 [INFO] ThirdParty:1030 - CMSIS Pack Vendor :STMicroelectronics X-CUBE-EEPRMA1 5.1.0
2026-01-03 20:48:58,631 [INFO] ThirdParty:1030 - CMSIS Pack Vendor :STMicroelectronics MBEDTLS 2.16.2
2026-01-03 20:48:58,631 [INFO] ThirdParty:1030 - CMSIS Pack Vendor :STMicroelectronics X-CUBE-IPS 3.1.0
2026-01-03 20:48:58,632 [INFO] ThirdParty:1030 - CMSIS Pack Vendor :STMicroelectronics X-CUBE-ALS 1.0.2
2026-01-03 20:48:58,632 [INFO] ThirdParty:1030 - CMSIS Pack Vendor :wolfSSL I-CUBE-wolfSSL 5.7.6
2026-01-03 20:48:58,632 [INFO] ThirdParty:1030 - CMSIS Pack Vendor :ITTIA_DB I-CUBE-ITTIADB 8.9.0
2026-01-03 20:48:58,632 [INFO] ThirdParty:1030 - CMSIS Pack Vendor :STMicroelectronics X-CUBE-STSE01 1.0.0
2026-01-03 20:48:58,632 [INFO] ThirdParty:1030 - CMSIS Pack Vendor :portGmbH I-Cube-SoM-uGOAL 1.1.0
2026-01-03 20:48:58,632 [INFO] ThirdParty:1030 - CMSIS Pack Vendor :STMicroelectronics X-CUBE-AI 10.2.0
2026-01-03 20:48:58,632 [INFO] ThirdParty:1030 - CMSIS Pack Vendor :STMicroelectronics ThreadX 1.0.0
2026-01-03 20:48:58,633 [INFO] ThirdParty:1030 - CMSIS Pack Vendor :SEGGER I-CUBE-embOS 1.3.1
2026-01-03 20:48:58,633 [INFO] ThirdParty:1030 - CMSIS Pack Vendor :STMicroelectronics X-CUBE-ALGOBUILD 1.4.0
2026-01-03 20:48:58,633 [INFO] ThirdParty:1030 - CMSIS Pack Vendor :STMicroelectronics X-CUBE-TOF1 3.4.2
2026-01-03 20:48:58,634 [INFO] ThirdParty:1030 - CMSIS Pack Vendor :STMicroelectronics X-CUBE-TOF1 3.4.3
2026-01-03 20:48:58,634 [INFO] ThirdParty:841 - exiting critical section [change project]
2026-01-03 20:48:59,064 [INFO] PinOutPanel:1589 - setPackage(No Configuration,No Configuration)
2026-01-03 20:48:59,066 [INFO] PinOutPanel:1589 - setPackage(STM32F103C8Tx,LQFP48)
2026-01-03 20:48:59,871 [INFO] UtilMem:75 - Before build in PCC Used Memory: 715564016 Bytes (806354944)
2026-01-03 20:49:01,216 [INFO] UtilMem:75 - After build in PCC Used Memory: 568213280 Bytes (806354944)
2026-01-03 20:49:01,264 [INFO] IPUIPlugin:80 - create IPUIPlugin
2026-01-03 20:49:01,264 [INFO] IPUIPlugin:80 - create IPUIPlugin
2026-01-03 20:49:01,265 [INFO] IPUIPlugin:80 - create IPUIPlugin
2026-01-03 20:49:01,265 [INFO] IPUIPlugin:80 - create IPUIPlugin
2026-01-03 20:49:01,265 [INFO] IPUIPlugin:80 - create IPUIPlugin
2026-01-03 20:49:01,266 [INFO] IPUIPlugin:80 - create IPUIPlugin
2026-01-03 20:49:01,266 [INFO] IPUIPlugin:80 - create IPUIPlugin
2026-01-03 20:49:01,266 [INFO] IPUIPlugin:80 - create IPUIPlugin
2026-01-03 20:49:01,267 [INFO] IPUIPlugin:80 - create IPUIPlugin
2026-01-03 20:49:01,267 [INFO] IPUIPlugin:80 - create IPUIPlugin
2026-01-03 20:49:01,267 [INFO] IPUIPlugin:80 - create IPUIPlugin
2026-01-03 20:49:01,268 [INFO] IPUIPlugin:80 - create IPUIPlugin
2026-01-03 20:49:01,268 [INFO] IPUIPlugin:80 - create IPUIPlugin
2026-01-03 20:49:01,268 [INFO] IPUIPlugin:80 - create IPUIPlugin
2026-01-03 20:49:01,269 [INFO] IPUIPlugin:80 - create IPUIPlugin
2026-01-03 20:49:01,269 [INFO] IPUIPlugin:80 - create IPUIPlugin
2026-01-03 20:49:01,269 [INFO] IPUIPlugin:80 - create IPUIPlugin
2026-01-03 20:49:01,270 [INFO] IPUIPlugin:80 - create IPUIPlugin
2026-01-03 20:49:01,270 [INFO] IPUIPlugin:80 - create IPUIPlugin
2026-01-03 20:49:01,270 [INFO] IPUIPlugin:80 - create IPUIPlugin
2026-01-03 20:49:01,270 [INFO] IPUIPlugin:80 - create IPUIPlugin
2026-01-03 20:49:01,271 [INFO] IPUIPlugin:80 - create IPUIPlugin
2026-01-03 20:49:01,271 [INFO] IPUIPlugin:80 - create IPUIPlugin
2026-01-03 20:49:01,271 [INFO] IPUIPlugin:80 - create IPUIPlugin
2026-01-03 20:49:01,272 [INFO] IPUIPlugin:80 - create IPUIPlugin
2026-01-03 20:49:01,272 [INFO] IPUIPlugin:80 - create IPUIPlugin
2026-01-03 20:49:01,272 [INFO] IPUIPlugin:80 - create IPUIPlugin
2026-01-03 20:49:01,606 [INFO] CADModel:165 - CPN selected for project levelSTM32F103C8T6
2026-01-03 20:49:01,606 [INFO] CADModel:114 - Register for checkConnection events
2026-01-03 20:49:01,670 [INFO] OpenFileManager:386 - Restore cursor
2026-01-03 20:49:02,812 [INFO] UtilMem:75 - End SaveConfig() Used Memory: 682046288 Bytes (806354944)
2026-01-03 20:49:02,904 [INFO] UtilMem:75 - End SaveConfig() Used Memory: 703170976 Bytes (806354944)
2026-01-03 20:49:03,698 [INFO] BlockDiagram:2775 - set Specific Code input for plugin: NVIC
2026-01-03 20:49:03,700 [INFO] BlockDiagram:2775 - set Specific Code input for plugin: RCC
2026-01-03 20:49:03,701 [INFO] CodeGenerator:892 - code generatio: config db path: D:\installs\STM32CubeIDE_1.19.0\STM32CubeIDE\plugins\com.st.stm32cube.common.mx_6.15.0.202507011659\\db\
2026-01-03 20:49:03,942 [INFO] CodeEngine:265 - oldGeneratedFile, D:\projects\stm32_cube_ide\oled\MXTmpFiles\license.tmp_save
2026-01-03 20:49:04,537 [INFO] CodeEngine:289 - Generated code: D:\projects\stm32_cube_ide\oled\MXTmpFiles\license.tmp
2026-01-03 20:49:04,568 [INFO] CodeEngine:265 - oldGeneratedFile, D:\projects\stm32_cube_ide\oled\Core\Src\stm32f1xx_it.c_save
2026-01-03 20:49:04,806 [INFO] CodeEngine:289 - Generated code: D:\projects\stm32_cube_ide\oled\Core\Src\stm32f1xx_it.c
2026-01-03 20:49:04,812 [INFO] CodeEngine:265 - oldGeneratedFile, D:\projects\stm32_cube_ide\oled\Core\Inc\stm32f1xx_it.h_save
2026-01-03 20:49:04,977 [INFO] CodeEngine:289 - Generated code: D:\projects\stm32_cube_ide\oled\Core\Inc\stm32f1xx_it.h
2026-01-03 20:49:05,153 [INFO] CodeEngine:265 - oldGeneratedFile, D:\projects\stm32_cube_ide\oled\Core\Src\stm32f1xx_hal_msp.c_save
2026-01-03 20:49:05,415 [INFO] CodeEngine:289 - Generated code: D:\projects\stm32_cube_ide\oled\Core\Src\stm32f1xx_hal_msp.c
2026-01-03 20:49:05,421 [INFO] CodeEngine:265 - oldGeneratedFile, D:\projects\stm32_cube_ide\oled\MXTmpFiles\system.tmp_save
2026-01-03 20:49:05,609 [INFO] CodeEngine:289 - Generated code: D:\projects\stm32_cube_ide\oled\MXTmpFiles\system.tmp
2026-01-03 20:49:05,624 [INFO] CodeEngine:321 - oldGeneratedFile, D:\projects\stm32_cube_ide\oled\Core\Inc\stm32f1xx_hal_conf.h_save
2026-01-03 20:49:05,772 [INFO] CodeEngine:345 - Generated code: D:\projects\stm32_cube_ide\oled\Core\Inc\stm32f1xx_hal_conf.h
2026-01-03 20:49:05,843 [INFO] ApiDbMcu:532 - Load IP Config File for RCC
2026-01-03 20:49:05,854 [INFO] CodeEngine:265 - oldGeneratedFile, D:\projects\stm32_cube_ide\oled\Core\Inc\main.h_save
2026-01-03 20:49:06,015 [INFO] CodeEngine:289 - Generated code: D:\projects\stm32_cube_ide\oled\Core\Inc\main.h
2026-01-03 20:49:06,022 [INFO] CodeEngine:265 - oldGeneratedFile, D:\projects\stm32_cube_ide\oled\Core\Src\main.c_save
2026-01-03 20:49:06,246 [INFO] CodeEngine:289 - Generated code: D:\projects\stm32_cube_ide\oled\Core\Src\main.c
2026-01-03 20:49:06,814 [INFO] ProjectBuilder:3606 - Time for Copy HAL[1] : 241mS.
2026-01-03 20:49:06,829 [INFO] ProjectBuilder:5216 - Project Generator version: 4.7.0-B52
2026-01-03 20:49:06,977 [INFO] ConfigFileManager:1595 - The Die is : DIE410
2026-01-03 20:49:07,003 [INFO] ApiDbMcu:532 - Load IP Config File for FATFS
2026-01-03 20:49:07,058 [INFO] ApiDbMcu:532 - Load IP Config File for FREERTOS
2026-01-03 20:49:07,095 [INFO] ApiDbMcu:532 - Load IP Config File for USB_DEVICE
2026-01-03 20:49:07,854 [INFO] LogOutputStream:77 - [STDOUT_REDIRECT] 
2026-01-03 20:49:10,814 [INFO] ProjectBuilder:5496 - Time for Generating toolchain IDE Files: 3985mS.
2026-01-03 20:49:10,816 [INFO] ProjectBuilder:3463 - Time for Copy CMSIS : 1mS.
2026-01-03 20:49:10,819 [INFO] ProjectBuilder:3463 - Time for Copy CMSIS : 0mS.
2026-01-03 20:49:11,980 [INFO] McuFinderGlobals:76 - Set McuFinderConnectedMode to true
2026-01-03 20:49:11,987 [INFO] ApiDb:448 - Save user favorites file C:\Users\22142/.stm32cubeide/favorites.mcus.txt: 0 item(s)
2026-01-03 20:49:11,989 [INFO] ApiDb:452 - User favorites MCUs=[]
2026-01-03 20:57:17,749 [WARN] IP:2250 - I2C_Coeff_DF not found: check if there is a RefParameter without a condition.
2026-01-03 20:57:17,749 [WARN] IP:2250 - Analog_Filter not found: check if there is a RefParameter without a condition.
2026-01-03 20:57:17,767 [WARN] IP:2250 - I2C_Coeff_DF not found: check if there is a RefParameter without a condition.
2026-01-03 20:57:17,767 [WARN] IP:2250 - Analog_Filter not found: check if there is a RefParameter without a condition.
2026-01-03 20:57:17,767 [WARN] IP:2250 - I2C_Coeff_DF not found: check if there is a RefParameter without a condition.
2026-01-03 20:57:17,767 [WARN] IP:2250 - Analog_Filter not found: check if there is a RefParameter without a condition.
2026-01-03 20:57:17,851 [WARN] IP:2250 - I2C_Coeff_DF not found: check if there is a RefParameter without a condition.
2026-01-03 20:57:17,851 [WARN] IP:2250 - Analog_Filter not found: check if there is a RefParameter without a condition.
2026-01-03 20:57:17,852 [WARN] IP:2250 - I2C_Coeff_DF not found: check if there is a RefParameter without a condition.
2026-01-03 20:57:17,853 [WARN] IP:2250 - Analog_Filter not found: check if there is a RefParameter without a condition.
2026-01-03 20:57:25,234 [WARN] IP:2250 - I2C_Coeff_DF not found: check if there is a RefParameter without a condition.
2026-01-03 20:57:25,234 [WARN] IP:2250 - Analog_Filter not found: check if there is a RefParameter without a condition.
2026-01-03 20:57:25,234 [WARN] IP:2250 - I2C_Coeff_DF not found: check if there is a RefParameter without a condition.
2026-01-03 20:57:25,234 [WARN] IP:2250 - Analog_Filter not found: check if there is a RefParameter without a condition.
2026-01-03 20:57:25,281 [WARN] IP:2250 - I2C_Coeff_DF not found: check if there is a RefParameter without a condition.
2026-01-03 20:57:25,281 [WARN] IP:2250 - Analog_Filter not found: check if there is a RefParameter without a condition.
2026-01-03 20:57:25,287 [WARN] IP:2250 - I2C_Coeff_DF not found: check if there is a RefParameter without a condition.
2026-01-03 20:57:25,287 [WARN] IP:2250 - Analog_Filter not found: check if there is a RefParameter without a condition.
2026-01-03 20:57:37,729 [INFO] UtilMem:75 - End SaveConfig() Used Memory: 783733856 Bytes (1073741824)
2026-01-03 20:57:39,181 [INFO] UtilMem:75 - End SaveConfig() Used Memory: 803142904 Bytes (1073741824)
2026-01-03 20:57:40,704 [INFO] UtilMem:75 - End SaveConfig() Used Memory: 838268152 Bytes (1073741824)
2026-01-03 20:57:41,157 [INFO] BlockDiagram:2775 - set Specific Code input for plugin: NVIC
2026-01-03 20:57:41,157 [INFO] BlockDiagram:2775 - set Specific Code input for plugin: SYS
2026-01-03 20:57:41,157 [INFO] BlockDiagram:2775 - set Specific Code input for plugin: GPIO
2026-01-03 20:57:41,157 [INFO] BlockDiagram:2775 - set Specific Code input for plugin: RCC
2026-01-03 20:57:41,157 [INFO] BlockDiagram:2775 - set Specific Code input for plugin: I2C
2026-01-03 20:57:41,158 [INFO] CodeGenerator:892 - code generatio: config db path: D:\installs\STM32CubeIDE_1.19.0\STM32CubeIDE\plugins\com.st.stm32cube.common.mx_6.15.0.202507011659\\db\
2026-01-03 20:57:41,160 [WARN] IP:2250 - I2C_Coeff_DF not found: check if there is a RefParameter without a condition.
2026-01-03 20:57:41,160 [WARN] IP:2250 - Analog_Filter not found: check if there is a RefParameter without a condition.
2026-01-03 20:57:41,232 [INFO] CodeEngine:265 - oldGeneratedFile, D:\projects\stm32_cube_ide\oled\MXTmpFiles\license.tmp_save
2026-01-03 20:57:41,424 [INFO] CodeEngine:289 - Generated code: D:\projects\stm32_cube_ide\oled\MXTmpFiles\license.tmp
2026-01-03 20:57:41,472 [INFO] CodeEngine:265 - oldGeneratedFile, D:\projects\stm32_cube_ide\oled\MXTmpFiles\gpio.tmp_save
2026-01-03 20:57:41,558 [INFO] CodeEngine:289 - Generated code: D:\projects\stm32_cube_ide\oled\MXTmpFiles\gpio.tmp
2026-01-03 20:57:41,599 [INFO] CodeEngine:265 - oldGeneratedFile, D:\projects\stm32_cube_ide\oled\Core\Src\stm32f1xx_it.c_save
2026-01-03 20:57:41,782 [INFO] CodeEngine:289 - Generated code: D:\projects\stm32_cube_ide\oled\Core\Src\stm32f1xx_it.c
2026-01-03 20:57:41,786 [INFO] CodeEngine:265 - oldGeneratedFile, D:\projects\stm32_cube_ide\oled\Core\Inc\stm32f1xx_it.h_save
2026-01-03 20:57:41,853 [INFO] CodeEngine:289 - Generated code: D:\projects\stm32_cube_ide\oled\Core\Inc\stm32f1xx_it.h
2026-01-03 20:57:41,862 [INFO] CodeEngine:265 - oldGeneratedFile, D:\projects\stm32_cube_ide\oled\Core\Src\stm32f1xx_hal_msp.c_save
2026-01-03 20:57:41,982 [INFO] CodeEngine:289 - Generated code: D:\projects\stm32_cube_ide\oled\Core\Src\stm32f1xx_hal_msp.c
2026-01-03 20:57:41,985 [INFO] CodeEngine:265 - oldGeneratedFile, D:\projects\stm32_cube_ide\oled\MXTmpFiles\system.tmp_save
2026-01-03 20:57:42,040 [INFO] CodeEngine:289 - Generated code: D:\projects\stm32_cube_ide\oled\MXTmpFiles\system.tmp
2026-01-03 20:57:42,047 [INFO] CodeEngine:321 - oldGeneratedFile, D:\projects\stm32_cube_ide\oled\Core\Inc\stm32f1xx_hal_conf.h_save
2026-01-03 20:57:42,104 [INFO] CodeEngine:345 - Generated code: D:\projects\stm32_cube_ide\oled\Core\Inc\stm32f1xx_hal_conf.h
2026-01-03 20:57:42,119 [INFO] ApiDbMcu:532 - Load IP Config File for I2C1
2026-01-03 20:57:42,126 [INFO] CodeEngine:265 - oldGeneratedFile, D:\projects\stm32_cube_ide\oled\Core\Inc\main.h_save
2026-01-03 20:57:42,208 [INFO] CodeEngine:289 - Generated code: D:\projects\stm32_cube_ide\oled\Core\Inc\main.h
2026-01-03 20:57:42,217 [INFO] CodeEngine:265 - oldGeneratedFile, D:\projects\stm32_cube_ide\oled\Core\Src\main.c_save
2026-01-03 20:57:42,322 [INFO] CodeEngine:289 - Generated code: D:\projects\stm32_cube_ide\oled\Core\Src\main.c
2026-01-03 20:57:42,716 [INFO] ProjectBuilder:3606 - Time for Copy HAL[1] : 149mS.
2026-01-03 20:57:42,725 [INFO] ProjectBuilder:5216 - Project Generator version: 4.7.0-B52
2026-01-03 20:57:42,866 [INFO] ConfigFileManager:1595 - The Die is : DIE410
2026-01-03 20:57:43,938 [INFO] ProjectBuilder:5496 - Time for Generating toolchain IDE Files: 1213mS.
2026-01-03 20:57:43,939 [INFO] ProjectBuilder:3463 - Time for Copy CMSIS : 1mS.
2026-01-03 20:57:43,940 [INFO] ProjectBuilder:3463 - Time for Copy CMSIS : 0mS.
2026-01-03 22:19:07,619 [INFO] Activator:176 - 


2026-01-03 22:19:07,620 [INFO] Activator:177 - !SESSION log4j initialized
2026-01-03 22:19:12,591 [INFO] LogOutputStream:77 - [STDOUT_REDIRECT] 
2026-01-03 22:19:13,274 [INFO] ApplicationProperties:184 - Using Application install path: D:\installs\STM32CubeIDE_1.19.0\STM32CubeIDE\plugins\com.st.stm32cube.common.mx_6.15.0.202507011659
2026-01-03 22:19:13,287 [INFO] DbMcusXml:78 - Set database path to: D:\installs\STM32CubeIDE_1.19.0\STM32CubeIDE\plugins\com.st.stm32cube.common.mx_6.15.0.202507011659\\db\/mcu/
2026-01-03 22:19:13,288 [INFO] ApiDb:274 - Set plugin database path to: D:\installs\STM32CubeIDE_1.19.0\STM32CubeIDE\plugins\com.st.stm32cube.common.mx_6.15.0.202507011659\\db\/plugins/boardmanager/
2026-01-03 22:19:13,288 [WARN] ApiDb:259 - Overriding images path with different value:  => D:\installs\STM32CubeIDE_1.19.0\STM32CubeIDE\plugins\com.st.stm32cube.common.mx_6.15.0.202507011659\\db\/plugins/mcufinder/images/
2026-01-03 22:19:13,293 [INFO] ApiDb:250 - Set database path to: C:\Users\22142\.stmcufinder\plugins\mcufinder//mcu/
2026-01-03 22:19:13,294 [INFO] DbMcusAds:125 - Set database path to: C:\Users\22142\.stmcufinder\plugins\mcufinder//mcu/
2026-01-03 22:19:13,296 [INFO] CrossReferenceDbSqlite:203 - Set database path to: C:\Users\22142\.stmcufinder\plugins\mcufinder//mcu/cs/
2026-01-03 22:19:13,397 [INFO] RulesReader:64 - Compatibility file has been processed (317 Rules)
2026-01-03 22:19:13,457 [INFO] DbMcusXml:78 - Set database path to: D:\installs\STM32CubeIDE_1.19.0\STM32CubeIDE\plugins\com.st.stm32cube.common.mx_6.15.0.202507011659\\db\/mcu/
2026-01-03 22:19:13,457 [INFO] ApiDb:274 - Set plugin database path to: D:\installs\STM32CubeIDE_1.19.0\STM32CubeIDE\plugins\com.st.stm32cube.common.mx_6.15.0.202507011659\\db\/plugins/boardmanager/
2026-01-03 22:19:13,457 [INFO] ApiDb:261 - Set plugin images path to: D:\installs\STM32CubeIDE_1.19.0\STM32CubeIDE\plugins\com.st.stm32cube.common.mx_6.15.0.202507011659\\db\/plugins/mcufinder/images/
2026-01-03 22:19:13,458 [WARN] DbFile:41 - Overriding database path with different value: C:\Users\22142\.stmcufinder\plugins\mcufinder/ => C:\Users\22142\.stmcufinder\plugins\mcufinder
2026-01-03 22:19:13,458 [INFO] ApiDb:250 - Set database path to: C:\Users\22142\.stmcufinder\plugins\mcufinder//mcu/
2026-01-03 22:19:13,458 [WARN] DbFile:41 - Overriding database path with different value: C:\Users\22142\.stmcufinder\plugins\mcufinder/ => C:\Users\22142\.stmcufinder\plugins\mcufinder
2026-01-03 22:19:13,458 [INFO] DbMcusAds:125 - Set database path to: C:\Users\22142\.stmcufinder\plugins\mcufinder//mcu/
2026-01-03 22:19:13,458 [WARN] DbFile:41 - Overriding database path with different value: C:\Users\22142\.stmcufinder\plugins\mcufinder/ => C:\Users\22142\.stmcufinder\plugins\mcufinder
2026-01-03 22:19:13,458 [WARN] DbFile:41 - Overriding database path with different value: C:\Users\22142\.stmcufinder\plugins\mcufinder/ => C:\Users\22142\.stmcufinder\plugins\mcufinder
2026-01-03 22:19:13,458 [INFO] CrossReferenceDbSqlite:203 - Set database path to: C:\Users\22142\.stmcufinder\plugins\mcufinder//mcu/cs/
2026-01-03 22:19:13,514 [INFO] MainPanel:274 - HeapMemory: 268435456
2026-01-03 22:19:13,578 [INFO] DbMcusXml:78 - Set database path to: D:\installs\STM32CubeIDE_1.19.0\STM32CubeIDE\plugins\com.st.stm32cube.common.mx_6.15.0.202507011659\\db\/mcu/
2026-01-03 22:19:13,578 [INFO] ApiDb:274 - Set plugin database path to: D:\installs\STM32CubeIDE_1.19.0\STM32CubeIDE\plugins\com.st.stm32cube.common.mx_6.15.0.202507011659\\db\/plugins/boardmanager/
2026-01-03 22:19:13,578 [INFO] ApiDb:261 - Set plugin images path to: D:\installs\STM32CubeIDE_1.19.0\STM32CubeIDE\plugins\com.st.stm32cube.common.mx_6.15.0.202507011659\\db\/plugins/mcufinder/images/
2026-01-03 22:19:13,578 [WARN] DbFile:41 - Overriding database path with different value: C:\Users\22142\.stmcufinder\plugins\mcufinder/ => C:\Users\22142\.stmcufinder\plugins\mcufinder
2026-01-03 22:19:13,578 [INFO] ApiDb:250 - Set database path to: C:\Users\22142\.stmcufinder\plugins\mcufinder//mcu/
2026-01-03 22:19:13,578 [WARN] DbFile:41 - Overriding database path with different value: C:\Users\22142\.stmcufinder\plugins\mcufinder/ => C:\Users\22142\.stmcufinder\plugins\mcufinder
2026-01-03 22:19:13,578 [INFO] DbMcusAds:125 - Set database path to: C:\Users\22142\.stmcufinder\plugins\mcufinder//mcu/
2026-01-03 22:19:13,578 [WARN] DbFile:41 - Overriding database path with different value: C:\Users\22142\.stmcufinder\plugins\mcufinder/ => C:\Users\22142\.stmcufinder\plugins\mcufinder
2026-01-03 22:19:13,578 [WARN] DbFile:41 - Overriding database path with different value: C:\Users\22142\.stmcufinder\plugins\mcufinder/ => C:\Users\22142\.stmcufinder\plugins\mcufinder
2026-01-03 22:19:13,578 [INFO] CrossReferenceDbSqlite:203 - Set database path to: C:\Users\22142\.stmcufinder\plugins\mcufinder//mcu/cs/
2026-01-03 22:19:13,594 [INFO] ApplicationProperties:184 - Using Application install path: D:\installs\STM32CubeIDE_1.19.0\STM32CubeIDE\plugins\com.st.stm32cube.common.mx_6.15.0.202507011659
2026-01-03 22:19:13,595 [INFO] PluginManage:196 - Search for loadable plugins [exclusion list=, ]
2026-01-03 22:19:13,596 [INFO] PluginManage:310 - Check plugin analytics
2026-01-03 22:19:13,750 [INFO] AnalyticsPlugin:253 - Accepted Software Licenses: STM32CubeMX.6.16.1
2026-01-03 22:19:13,750 [INFO] AnalyticsPlugin:255 - Accepted CMSIS Pack Licenses: 
2026-01-03 22:19:13,750 [INFO] AnalyticsPlugin:257 - Accepted Firmware Licenses: 
2026-01-03 22:19:13,754 [INFO] PluginManage:359 - Loaded plugin analytics (category:tool,tabindex:-1)
2026-01-03 22:19:13,754 [INFO] PluginManage:310 - Check plugin cadmodel
2026-01-03 22:19:13,757 [INFO] CADModel:105 - Init CAD model plugin
2026-01-03 22:19:13,757 [INFO] PluginManage:359 - Loaded plugin cadmodel (category:power,tabindex:5)
2026-01-03 22:19:13,758 [INFO] PluginManage:310 - Check plugin clock
2026-01-03 22:19:13,765 [INFO] PluginManage:359 - Loaded plugin clock (category:base,tabindex:2)
2026-01-03 22:19:13,765 [INFO] PluginManage:310 - Check plugin ddr
2026-01-03 22:19:13,767 [INFO] PluginManage:359 - Loaded plugin ddr (category:tool,tabindex:6)
2026-01-03 22:19:13,767 [INFO] PluginManage:310 - Check plugin filemanager
2026-01-03 22:19:13,891 [INFO] PluginManage:359 - Loaded plugin filemanager (category:base,tabindex:10)
2026-01-03 22:19:13,892 [INFO] PluginManage:310 - Check plugin ipmanager
2026-01-03 22:19:13,898 [INFO] PluginManage:359 - Loaded plugin ipmanager (category:base,tabindex:5)
2026-01-03 22:19:13,898 [INFO] PluginManage:310 - Check plugin lpbam
2026-01-03 22:19:13,905 [INFO] PluginManage:359 - Loaded plugin lpbam (category:base,tabindex:0)
2026-01-03 22:19:13,905 [INFO] PluginManage:310 - Check plugin memorymap
2026-01-03 22:19:13,915 [INFO] PluginManage:359 - Loaded plugin memorymap (category:base,tabindex:4)
2026-01-03 22:19:13,915 [INFO] PluginManage:310 - Check plugin pinoutandconfiguration
2026-01-03 22:19:13,920 [INFO] PluginManage:359 - Loaded plugin pinoutandconfiguration (category:base,tabindex:1)
2026-01-03 22:19:13,920 [INFO] PluginManage:310 - Check plugin pinoutconfig
2026-01-03 22:19:13,995 [WARN] SupportedApi:132 - Cannot load RTOS API schema: s4s-elt-must-match.1: The content of 'definitions' must match (annotation?, (simpleType | complexType)?, (unique | key | keyref)*)). A problem was found starting at: attribute.
2026-01-03 22:19:14,103 [INFO] PluginManage:359 - Loaded plugin pinoutconfig (category:base,tabindex:0)
2026-01-03 22:19:14,103 [INFO] PluginManage:310 - Check plugin power
2026-01-03 22:19:14,111 [INFO] PluginManage:359 - Loaded plugin power (category:power,tabindex:4)
2026-01-03 22:19:14,111 [INFO] PluginManage:310 - Check plugin projectmanager
2026-01-03 22:19:14,124 [INFO] PluginManage:359 - Loaded plugin projectmanager (category:projectmanager,tabindex:4)
2026-01-03 22:19:14,124 [INFO] PluginManage:310 - Check plugin rif
2026-01-03 22:19:14,134 [INFO] PluginManage:359 - Loaded plugin rif (category:base,tabindex:3)
2026-01-03 22:19:14,134 [INFO] PluginManage:310 - Check plugin thirdparty
2026-01-03 22:19:14,251 [INFO] PluginManage:359 - Loaded plugin thirdparty (category:base,tabindex:-1)
2026-01-03 22:19:14,251 [WARN] IntegrityCheckThread:84 - waiting for thirdparty lock release [integrity check]
2026-01-03 22:19:14,251 [INFO] PluginManage:310 - Check plugin tools
2026-01-03 22:19:14,251 [INFO] IntegrityCheckThread:86 - entering critical section [integrity check]
2026-01-03 22:19:14,251 [INFO] ThirdPartyUpdaterWithRetryManager:70 - Updater plugin not ready yet. [1/15]
2026-01-03 22:19:14,253 [INFO] PluginManage:359 - Loaded plugin tools (category:base,tabindex:7)
2026-01-03 22:19:14,253 [INFO] PluginManage:310 - Check plugin tutovideos
2026-01-03 22:19:14,402 [INFO] PluginManage:359 - Loaded plugin tutovideos (category:base,tabindex:-1)
2026-01-03 22:19:14,402 [INFO] PluginManage:310 - Check plugin updater
2026-01-03 22:19:14,418 [INFO] PluginManage:359 - Loaded plugin updater (category:base,tabindex:12)
2026-01-03 22:19:14,419 [INFO] PluginManage:310 - Check plugin userauth
2026-01-03 22:19:14,421 [INFO] UserAuth:118 - Init User Auth plugin
2026-01-03 22:19:14,422 [INFO] PluginManage:359 - Loaded plugin userauth (category:base,tabindex:14)
2026-01-03 22:19:14,422 [INFO] PluginManage:283 - PluginManage : Loaded plugins [18]
2026-01-03 22:19:14,598 [INFO] PinOutPanel:1589 - setPackage(No Configuration,No Configuration)
2026-01-03 22:19:14,669 [INFO] CADModel:165 - CPN selected for project level
2026-01-03 22:19:14,669 [INFO] CADModel:114 - Register for checkConnection events
2026-01-03 22:19:14,684 [INFO] IPUIPlugin:80 - create IPUIPlugin
2026-01-03 22:19:14,684 [INFO] PluginManager:220 - loadIPPluginJar : add adc
2026-01-03 22:19:14,686 [INFO] IPUIPlugin:80 - create IPUIPlugin
2026-01-03 22:19:14,686 [INFO] PluginManager:220 - loadIPPluginJar : add aes
2026-01-03 22:19:14,689 [INFO] IPUIPlugin:80 - create IPUIPlugin
2026-01-03 22:19:14,689 [INFO] PluginManager:220 - loadIPPluginJar : add can
2026-01-03 22:19:14,689 [INFO] IPUIPlugin:80 - create IPUIPlugin
2026-01-03 22:19:14,690 [INFO] PluginManager:220 - loadIPPluginJar : add comp
2026-01-03 22:19:14,691 [INFO] IPUIPlugin:80 - create IPUIPlugin
2026-01-03 22:19:14,691 [INFO] PluginManager:220 - loadIPPluginJar : add cryp
2026-01-03 22:19:14,693 [INFO] IPUIPlugin:80 - create IPUIPlugin
2026-01-03 22:19:14,693 [INFO] PluginManager:220 - loadIPPluginJar : add ddr_ctrl_phy
2026-01-03 22:19:14,695 [INFO] IPUIPlugin:80 - create IPUIPlugin
2026-01-03 22:19:14,695 [INFO] PluginManager:220 - loadIPPluginJar : add dfsdm
2026-01-03 22:19:14,700 [INFO] IPUIPlugin:80 - create IPUIPlugin
2026-01-03 22:19:14,700 [INFO] PluginManager:220 - loadIPPluginJar : add dma
2026-01-03 22:19:14,702 [INFO] IPUIPlugin:80 - create IPUIPlugin
2026-01-03 22:19:14,702 [INFO] PluginManager:220 - loadIPPluginJar : add dma3
2026-01-03 22:19:14,704 [INFO] IPUIPlugin:80 - create IPUIPlugin
2026-01-03 22:19:14,704 [INFO] PluginManager:220 - loadIPPluginJar : add extmemmanager
2026-01-03 22:19:14,705 [INFO] IPUIPlugin:80 - create IPUIPlugin
2026-01-03 22:19:14,705 [INFO] PluginManager:220 - loadIPPluginJar : add fatfs
2026-01-03 22:19:14,709 [INFO] IPUIPlugin:80 - create IPUIPlugin
2026-01-03 22:19:14,709 [INFO] PluginManager:220 - loadIPPluginJar : add fmc
2026-01-03 22:19:14,713 [INFO] IPUIPlugin:80 - create IPUIPlugin
2026-01-03 22:19:14,713 [INFO] PluginManager:220 - loadIPPluginJar : add freertos
2026-01-03 22:19:14,714 [INFO] IPUIPlugin:80 - create IPUIPlugin
2026-01-03 22:19:14,714 [INFO] PluginManager:220 - loadIPPluginJar : add genericplugin
2026-01-03 22:19:14,716 [INFO] IPUIPlugin:80 - create IPUIPlugin
2026-01-03 22:19:14,716 [INFO] PluginManager:220 - loadIPPluginJar : add gfxmmu
2026-01-03 22:19:14,720 [INFO] IPUIPlugin:80 - create IPUIPlugin
2026-01-03 22:19:14,720 [INFO] PluginManager:220 - loadIPPluginJar : add gic
2026-01-03 22:19:14,723 [INFO] IPUIPlugin:80 - create IPUIPlugin
2026-01-03 22:19:14,723 [INFO] PluginManager:220 - loadIPPluginJar : add gpio
2026-01-03 22:19:14,725 [INFO] IPUIPlugin:80 - create IPUIPlugin
2026-01-03 22:19:14,725 [INFO] PluginManager:220 - loadIPPluginJar : add gtzc
2026-01-03 22:19:14,726 [INFO] IPUIPlugin:80 - create IPUIPlugin
2026-01-03 22:19:14,727 [INFO] PluginManager:220 - loadIPPluginJar : add hash
2026-01-03 22:19:14,728 [INFO] IPUIPlugin:80 - create IPUIPlugin
2026-01-03 22:19:14,729 [INFO] PluginManager:220 - loadIPPluginJar : add i2c
2026-01-03 22:19:14,730 [INFO] IPUIPlugin:80 - create IPUIPlugin
2026-01-03 22:19:14,731 [INFO] PluginManager:220 - loadIPPluginJar : add i2s
2026-01-03 22:19:14,733 [INFO] IPUIPlugin:80 - create IPUIPlugin
2026-01-03 22:19:14,733 [INFO] PluginManager:220 - loadIPPluginJar : add i3c
2026-01-03 22:19:14,735 [INFO] IPUIPlugin:80 - create IPUIPlugin
2026-01-03 22:19:14,735 [INFO] PluginManager:220 - loadIPPluginJar : add ipddr
2026-01-03 22:19:14,741 [INFO] IPUIPlugin:80 - create IPUIPlugin
2026-01-03 22:19:14,741 [INFO] PluginManager:220 - loadIPPluginJar : add linkedlist
2026-01-03 22:19:14,744 [INFO] IPUIPlugin:80 - create IPUIPlugin
2026-01-03 22:19:14,744 [INFO] PluginManager:220 - loadIPPluginJar : add lorawan
2026-01-03 22:19:14,745 [INFO] IPUIPlugin:80 - create IPUIPlugin
2026-01-03 22:19:14,745 [INFO] PluginManager:220 - loadIPPluginJar : add ltdc
2026-01-03 22:19:14,749 [INFO] IPUIPlugin:80 - create IPUIPlugin
2026-01-03 22:19:14,749 [INFO] PluginManager:220 - loadIPPluginJar : add mdma
2026-01-03 22:19:14,752 [INFO] IPUIPlugin:80 - create IPUIPlugin
2026-01-03 22:19:14,752 [INFO] PluginManager:220 - loadIPPluginJar : add nvic
2026-01-03 22:19:14,754 [INFO] IPUIPlugin:80 - create IPUIPlugin
2026-01-03 22:19:14,754 [INFO] PluginManager:220 - loadIPPluginJar : add opamp
2026-01-03 22:19:14,756 [INFO] IPUIPlugin:80 - create IPUIPlugin
2026-01-03 22:19:14,756 [INFO] PluginManager:220 - loadIPPluginJar : add openamp
2026-01-03 22:19:14,759 [INFO] IPUIPlugin:80 - create IPUIPlugin
2026-01-03 22:19:14,759 [INFO] PluginManager:220 - loadIPPluginJar : add pdm2pcm
2026-01-03 22:19:14,763 [INFO] IPUIPlugin:80 - create IPUIPlugin
2026-01-03 22:19:14,767 [INFO] PluginManager:220 - loadIPPluginJar : add plateformsettings
2026-01-03 22:19:14,769 [INFO] IPUIPlugin:80 - create IPUIPlugin
2026-01-03 22:19:14,769 [INFO] PluginManager:220 - loadIPPluginJar : add quadspi
2026-01-03 22:19:14,771 [INFO] IPUIPlugin:80 - create IPUIPlugin
2026-01-03 22:19:14,771 [INFO] PluginManager:220 - loadIPPluginJar : add radio
2026-01-03 22:19:14,773 [INFO] IPUIPlugin:80 - create IPUIPlugin
2026-01-03 22:19:14,773 [INFO] PluginManager:220 - loadIPPluginJar : add resmgrutility
2026-01-03 22:19:14,775 [INFO] IPUIPlugin:80 - create IPUIPlugin
2026-01-03 22:19:14,775 [INFO] PluginManager:220 - loadIPPluginJar : add sai
2026-01-03 22:19:14,777 [INFO] IPUIPlugin:80 - create IPUIPlugin
2026-01-03 22:19:14,777 [INFO] PluginManager:220 - loadIPPluginJar : add spi
2026-01-03 22:19:14,781 [INFO] IPUIPlugin:80 - create IPUIPlugin
2026-01-03 22:19:14,782 [INFO] PluginManager:220 - loadIPPluginJar : add stm32_wpan
2026-01-03 22:19:14,783 [INFO] IPUIPlugin:80 - create IPUIPlugin
2026-01-03 22:19:14,783 [INFO] PluginManager:220 - loadIPPluginJar : add tim
2026-01-03 22:19:14,785 [INFO] IPUIPlugin:80 - create IPUIPlugin
2026-01-03 22:19:14,786 [INFO] PluginManager:220 - loadIPPluginJar : add touchsensing
2026-01-03 22:19:14,787 [INFO] IPUIPlugin:80 - create IPUIPlugin
2026-01-03 22:19:14,787 [INFO] PluginManager:220 - loadIPPluginJar : add tracer_emb
2026-01-03 22:19:14,789 [INFO] IPUIPlugin:80 - create IPUIPlugin
2026-01-03 22:19:14,789 [INFO] PluginManager:220 - loadIPPluginJar : add ts
2026-01-03 22:19:14,790 [INFO] IPUIPlugin:80 - create IPUIPlugin
2026-01-03 22:19:14,790 [INFO] PluginManager:220 - loadIPPluginJar : add tsc
2026-01-03 22:19:14,791 [INFO] IPUIPlugin:80 - create IPUIPlugin
2026-01-03 22:19:14,791 [INFO] PluginManager:220 - loadIPPluginJar : add ucpd
2026-01-03 22:19:14,792 [INFO] IPUIPlugin:80 - create IPUIPlugin
2026-01-03 22:19:14,792 [INFO] PluginManager:220 - loadIPPluginJar : add usart
2026-01-03 22:19:14,795 [INFO] IPUIPlugin:80 - create IPUIPlugin
2026-01-03 22:19:14,795 [INFO] PluginManager:220 - loadIPPluginJar : add usbx
2026-01-03 22:19:14,914 [FATAL] Updater:351 - Updater called before beeing initialized
2026-01-03 22:19:14,935 [INFO] RulesReader:64 - Compatibility file has been processed (317 Rules)
2026-01-03 22:19:14,946 [INFO] RulesReader:64 - Compatibility file has been processed (317 Rules)
2026-01-03 22:19:14,954 [INFO] CADModel:165 - CPN selected for project level
2026-01-03 22:19:14,954 [INFO] CADModel:114 - Register for checkConnection events
2026-01-03 22:19:14,954 [FATAL] Updater:351 - Updater called before beeing initialized
2026-01-03 22:19:14,954 [ERROR] CADModel:125 - Updater not yet initialized, retry later 
2026-01-03 22:19:15,102 [FATAL] Updater:351 - Updater called before beeing initialized
2026-01-03 22:19:15,104 [INFO] CADModel:165 - CPN selected for project level
2026-01-03 22:19:15,104 [INFO] CADModel:114 - Register for checkConnection events
2026-01-03 22:19:15,104 [FATAL] Updater:351 - Updater called before beeing initialized
2026-01-03 22:19:15,104 [ERROR] CADModel:125 - Updater not yet initialized, retry later 
2026-01-03 22:19:15,107 [FATAL] Updater:351 - Updater called before beeing initialized
2026-01-03 22:19:15,219 [FATAL] Updater:351 - Updater called before beeing initialized
2026-01-03 22:19:15,223 [INFO] DbMcusAds:53 - JSON generation date=Tue Dec 16 04:41:46 IST 2025 (1765840306612)
2026-01-03 22:19:15,223 [FATAL] Updater:351 - Updater called before beeing initialized
2026-01-03 22:19:15,250 [WARN] DetailPanel:346 - Failed to get advertising image, set to default
2026-01-03 22:19:15,328 [FATAL] Updater:351 - Updater called before beeing initialized
2026-01-03 22:19:15,329 [FATAL] Updater:351 - Updater called before beeing initialized
2026-01-03 22:19:15,329 [FATAL] Updater:351 - Updater called before beeing initialized
2026-01-03 22:19:15,329 [WARN] DetailPanel:346 - Failed to get advertising image, set to default
2026-01-03 22:19:15,330 [FATAL] Updater:351 - Updater called before beeing initialized
2026-01-03 22:19:15,367 [ERROR] Updater:1198 - MainUpdater not yet initialized. External WinMGr cannot be set.
2026-01-03 22:19:15,369 [INFO] Updater:1134 - Updater Version found : 6.15.0
2026-01-03 22:19:15,382 [INFO] ApplicationProperties:184 - Using Application install path: D:\installs\STM32CubeIDE_1.19.0\STM32CubeIDE\plugins\com.st.stm32cube.common.mx_6.15.0.202507011659
2026-01-03 22:19:15,595 [INFO] MainUpdater:2872 - connection check result : 10
2026-01-03 22:19:15,596 [INFO] MainUpdater:289 - Updater Check For Update Now.
2026-01-03 22:19:15,596 [INFO] MicroXplorer:498 - Change Database Version : DB.6.0.150
2026-01-03 22:19:15,601 [INFO] McuFinderGlobals:63 - Set McuFinder mode to 2 (CubeIDE integrated)
2026-01-03 22:19:15,601 [INFO] UserAuth:171 - activating auth plugin
2026-01-03 22:19:15,603 [INFO] UserAuth:487 - Internet connection configuration mode: 1
2026-01-03 22:19:15,621 [INFO] JxBrowserEngine:152 - Initiate JxBrowser Engine with user profile folder
2026-01-03 22:19:15,765 [INFO] CheckServerUpdateThread:120 - End of CheckServer Thread
2026-01-03 22:19:16,338 [INFO] WebApp:169 - Instantiating new browser for Auth
2026-01-03 22:19:16,841 [INFO] WebApp:463 - Apply proxy settings
2026-01-03 22:19:16,841 [INFO] WebApp:548 - Chromium requires no authentication
2026-01-03 22:19:16,846 [INFO] WebApp:491 - Direct internet connection detected
2026-01-03 22:19:16,862 [INFO] WebApp:900 - Register for checkConnection events
2026-01-03 22:19:16,862 [INFO] WebApp:463 - Apply proxy settings
2026-01-03 22:19:16,862 [INFO] WebApp:548 - Chromium requires no authentication
2026-01-03 22:19:16,862 [INFO] WebApp:491 - Direct internet connection detected
2026-01-03 22:19:16,976 [INFO] WebApp:225 - Starting web application
2026-01-03 22:19:16,976 [INFO] WebApp:593 - Web application path used D:\installs\STM32CubeIDE_1.19.0\STM32CubeIDE\plugins\com.st.stm32cube.common.mx_6.15.0.202507011659\db\plugins\mcufinder\reactClient1\index.html
2026-01-03 22:19:17,123 [INFO] WebApp:191 - Connection restablished
2026-01-03 22:19:17,500 [WARN] PackLoader:240 - Cannot read IP mode file for STMicroelectronics.FP-SNS-MOTENVWB1.1.4.0
2026-01-03 22:19:17,509 [WARN] PackLoader:240 - Cannot read IP mode file for STMicroelectronics.FP-ATR-ASTRA1.2.0.2
2026-01-03 22:19:17,520 [WARN] PackLoader:240 - Cannot read IP mode file for STMicroelectronics.X-CUBE-SMBUS.2.1.0
2026-01-03 22:19:17,528 [WARN] PackLoader:240 - Cannot read IP mode file for STMicroelectronics.X-CUBE-WB05N.1.1.0
2026-01-03 22:19:17,555 [WARN] PackLoader:240 - Cannot read IP mode file for STMicroelectronics.X-CUBE-AZRTOS-F7.1.1.0
2026-01-03 22:19:17,563 [WARN] PackLoader:240 - Cannot read IP mode file for STMicroelectronics.FP-SNS-MOTENV1.5.1.0
2026-01-03 22:19:17,590 [WARN] PackLoader:240 - Cannot read IP mode file for Infineon.AIROC-Wi-Fi-Bluetooth-STM32.1.7.0
2026-01-03 22:19:17,618 [WARN] PackLoader:240 - Cannot read IP mode file for STMicroelectronics.X-CUBE-AZRTOS-H7.3.4.0
2026-01-03 22:19:17,628 [WARN] PackLoader:240 - Cannot read IP mode file for STMicroelectronics.X-CUBE-DISPLAY.3.0.0
2026-01-03 22:19:17,637 [WARN] PackLoader:240 - Cannot read IP mode file for STMicroelectronics.X-CUBE-NFC10.1.0.0
2026-01-03 22:19:17,647 [WARN] PackLoader:240 - Cannot read IP mode file for STMicroelectronics.X-CUBE-BLEMGR.4.0.0
2026-01-03 22:19:17,654 [WARN] PackLoader:240 - Cannot read IP mode file for STMicroelectronics.X-CUBE-ST60.1.1.0
2026-01-03 22:19:17,660 [WARN] PackLoader:240 - Cannot read IP mode file for emotas.I-CUBE-CANOPEN.1.3.0
2026-01-03 22:19:17,665 [WARN] PackLoader:240 - Cannot read IP mode file for STMicroelectronics.X-CUBE-GNSS1.7.1.0
2026-01-03 22:19:17,671 [WARN] ConditionMgr:438 - getConditionDescription Invalid condition id : Cortex-A Device cause : null
2026-01-03 22:19:17,684 [WARN] ConditionMgr:1044 - genDependencies : Invalid condition id : Cortex-A Device cause : null
2026-01-03 22:19:17,684 [WARN] ConditionMgr:1044 - genDependencies : Invalid condition id : Cortex-A Device cause : null
2026-01-03 22:19:17,684 [WARN] ConditionMgr:1044 - genDependencies : Invalid condition id : Cortex-A Device cause : null
2026-01-03 22:19:17,688 [WARN] PackLoader:240 - Cannot read IP mode file for STMicroelectronics.X-CUBE-AI.10.0.0
2026-01-03 22:19:17,695 [WARN] PackLoader:240 - Cannot read IP mode file for STMicroelectronics.FP-SNS-STBOX1.2.1.0
2026-01-03 22:19:17,710 [WARN] PackLoader:240 - Cannot read IP mode file for STMicroelectronics.FP-SNS-SMARTAG2.1.2.0
2026-01-03 22:19:17,715 [WARN] PackLoader:240 - Cannot read IP mode file for STMicroelectronics.FP-SNS-FLIGHT1.5.1.0
2026-01-03 22:19:17,752 [WARN] PackLoader:240 - Cannot read IP mode file for STMicroelectronics.X-CUBE-MEMS1.11.1.0
2026-01-03 22:19:17,862 [INFO] LogOutputStream:77 - [STDOUT_REDIRECT] 1 : Invalid condition id : UX_CORESTACK_Condition cause : null
2026-01-03 22:19:17,862 [INFO] LogOutputStream:77 - [STDOUT_REDIRECT] 1 : Invalid condition id : UX_CORESTACK_Condition cause : null
2026-01-03 22:19:17,863 [INFO] LogOutputStream:77 - [STDOUT_REDIRECT] 1 : Invalid condition id : UX_CORESTACK_Condition cause : null
2026-01-03 22:19:17,864 [INFO] LogOutputStream:77 - [STDOUT_REDIRECT] 1 : Invalid condition id : UX_CORESTACK_Condition cause : null
2026-01-03 22:19:17,865 [INFO] LogOutputStream:77 - [STDOUT_REDIRECT] 1 : Invalid condition id : UX_CORESTACK_Condition cause : null
2026-01-03 22:19:17,868 [WARN] PackLoader:240 - Cannot read IP mode file for STMicroelectronics.X-CUBE-AZRTOS-WL.2.0.0
2026-01-03 22:19:17,873 [WARN] PackLoader:240 - Cannot read IP mode file for STMicroelectronics.FP-SNS-MOTENV1.5.0.0
2026-01-03 22:19:17,935 [WARN] PackLoader:240 - Cannot read IP mode file for STMicroelectronics.X-CUBE-AZRTOS-H7RS.1.2.0
2026-01-03 22:19:17,949 [WARN] PackLoader:240 - Cannot read IP mode file for WES.I-CUBE-Cesium.1.3.0
2026-01-03 22:19:17,955 [WARN] PackLoader:240 - Cannot read IP mode file for STMicroelectronics.X-CUBE-BLE2.3.3.0
2026-01-03 22:19:17,972 [WARN] PackLoader:240 - Cannot read IP mode file for STMicroelectronics.X-CUBE-NFC9.1.0.0
2026-01-03 22:19:17,977 [WARN] PackLoader:240 - Cannot read IP mode file for STMicroelectronics.X-CUBE-BLE1.7.1.0
2026-01-03 22:19:17,980 [WARN] PackLoader:240 - Cannot read IP mode file for wolfSSL.I-CUBE-wolfMQTT.1.19.2
2026-01-03 22:19:17,986 [WARN] PackLoader:240 - Cannot read IP mode file for STMicroelectronics.X-CUBE-FREERTOS.1.4.0
2026-01-03 22:19:17,991 [WARN] PackLoader:240 - Cannot read IP mode file for STMicroelectronics.X-CUBE-EEPRMA1.5.2.0
2026-01-03 22:19:17,996 [WARN] PackLoader:240 - Cannot read IP mode file for STMicroelectronics.X-CUBE-ST67W61.1.1.0
2026-01-03 22:19:18,021 [WARN] PackLoader:240 - Cannot read IP mode file for STMicroelectronics.X-CUBE-MEMS1.12.0.0
2026-01-03 22:19:18,079 [WARN] PackLoader:240 - Cannot read IP mode file for STMicroelectronics.X-CUBE-AZRTOS-G0.1.1.0
2026-01-03 22:19:18,085 [WARN] PackLoader:240 - Cannot read IP mode file for STMicroelectronics.X-CUBE-SAFEA1.1.2.2
2026-01-03 22:19:18,089 [WARN] PackLoader:240 - Cannot read IP mode file for STMicroelectronics.X-CUBE-NFC4.3.0.0
2026-01-03 22:19:18,102 [WARN] PackLoader:240 - Cannot read IP mode file for EmbeddedOffice.I-CUBE-FS-RTOS.1.0.1
2026-01-03 22:19:18,109 [WARN] PackLoader:240 - Cannot read IP mode file for STMicroelectronics.X-CUBE-WB05N.2.0.0
2026-01-03 22:19:18,119 [WARN] PackLoader:240 - Cannot read IP mode file for wolfSSL.I-CUBE-wolfTPM.3.8.0
2026-01-03 22:19:18,125 [WARN] PackLoader:240 - Cannot read IP mode file for STMicroelectronics.X-CUBE-TCPP.4.2.0
2026-01-03 22:19:18,132 [WARN] PackLoader:240 - Cannot read IP mode file for RealThread.X-CUBE-RT-Thread_Nano.4.1.1
2026-01-03 22:19:18,137 [WARN] PackLoader:240 - Cannot read IP mode file for STMicroelectronics.FP-ATR-SIGFOX1.3.2.0
2026-01-03 22:19:18,140 [WARN] PackLoader:240 - Cannot read IP mode file for STMicroelectronics.X-CUBE-EEPRMA1.5.1.0
2026-01-03 22:19:18,145 [WARN] PackLoader:240 - Cannot read IP mode file for wolfSSL.I-CUBE-wolfSSL.5.7.6
2026-01-03 22:19:18,150 [WARN] PackLoader:240 - Cannot read IP mode file for ITTIA_DB.I-CUBE-ITTIADB.8.9.0
2026-01-03 22:19:18,153 [WARN] PackLoader:240 - Cannot read IP mode file for STMicroelectronics.X-CUBE-AI.10.2.0
2026-01-03 22:19:18,167 [WARN] PackLoader:240 - Cannot read IP mode file for SEGGER.I-CUBE-embOS.1.3.1
2026-01-03 22:19:18,197 [WARN] PackLoader:240 - Cannot read IP mode file for STMicroelectronics.X-CUBE-ALGOBUILD.1.4.0
2026-01-03 22:19:18,201 [WARN] PackLoader:240 - Cannot read IP mode file for STMicroelectronics.X-CUBE-PM33A1.1.0.0
2026-01-03 22:19:18,211 [WARN] PackLoader:240 - Cannot read IP mode file for STMicroelectronics.X-CUBE-AZRTOS-F4.1.1.0
2026-01-03 22:19:18,217 [WARN] PackLoader:240 - Cannot read IP mode file for STMicroelectronics.X-CUBE-ISPU.2.1.0
2026-01-03 22:19:18,225 [WARN] PackLoader:240 - Cannot read IP mode file for STMicroelectronics.X-CUBE-IPS.3.2.0
2026-01-03 22:19:18,233 [WARN] PackLoader:240 - Cannot read IP mode file for STMicroelectronics.X-CUBE-NFC12.1.0.0
2026-01-03 22:19:18,244 [WARN] PackLoader:240 - Cannot read IP mode file for STMicroelectronics.X-CUBE-AZRTOS-L5.2.0.0
2026-01-03 22:19:18,251 [WARN] PackLoader:240 - Cannot read IP mode file for STMicroelectronics.X-CUBE-NFC6.3.1.0
2026-01-03 22:19:18,256 [WARN] PackLoader:240 - Cannot read IP mode file for STMicroelectronics.X-CUBE-DPower.1.2.0
2026-01-03 22:19:18,259 [WARN] PackLoader:240 - Cannot read IP mode file for STMicroelectronics.X-CUBE-FREERTOS.1.3.0
2026-01-03 22:19:18,262 [WARN] PackLoader:240 - Cannot read IP mode file for STMicroelectronics.X-CUBE-NFC7.1.0.1
2026-01-03 22:19:18,268 [WARN] PackLoader:240 - Cannot read IP mode file for STMicroelectronics.X-CUBE-TOUCHGFX.4.26.0
2026-01-03 22:19:18,274 [WARN] PackLoader:240 - Cannot read IP mode file for STMicroelectronics.FP-SNS-STAIOTCFT.1.0.0
2026-01-03 22:19:18,277 [WARN] PackLoader:240 - Cannot read IP mode file for STMicroelectronics.X-CUBE-DPower.1.3.0
2026-01-03 22:19:18,288 [WARN] ConditionMgr:438 - getConditionDescription Invalid condition id : LAN8742 Phy interface Condition cause : null
2026-01-03 22:19:18,288 [WARN] PackLoader:240 - Cannot read IP mode file for STMicroelectronics.X-CUBE-AZRTOS-L4.2.0.0
2026-01-03 22:19:18,289 [WARN] ConditionMgr:1044 - genDependencies : Invalid condition id : LAN8742 Phy interface Condition cause : null
2026-01-03 22:19:18,289 [WARN] ConditionMgr:1044 - genDependencies : Invalid condition id : LAN8742 Phy interface Condition cause : null
2026-01-03 22:19:18,289 [WARN] ConditionMgr:1044 - genDependencies : Invalid condition id : LAN8742 Phy interface Condition cause : null
2026-01-03 22:19:18,295 [WARN] PackLoader:240 - Cannot read IP mode file for STMicroelectronics.X-CUBE-SFXS2LP1.4.0.0
2026-01-03 22:19:18,307 [WARN] PackLoader:240 - Cannot read IP mode file for STMicroelectronics.X-CUBE-AZRTOS-H7.3.3.0
2026-01-03 22:19:18,314 [WARN] PackLoader:240 - Cannot read IP mode file for STMicroelectronics.X-CUBE-BLEMGR.4.1.0
2026-01-03 22:19:18,323 [WARN] ConditionMgr:438 - getConditionDescription Invalid condition id : UX DEVICE CLASS RTOS Condition cause : null
2026-01-03 22:19:18,324 [WARN] ConditionMgr:438 - getConditionDescription Invalid condition id : UX DEVICE CLASS RTOS Condition cause : null
2026-01-03 22:19:18,325 [WARN] PackLoader:240 - Cannot read IP mode file for STMicroelectronics.X-CUBE-AZRTOS-WB.2.0.0
2026-01-03 22:19:18,326 [WARN] ConditionMgr:1044 - genDependencies : Invalid condition id : UX DEVICE CLASS RTOS Condition cause : null
2026-01-03 22:19:18,326 [WARN] ConditionMgr:1044 - genDependencies : Invalid condition id : UX DEVICE CLASS RTOS Condition cause : null
2026-01-03 22:19:18,326 [WARN] ConditionMgr:1044 - genDependencies : Invalid condition id : UX DEVICE CLASS RTOS Condition cause : null
2026-01-03 22:19:18,326 [WARN] ConditionMgr:1044 - genDependencies : Invalid condition id : UX DEVICE CLASS RTOS Condition cause : null
2026-01-03 22:19:18,326 [WARN] ConditionMgr:1044 - genDependencies : Invalid condition id : UX DEVICE CLASS RTOS Condition cause : null
2026-01-03 22:19:18,335 [WARN] PackLoader:240 - Cannot read IP mode file for STMicroelectronics.X-CUBE-GNSS1.7.0.1
2026-01-03 22:19:18,338 [WARN] PackLoader:240 - Cannot read IP mode file for STMicroelectronics.X-CUBE-TOUCHGFX.4.25.0
2026-01-03 22:19:18,344 [WARN] PackLoader:240 - Cannot read IP mode file for STMicroelectronics.FP-SNS-STBOX1.2.0.0
2026-01-03 22:19:18,355 [WARN] PackLoader:240 - Cannot read IP mode file for STMicroelectronics.X-CUBE-SUBG2.5.0.0
2026-01-03 22:19:18,375 [WARN] PackLoader:240 - Cannot read IP mode file for STMicroelectronics.X-CUBE-AZRTOS-H7RS.1.1.0
2026-01-03 22:19:18,382 [WARN] PackLoader:240 - Cannot read IP mode file for Cesanta.I-CUBE-Mongoose.7.13.0
2026-01-03 22:19:18,403 [WARN] PackLoader:240 - Cannot read IP mode file for STMicroelectronics.X-CUBE-AZRTOS-G4.2.0.0
2026-01-03 22:19:18,412 [WARN] PackLoader:240 - Cannot read IP mode file for wolfSSL.I-CUBE-wolfSSH.1.4.20
2026-01-03 22:19:18,416 [WARN] PackLoader:240 - Cannot read IP mode file for STMicroelectronics.X-CUBE-NFC7.2.0.0
2026-01-03 22:19:18,426 [WARN] PackLoader:240 - Cannot read IP mode file for STMicroelectronics.X-CUBE-IPS.3.1.0
2026-01-03 22:19:18,435 [WARN] PackLoader:240 - Cannot read IP mode file for STMicroelectronics.X-CUBE-ALS.1.0.2
2026-01-03 22:19:18,442 [WARN] PackLoader:240 - Cannot read IP mode file for STMicroelectronics.X-CUBE-STSE01.1.0.0
2026-01-03 22:19:18,448 [WARN] PackLoader:240 - Cannot read IP mode file for portGmbH.I-Cube-SoM-uGOAL.1.1.0
2026-01-03 22:19:18,454 [WARN] PackLoader:240 - Cannot read IP mode file for STMicroelectronics.X-CUBE-TOF1.3.4.2
2026-01-03 22:19:18,466 [WARN] PackLoader:240 - Cannot read IP mode file for STMicroelectronics.X-CUBE-TOF1.3.4.3
2026-01-03 22:19:18,472 [INFO] ThirdParty:978 - Integrity check success = true
2026-01-03 22:19:18,472 [INFO] IntegrityCheckThread:100 - exiting critical section [integrity check]
2026-01-03 22:19:18,472 [INFO] IntegrityCheckThread:103 - End integrity checks thread
2026-01-03 22:19:25,091 [ERROR] LogOutputStream:75 - [STDERR_REDIRECT] 
2026-01-03 22:27:36,555 [INFO] Activator:176 - 


2026-01-03 22:27:36,557 [INFO] Activator:177 - !SESSION log4j initialized
2026-01-03 22:27:41,408 [INFO] LogOutputStream:77 - [STDOUT_REDIRECT] 
2026-01-03 22:27:42,226 [INFO] ApplicationProperties:184 - Using Application install path: D:\installs\STM32CubeIDE_1.19.0\STM32CubeIDE\plugins\com.st.stm32cube.common.mx_6.15.0.202507011659
2026-01-03 22:27:42,238 [INFO] DbMcusXml:78 - Set database path to: D:\installs\STM32CubeIDE_1.19.0\STM32CubeIDE\plugins\com.st.stm32cube.common.mx_6.15.0.202507011659\\db\/mcu/
2026-01-03 22:27:42,239 [INFO] ApiDb:274 - Set plugin database path to: D:\installs\STM32CubeIDE_1.19.0\STM32CubeIDE\plugins\com.st.stm32cube.common.mx_6.15.0.202507011659\\db\/plugins/boardmanager/
2026-01-03 22:27:42,239 [WARN] ApiDb:259 - Overriding images path with different value:  => D:\installs\STM32CubeIDE_1.19.0\STM32CubeIDE\plugins\com.st.stm32cube.common.mx_6.15.0.202507011659\\db\/plugins/mcufinder/images/
2026-01-03 22:27:42,243 [INFO] ApiDb:250 - Set database path to: C:\Users\22142\.stmcufinder\plugins\mcufinder//mcu/
2026-01-03 22:27:42,243 [INFO] DbMcusAds:125 - Set database path to: C:\Users\22142\.stmcufinder\plugins\mcufinder//mcu/
2026-01-03 22:27:42,245 [INFO] CrossReferenceDbSqlite:203 - Set database path to: C:\Users\22142\.stmcufinder\plugins\mcufinder//mcu/cs/
2026-01-03 22:27:42,339 [INFO] RulesReader:64 - Compatibility file has been processed (317 Rules)
2026-01-03 22:27:42,412 [INFO] DbMcusXml:78 - Set database path to: D:\installs\STM32CubeIDE_1.19.0\STM32CubeIDE\plugins\com.st.stm32cube.common.mx_6.15.0.202507011659\\db\/mcu/
2026-01-03 22:27:42,413 [INFO] ApiDb:274 - Set plugin database path to: D:\installs\STM32CubeIDE_1.19.0\STM32CubeIDE\plugins\com.st.stm32cube.common.mx_6.15.0.202507011659\\db\/plugins/boardmanager/
2026-01-03 22:27:42,413 [INFO] ApiDb:261 - Set plugin images path to: D:\installs\STM32CubeIDE_1.19.0\STM32CubeIDE\plugins\com.st.stm32cube.common.mx_6.15.0.202507011659\\db\/plugins/mcufinder/images/
2026-01-03 22:27:42,413 [WARN] DbFile:41 - Overriding database path with different value: C:\Users\22142\.stmcufinder\plugins\mcufinder/ => C:\Users\22142\.stmcufinder\plugins\mcufinder
2026-01-03 22:27:42,413 [INFO] ApiDb:250 - Set database path to: C:\Users\22142\.stmcufinder\plugins\mcufinder//mcu/
2026-01-03 22:27:42,413 [WARN] DbFile:41 - Overriding database path with different value: C:\Users\22142\.stmcufinder\plugins\mcufinder/ => C:\Users\22142\.stmcufinder\plugins\mcufinder
2026-01-03 22:27:42,413 [INFO] DbMcusAds:125 - Set database path to: C:\Users\22142\.stmcufinder\plugins\mcufinder//mcu/
2026-01-03 22:27:42,413 [WARN] DbFile:41 - Overriding database path with different value: C:\Users\22142\.stmcufinder\plugins\mcufinder/ => C:\Users\22142\.stmcufinder\plugins\mcufinder
2026-01-03 22:27:42,413 [WARN] DbFile:41 - Overriding database path with different value: C:\Users\22142\.stmcufinder\plugins\mcufinder/ => C:\Users\22142\.stmcufinder\plugins\mcufinder
2026-01-03 22:27:42,413 [INFO] CrossReferenceDbSqlite:203 - Set database path to: C:\Users\22142\.stmcufinder\plugins\mcufinder//mcu/cs/
2026-01-03 22:27:42,467 [INFO] MainPanel:274 - HeapMemory: 268435456
2026-01-03 22:27:42,534 [INFO] DbMcusXml:78 - Set database path to: D:\installs\STM32CubeIDE_1.19.0\STM32CubeIDE\plugins\com.st.stm32cube.common.mx_6.15.0.202507011659\\db\/mcu/
2026-01-03 22:27:42,534 [INFO] ApiDb:274 - Set plugin database path to: D:\installs\STM32CubeIDE_1.19.0\STM32CubeIDE\plugins\com.st.stm32cube.common.mx_6.15.0.202507011659\\db\/plugins/boardmanager/
2026-01-03 22:27:42,534 [INFO] ApiDb:261 - Set plugin images path to: D:\installs\STM32CubeIDE_1.19.0\STM32CubeIDE\plugins\com.st.stm32cube.common.mx_6.15.0.202507011659\\db\/plugins/mcufinder/images/
2026-01-03 22:27:42,534 [WARN] DbFile:41 - Overriding database path with different value: C:\Users\22142\.stmcufinder\plugins\mcufinder/ => C:\Users\22142\.stmcufinder\plugins\mcufinder
2026-01-03 22:27:42,534 [INFO] ApiDb:250 - Set database path to: C:\Users\22142\.stmcufinder\plugins\mcufinder//mcu/
2026-01-03 22:27:42,534 [WARN] DbFile:41 - Overriding database path with different value: C:\Users\22142\.stmcufinder\plugins\mcufinder/ => C:\Users\22142\.stmcufinder\plugins\mcufinder
2026-01-03 22:27:42,535 [INFO] DbMcusAds:125 - Set database path to: C:\Users\22142\.stmcufinder\plugins\mcufinder//mcu/
2026-01-03 22:27:42,535 [WARN] DbFile:41 - Overriding database path with different value: C:\Users\22142\.stmcufinder\plugins\mcufinder/ => C:\Users\22142\.stmcufinder\plugins\mcufinder
2026-01-03 22:27:42,535 [WARN] DbFile:41 - Overriding database path with different value: C:\Users\22142\.stmcufinder\plugins\mcufinder/ => C:\Users\22142\.stmcufinder\plugins\mcufinder
2026-01-03 22:27:42,535 [INFO] CrossReferenceDbSqlite:203 - Set database path to: C:\Users\22142\.stmcufinder\plugins\mcufinder//mcu/cs/
2026-01-03 22:27:42,550 [INFO] ApplicationProperties:184 - Using Application install path: D:\installs\STM32CubeIDE_1.19.0\STM32CubeIDE\plugins\com.st.stm32cube.common.mx_6.15.0.202507011659
2026-01-03 22:27:42,551 [INFO] PluginManage:196 - Search for loadable plugins [exclusion list=, ]
2026-01-03 22:27:42,552 [INFO] PluginManage:310 - Check plugin analytics
2026-01-03 22:27:42,706 [INFO] AnalyticsPlugin:253 - Accepted Software Licenses: STM32CubeMX.6.16.1
2026-01-03 22:27:42,706 [INFO] AnalyticsPlugin:255 - Accepted CMSIS Pack Licenses: 
2026-01-03 22:27:42,706 [INFO] AnalyticsPlugin:257 - Accepted Firmware Licenses: 
2026-01-03 22:27:42,709 [INFO] PluginManage:359 - Loaded plugin analytics (category:tool,tabindex:-1)
2026-01-03 22:27:42,709 [INFO] PluginManage:310 - Check plugin cadmodel
2026-01-03 22:27:42,712 [INFO] CADModel:105 - Init CAD model plugin
2026-01-03 22:27:42,713 [INFO] PluginManage:359 - Loaded plugin cadmodel (category:power,tabindex:5)
2026-01-03 22:27:42,713 [INFO] PluginManage:310 - Check plugin clock
2026-01-03 22:27:42,720 [INFO] PluginManage:359 - Loaded plugin clock (category:base,tabindex:2)
2026-01-03 22:27:42,720 [INFO] PluginManage:310 - Check plugin ddr
2026-01-03 22:27:42,721 [INFO] PluginManage:359 - Loaded plugin ddr (category:tool,tabindex:6)
2026-01-03 22:27:42,723 [INFO] PluginManage:310 - Check plugin filemanager
2026-01-03 22:27:42,845 [INFO] PluginManage:359 - Loaded plugin filemanager (category:base,tabindex:10)
2026-01-03 22:27:42,845 [INFO] PluginManage:310 - Check plugin ipmanager
2026-01-03 22:27:42,851 [INFO] PluginManage:359 - Loaded plugin ipmanager (category:base,tabindex:5)
2026-01-03 22:27:42,851 [INFO] PluginManage:310 - Check plugin lpbam
2026-01-03 22:27:42,857 [INFO] PluginManage:359 - Loaded plugin lpbam (category:base,tabindex:0)
2026-01-03 22:27:42,857 [INFO] PluginManage:310 - Check plugin memorymap
2026-01-03 22:27:42,867 [INFO] PluginManage:359 - Loaded plugin memorymap (category:base,tabindex:4)
2026-01-03 22:27:42,867 [INFO] PluginManage:310 - Check plugin pinoutandconfiguration
2026-01-03 22:27:42,872 [INFO] PluginManage:359 - Loaded plugin pinoutandconfiguration (category:base,tabindex:1)
2026-01-03 22:27:42,873 [INFO] PluginManage:310 - Check plugin pinoutconfig
2026-01-03 22:27:42,939 [WARN] SupportedApi:132 - Cannot load RTOS API schema: s4s-elt-must-match.1: The content of 'definitions' must match (annotation?, (simpleType | complexType)?, (unique | key | keyref)*)). A problem was found starting at: attribute.
2026-01-03 22:27:43,046 [INFO] PluginManage:359 - Loaded plugin pinoutconfig (category:base,tabindex:0)
2026-01-03 22:27:43,046 [INFO] PluginManage:310 - Check plugin power
2026-01-03 22:27:43,053 [INFO] PluginManage:359 - Loaded plugin power (category:power,tabindex:4)
2026-01-03 22:27:43,053 [INFO] PluginManage:310 - Check plugin projectmanager
2026-01-03 22:27:43,065 [INFO] PluginManage:359 - Loaded plugin projectmanager (category:projectmanager,tabindex:4)
2026-01-03 22:27:43,066 [INFO] PluginManage:310 - Check plugin rif
2026-01-03 22:27:43,076 [INFO] PluginManage:359 - Loaded plugin rif (category:base,tabindex:3)
2026-01-03 22:27:43,076 [INFO] PluginManage:310 - Check plugin thirdparty
2026-01-03 22:27:43,172 [INFO] PluginManage:359 - Loaded plugin thirdparty (category:base,tabindex:-1)
2026-01-03 22:27:43,172 [WARN] IntegrityCheckThread:84 - waiting for thirdparty lock release [integrity check]
2026-01-03 22:27:43,173 [INFO] PluginManage:310 - Check plugin tools
2026-01-03 22:27:43,173 [INFO] IntegrityCheckThread:86 - entering critical section [integrity check]
2026-01-03 22:27:43,173 [INFO] ThirdPartyUpdaterWithRetryManager:70 - Updater plugin not ready yet. [1/15]
2026-01-03 22:27:43,175 [INFO] PluginManage:359 - Loaded plugin tools (category:base,tabindex:7)
2026-01-03 22:27:43,175 [INFO] PluginManage:310 - Check plugin tutovideos
2026-01-03 22:27:43,333 [INFO] PluginManage:359 - Loaded plugin tutovideos (category:base,tabindex:-1)
2026-01-03 22:27:43,333 [INFO] PluginManage:310 - Check plugin updater
2026-01-03 22:27:43,350 [INFO] PluginManage:359 - Loaded plugin updater (category:base,tabindex:12)
2026-01-03 22:27:43,350 [INFO] PluginManage:310 - Check plugin userauth
2026-01-03 22:27:43,353 [INFO] UserAuth:118 - Init User Auth plugin
2026-01-03 22:27:43,354 [INFO] PluginManage:359 - Loaded plugin userauth (category:base,tabindex:14)
2026-01-03 22:27:43,354 [INFO] PluginManage:283 - PluginManage : Loaded plugins [18]
2026-01-03 22:27:43,530 [INFO] PinOutPanel:1589 - setPackage(No Configuration,No Configuration)
2026-01-03 22:27:43,606 [INFO] CADModel:165 - CPN selected for project level
2026-01-03 22:27:43,606 [INFO] CADModel:114 - Register for checkConnection events
2026-01-03 22:27:43,620 [INFO] IPUIPlugin:80 - create IPUIPlugin
2026-01-03 22:27:43,620 [INFO] PluginManager:220 - loadIPPluginJar : add adc
2026-01-03 22:27:43,622 [INFO] IPUIPlugin:80 - create IPUIPlugin
2026-01-03 22:27:43,623 [INFO] PluginManager:220 - loadIPPluginJar : add aes
2026-01-03 22:27:43,625 [INFO] IPUIPlugin:80 - create IPUIPlugin
2026-01-03 22:27:43,625 [INFO] PluginManager:220 - loadIPPluginJar : add can
2026-01-03 22:27:43,626 [INFO] IPUIPlugin:80 - create IPUIPlugin
2026-01-03 22:27:43,626 [INFO] PluginManager:220 - loadIPPluginJar : add comp
2026-01-03 22:27:43,628 [INFO] IPUIPlugin:80 - create IPUIPlugin
2026-01-03 22:27:43,628 [INFO] PluginManager:220 - loadIPPluginJar : add cryp
2026-01-03 22:27:43,629 [INFO] IPUIPlugin:80 - create IPUIPlugin
2026-01-03 22:27:43,630 [INFO] PluginManager:220 - loadIPPluginJar : add ddr_ctrl_phy
2026-01-03 22:27:43,631 [INFO] IPUIPlugin:80 - create IPUIPlugin
2026-01-03 22:27:43,631 [INFO] PluginManager:220 - loadIPPluginJar : add dfsdm
2026-01-03 22:27:43,636 [INFO] IPUIPlugin:80 - create IPUIPlugin
2026-01-03 22:27:43,636 [INFO] PluginManager:220 - loadIPPluginJar : add dma
2026-01-03 22:27:43,638 [INFO] IPUIPlugin:80 - create IPUIPlugin
2026-01-03 22:27:43,638 [INFO] PluginManager:220 - loadIPPluginJar : add dma3
2026-01-03 22:27:43,640 [INFO] IPUIPlugin:80 - create IPUIPlugin
2026-01-03 22:27:43,640 [INFO] PluginManager:220 - loadIPPluginJar : add extmemmanager
2026-01-03 22:27:43,641 [INFO] IPUIPlugin:80 - create IPUIPlugin
2026-01-03 22:27:43,641 [INFO] PluginManager:220 - loadIPPluginJar : add fatfs
2026-01-03 22:27:43,645 [INFO] IPUIPlugin:80 - create IPUIPlugin
2026-01-03 22:27:43,645 [INFO] PluginManager:220 - loadIPPluginJar : add fmc
2026-01-03 22:27:43,649 [INFO] IPUIPlugin:80 - create IPUIPlugin
2026-01-03 22:27:43,650 [INFO] PluginManager:220 - loadIPPluginJar : add freertos
2026-01-03 22:27:43,651 [INFO] IPUIPlugin:80 - create IPUIPlugin
2026-01-03 22:27:43,651 [INFO] PluginManager:220 - loadIPPluginJar : add genericplugin
2026-01-03 22:27:43,653 [INFO] IPUIPlugin:80 - create IPUIPlugin
2026-01-03 22:27:43,653 [INFO] PluginManager:220 - loadIPPluginJar : add gfxmmu
2026-01-03 22:27:43,657 [INFO] IPUIPlugin:80 - create IPUIPlugin
2026-01-03 22:27:43,657 [INFO] PluginManager:220 - loadIPPluginJar : add gic
2026-01-03 22:27:43,660 [INFO] IPUIPlugin:80 - create IPUIPlugin
2026-01-03 22:27:43,660 [INFO] PluginManager:220 - loadIPPluginJar : add gpio
2026-01-03 22:27:43,661 [INFO] IPUIPlugin:80 - create IPUIPlugin
2026-01-03 22:27:43,661 [INFO] PluginManager:220 - loadIPPluginJar : add gtzc
2026-01-03 22:27:43,663 [INFO] IPUIPlugin:80 - create IPUIPlugin
2026-01-03 22:27:43,663 [INFO] PluginManager:220 - loadIPPluginJar : add hash
2026-01-03 22:27:43,665 [INFO] IPUIPlugin:80 - create IPUIPlugin
2026-01-03 22:27:43,665 [INFO] PluginManager:220 - loadIPPluginJar : add i2c
2026-01-03 22:27:43,666 [INFO] IPUIPlugin:80 - create IPUIPlugin
2026-01-03 22:27:43,666 [INFO] PluginManager:220 - loadIPPluginJar : add i2s
2026-01-03 22:27:43,668 [INFO] IPUIPlugin:80 - create IPUIPlugin
2026-01-03 22:27:43,668 [INFO] PluginManager:220 - loadIPPluginJar : add i3c
2026-01-03 22:27:43,672 [INFO] IPUIPlugin:80 - create IPUIPlugin
2026-01-03 22:27:43,672 [INFO] PluginManager:220 - loadIPPluginJar : add ipddr
2026-01-03 22:27:43,677 [INFO] IPUIPlugin:80 - create IPUIPlugin
2026-01-03 22:27:43,677 [INFO] PluginManager:220 - loadIPPluginJar : add linkedlist
2026-01-03 22:27:43,680 [INFO] IPUIPlugin:80 - create IPUIPlugin
2026-01-03 22:27:43,680 [INFO] PluginManager:220 - loadIPPluginJar : add lorawan
2026-01-03 22:27:43,681 [INFO] IPUIPlugin:80 - create IPUIPlugin
2026-01-03 22:27:43,682 [INFO] PluginManager:220 - loadIPPluginJar : add ltdc
2026-01-03 22:27:43,686 [INFO] IPUIPlugin:80 - create IPUIPlugin
2026-01-03 22:27:43,686 [INFO] PluginManager:220 - loadIPPluginJar : add mdma
2026-01-03 22:27:43,690 [INFO] IPUIPlugin:80 - create IPUIPlugin
2026-01-03 22:27:43,690 [INFO] PluginManager:220 - loadIPPluginJar : add nvic
2026-01-03 22:27:43,692 [INFO] IPUIPlugin:80 - create IPUIPlugin
2026-01-03 22:27:43,692 [INFO] PluginManager:220 - loadIPPluginJar : add opamp
2026-01-03 22:27:43,694 [INFO] IPUIPlugin:80 - create IPUIPlugin
2026-01-03 22:27:43,694 [INFO] PluginManager:220 - loadIPPluginJar : add openamp
2026-01-03 22:27:43,696 [INFO] IPUIPlugin:80 - create IPUIPlugin
2026-01-03 22:27:43,696 [INFO] PluginManager:220 - loadIPPluginJar : add pdm2pcm
2026-01-03 22:27:43,700 [INFO] IPUIPlugin:80 - create IPUIPlugin
2026-01-03 22:27:43,702 [INFO] PluginManager:220 - loadIPPluginJar : add plateformsettings
2026-01-03 22:27:43,704 [INFO] IPUIPlugin:80 - create IPUIPlugin
2026-01-03 22:27:43,704 [INFO] PluginManager:220 - loadIPPluginJar : add quadspi
2026-01-03 22:27:43,705 [INFO] IPUIPlugin:80 - create IPUIPlugin
2026-01-03 22:27:43,706 [INFO] PluginManager:220 - loadIPPluginJar : add radio
2026-01-03 22:27:43,708 [INFO] IPUIPlugin:80 - create IPUIPlugin
2026-01-03 22:27:43,708 [INFO] PluginManager:220 - loadIPPluginJar : add resmgrutility
2026-01-03 22:27:43,711 [INFO] IPUIPlugin:80 - create IPUIPlugin
2026-01-03 22:27:43,711 [INFO] PluginManager:220 - loadIPPluginJar : add sai
2026-01-03 22:27:43,712 [INFO] IPUIPlugin:80 - create IPUIPlugin
2026-01-03 22:27:43,712 [INFO] PluginManager:220 - loadIPPluginJar : add spi
2026-01-03 22:27:43,717 [INFO] IPUIPlugin:80 - create IPUIPlugin
2026-01-03 22:27:43,717 [INFO] PluginManager:220 - loadIPPluginJar : add stm32_wpan
2026-01-03 22:27:43,718 [INFO] IPUIPlugin:80 - create IPUIPlugin
2026-01-03 22:27:43,719 [INFO] PluginManager:220 - loadIPPluginJar : add tim
2026-01-03 22:27:43,721 [INFO] IPUIPlugin:80 - create IPUIPlugin
2026-01-03 22:27:43,721 [INFO] PluginManager:220 - loadIPPluginJar : add touchsensing
2026-01-03 22:27:43,723 [INFO] IPUIPlugin:80 - create IPUIPlugin
2026-01-03 22:27:43,723 [INFO] PluginManager:220 - loadIPPluginJar : add tracer_emb
2026-01-03 22:27:43,725 [INFO] IPUIPlugin:80 - create IPUIPlugin
2026-01-03 22:27:43,725 [INFO] PluginManager:220 - loadIPPluginJar : add ts
2026-01-03 22:27:43,726 [INFO] IPUIPlugin:80 - create IPUIPlugin
2026-01-03 22:27:43,726 [INFO] PluginManager:220 - loadIPPluginJar : add tsc
2026-01-03 22:27:43,727 [INFO] IPUIPlugin:80 - create IPUIPlugin
2026-01-03 22:27:43,727 [INFO] PluginManager:220 - loadIPPluginJar : add ucpd
2026-01-03 22:27:43,729 [INFO] IPUIPlugin:80 - create IPUIPlugin
2026-01-03 22:27:43,729 [INFO] PluginManager:220 - loadIPPluginJar : add usart
2026-01-03 22:27:43,732 [INFO] IPUIPlugin:80 - create IPUIPlugin
2026-01-03 22:27:43,732 [INFO] PluginManager:220 - loadIPPluginJar : add usbx
2026-01-03 22:27:43,849 [FATAL] Updater:351 - Updater called before beeing initialized
2026-01-03 22:27:43,869 [INFO] RulesReader:64 - Compatibility file has been processed (317 Rules)
2026-01-03 22:27:43,878 [INFO] RulesReader:64 - Compatibility file has been processed (317 Rules)
2026-01-03 22:27:43,884 [INFO] CADModel:165 - CPN selected for project level
2026-01-03 22:27:43,884 [INFO] CADModel:114 - Register for checkConnection events
2026-01-03 22:27:43,884 [FATAL] Updater:351 - Updater called before beeing initialized
2026-01-03 22:27:43,884 [ERROR] CADModel:125 - Updater not yet initialized, retry later 
2026-01-03 22:27:44,004 [FATAL] Updater:351 - Updater called before beeing initialized
2026-01-03 22:27:44,006 [INFO] CADModel:165 - CPN selected for project level
2026-01-03 22:27:44,006 [INFO] CADModel:114 - Register for checkConnection events
2026-01-03 22:27:44,006 [FATAL] Updater:351 - Updater called before beeing initialized
2026-01-03 22:27:44,006 [ERROR] CADModel:125 - Updater not yet initialized, retry later 
2026-01-03 22:27:44,009 [FATAL] Updater:351 - Updater called before beeing initialized
2026-01-03 22:27:44,105 [FATAL] Updater:351 - Updater called before beeing initialized
2026-01-03 22:27:44,107 [INFO] DbMcusAds:53 - JSON generation date=Tue Dec 16 04:41:46 IST 2025 (1765840306612)
2026-01-03 22:27:44,108 [FATAL] Updater:351 - Updater called before beeing initialized
2026-01-03 22:27:44,133 [WARN] DetailPanel:346 - Failed to get advertising image, set to default
2026-01-03 22:27:44,205 [FATAL] Updater:351 - Updater called before beeing initialized
2026-01-03 22:27:44,206 [FATAL] Updater:351 - Updater called before beeing initialized
2026-01-03 22:27:44,207 [FATAL] Updater:351 - Updater called before beeing initialized
2026-01-03 22:27:44,207 [WARN] DetailPanel:346 - Failed to get advertising image, set to default
2026-01-03 22:27:44,207 [FATAL] Updater:351 - Updater called before beeing initialized
2026-01-03 22:27:44,244 [ERROR] Updater:1198 - MainUpdater not yet initialized. External WinMGr cannot be set.
2026-01-03 22:27:44,245 [INFO] Updater:1134 - Updater Version found : 6.15.0
2026-01-03 22:27:44,256 [INFO] ApplicationProperties:184 - Using Application install path: D:\installs\STM32CubeIDE_1.19.0\STM32CubeIDE\plugins\com.st.stm32cube.common.mx_6.15.0.202507011659
2026-01-03 22:27:44,435 [INFO] MainUpdater:2872 - connection check result : 10
2026-01-03 22:27:44,436 [INFO] MainUpdater:289 - Updater Check For Update Now.
2026-01-03 22:27:44,436 [INFO] MicroXplorer:498 - Change Database Version : DB.6.0.150
2026-01-03 22:27:44,441 [INFO] McuFinderGlobals:63 - Set McuFinder mode to 2 (CubeIDE integrated)
2026-01-03 22:27:44,441 [INFO] UserAuth:171 - activating auth plugin
2026-01-03 22:27:44,444 [INFO] UserAuth:487 - Internet connection configuration mode: 1
2026-01-03 22:27:44,455 [INFO] JxBrowserEngine:152 - Initiate JxBrowser Engine with user profile folder
2026-01-03 22:27:44,596 [INFO] CheckServerUpdateThread:120 - End of CheckServer Thread
2026-01-03 22:27:45,024 [INFO] WebApp:169 - Instantiating new browser for Auth
2026-01-03 22:27:45,523 [INFO] WebApp:463 - Apply proxy settings
2026-01-03 22:27:45,523 [INFO] WebApp:548 - Chromium requires no authentication
2026-01-03 22:27:45,530 [INFO] WebApp:491 - Direct internet connection detected
2026-01-03 22:27:45,546 [INFO] WebApp:900 - Register for checkConnection events
2026-01-03 22:27:45,546 [INFO] WebApp:463 - Apply proxy settings
2026-01-03 22:27:45,546 [INFO] WebApp:548 - Chromium requires no authentication
2026-01-03 22:27:45,547 [INFO] WebApp:491 - Direct internet connection detected
2026-01-03 22:27:45,681 [INFO] WebApp:225 - Starting web application
2026-01-03 22:27:45,681 [INFO] WebApp:593 - Web application path used D:\installs\STM32CubeIDE_1.19.0\STM32CubeIDE\plugins\com.st.stm32cube.common.mx_6.15.0.202507011659\db\plugins\mcufinder\reactClient1\index.html
2026-01-03 22:27:45,857 [INFO] WebApp:191 - Connection restablished
2026-01-03 22:27:46,396 [WARN] PackLoader:240 - Cannot read IP mode file for STMicroelectronics.FP-SNS-MOTENVWB1.1.4.0
2026-01-03 22:27:46,404 [WARN] PackLoader:240 - Cannot read IP mode file for STMicroelectronics.FP-ATR-ASTRA1.2.0.2
2026-01-03 22:27:46,413 [WARN] PackLoader:240 - Cannot read IP mode file for STMicroelectronics.X-CUBE-SMBUS.2.1.0
2026-01-03 22:27:46,422 [WARN] PackLoader:240 - Cannot read IP mode file for STMicroelectronics.X-CUBE-WB05N.1.1.0
2026-01-03 22:27:46,447 [WARN] PackLoader:240 - Cannot read IP mode file for STMicroelectronics.X-CUBE-AZRTOS-F7.1.1.0
2026-01-03 22:27:46,456 [WARN] PackLoader:240 - Cannot read IP mode file for STMicroelectronics.FP-SNS-MOTENV1.5.1.0
2026-01-03 22:27:46,478 [WARN] PackLoader:240 - Cannot read IP mode file for Infineon.AIROC-Wi-Fi-Bluetooth-STM32.1.7.0
2026-01-03 22:27:46,502 [WARN] PackLoader:240 - Cannot read IP mode file for STMicroelectronics.X-CUBE-AZRTOS-H7.3.4.0
2026-01-03 22:27:46,511 [WARN] PackLoader:240 - Cannot read IP mode file for STMicroelectronics.X-CUBE-DISPLAY.3.0.0
2026-01-03 22:27:46,520 [WARN] PackLoader:240 - Cannot read IP mode file for STMicroelectronics.X-CUBE-NFC10.1.0.0
2026-01-03 22:27:46,529 [WARN] PackLoader:240 - Cannot read IP mode file for STMicroelectronics.X-CUBE-BLEMGR.4.0.0
2026-01-03 22:27:46,537 [WARN] PackLoader:240 - Cannot read IP mode file for STMicroelectronics.X-CUBE-ST60.1.1.0
2026-01-03 22:27:46,542 [WARN] PackLoader:240 - Cannot read IP mode file for emotas.I-CUBE-CANOPEN.1.3.0
2026-01-03 22:27:46,548 [WARN] PackLoader:240 - Cannot read IP mode file for STMicroelectronics.X-CUBE-GNSS1.7.1.0
2026-01-03 22:27:46,552 [WARN] ConditionMgr:438 - getConditionDescription Invalid condition id : Cortex-A Device cause : null
2026-01-03 22:27:46,563 [WARN] ConditionMgr:1044 - genDependencies : Invalid condition id : Cortex-A Device cause : null
2026-01-03 22:27:46,563 [WARN] ConditionMgr:1044 - genDependencies : Invalid condition id : Cortex-A Device cause : null
2026-01-03 22:27:46,563 [WARN] ConditionMgr:1044 - genDependencies : Invalid condition id : Cortex-A Device cause : null
2026-01-03 22:27:46,566 [WARN] PackLoader:240 - Cannot read IP mode file for STMicroelectronics.X-CUBE-AI.10.0.0
2026-01-03 22:27:46,572 [WARN] PackLoader:240 - Cannot read IP mode file for STMicroelectronics.FP-SNS-STBOX1.2.1.0
2026-01-03 22:27:46,577 [WARN] PackLoader:240 - Cannot read IP mode file for STMicroelectronics.FP-SNS-SMARTAG2.1.2.0
2026-01-03 22:27:46,583 [WARN] PackLoader:240 - Cannot read IP mode file for STMicroelectronics.FP-SNS-FLIGHT1.5.1.0
2026-01-03 22:27:46,631 [WARN] PackLoader:240 - Cannot read IP mode file for STMicroelectronics.X-CUBE-MEMS1.11.1.0
2026-01-03 22:27:46,729 [INFO] LogOutputStream:77 - [STDOUT_REDIRECT] 1 : Invalid condition id : UX_CORESTACK_Condition cause : null
2026-01-03 22:27:46,730 [INFO] LogOutputStream:77 - [STDOUT_REDIRECT] 1 : Invalid condition id : UX_CORESTACK_Condition cause : null
2026-01-03 22:27:46,731 [INFO] LogOutputStream:77 - [STDOUT_REDIRECT] 1 : Invalid condition id : UX_CORESTACK_Condition cause : null
2026-01-03 22:27:46,735 [INFO] LogOutputStream:77 - [STDOUT_REDIRECT] 1 : Invalid condition id : UX_CORESTACK_Condition cause : null
2026-01-03 22:27:46,737 [INFO] LogOutputStream:77 - [STDOUT_REDIRECT] 1 : Invalid condition id : UX_CORESTACK_Condition cause : null
2026-01-03 22:27:46,740 [WARN] PackLoader:240 - Cannot read IP mode file for STMicroelectronics.X-CUBE-AZRTOS-WL.2.0.0
2026-01-03 22:27:46,747 [WARN] PackLoader:240 - Cannot read IP mode file for STMicroelectronics.FP-SNS-MOTENV1.5.0.0
2026-01-03 22:27:46,764 [WARN] PackLoader:240 - Cannot read IP mode file for STMicroelectronics.X-CUBE-AZRTOS-H7RS.1.2.0
2026-01-03 22:27:46,775 [WARN] PackLoader:240 - Cannot read IP mode file for WES.I-CUBE-Cesium.1.3.0
2026-01-03 22:27:46,781 [WARN] PackLoader:240 - Cannot read IP mode file for STMicroelectronics.X-CUBE-BLE2.3.3.0
2026-01-03 22:27:46,817 [WARN] PackLoader:240 - Cannot read IP mode file for STMicroelectronics.X-CUBE-NFC9.1.0.0
2026-01-03 22:27:46,824 [WARN] PackLoader:240 - Cannot read IP mode file for STMicroelectronics.X-CUBE-BLE1.7.1.0
2026-01-03 22:27:46,828 [WARN] PackLoader:240 - Cannot read IP mode file for wolfSSL.I-CUBE-wolfMQTT.1.19.2
2026-01-03 22:27:46,835 [WARN] PackLoader:240 - Cannot read IP mode file for STMicroelectronics.X-CUBE-FREERTOS.1.4.0
2026-01-03 22:27:46,842 [WARN] PackLoader:240 - Cannot read IP mode file for STMicroelectronics.X-CUBE-EEPRMA1.5.2.0
2026-01-03 22:27:46,847 [WARN] PackLoader:240 - Cannot read IP mode file for STMicroelectronics.X-CUBE-ST67W61.1.1.0
2026-01-03 22:27:46,887 [WARN] PackLoader:240 - Cannot read IP mode file for STMicroelectronics.X-CUBE-MEMS1.12.0.0
2026-01-03 22:27:46,951 [WARN] PackLoader:240 - Cannot read IP mode file for STMicroelectronics.X-CUBE-AZRTOS-G0.1.1.0
2026-01-03 22:27:46,957 [WARN] PackLoader:240 - Cannot read IP mode file for STMicroelectronics.X-CUBE-SAFEA1.1.2.2
2026-01-03 22:27:46,962 [WARN] PackLoader:240 - Cannot read IP mode file for STMicroelectronics.X-CUBE-NFC4.3.0.0
2026-01-03 22:27:46,968 [WARN] PackLoader:240 - Cannot read IP mode file for EmbeddedOffice.I-CUBE-FS-RTOS.1.0.1
2026-01-03 22:27:46,973 [WARN] PackLoader:240 - Cannot read IP mode file for STMicroelectronics.X-CUBE-WB05N.2.0.0
2026-01-03 22:27:46,977 [WARN] PackLoader:240 - Cannot read IP mode file for wolfSSL.I-CUBE-wolfTPM.3.8.0
2026-01-03 22:27:46,981 [WARN] PackLoader:240 - Cannot read IP mode file for STMicroelectronics.X-CUBE-TCPP.4.2.0
2026-01-03 22:27:46,986 [WARN] PackLoader:240 - Cannot read IP mode file for RealThread.X-CUBE-RT-Thread_Nano.4.1.1
2026-01-03 22:27:46,989 [WARN] PackLoader:240 - Cannot read IP mode file for STMicroelectronics.FP-ATR-SIGFOX1.3.2.0
2026-01-03 22:27:46,992 [WARN] PackLoader:240 - Cannot read IP mode file for STMicroelectronics.X-CUBE-EEPRMA1.5.1.0
2026-01-03 22:27:46,997 [WARN] PackLoader:240 - Cannot read IP mode file for wolfSSL.I-CUBE-wolfSSL.5.7.6
2026-01-03 22:27:47,001 [WARN] PackLoader:240 - Cannot read IP mode file for ITTIA_DB.I-CUBE-ITTIADB.8.9.0
2026-01-03 22:27:47,003 [WARN] PackLoader:240 - Cannot read IP mode file for STMicroelectronics.X-CUBE-AI.10.2.0
2026-01-03 22:27:47,019 [WARN] PackLoader:240 - Cannot read IP mode file for SEGGER.I-CUBE-embOS.1.3.1
2026-01-03 22:27:47,041 [WARN] PackLoader:240 - Cannot read IP mode file for STMicroelectronics.X-CUBE-ALGOBUILD.1.4.0
2026-01-03 22:27:47,045 [WARN] PackLoader:240 - Cannot read IP mode file for STMicroelectronics.X-CUBE-PM33A1.1.0.0
2026-01-03 22:27:47,055 [WARN] PackLoader:240 - Cannot read IP mode file for STMicroelectronics.X-CUBE-AZRTOS-F4.1.1.0
2026-01-03 22:27:47,061 [WARN] PackLoader:240 - Cannot read IP mode file for STMicroelectronics.X-CUBE-ISPU.2.1.0
2026-01-03 22:27:47,076 [WARN] PackLoader:240 - Cannot read IP mode file for STMicroelectronics.X-CUBE-IPS.3.2.0
2026-01-03 22:27:47,085 [WARN] PackLoader:240 - Cannot read IP mode file for STMicroelectronics.X-CUBE-NFC12.1.0.0
2026-01-03 22:27:47,096 [WARN] PackLoader:240 - Cannot read IP mode file for STMicroelectronics.X-CUBE-AZRTOS-L5.2.0.0
2026-01-03 22:27:47,102 [WARN] PackLoader:240 - Cannot read IP mode file for STMicroelectronics.X-CUBE-NFC6.3.1.0
2026-01-03 22:27:47,107 [WARN] PackLoader:240 - Cannot read IP mode file for STMicroelectronics.X-CUBE-DPower.1.2.0
2026-01-03 22:27:47,110 [WARN] PackLoader:240 - Cannot read IP mode file for STMicroelectronics.X-CUBE-FREERTOS.1.3.0
2026-01-03 22:27:47,115 [WARN] PackLoader:240 - Cannot read IP mode file for STMicroelectronics.X-CUBE-NFC7.1.0.1
2026-01-03 22:27:47,119 [WARN] PackLoader:240 - Cannot read IP mode file for STMicroelectronics.X-CUBE-TOUCHGFX.4.26.0
2026-01-03 22:27:47,124 [WARN] PackLoader:240 - Cannot read IP mode file for STMicroelectronics.FP-SNS-STAIOTCFT.1.0.0
2026-01-03 22:27:47,127 [WARN] PackLoader:240 - Cannot read IP mode file for STMicroelectronics.X-CUBE-DPower.1.3.0
2026-01-03 22:27:47,141 [WARN] ConditionMgr:438 - getConditionDescription Invalid condition id : LAN8742 Phy interface Condition cause : null
2026-01-03 22:27:47,142 [WARN] PackLoader:240 - Cannot read IP mode file for STMicroelectronics.X-CUBE-AZRTOS-L4.2.0.0
2026-01-03 22:27:47,142 [WARN] ConditionMgr:1044 - genDependencies : Invalid condition id : LAN8742 Phy interface Condition cause : null
2026-01-03 22:27:47,142 [WARN] ConditionMgr:1044 - genDependencies : Invalid condition id : LAN8742 Phy interface Condition cause : null
2026-01-03 22:27:47,143 [WARN] ConditionMgr:1044 - genDependencies : Invalid condition id : LAN8742 Phy interface Condition cause : null
2026-01-03 22:27:47,148 [WARN] PackLoader:240 - Cannot read IP mode file for STMicroelectronics.X-CUBE-SFXS2LP1.4.0.0
2026-01-03 22:27:47,160 [WARN] PackLoader:240 - Cannot read IP mode file for STMicroelectronics.X-CUBE-AZRTOS-H7.3.3.0
2026-01-03 22:27:47,168 [WARN] PackLoader:240 - Cannot read IP mode file for STMicroelectronics.X-CUBE-BLEMGR.4.1.0
2026-01-03 22:27:47,177 [WARN] ConditionMgr:438 - getConditionDescription Invalid condition id : UX DEVICE CLASS RTOS Condition cause : null
2026-01-03 22:27:47,177 [WARN] ConditionMgr:438 - getConditionDescription Invalid condition id : UX DEVICE CLASS RTOS Condition cause : null
2026-01-03 22:27:47,178 [WARN] PackLoader:240 - Cannot read IP mode file for STMicroelectronics.X-CUBE-AZRTOS-WB.2.0.0
2026-01-03 22:27:47,179 [WARN] ConditionMgr:1044 - genDependencies : Invalid condition id : UX DEVICE CLASS RTOS Condition cause : null
2026-01-03 22:27:47,179 [WARN] ConditionMgr:1044 - genDependencies : Invalid condition id : UX DEVICE CLASS RTOS Condition cause : null
2026-01-03 22:27:47,179 [WARN] ConditionMgr:1044 - genDependencies : Invalid condition id : UX DEVICE CLASS RTOS Condition cause : null
2026-01-03 22:27:47,180 [WARN] ConditionMgr:1044 - genDependencies : Invalid condition id : UX DEVICE CLASS RTOS Condition cause : null
2026-01-03 22:27:47,180 [WARN] ConditionMgr:1044 - genDependencies : Invalid condition id : UX DEVICE CLASS RTOS Condition cause : null
2026-01-03 22:27:47,184 [WARN] PackLoader:240 - Cannot read IP mode file for STMicroelectronics.X-CUBE-GNSS1.7.0.1
2026-01-03 22:27:47,187 [WARN] PackLoader:240 - Cannot read IP mode file for STMicroelectronics.X-CUBE-TOUCHGFX.4.25.0
2026-01-03 22:27:47,190 [WARN] PackLoader:240 - Cannot read IP mode file for STMicroelectronics.FP-SNS-STBOX1.2.0.0
2026-01-03 22:27:47,198 [WARN] PackLoader:240 - Cannot read IP mode file for STMicroelectronics.X-CUBE-SUBG2.5.0.0
2026-01-03 22:27:47,210 [WARN] PackLoader:240 - Cannot read IP mode file for STMicroelectronics.X-CUBE-AZRTOS-H7RS.1.1.0
2026-01-03 22:27:47,215 [WARN] PackLoader:240 - Cannot read IP mode file for Cesanta.I-CUBE-Mongoose.7.13.0
2026-01-03 22:27:47,223 [WARN] PackLoader:240 - Cannot read IP mode file for STMicroelectronics.X-CUBE-AZRTOS-G4.2.0.0
2026-01-03 22:27:47,229 [WARN] PackLoader:240 - Cannot read IP mode file for wolfSSL.I-CUBE-wolfSSH.1.4.20
2026-01-03 22:27:47,233 [WARN] PackLoader:240 - Cannot read IP mode file for STMicroelectronics.X-CUBE-NFC7.2.0.0
2026-01-03 22:27:47,252 [WARN] PackLoader:240 - Cannot read IP mode file for STMicroelectronics.X-CUBE-IPS.3.1.0
2026-01-03 22:27:47,260 [WARN] PackLoader:240 - Cannot read IP mode file for STMicroelectronics.X-CUBE-ALS.1.0.2
2026-01-03 22:27:47,267 [WARN] PackLoader:240 - Cannot read IP mode file for STMicroelectronics.X-CUBE-STSE01.1.0.0
2026-01-03 22:27:47,274 [WARN] PackLoader:240 - Cannot read IP mode file for portGmbH.I-Cube-SoM-uGOAL.1.1.0
2026-01-03 22:27:47,284 [WARN] PackLoader:240 - Cannot read IP mode file for STMicroelectronics.X-CUBE-TOF1.3.4.2
2026-01-03 22:27:47,310 [WARN] PackLoader:240 - Cannot read IP mode file for STMicroelectronics.X-CUBE-TOF1.3.4.3
2026-01-03 22:27:47,321 [INFO] ThirdParty:978 - Integrity check success = true
2026-01-03 22:27:47,321 [INFO] IntegrityCheckThread:100 - exiting critical section [integrity check]
2026-01-03 22:27:47,321 [INFO] IntegrityCheckThread:103 - End integrity checks thread
2026-01-03 22:27:58,475 [INFO] McuFinderGlobals:63 - Set McuFinder mode to 2 (CubeIDE integrated)
2026-01-03 22:27:58,476 [INFO] MainUpdater:2872 - connection check result : 10
2026-01-03 22:27:58,680 [INFO] ApiDb:581 - Connected to CubeFinder SQLite database (C:\Users\22142\.stmcufinder\plugins\mcufinder\mcu\cube-finder-db.db)
2026-01-03 22:27:58,747 [INFO] ApiDb:668 - CubeFinder database Data Model version=2.1
2026-01-03 22:27:58,747 [INFO] ApiDb:669 - CubeFinder database Configuration version=3.0.39
2026-01-03 22:27:58,747 [INFO] ApiDb:670 - CubeFinder database generation date=2025-12-22 (1766407740)
2026-01-03 22:27:58,747 [INFO] ApiDb:671 - CubeFinder database FW Pack versions=[FP-ATR-ASTRA1_V2.0.0, FP-SNS-FLIGHT1_V5.1.0, FP-SNS-MOTENV1_V5.1.0, FP-SNS-MOTENVWB1_V1.4.0, FP-SNS-SMARTAG2_V1.2.0, FP-SNS-STBOX1_V2.1.0, STM32Cube_FW_C0_V1.4.0, STM32Cube_FW_F4_V1.28.3, STM32Cube_FW_F7_V1.17.4, STM32Cube_FW_G0_V1.6.2, STM32Cube_FW_G4_V1.6.1, STM32Cube_FW_H5_V1.5.1, STM32Cube_FW_H7RS_V1.3.0, STM32Cube_FW_H7_V1.12.1, STM32Cube_FW_L0_V1.12.2, STM32Cube_FW_L4_V1.18.1, STM32Cube_FW_L5_V1.6.0, STM32Cube_FW_N6_V1.3.0, STM32Cube_FW_U0_V1.3.0, STM32Cube_FW_U3_V1.2.1, STM32Cube_FW_U5_V1.8.0, STM32Cube_FW_WB0_V1.4.0, STM32Cube_FW_WBA_V1.8.0, STM32Cube_FW_WB_V1.24.0, STM32Cube_FW_WL3_V1.3.0, STM32Cube_FW_WL_V1.4.0, X-CUBE-ALGOBUILD_V1.4.0, X-CUBE-ALS_V1.0.2, X-CUBE-AZRTOS-F4_V1.1.0, X-CUBE-AZRTOS-F7_V1.1.0, X-CUBE-AZRTOS-G0_V1.1.0, X-CUBE-AZRTOS-G4_V2.0.0, X-CUBE-AZRTOS-H7RS_V1.1.0, X-CUBE-AZRTOS-H7_V3.4.0, X-CUBE-AZRTOS-L4_V2.0.0, X-CUBE-AZRTOS-L5_V2.0.0, X-CUBE-AZRTOS-WB_V2.0.0, X-CUBE-AZRTOS-WL_V2.0.0, X-CUBE-BLE1_V7.1.0, X-CUBE-BLE2_V3.3.0, X-CUBE-BLEMGR_V4.1.0, X-CUBE-EEPRMA1_V5.2.0, X-CUBE-FREERTOS_V1.3.1, X-CUBE-GNSS1_V6.0.0, X-CUBE-MEMS1_V12.0.0, X-CUBE-NFC4_V3.0.0, X-CUBE-NFC7_V2.0.0, X-CUBE-SFXS2LP1_V4.0.0, X-CUBE-ST67W61_V1.1.0, X-CUBE-SUBG2_V5.0.0, X-CUBE-TOF1_V3.4.3]
2026-01-03 22:28:00,773 [INFO] ApiDb:240 - Found 880 in-development CPN: [B-G473E-ZEST1S, B-WB1M-WPAN1, B-WBA5M-WPAN, B-WL5M-SUBG1, NUCLEO-C031C6, NUCLEO-C051C8, NUCLEO-C071RB, NUCLEO-C092RC, NUCLEO-H503RB, NUCLEO-H533RE, NUCLEO-H563ZI, NUCLEO-H7S3L8, NUCLEO-N657X0-Q, NUCLEO-U031R8, NUCLEO-U083RC, NUCLEO-U385RG-Q, NUCLEO-U545RE-Q, NUCLEO-U5A5ZJ-Q, NUCLEO-WB05KZ, NUCLEO-WB07CC, NUCLEO-WB09KE, NUCLEO-WBA52CG, NUCLEO-WBA55CG, NUCLEO-WL33CC1, NUCLEO-WL33CC2, STEVAL-PROTEUS1, STEVAL-SMARTAG2, STEVAL-STWINBX1, STM320518-EVAL, STM32C0116-DK, STM32C011D6Y3TR, STM32C011D6Y6TR, STM32C011F4P3, STM32C011F4P6, STM32C011F4U3, STM32C011F4U6TR, STM32C011F6P3, STM32C011F6P6, STM32C011F6U3, STM32C011F6U6TR, STM32C011J4M3, STM32C011J4M6, STM32C011J6M3, STM32C011J6M6, STM32C0316-DK, STM32C031C4T3, STM32C031C4T6, STM32C031C4U3, STM32C031C4U6, STM32C031C6T3, STM32C031C6T6, STM32C031C6U3, STM32C031C6U6, STM32C031F4P3, STM32C031F4P6, STM32C031F6P3, STM32C031F6P6, STM32C031G4U3, STM32C031G4U6, STM32C031G6U3, STM32C031G6U6, STM32C031K4T3, STM32C031K4T6, STM32C031K4U3, STM32C031K4U6, STM32C031K6T3, STM32C031K6T6, STM32C031K6U3, STM32C031K6U6, STM32C051C6T6, STM32C051C6U6, STM32C051C8T6, STM32C051C8U6, STM32C051D8Y6TR, STM32C051F6P6, STM32C051F8P6, STM32C051G6U6, STM32C051G8U6, STM32C051K6T6, STM32C051K6U6, STM32C051K8T6, STM32C071C8T6, STM32C071C8T6N, STM32C071C8U6, STM32C071C8U6N, STM32C071CBT6, STM32C071CBT6N, STM32C071CBU6, STM32C071CBU6N, STM32C071F8P6, STM32C071F8P6N, STM32C071FBP6, STM32C071FBP6N, STM32C071FBY6TR, STM32C071G8U6, STM32C071G8U6N, STM32C071GBU6, STM32C071GBU6N, STM32C071K8T6, STM32C071K8T6N, STM32C071K8U6, STM32C071K8U6N, STM32C071KBT6, STM32C071KBT6N, STM32C071KBU6, STM32C071KBU6N, STM32C071R8T6, STM32C071R8T6N, STM32C071RBI6N, STM32C071RBT6, STM32C071RBT6N, STM32C091CBT6, STM32C091CBU6, STM32C091CCT6, STM32C091CCU6, STM32C091ECY6TR, STM32C091FBP6, STM32C091FCP6, STM32C091GBU6, STM32C091GCU6, STM32C091KBT6, STM32C091KBU6, STM32C091KCT6, STM32C091KCU6, STM32C091RBT6, STM32C091RCI6, STM32C091RCT6, STM32C092CBT6, STM32C092CBU6, STM32C092CCT6, STM32C092CCU6, STM32C092ECY6TR, STM32C092FBP6, STM32C092FCP6, STM32C092GBU6, STM32C092GCU6, STM32C092KBT6, STM32C092KBU6, STM32C092KCT6, STM32C092KCU6, STM32C092RBT6, STM32C092RCI6, STM32C092RCT6, STM32G071K8TXN, STM32G071K8UXN, STM32G081GBU6N, STM32G081KBT6N, STM32G081KBUXN, STM32G0B1CCT6N, STM32G0B1KCT6, STM32G0B1NEY6TR, STM32G0B1RCT6N, STM32G0C1CCT6, STM32G0C1CCT6N, STM32G0C1CCU6N, STM32G0C1CET6N, STM32G0C1CEU6N, STM32G0C1KCT6, STM32G0C1NEY6TR, STM32G0C1RCI6N, STM32G0C1RCT6N, STM32G0C1REI6N, STM32G0C1RET6N, STM32G0C1VCI6, STM32G0C1VEI6, STM32G411C6T3, STM32G411C6T6, STM32G411C6U3, STM32G411C6U6, STM32G411C8T3, STM32G411C8T6, STM32G411C8U3, STM32G411C8U6, STM32G411CBT3, STM32G411CBT6, STM32G411CBU3, STM32G411CBU6, STM32G411K6T3, STM32G411K6T6, STM32G411K6U3, STM32G411K6U6, STM32G411K8T3, STM32G411K8T6, STM32G411K8U3, STM32G411K8U6, STM32G411KBT3, STM32G411KBT6, STM32G411KBU3, STM32G411KBU6, STM32G411M6T3, STM32G411M6T6, STM32G411M8T3, STM32G411M8T6, STM32G411MBT3, STM32G411MBT6, STM32G411R6T3, STM32G411R6T6, STM32G411R8T3, STM32G411R8T6, STM32G411RBT3, STM32G411RBT6, STM32G414CBT3, STM32G414CBT6, STM32G414CBU3, STM32G414CBU6, STM32G414CCT3, STM32G414CCT6, STM32G414CCU3, STM32G414CCU6, STM32G414MBT3, STM32G414MBT6, STM32G414MCT3, STM32G414MCT6, STM32G414RBT3, STM32G414RBT6, STM32G414RCT3, STM32G414RCT6, STM32G414VBT3, STM32G414VBT6, STM32G414VCT3, STM32G414VCT6, STM32G431CBT3Z, STM32G431RBT3Z, STM32G471CCT6, STM32G471CCU6, STM32G471CET3, STM32G471CET6, STM32G471CEU3, STM32G471CEU6, STM32G471MCT6, STM32G471MET3, STM32G471MET6, STM32G471MEY6TR, STM32G471QCT6, STM32G471QET3, STM32G471RCT6, STM32G471RET3, STM32G471RET6, STM32G471VCH6, STM32G471VCI6, STM32G471VCT6, STM32G471VEH3, STM32G471VEH6, STM32G471VEI3, STM32G471VEI6, STM32G471VET3, STM32G471VET6, STM32G473QET3Z, STM32G473RET3Z, STM32G474CCT6, STM32G491RET3Z, STM32H503CBT6, STM32H503CBU6, STM32H503EBY6TR, STM32H503KBU6, STM32H503RBT6, STM32H523CCT6, STM32H523CCU6, STM32H523CET6, STM32H523CEU6, STM32H523HEY6TR, STM32H523RCT6, STM32H523RET6, STM32H523VCI6, STM32H523VCT6, STM32H523VEI6, STM32H523VET6, STM32H523ZCJ6, STM32H523ZCT6, STM32H523ZEJ6, STM32H523ZET6, STM32H533CET6, STM32H533CEU6, STM32H533HEY6TR, STM32H533RET6, STM32H533VEI6, STM32H533VET6, STM32H533ZEJ6, STM32H533ZET6, STM32H562AGI6, STM32H562AII6, STM32H562IGK6, STM32H562IGT6, STM32H562IIK6, STM32H562IIT6, STM32H562RGT6, STM32H562RGV6, STM32H562RIT6, STM32H562RIV6, STM32H562VGT6, STM32H562VIT6, STM32H562ZGT6, STM32H562ZIT6, STM32H563AGI6, STM32H563AII3Q, STM32H563AII6, STM32H563IGK6, STM32H563IGT6, STM32H563IIK3Q, STM32H563IIK6, STM32H563IIT3Q, STM32H563IIT6, STM32H563MIY3QTR, STM32H563RGT6, STM32H563RGV6, STM32H563RIT6, STM32H563RIV6, STM32H563VGT6, STM32H563VIT3Q, STM32H563VIT6, STM32H563ZGT6, STM32H563ZIT3Q, STM32H563ZIT6, STM32H573AII3Q, STM32H573AII6, STM32H573I-DK, STM32H573IIK3Q, STM32H573IIK6, STM32H573IIT3Q, STM32H573IIT6, STM32H573MIY3QTR, STM32H573RIT6, STM32H573RIV6, STM32H573VIT3Q, STM32H573VIT6, STM32H573ZIT3Q, STM32H573ZIT6, STM32H7R3A8I6, STM32H7R3I8K6, STM32H7R3I8T6, STM32H7R3L8H6, STM32H7R3L8H6H, STM32H7R3R8V6, STM32H7R3V8H6, STM32H7R3V8T6, STM32H7R3V8Y6TR, STM32H7R3Z8J6, STM32H7R3Z8T6, STM32H7R7A8I6, STM32H7R7I8K6, STM32H7R7I8T6, STM32H7R7L8H6, STM32H7R7L8H6H, STM32H7R7Z8J6, STM32H7S3A8I6, STM32H7S3I8K6, STM32H7S3I8T6, STM32H7S3L8H6, STM32H7S3L8H6H, STM32H7S3R8V6, STM32H7S3V8H6, STM32H7S3V8T6, STM32H7S3V8Y6TR, STM32H7S3Z8J6, STM32H7S3Z8T6, STM32H7S78-DK, STM32H7S7A8I6, STM32H7S7I8K6, STM32H7S7I8T6, STM32H7S7L8H6, STM32H7S7L8H6H, STM32H7S7Z8J6, STM32L4R5QGI6STR, STM32MP131AAE3, STM32MP131AAF3, STM32MP131AAG3, STM32MP131CAE3, STM32MP131CAF3, STM32MP131CAG3, STM32MP131DAE7, STM32MP131DAF7, STM32MP131DAG7, STM32MP131FAE7, STM32MP131FAF7, STM32MP131FAG7, STM32MP133AAE3, STM32MP133AAF3, STM32MP133AAG3, STM32MP133CAE3, STM32MP133CAF3, STM32MP133CAG3, STM32MP133DAE7, STM32MP133DAF7, STM32MP133DAG7, STM32MP133FAE7, STM32MP133FAF7, STM32MP133FAG7, STM32MP135AAE3, STM32MP135AAF3, STM32MP135AAG3, STM32MP135CAE3, STM32MP135CAF3, STM32MP135CAG3, STM32MP135DAE7, STM32MP135DAF7, STM32MP135DAG7, STM32MP135F-DK, STM32MP135FAE7, STM32MP135FAF7, STM32MP135FAF7T, STM32MP135FAF7U, STM32MP135FAG7, STM32MP211AAL3, STM32MP211AAM3, STM32MP211AAN3, STM32MP211AAO3, STM32MP211CAL3, STM32MP211CAM3, STM32MP211CAN3, STM32MP211CAO3, STM32MP211DAL3, STM32MP211DAM3, STM32MP211DAN3, STM32MP211DAO3, STM32MP211FAL3, STM32MP211FAM3, STM32MP211FAN3, STM32MP211FAO3, STM32MP213AAL3, STM32MP213AAM3, STM32MP213AAN3, STM32MP213AAO3, STM32MP213CAL3, STM32MP213CAM3, STM32MP213CAN3, STM32MP213CAO3, STM32MP213DAL3, STM32MP213DAM3, STM32MP213DAN3, STM32MP213DAO3, STM32MP213FAL3, STM32MP213FAM3, STM32MP213FAN3, STM32MP213FAO3, STM32MP215AAL3, STM32MP215AAM3, STM32MP215AAN3, STM32MP215AAO3, STM32MP215CAL3, STM32MP215CAM3, STM32MP215CAN3, STM32MP215CAO3, STM32MP215DAL3, STM32MP215DAM3, STM32MP215DAN3, STM32MP215DAO3, STM32MP215F-DK, STM32MP215FAL3, STM32MP215FAM3, STM32MP215FAN3, STM32MP215FAO3, STM32MP231AAJ3, STM32MP231AAK3, STM32MP231AAL3, STM32MP231CAJ3, STM32MP231CAK3, STM32MP231CAL3, STM32MP231DAJ3, STM32MP231DAK3, STM32MP231DAL3, STM32MP231FAJ3, STM32MP231FAK3, STM32MP231FAL3, STM32MP233AAJ3, STM32MP233AAK3, STM32MP233AAL3, STM32MP233CAJ3, STM32MP233CAK3, STM32MP233CAL3, STM32MP233DAJ3, STM32MP233DAK3, STM32MP233DAL3, STM32MP233FAJ3, STM32MP233FAK3, STM32MP233FAL3, STM32MP235AAJ3, STM32MP235AAK3, STM32MP235AAL3, STM32MP235CAJ3, STM32MP235CAK3, STM32MP235CAL3, STM32MP235DAJ3, STM32MP235DAK3, STM32MP235DAL3, STM32MP235FAJ3, STM32MP235FAK3, STM32MP235FAL3, STM32MP251AAI3, STM32MP251AAK3, STM32MP251AAL3, STM32MP251CAI3, STM32MP251CAK3, STM32MP251CAL3, STM32MP251DAI3, STM32MP251DAK3, STM32MP251DAL3, STM32MP251FAI3, STM32MP251FAK3, STM32MP251FAL3, STM32MP253AAI3, STM32MP253AAK3, STM32MP253AAL3, STM32MP253CAI3, STM32MP253CAK3, STM32MP253CAL3, STM32MP253DAI3, STM32MP253DAK3, STM32MP253DAL3, STM32MP253FAI3, STM32MP253FAK3, STM32MP253FAL3, STM32MP255AAI3, STM32MP255AAK3, STM32MP255AAL3, STM32MP255CAI3, STM32MP255CAK3, STM32MP255CAL3, STM32MP255DAI3, STM32MP255DAK3, STM32MP255DAL3, STM32MP255FAI3, STM32MP255FAK3, STM32MP255FAL3, STM32MP257AAI3, STM32MP257AAK3, STM32MP257AAL3, STM32MP257CAI3, STM32MP257CAK3, STM32MP257CAL3, STM32MP257DAI3, STM32MP257DAK3, STM32MP257DAL3, STM32MP257F-DK, STM32MP257F-EV1, STM32MP257FAI3, STM32MP257FAK3, STM32MP257FAL3, STM32N645A0H3Q, STM32N645B0H3Q, STM32N645I0H3Q, STM32N645L0H3Q, STM32N645X0H3Q, STM32N645Z0H3Q, STM32N647A0H3Q, STM32N647B0H3Q, STM32N647I0H3Q, STM32N647L0H3Q, STM32N647X0H3Q, STM32N647Z0H3Q, STM32N655A0H3Q, STM32N655B0H3Q, STM32N655I0H3Q, STM32N655L0H3Q, STM32N655X0H3Q, STM32N655Z0H3Q, STM32N6570-DK, STM32N657A0H3Q, STM32N657B0H3Q, STM32N657I0H3Q, STM32N657L0H3Q, STM32N657X0H3Q, STM32N657Z0H3Q, STM32U031C6T6, STM32U031C6U6, STM32U031C8T6, STM32U031C8U6, STM32U031F4P6, STM32U031F6P6, STM32U031F8P6, STM32U031G6Y6TR, STM32U031G8Y6TR, STM32U031K4U6, STM32U031K6U6, STM32U031K8U6, STM32U031R6I6, STM32U031R6T6, STM32U031R8I6, STM32U031R8T6, STM32U073C8T6, STM32U073C8U6, STM32U073CBT6, STM32U073CBU6, STM32U073CCT6, STM32U073CCU6, STM32U073H8Y6TR, STM32U073HBY6TR, STM32U073HCY6TR, STM32U073K8U6, STM32U073KBU6, STM32U073KCU6, STM32U073M8I6, STM32U073M8T6, STM32U073MBI6, STM32U073MBT6, STM32U073MCI6, STM32U073MCT6, STM32U073R8I6, STM32U073R8T6, STM32U073RBI6, STM32U073RBT6, STM32U073RCI6, STM32U073RCT6, STM32U083C-DK, STM32U083CCT6, STM32U083CCU6, STM32U083HCY6TR, STM32U083KCU6, STM32U083MCI6, STM32U083MCT6, STM32U083RCI6, STM32U083RCT6, STM32U375CET6, STM32U375CET6Q, STM32U375CEU6, STM32U375CEU6Q, STM32U375CEY6QTR, STM32U375CGT6, STM32U375CGT6Q, STM32U375CGU6, STM32U375CGU6Q, STM32U375CGY6QTR, STM32U375KEU6, STM32U375KGU6, STM32U375REI6, STM32U375REI6Q, STM32U375RET6, STM32U375RET6Q, STM32U375REY6GTR, STM32U375REY6QTR, STM32U375RGI6, STM32U375RGI6Q, STM32U375RGT6, STM32U375RGT6Q, STM32U375RGY6GTR, STM32U375RGY6QTR, STM32U375VEI6, STM32U375VEI6Q, STM32U375VET6, STM32U375VET6Q, STM32U375VGI6, STM32U375VGI6Q, STM32U375VGT6, STM32U375VGT6Q, STM32U385CGT6, STM32U385CGT6Q, STM32U385CGU6, STM32U385CGU6Q, STM32U385CGY6QTR, STM32U385KGU6, STM32U385RGI6, STM32U385RGI6Q, STM32U385RGT6, STM32U385RGT6Q, STM32U385RGY6GTR, STM32U385RGY6QTR, STM32U385VGI6, STM32U385VGI6Q, STM32U385VGT6, STM32U385VGT6Q, STM32U535CBT6, STM32U535CBT6Q, STM32U535CBU6, STM32U535CBU6Q, STM32U535CCT6, STM32U535CCT6Q, STM32U535CCU6, STM32U535CCU6Q, STM32U535CET6, STM32U535CET6Q, STM32U535CEU6, STM32U535CEU6Q, STM32U535JEY6QTR, STM32U535NCY6QTR, STM32U535NEY6QTR, STM32U535RBI6, STM32U535RBI6Q, STM32U535RBT6, STM32U535RBT6Q, STM32U535RCI6, STM32U535RCI6Q, STM32U535RCT6, STM32U535RCT6Q, STM32U535REI6, STM32U535REI6Q, STM32U535RET6, STM32U535RET6Q, STM32U535VCI6, STM32U535VCI6Q, STM32U535VCT6, STM32U535VCT6Q, STM32U535VEI6, STM32U535VEI6Q, STM32U535VET6, STM32U535VET6Q, STM32U545CET6, STM32U545CET6Q, STM32U545CEU6, STM32U545CEU6Q, STM32U545JEY6QTR, STM32U545NEY6QTR, STM32U545REI6, STM32U545REI6Q, STM32U545RET6, STM32U545RET6Q, STM32U545VEI6, STM32U545VEI6Q, STM32U545VET6, STM32U545VET6Q, STM32U595AIH6, STM32U595AIH6Q, STM32U595AJH6, STM32U595AJH6Q, STM32U595QII6, STM32U595QII6Q, STM32U595QJI6, STM32U595QJI6Q, STM32U595RIT6, STM32U595RIT6Q, STM32U595RJT6, STM32U595RJT6Q, STM32U595VIT6, STM32U595VIT6Q, STM32U595VJT6, STM32U595VJT6Q, STM32U595ZIT6, STM32U595ZIT6Q, STM32U595ZIY6QTR, STM32U595ZJT6, STM32U595ZJT6Q, STM32U595ZJY6QTR, STM32U599BJY6QTR, STM32U599NIH6Q, STM32U599NJH6Q, STM32U599VIT6Q, STM32U599VJT6, STM32U599VJT6Q, STM32U599ZIT6Q, STM32U599ZIY6QTR, STM32U599ZJT6Q, STM32U599ZJY6QTR, STM32U5A5AJH6, STM32U5A5AJH6Q, STM32U5A5QII3Q , STM32U5A5QJI6, STM32U5A5QJI6Q, STM32U5A5RJT6, STM32U5A5RJT6Q, STM32U5A5VJT6, STM32U5A5VJT6Q, STM32U5A5ZJT6, STM32U5A5ZJT6Q, STM32U5A5ZJY6QTR, STM32U5A9BJY6QTR, STM32U5A9J-DK, STM32U5A9NJH6Q, STM32U5A9VJT6Q, STM32U5A9ZJT6Q, STM32U5A9ZJY6QTR, STM32U5F7VIT6, STM32U5F7VIT6Q, STM32U5F7VJT6, STM32U5F7VJT6Q, STM32U5F9BJY6QTR, STM32U5F9NJH6Q, STM32U5F9VIT6Q, STM32U5F9VJT6Q, STM32U5F9ZIJ6QTR, STM32U5F9ZIT6Q, STM32U5F9ZJJ6QTR, STM32U5F9ZJT6Q, STM32U5G7VJT6, STM32U5G7VJT6Q, STM32U5G9BJY6QTR, STM32U5G9J-DK1, STM32U5G9J-DK2, STM32U5G9NJH6Q, STM32U5G9VJT6Q, STM32U5G9ZJJ6QTR, STM32U5G9ZJT6Q, STM32WB05KZV6TR, STM32WB05KZV7TR, STM32WB05TZF6TR, STM32WB05TZF7TR, STM32WB06CCF6TR, STM32WB06CCF7TR, STM32WB06CCV6TR, STM32WB06CCV7TR, STM32WB06KCV6TR, STM32WB06KCV7TR, STM32WB07CCF6TR, STM32WB07CCF7TR, STM32WB07CCV6TR, STM32WB07CCV7TR, STM32WB07KCV6TR, STM32WB07KCV7TR, STM32WB09KEV6TR, STM32WB09KEV7TR, STM32WB09TEF6TR, STM32WB09TEF7TR, STM32WB1MMCH6, STM32WBA50KGU6, STM32WBA50KGU6TR, STM32WBA52CEU6, STM32WBA52CEU6TR, STM32WBA52CEU7, STM32WBA52CEU7TR, STM32WBA52CGU6, STM32WBA52CGU6TR, STM32WBA52CGU6U, STM32WBA52CGU7, STM32WBA52CGU7TR, STM32WBA52KEU6, STM32WBA52KEU6TR, STM32WBA52KGU6, STM32WBA52KGU6TR, STM32WBA54CEU6, STM32WBA54CEU6TR, STM32WBA54CEU7, STM32WBA54CEU7TR, STM32WBA54CGU6, STM32WBA54CGU6TR, STM32WBA54CGU7, STM32WBA54CGU7TR, STM32WBA54KEU6, STM32WBA54KEU6TR, STM32WBA54KEU7, STM32WBA54KEU7TR, STM32WBA54KGU6, STM32WBA54KGU6TR, STM32WBA54KGU7, STM32WBA54KGU7TR, STM32WBA55CEU6, STM32WBA55CEU6TR, STM32WBA55CEU7, STM32WBA55CEU7TR, STM32WBA55CGU6, STM32WBA55CGU6TR, STM32WBA55CGU6U, STM32WBA55CGU7, STM32WBA55CGU7TR, STM32WBA55G-DK1, STM32WBA55HEF6, STM32WBA55HEF7, STM32WBA55HGF6, STM32WBA55HGF7, STM32WBA55UEI6, STM32WBA55UEI6TR, STM32WBA55UEI7, STM32WBA55UEI7TR, STM32WBA55UGI6, STM32WBA55UGI6TR, STM32WBA55UGI7, STM32WBA55UGI7TR, STM32WBA5MMGH6TR, STM32WBA62MGF6, STM32WBA62MIF6, STM32WBA65MGF7, STM32WBA65MIF6, STM32WBA65MIF7, STM32WL30K8V6, STM32WL30KBV6, STM32WL31C8V6, STM32WL31CBV6, STM32WL31K8V6, STM32WL31KBV6, STM32WL33C8V6, STM32WL33C8V6X, STM32WL33CBV6, STM32WL33CBV6X, STM32WL33CCV6, STM32WL33CCV6A, STM32WL33CCV6X, STM32WL33K8V7, STM32WL33K8V7X, STM32WL33KBV7 , STM32WL33KBV7X, STM32WL33KCV7, STM32WL33KCV7X, STM32WL5MOCH6, STM32WL5MOCH6TR]
2026-01-03 22:28:00,778 [INFO] DbMcus:218 - Found 4876 MCUs, 4876 are supported
2026-01-03 22:28:00,778 [INFO] ApiDb:423 - Load user favorites file C:\Users\22142/.stm32cubeide/favorites.mcus.txt: 0 item(s)
2026-01-03 22:28:00,779 [INFO] ApiDb:427 - User favorites MCUs=[]
2026-01-03 22:28:00,779 [INFO] DbMcus:224 - Set 0 / 0 favorites MCUs
2026-01-03 22:28:01,105 [INFO] ApiDb:668 - CubeFinder database Data Model version=2.1
2026-01-03 22:28:01,105 [INFO] ApiDb:669 - CubeFinder database Configuration version=3.0.39
2026-01-03 22:28:01,105 [INFO] ApiDb:670 - CubeFinder database generation date=2025-12-22 (1766407740)
2026-01-03 22:28:01,105 [INFO] ApiDb:671 - CubeFinder database FW Pack versions=[FP-ATR-ASTRA1_V2.0.0, FP-SNS-FLIGHT1_V5.1.0, FP-SNS-MOTENV1_V5.1.0, FP-SNS-MOTENVWB1_V1.4.0, FP-SNS-SMARTAG2_V1.2.0, FP-SNS-STBOX1_V2.1.0, STM32Cube_FW_C0_V1.4.0, STM32Cube_FW_F4_V1.28.3, STM32Cube_FW_F7_V1.17.4, STM32Cube_FW_G0_V1.6.2, STM32Cube_FW_G4_V1.6.1, STM32Cube_FW_H5_V1.5.1, STM32Cube_FW_H7RS_V1.3.0, STM32Cube_FW_H7_V1.12.1, STM32Cube_FW_L0_V1.12.2, STM32Cube_FW_L4_V1.18.1, STM32Cube_FW_L5_V1.6.0, STM32Cube_FW_N6_V1.3.0, STM32Cube_FW_U0_V1.3.0, STM32Cube_FW_U3_V1.2.1, STM32Cube_FW_U5_V1.8.0, STM32Cube_FW_WB0_V1.4.0, STM32Cube_FW_WBA_V1.8.0, STM32Cube_FW_WB_V1.24.0, STM32Cube_FW_WL3_V1.3.0, STM32Cube_FW_WL_V1.4.0, X-CUBE-ALGOBUILD_V1.4.0, X-CUBE-ALS_V1.0.2, X-CUBE-AZRTOS-F4_V1.1.0, X-CUBE-AZRTOS-F7_V1.1.0, X-CUBE-AZRTOS-G0_V1.1.0, X-CUBE-AZRTOS-G4_V2.0.0, X-CUBE-AZRTOS-H7RS_V1.1.0, X-CUBE-AZRTOS-H7_V3.4.0, X-CUBE-AZRTOS-L4_V2.0.0, X-CUBE-AZRTOS-L5_V2.0.0, X-CUBE-AZRTOS-WB_V2.0.0, X-CUBE-AZRTOS-WL_V2.0.0, X-CUBE-BLE1_V7.1.0, X-CUBE-BLE2_V3.3.0, X-CUBE-BLEMGR_V4.1.0, X-CUBE-EEPRMA1_V5.2.0, X-CUBE-FREERTOS_V1.3.1, X-CUBE-GNSS1_V6.0.0, X-CUBE-MEMS1_V12.0.0, X-CUBE-NFC4_V3.0.0, X-CUBE-NFC7_V2.0.0, X-CUBE-SFXS2LP1_V4.0.0, X-CUBE-ST67W61_V1.1.0, X-CUBE-SUBG2_V5.0.0, X-CUBE-TOF1_V3.4.3]
2026-01-03 22:28:01,150 [INFO] DbBoardsSqlite:226 - include board P-NUCLEO-WB55-NUCLEO as a kit item of type 'Nucleo-64'
2026-01-03 22:28:01,151 [INFO] DbBoardsSqlite:226 - include board P-NUCLEO-WB55-USBDONGLE as a kit item of type 'Nucleo USB Dongle'
2026-01-03 22:28:01,151 [INFO] DbBoardsSqlite:226 - include board STEVAL-IDP005V1 as a kit item of type 'Evaluation Board'
2026-01-03 22:28:01,151 [INFO] DbBoardsSqlite:226 - include board STEVAL-IDP005V2 as a kit item of type 'Evaluation Board'
2026-01-03 22:28:01,212 [INFO] ApiDb:240 - Found 880 in-development CPN: [B-G473E-ZEST1S, B-WB1M-WPAN1, B-WBA5M-WPAN, B-WL5M-SUBG1, NUCLEO-C031C6, NUCLEO-C051C8, NUCLEO-C071RB, NUCLEO-C092RC, NUCLEO-H503RB, NUCLEO-H533RE, NUCLEO-H563ZI, NUCLEO-H7S3L8, NUCLEO-N657X0-Q, NUCLEO-U031R8, NUCLEO-U083RC, NUCLEO-U385RG-Q, NUCLEO-U545RE-Q, NUCLEO-U5A5ZJ-Q, NUCLEO-WB05KZ, NUCLEO-WB07CC, NUCLEO-WB09KE, NUCLEO-WBA52CG, NUCLEO-WBA55CG, NUCLEO-WL33CC1, NUCLEO-WL33CC2, STEVAL-PROTEUS1, STEVAL-SMARTAG2, STEVAL-STWINBX1, STM320518-EVAL, STM32C0116-DK, STM32C011D6Y3TR, STM32C011D6Y6TR, STM32C011F4P3, STM32C011F4P6, STM32C011F4U3, STM32C011F4U6TR, STM32C011F6P3, STM32C011F6P6, STM32C011F6U3, STM32C011F6U6TR, STM32C011J4M3, STM32C011J4M6, STM32C011J6M3, STM32C011J6M6, STM32C0316-DK, STM32C031C4T3, STM32C031C4T6, STM32C031C4U3, STM32C031C4U6, STM32C031C6T3, STM32C031C6T6, STM32C031C6U3, STM32C031C6U6, STM32C031F4P3, STM32C031F4P6, STM32C031F6P3, STM32C031F6P6, STM32C031G4U3, STM32C031G4U6, STM32C031G6U3, STM32C031G6U6, STM32C031K4T3, STM32C031K4T6, STM32C031K4U3, STM32C031K4U6, STM32C031K6T3, STM32C031K6T6, STM32C031K6U3, STM32C031K6U6, STM32C051C6T6, STM32C051C6U6, STM32C051C8T6, STM32C051C8U6, STM32C051D8Y6TR, STM32C051F6P6, STM32C051F8P6, STM32C051G6U6, STM32C051G8U6, STM32C051K6T6, STM32C051K6U6, STM32C051K8T6, STM32C071C8T6, STM32C071C8T6N, STM32C071C8U6, STM32C071C8U6N, STM32C071CBT6, STM32C071CBT6N, STM32C071CBU6, STM32C071CBU6N, STM32C071F8P6, STM32C071F8P6N, STM32C071FBP6, STM32C071FBP6N, STM32C071FBY6TR, STM32C071G8U6, STM32C071G8U6N, STM32C071GBU6, STM32C071GBU6N, STM32C071K8T6, STM32C071K8T6N, STM32C071K8U6, STM32C071K8U6N, STM32C071KBT6, STM32C071KBT6N, STM32C071KBU6, STM32C071KBU6N, STM32C071R8T6, STM32C071R8T6N, STM32C071RBI6N, STM32C071RBT6, STM32C071RBT6N, STM32C091CBT6, STM32C091CBU6, STM32C091CCT6, STM32C091CCU6, STM32C091ECY6TR, STM32C091FBP6, STM32C091FCP6, STM32C091GBU6, STM32C091GCU6, STM32C091KBT6, STM32C091KBU6, STM32C091KCT6, STM32C091KCU6, STM32C091RBT6, STM32C091RCI6, STM32C091RCT6, STM32C092CBT6, STM32C092CBU6, STM32C092CCT6, STM32C092CCU6, STM32C092ECY6TR, STM32C092FBP6, STM32C092FCP6, STM32C092GBU6, STM32C092GCU6, STM32C092KBT6, STM32C092KBU6, STM32C092KCT6, STM32C092KCU6, STM32C092RBT6, STM32C092RCI6, STM32C092RCT6, STM32G071K8TXN, STM32G071K8UXN, STM32G081GBU6N, STM32G081KBT6N, STM32G081KBUXN, STM32G0B1CCT6N, STM32G0B1KCT6, STM32G0B1NEY6TR, STM32G0B1RCT6N, STM32G0C1CCT6, STM32G0C1CCT6N, STM32G0C1CCU6N, STM32G0C1CET6N, STM32G0C1CEU6N, STM32G0C1KCT6, STM32G0C1NEY6TR, STM32G0C1RCI6N, STM32G0C1RCT6N, STM32G0C1REI6N, STM32G0C1RET6N, STM32G0C1VCI6, STM32G0C1VEI6, STM32G411C6T3, STM32G411C6T6, STM32G411C6U3, STM32G411C6U6, STM32G411C8T3, STM32G411C8T6, STM32G411C8U3, STM32G411C8U6, STM32G411CBT3, STM32G411CBT6, STM32G411CBU3, STM32G411CBU6, STM32G411K6T3, STM32G411K6T6, STM32G411K6U3, STM32G411K6U6, STM32G411K8T3, STM32G411K8T6, STM32G411K8U3, STM32G411K8U6, STM32G411KBT3, STM32G411KBT6, STM32G411KBU3, STM32G411KBU6, STM32G411M6T3, STM32G411M6T6, STM32G411M8T3, STM32G411M8T6, STM32G411MBT3, STM32G411MBT6, STM32G411R6T3, STM32G411R6T6, STM32G411R8T3, STM32G411R8T6, STM32G411RBT3, STM32G411RBT6, STM32G414CBT3, STM32G414CBT6, STM32G414CBU3, STM32G414CBU6, STM32G414CCT3, STM32G414CCT6, STM32G414CCU3, STM32G414CCU6, STM32G414MBT3, STM32G414MBT6, STM32G414MCT3, STM32G414MCT6, STM32G414RBT3, STM32G414RBT6, STM32G414RCT3, STM32G414RCT6, STM32G414VBT3, STM32G414VBT6, STM32G414VCT3, STM32G414VCT6, STM32G431CBT3Z, STM32G431RBT3Z, STM32G471CCT6, STM32G471CCU6, STM32G471CET3, STM32G471CET6, STM32G471CEU3, STM32G471CEU6, STM32G471MCT6, STM32G471MET3, STM32G471MET6, STM32G471MEY6TR, STM32G471QCT6, STM32G471QET3, STM32G471RCT6, STM32G471RET3, STM32G471RET6, STM32G471VCH6, STM32G471VCI6, STM32G471VCT6, STM32G471VEH3, STM32G471VEH6, STM32G471VEI3, STM32G471VEI6, STM32G471VET3, STM32G471VET6, STM32G473QET3Z, STM32G473RET3Z, STM32G474CCT6, STM32G491RET3Z, STM32H503CBT6, STM32H503CBU6, STM32H503EBY6TR, STM32H503KBU6, STM32H503RBT6, STM32H523CCT6, STM32H523CCU6, STM32H523CET6, STM32H523CEU6, STM32H523HEY6TR, STM32H523RCT6, STM32H523RET6, STM32H523VCI6, STM32H523VCT6, STM32H523VEI6, STM32H523VET6, STM32H523ZCJ6, STM32H523ZCT6, STM32H523ZEJ6, STM32H523ZET6, STM32H533CET6, STM32H533CEU6, STM32H533HEY6TR, STM32H533RET6, STM32H533VEI6, STM32H533VET6, STM32H533ZEJ6, STM32H533ZET6, STM32H562AGI6, STM32H562AII6, STM32H562IGK6, STM32H562IGT6, STM32H562IIK6, STM32H562IIT6, STM32H562RGT6, STM32H562RGV6, STM32H562RIT6, STM32H562RIV6, STM32H562VGT6, STM32H562VIT6, STM32H562ZGT6, STM32H562ZIT6, STM32H563AGI6, STM32H563AII3Q, STM32H563AII6, STM32H563IGK6, STM32H563IGT6, STM32H563IIK3Q, STM32H563IIK6, STM32H563IIT3Q, STM32H563IIT6, STM32H563MIY3QTR, STM32H563RGT6, STM32H563RGV6, STM32H563RIT6, STM32H563RIV6, STM32H563VGT6, STM32H563VIT3Q, STM32H563VIT6, STM32H563ZGT6, STM32H563ZIT3Q, STM32H563ZIT6, STM32H573AII3Q, STM32H573AII6, STM32H573I-DK, STM32H573IIK3Q, STM32H573IIK6, STM32H573IIT3Q, STM32H573IIT6, STM32H573MIY3QTR, STM32H573RIT6, STM32H573RIV6, STM32H573VIT3Q, STM32H573VIT6, STM32H573ZIT3Q, STM32H573ZIT6, STM32H7R3A8I6, STM32H7R3I8K6, STM32H7R3I8T6, STM32H7R3L8H6, STM32H7R3L8H6H, STM32H7R3R8V6, STM32H7R3V8H6, STM32H7R3V8T6, STM32H7R3V8Y6TR, STM32H7R3Z8J6, STM32H7R3Z8T6, STM32H7R7A8I6, STM32H7R7I8K6, STM32H7R7I8T6, STM32H7R7L8H6, STM32H7R7L8H6H, STM32H7R7Z8J6, STM32H7S3A8I6, STM32H7S3I8K6, STM32H7S3I8T6, STM32H7S3L8H6, STM32H7S3L8H6H, STM32H7S3R8V6, STM32H7S3V8H6, STM32H7S3V8T6, STM32H7S3V8Y6TR, STM32H7S3Z8J6, STM32H7S3Z8T6, STM32H7S78-DK, STM32H7S7A8I6, STM32H7S7I8K6, STM32H7S7I8T6, STM32H7S7L8H6, STM32H7S7L8H6H, STM32H7S7Z8J6, STM32L4R5QGI6STR, STM32MP131AAE3, STM32MP131AAF3, STM32MP131AAG3, STM32MP131CAE3, STM32MP131CAF3, STM32MP131CAG3, STM32MP131DAE7, STM32MP131DAF7, STM32MP131DAG7, STM32MP131FAE7, STM32MP131FAF7, STM32MP131FAG7, STM32MP133AAE3, STM32MP133AAF3, STM32MP133AAG3, STM32MP133CAE3, STM32MP133CAF3, STM32MP133CAG3, STM32MP133DAE7, STM32MP133DAF7, STM32MP133DAG7, STM32MP133FAE7, STM32MP133FAF7, STM32MP133FAG7, STM32MP135AAE3, STM32MP135AAF3, STM32MP135AAG3, STM32MP135CAE3, STM32MP135CAF3, STM32MP135CAG3, STM32MP135DAE7, STM32MP135DAF7, STM32MP135DAG7, STM32MP135F-DK, STM32MP135FAE7, STM32MP135FAF7, STM32MP135FAF7T, STM32MP135FAF7U, STM32MP135FAG7, STM32MP211AAL3, STM32MP211AAM3, STM32MP211AAN3, STM32MP211AAO3, STM32MP211CAL3, STM32MP211CAM3, STM32MP211CAN3, STM32MP211CAO3, STM32MP211DAL3, STM32MP211DAM3, STM32MP211DAN3, STM32MP211DAO3, STM32MP211FAL3, STM32MP211FAM3, STM32MP211FAN3, STM32MP211FAO3, STM32MP213AAL3, STM32MP213AAM3, STM32MP213AAN3, STM32MP213AAO3, STM32MP213CAL3, STM32MP213CAM3, STM32MP213CAN3, STM32MP213CAO3, STM32MP213DAL3, STM32MP213DAM3, STM32MP213DAN3, STM32MP213DAO3, STM32MP213FAL3, STM32MP213FAM3, STM32MP213FAN3, STM32MP213FAO3, STM32MP215AAL3, STM32MP215AAM3, STM32MP215AAN3, STM32MP215AAO3, STM32MP215CAL3, STM32MP215CAM3, STM32MP215CAN3, STM32MP215CAO3, STM32MP215DAL3, STM32MP215DAM3, STM32MP215DAN3, STM32MP215DAO3, STM32MP215F-DK, STM32MP215FAL3, STM32MP215FAM3, STM32MP215FAN3, STM32MP215FAO3, STM32MP231AAJ3, STM32MP231AAK3, STM32MP231AAL3, STM32MP231CAJ3, STM32MP231CAK3, STM32MP231CAL3, STM32MP231DAJ3, STM32MP231DAK3, STM32MP231DAL3, STM32MP231FAJ3, STM32MP231FAK3, STM32MP231FAL3, STM32MP233AAJ3, STM32MP233AAK3, STM32MP233AAL3, STM32MP233CAJ3, STM32MP233CAK3, STM32MP233CAL3, STM32MP233DAJ3, STM32MP233DAK3, STM32MP233DAL3, STM32MP233FAJ3, STM32MP233FAK3, STM32MP233FAL3, STM32MP235AAJ3, STM32MP235AAK3, STM32MP235AAL3, STM32MP235CAJ3, STM32MP235CAK3, STM32MP235CAL3, STM32MP235DAJ3, STM32MP235DAK3, STM32MP235DAL3, STM32MP235FAJ3, STM32MP235FAK3, STM32MP235FAL3, STM32MP251AAI3, STM32MP251AAK3, STM32MP251AAL3, STM32MP251CAI3, STM32MP251CAK3, STM32MP251CAL3, STM32MP251DAI3, STM32MP251DAK3, STM32MP251DAL3, STM32MP251FAI3, STM32MP251FAK3, STM32MP251FAL3, STM32MP253AAI3, STM32MP253AAK3, STM32MP253AAL3, STM32MP253CAI3, STM32MP253CAK3, STM32MP253CAL3, STM32MP253DAI3, STM32MP253DAK3, STM32MP253DAL3, STM32MP253FAI3, STM32MP253FAK3, STM32MP253FAL3, STM32MP255AAI3, STM32MP255AAK3, STM32MP255AAL3, STM32MP255CAI3, STM32MP255CAK3, STM32MP255CAL3, STM32MP255DAI3, STM32MP255DAK3, STM32MP255DAL3, STM32MP255FAI3, STM32MP255FAK3, STM32MP255FAL3, STM32MP257AAI3, STM32MP257AAK3, STM32MP257AAL3, STM32MP257CAI3, STM32MP257CAK3, STM32MP257CAL3, STM32MP257DAI3, STM32MP257DAK3, STM32MP257DAL3, STM32MP257F-DK, STM32MP257F-EV1, STM32MP257FAI3, STM32MP257FAK3, STM32MP257FAL3, STM32N645A0H3Q, STM32N645B0H3Q, STM32N645I0H3Q, STM32N645L0H3Q, STM32N645X0H3Q, STM32N645Z0H3Q, STM32N647A0H3Q, STM32N647B0H3Q, STM32N647I0H3Q, STM32N647L0H3Q, STM32N647X0H3Q, STM32N647Z0H3Q, STM32N655A0H3Q, STM32N655B0H3Q, STM32N655I0H3Q, STM32N655L0H3Q, STM32N655X0H3Q, STM32N655Z0H3Q, STM32N6570-DK, STM32N657A0H3Q, STM32N657B0H3Q, STM32N657I0H3Q, STM32N657L0H3Q, STM32N657X0H3Q, STM32N657Z0H3Q, STM32U031C6T6, STM32U031C6U6, STM32U031C8T6, STM32U031C8U6, STM32U031F4P6, STM32U031F6P6, STM32U031F8P6, STM32U031G6Y6TR, STM32U031G8Y6TR, STM32U031K4U6, STM32U031K6U6, STM32U031K8U6, STM32U031R6I6, STM32U031R6T6, STM32U031R8I6, STM32U031R8T6, STM32U073C8T6, STM32U073C8U6, STM32U073CBT6, STM32U073CBU6, STM32U073CCT6, STM32U073CCU6, STM32U073H8Y6TR, STM32U073HBY6TR, STM32U073HCY6TR, STM32U073K8U6, STM32U073KBU6, STM32U073KCU6, STM32U073M8I6, STM32U073M8T6, STM32U073MBI6, STM32U073MBT6, STM32U073MCI6, STM32U073MCT6, STM32U073R8I6, STM32U073R8T6, STM32U073RBI6, STM32U073RBT6, STM32U073RCI6, STM32U073RCT6, STM32U083C-DK, STM32U083CCT6, STM32U083CCU6, STM32U083HCY6TR, STM32U083KCU6, STM32U083MCI6, STM32U083MCT6, STM32U083RCI6, STM32U083RCT6, STM32U375CET6, STM32U375CET6Q, STM32U375CEU6, STM32U375CEU6Q, STM32U375CEY6QTR, STM32U375CGT6, STM32U375CGT6Q, STM32U375CGU6, STM32U375CGU6Q, STM32U375CGY6QTR, STM32U375KEU6, STM32U375KGU6, STM32U375REI6, STM32U375REI6Q, STM32U375RET6, STM32U375RET6Q, STM32U375REY6GTR, STM32U375REY6QTR, STM32U375RGI6, STM32U375RGI6Q, STM32U375RGT6, STM32U375RGT6Q, STM32U375RGY6GTR, STM32U375RGY6QTR, STM32U375VEI6, STM32U375VEI6Q, STM32U375VET6, STM32U375VET6Q, STM32U375VGI6, STM32U375VGI6Q, STM32U375VGT6, STM32U375VGT6Q, STM32U385CGT6, STM32U385CGT6Q, STM32U385CGU6, STM32U385CGU6Q, STM32U385CGY6QTR, STM32U385KGU6, STM32U385RGI6, STM32U385RGI6Q, STM32U385RGT6, STM32U385RGT6Q, STM32U385RGY6GTR, STM32U385RGY6QTR, STM32U385VGI6, STM32U385VGI6Q, STM32U385VGT6, STM32U385VGT6Q, STM32U535CBT6, STM32U535CBT6Q, STM32U535CBU6, STM32U535CBU6Q, STM32U535CCT6, STM32U535CCT6Q, STM32U535CCU6, STM32U535CCU6Q, STM32U535CET6, STM32U535CET6Q, STM32U535CEU6, STM32U535CEU6Q, STM32U535JEY6QTR, STM32U535NCY6QTR, STM32U535NEY6QTR, STM32U535RBI6, STM32U535RBI6Q, STM32U535RBT6, STM32U535RBT6Q, STM32U535RCI6, STM32U535RCI6Q, STM32U535RCT6, STM32U535RCT6Q, STM32U535REI6, STM32U535REI6Q, STM32U535RET6, STM32U535RET6Q, STM32U535VCI6, STM32U535VCI6Q, STM32U535VCT6, STM32U535VCT6Q, STM32U535VEI6, STM32U535VEI6Q, STM32U535VET6, STM32U535VET6Q, STM32U545CET6, STM32U545CET6Q, STM32U545CEU6, STM32U545CEU6Q, STM32U545JEY6QTR, STM32U545NEY6QTR, STM32U545REI6, STM32U545REI6Q, STM32U545RET6, STM32U545RET6Q, STM32U545VEI6, STM32U545VEI6Q, STM32U545VET6, STM32U545VET6Q, STM32U595AIH6, STM32U595AIH6Q, STM32U595AJH6, STM32U595AJH6Q, STM32U595QII6, STM32U595QII6Q, STM32U595QJI6, STM32U595QJI6Q, STM32U595RIT6, STM32U595RIT6Q, STM32U595RJT6, STM32U595RJT6Q, STM32U595VIT6, STM32U595VIT6Q, STM32U595VJT6, STM32U595VJT6Q, STM32U595ZIT6, STM32U595ZIT6Q, STM32U595ZIY6QTR, STM32U595ZJT6, STM32U595ZJT6Q, STM32U595ZJY6QTR, STM32U599BJY6QTR, STM32U599NIH6Q, STM32U599NJH6Q, STM32U599VIT6Q, STM32U599VJT6, STM32U599VJT6Q, STM32U599ZIT6Q, STM32U599ZIY6QTR, STM32U599ZJT6Q, STM32U599ZJY6QTR, STM32U5A5AJH6, STM32U5A5AJH6Q, STM32U5A5QII3Q , STM32U5A5QJI6, STM32U5A5QJI6Q, STM32U5A5RJT6, STM32U5A5RJT6Q, STM32U5A5VJT6, STM32U5A5VJT6Q, STM32U5A5ZJT6, STM32U5A5ZJT6Q, STM32U5A5ZJY6QTR, STM32U5A9BJY6QTR, STM32U5A9J-DK, STM32U5A9NJH6Q, STM32U5A9VJT6Q, STM32U5A9ZJT6Q, STM32U5A9ZJY6QTR, STM32U5F7VIT6, STM32U5F7VIT6Q, STM32U5F7VJT6, STM32U5F7VJT6Q, STM32U5F9BJY6QTR, STM32U5F9NJH6Q, STM32U5F9VIT6Q, STM32U5F9VJT6Q, STM32U5F9ZIJ6QTR, STM32U5F9ZIT6Q, STM32U5F9ZJJ6QTR, STM32U5F9ZJT6Q, STM32U5G7VJT6, STM32U5G7VJT6Q, STM32U5G9BJY6QTR, STM32U5G9J-DK1, STM32U5G9J-DK2, STM32U5G9NJH6Q, STM32U5G9VJT6Q, STM32U5G9ZJJ6QTR, STM32U5G9ZJT6Q, STM32WB05KZV6TR, STM32WB05KZV7TR, STM32WB05TZF6TR, STM32WB05TZF7TR, STM32WB06CCF6TR, STM32WB06CCF7TR, STM32WB06CCV6TR, STM32WB06CCV7TR, STM32WB06KCV6TR, STM32WB06KCV7TR, STM32WB07CCF6TR, STM32WB07CCF7TR, STM32WB07CCV6TR, STM32WB07CCV7TR, STM32WB07KCV6TR, STM32WB07KCV7TR, STM32WB09KEV6TR, STM32WB09KEV7TR, STM32WB09TEF6TR, STM32WB09TEF7TR, STM32WB1MMCH6, STM32WBA50KGU6, STM32WBA50KGU6TR, STM32WBA52CEU6, STM32WBA52CEU6TR, STM32WBA52CEU7, STM32WBA52CEU7TR, STM32WBA52CGU6, STM32WBA52CGU6TR, STM32WBA52CGU6U, STM32WBA52CGU7, STM32WBA52CGU7TR, STM32WBA52KEU6, STM32WBA52KEU6TR, STM32WBA52KGU6, STM32WBA52KGU6TR, STM32WBA54CEU6, STM32WBA54CEU6TR, STM32WBA54CEU7, STM32WBA54CEU7TR, STM32WBA54CGU6, STM32WBA54CGU6TR, STM32WBA54CGU7, STM32WBA54CGU7TR, STM32WBA54KEU6, STM32WBA54KEU6TR, STM32WBA54KEU7, STM32WBA54KEU7TR, STM32WBA54KGU6, STM32WBA54KGU6TR, STM32WBA54KGU7, STM32WBA54KGU7TR, STM32WBA55CEU6, STM32WBA55CEU6TR, STM32WBA55CEU7, STM32WBA55CEU7TR, STM32WBA55CGU6, STM32WBA55CGU6TR, STM32WBA55CGU6U, STM32WBA55CGU7, STM32WBA55CGU7TR, STM32WBA55G-DK1, STM32WBA55HEF6, STM32WBA55HEF7, STM32WBA55HGF6, STM32WBA55HGF7, STM32WBA55UEI6, STM32WBA55UEI6TR, STM32WBA55UEI7, STM32WBA55UEI7TR, STM32WBA55UGI6, STM32WBA55UGI6TR, STM32WBA55UGI7, STM32WBA55UGI7TR, STM32WBA5MMGH6TR, STM32WBA62MGF6, STM32WBA62MIF6, STM32WBA65MGF7, STM32WBA65MIF6, STM32WBA65MIF7, STM32WL30K8V6, STM32WL30KBV6, STM32WL31C8V6, STM32WL31CBV6, STM32WL31K8V6, STM32WL31KBV6, STM32WL33C8V6, STM32WL33C8V6X, STM32WL33CBV6, STM32WL33CBV6X, STM32WL33CCV6, STM32WL33CCV6A, STM32WL33CCV6X, STM32WL33K8V7, STM32WL33K8V7X, STM32WL33KBV7 , STM32WL33KBV7X, STM32WL33KCV7, STM32WL33KCV7X, STM32WL5MOCH6, STM32WL5MOCH6TR]
2026-01-03 22:28:01,316 [INFO] BoardInfo:889 - No configuration file found for board P-NUCLEO-WB55
2026-01-03 22:28:01,316 [INFO] DbBoards:161 - Kit is not supported: P-NUCLEO-WB55
2026-01-03 22:28:01,319 [INFO] BoardInfo:889 - No configuration file found for board STEVAL-BFA001V1B
2026-01-03 22:28:01,319 [INFO] DbBoards:161 - Kit is not supported: STEVAL-BFA001V1B
2026-01-03 22:28:01,320 [INFO] BoardInfo:889 - No configuration file found for board STEVAL-BFA001V2B
2026-01-03 22:28:01,320 [INFO] DbBoards:161 - Kit is not supported: STEVAL-BFA001V2B
2026-01-03 22:28:01,430 [INFO] DbBoards:168 - Found 212 boards, 209 are supported
2026-01-03 22:28:01,430 [INFO] DbBoards:169 - Found 212 boards, 43 of them is supported for  Bsp
2026-01-03 22:28:01,434 [INFO] ApiDb:414 - User favorites file not found: C:\Users\22142/.stm32cubeide/favorites.boards.txt
2026-01-03 22:28:01,434 [INFO] DbBoards:198 - Set 0 / 0 favorites Boards
2026-01-03 22:28:01,435 [INFO] McuFinderGlobals:76 - Set McuFinderConnectedMode to true
2026-01-03 22:28:01,440 [INFO] MultiScanPanel:200 - Auto-refresh data requested => check proxy status ongoing
2026-01-03 22:28:01,442 [INFO] FinderPluginLoader:96 - Searching for filters in installed packs
2026-01-03 22:28:02,526 [INFO] LoadUrlFilesThread:185 - End of LoadServerUrlFiles without Thread
2026-01-03 22:28:02,541 [INFO] DetailPanel:341 - Set advertising image to C:/Users/22142/STM32Cube/Repository/\en.prom-st67w-expansion-board.png
2026-01-03 22:28:25,229 [ERROR] LogOutputStream:75 - [STDERR_REDIRECT] Exception in thread "AWT-EventQueue-0" org.eclipse.swt.SWTException: Device is disposed
2026-01-03 22:28:25,230 [ERROR] LogOutputStream:75 - [STDERR_REDIRECT] 	at org.eclipse.swt.SWT.error(SWT.java:4922)
2026-01-03 22:28:25,231 [ERROR] LogOutputStream:75 - [STDERR_REDIRECT] 	at org.eclipse.swt.SWT.error(SWT.java:4837)
2026-01-03 22:28:25,232 [ERROR] LogOutputStream:75 - [STDERR_REDIRECT] 	at org.eclipse.swt.SWT.error(SWT.java:4808)
2026-01-03 22:28:25,233 [ERROR] LogOutputStream:75 - [STDERR_REDIRECT] 	at org.eclipse.swt.widgets.Display.error(Display.java:1311)
2026-01-03 22:28:25,234 [ERROR] LogOutputStream:75 - [STDERR_REDIRECT] 	at org.eclipse.swt.widgets.Display.asyncExec(Display.java:786)
2026-01-03 22:28:25,235 [ERROR] LogOutputStream:75 - [STDERR_REDIRECT] 	at com.st.stm32cube.common.mx.oss.core.awtswtbridge.AwtEnvironment$2.run(AwtEnvironment.java:168)
2026-01-03 22:28:25,236 [ERROR] LogOutputStream:75 - [STDERR_REDIRECT] 	at java.desktop/java.awt.event.InvocationEvent.dispatch(InvocationEvent.java:318)
2026-01-03 22:28:25,237 [ERROR] LogOutputStream:75 - [STDERR_REDIRECT] 	at java.desktop/java.awt.EventQueue.dispatchEventImpl(EventQueue.java:773)
2026-01-03 22:28:25,238 [ERROR] LogOutputStream:75 - [STDERR_REDIRECT] 	at java.desktop/java.awt.EventQueue$4.run(EventQueue.java:720)
2026-01-03 22:28:25,239 [ERROR] LogOutputStream:75 - [STDERR_REDIRECT] 	at java.desktop/java.awt.EventQueue$4.run(EventQueue.java:714)
2026-01-03 22:28:25,241 [ERROR] LogOutputStream:75 - [STDERR_REDIRECT] 	at java.base/java.security.AccessController.doPrivileged(AccessController.java:400)
2026-01-03 22:28:25,242 [ERROR] LogOutputStream:75 - [STDERR_REDIRECT] 	at java.base/java.security.ProtectionDomain$JavaSecurityAccessImpl.doIntersectionPrivilege(ProtectionDomain.java:87)
2026-01-03 22:28:25,243 [ERROR] LogOutputStream:75 - [STDERR_REDIRECT] 	at java.desktop/java.awt.EventQueue.dispatchEvent(EventQueue.java:742)
2026-01-03 22:28:25,244 [ERROR] LogOutputStream:75 - [STDERR_REDIRECT] 	at java.desktop/java.awt.EventDispatchThread.pumpOneEventForFilters(EventDispatchThread.java:203)
2026-01-03 22:28:25,246 [ERROR] LogOutputStream:75 - [STDERR_REDIRECT] 	at java.desktop/java.awt.EventDispatchThread.pumpEventsForFilter(EventDispatchThread.java:124)
2026-01-03 22:28:25,248 [ERROR] LogOutputStream:75 - [STDERR_REDIRECT] 	at java.desktop/java.awt.EventDispatchThread.pumpEventsForHierarchy(EventDispatchThread.java:113)
2026-01-03 22:28:25,250 [ERROR] LogOutputStream:75 - [STDERR_REDIRECT] 	at java.desktop/java.awt.EventDispatchThread.pumpEvents(EventDispatchThread.java:109)
2026-01-03 22:28:25,251 [ERROR] LogOutputStream:75 - [STDERR_REDIRECT] 	at java.desktop/java.awt.EventDispatchThread.pumpEvents(EventDispatchThread.java:101)
2026-01-03 22:28:25,252 [ERROR] LogOutputStream:75 - [STDERR_REDIRECT] 	at java.desktop/java.awt.EventDispatchThread.run(EventDispatchThread.java:90)
2026-01-03 22:28:25,377 [ERROR] LogOutputStream:75 - [STDERR_REDIRECT] 
2026-01-03 22:28:53,933 [INFO] Activator:176 - 


2026-01-03 22:28:53,933 [INFO] Activator:177 - !SESSION log4j initialized
2026-01-03 22:28:58,259 [INFO] LogOutputStream:77 - [STDOUT_REDIRECT] 
2026-01-03 22:28:58,945 [INFO] ApplicationProperties:184 - Using Application install path: D:\installs\STM32CubeIDE_1.19.0\STM32CubeIDE\plugins\com.st.stm32cube.common.mx_6.15.0.202507011659
2026-01-03 22:28:58,957 [INFO] DbMcusXml:78 - Set database path to: D:\installs\STM32CubeIDE_1.19.0\STM32CubeIDE\plugins\com.st.stm32cube.common.mx_6.15.0.202507011659\\db\/mcu/
2026-01-03 22:28:58,957 [INFO] ApiDb:274 - Set plugin database path to: D:\installs\STM32CubeIDE_1.19.0\STM32CubeIDE\plugins\com.st.stm32cube.common.mx_6.15.0.202507011659\\db\/plugins/boardmanager/
2026-01-03 22:28:58,957 [WARN] ApiDb:259 - Overriding images path with different value:  => D:\installs\STM32CubeIDE_1.19.0\STM32CubeIDE\plugins\com.st.stm32cube.common.mx_6.15.0.202507011659\\db\/plugins/mcufinder/images/
2026-01-03 22:28:58,962 [INFO] ApiDb:250 - Set database path to: C:\Users\22142\.stmcufinder\plugins\mcufinder//mcu/
2026-01-03 22:28:58,962 [INFO] DbMcusAds:125 - Set database path to: C:\Users\22142\.stmcufinder\plugins\mcufinder//mcu/
2026-01-03 22:28:58,963 [INFO] CrossReferenceDbSqlite:203 - Set database path to: C:\Users\22142\.stmcufinder\plugins\mcufinder//mcu/cs/
2026-01-03 22:28:59,049 [INFO] RulesReader:64 - Compatibility file has been processed (317 Rules)
2026-01-03 22:28:59,110 [INFO] DbMcusXml:78 - Set database path to: D:\installs\STM32CubeIDE_1.19.0\STM32CubeIDE\plugins\com.st.stm32cube.common.mx_6.15.0.202507011659\\db\/mcu/
2026-01-03 22:28:59,110 [INFO] ApiDb:274 - Set plugin database path to: D:\installs\STM32CubeIDE_1.19.0\STM32CubeIDE\plugins\com.st.stm32cube.common.mx_6.15.0.202507011659\\db\/plugins/boardmanager/
2026-01-03 22:28:59,110 [INFO] ApiDb:261 - Set plugin images path to: D:\installs\STM32CubeIDE_1.19.0\STM32CubeIDE\plugins\com.st.stm32cube.common.mx_6.15.0.202507011659\\db\/plugins/mcufinder/images/
2026-01-03 22:28:59,110 [WARN] DbFile:41 - Overriding database path with different value: C:\Users\22142\.stmcufinder\plugins\mcufinder/ => C:\Users\22142\.stmcufinder\plugins\mcufinder
2026-01-03 22:28:59,110 [INFO] ApiDb:250 - Set database path to: C:\Users\22142\.stmcufinder\plugins\mcufinder//mcu/
2026-01-03 22:28:59,110 [WARN] DbFile:41 - Overriding database path with different value: C:\Users\22142\.stmcufinder\plugins\mcufinder/ => C:\Users\22142\.stmcufinder\plugins\mcufinder
2026-01-03 22:28:59,110 [INFO] DbMcusAds:125 - Set database path to: C:\Users\22142\.stmcufinder\plugins\mcufinder//mcu/
2026-01-03 22:28:59,110 [WARN] DbFile:41 - Overriding database path with different value: C:\Users\22142\.stmcufinder\plugins\mcufinder/ => C:\Users\22142\.stmcufinder\plugins\mcufinder
2026-01-03 22:28:59,110 [WARN] DbFile:41 - Overriding database path with different value: C:\Users\22142\.stmcufinder\plugins\mcufinder/ => C:\Users\22142\.stmcufinder\plugins\mcufinder
2026-01-03 22:28:59,111 [INFO] CrossReferenceDbSqlite:203 - Set database path to: C:\Users\22142\.stmcufinder\plugins\mcufinder//mcu/cs/
2026-01-03 22:28:59,164 [INFO] MainPanel:274 - HeapMemory: 268435456
2026-01-03 22:28:59,233 [INFO] DbMcusXml:78 - Set database path to: D:\installs\STM32CubeIDE_1.19.0\STM32CubeIDE\plugins\com.st.stm32cube.common.mx_6.15.0.202507011659\\db\/mcu/
2026-01-03 22:28:59,233 [INFO] ApiDb:274 - Set plugin database path to: D:\installs\STM32CubeIDE_1.19.0\STM32CubeIDE\plugins\com.st.stm32cube.common.mx_6.15.0.202507011659\\db\/plugins/boardmanager/
2026-01-03 22:28:59,233 [INFO] ApiDb:261 - Set plugin images path to: D:\installs\STM32CubeIDE_1.19.0\STM32CubeIDE\plugins\com.st.stm32cube.common.mx_6.15.0.202507011659\\db\/plugins/mcufinder/images/
2026-01-03 22:28:59,233 [WARN] DbFile:41 - Overriding database path with different value: C:\Users\22142\.stmcufinder\plugins\mcufinder/ => C:\Users\22142\.stmcufinder\plugins\mcufinder
2026-01-03 22:28:59,233 [INFO] ApiDb:250 - Set database path to: C:\Users\22142\.stmcufinder\plugins\mcufinder//mcu/
2026-01-03 22:28:59,233 [WARN] DbFile:41 - Overriding database path with different value: C:\Users\22142\.stmcufinder\plugins\mcufinder/ => C:\Users\22142\.stmcufinder\plugins\mcufinder
2026-01-03 22:28:59,234 [INFO] DbMcusAds:125 - Set database path to: C:\Users\22142\.stmcufinder\plugins\mcufinder//mcu/
2026-01-03 22:28:59,234 [WARN] DbFile:41 - Overriding database path with different value: C:\Users\22142\.stmcufinder\plugins\mcufinder/ => C:\Users\22142\.stmcufinder\plugins\mcufinder
2026-01-03 22:28:59,234 [WARN] DbFile:41 - Overriding database path with different value: C:\Users\22142\.stmcufinder\plugins\mcufinder/ => C:\Users\22142\.stmcufinder\plugins\mcufinder
2026-01-03 22:28:59,234 [INFO] CrossReferenceDbSqlite:203 - Set database path to: C:\Users\22142\.stmcufinder\plugins\mcufinder//mcu/cs/
2026-01-03 22:28:59,248 [INFO] ApplicationProperties:184 - Using Application install path: D:\installs\STM32CubeIDE_1.19.0\STM32CubeIDE\plugins\com.st.stm32cube.common.mx_6.15.0.202507011659
2026-01-03 22:28:59,249 [INFO] PluginManage:196 - Search for loadable plugins [exclusion list=, ]
2026-01-03 22:28:59,250 [INFO] PluginManage:310 - Check plugin analytics
2026-01-03 22:28:59,398 [INFO] AnalyticsPlugin:253 - Accepted Software Licenses: STM32CubeMX.6.16.1
2026-01-03 22:28:59,398 [INFO] AnalyticsPlugin:255 - Accepted CMSIS Pack Licenses: 
2026-01-03 22:28:59,398 [INFO] AnalyticsPlugin:257 - Accepted Firmware Licenses: 
2026-01-03 22:28:59,399 [INFO] PluginManage:359 - Loaded plugin analytics (category:tool,tabindex:-1)
2026-01-03 22:28:59,400 [INFO] PluginManage:310 - Check plugin cadmodel
2026-01-03 22:28:59,403 [INFO] CADModel:105 - Init CAD model plugin
2026-01-03 22:28:59,403 [INFO] PluginManage:359 - Loaded plugin cadmodel (category:power,tabindex:5)
2026-01-03 22:28:59,403 [INFO] PluginManage:310 - Check plugin clock
2026-01-03 22:28:59,412 [INFO] PluginManage:359 - Loaded plugin clock (category:base,tabindex:2)
2026-01-03 22:28:59,412 [INFO] PluginManage:310 - Check plugin ddr
2026-01-03 22:28:59,415 [INFO] PluginManage:359 - Loaded plugin ddr (category:tool,tabindex:6)
2026-01-03 22:28:59,415 [INFO] PluginManage:310 - Check plugin filemanager
2026-01-03 22:28:59,564 [INFO] PluginManage:359 - Loaded plugin filemanager (category:base,tabindex:10)
2026-01-03 22:28:59,565 [INFO] PluginManage:310 - Check plugin ipmanager
2026-01-03 22:28:59,570 [INFO] PluginManage:359 - Loaded plugin ipmanager (category:base,tabindex:5)
2026-01-03 22:28:59,570 [INFO] PluginManage:310 - Check plugin lpbam
2026-01-03 22:28:59,577 [INFO] PluginManage:359 - Loaded plugin lpbam (category:base,tabindex:0)
2026-01-03 22:28:59,577 [INFO] PluginManage:310 - Check plugin memorymap
2026-01-03 22:28:59,590 [INFO] PluginManage:359 - Loaded plugin memorymap (category:base,tabindex:4)
2026-01-03 22:28:59,591 [INFO] PluginManage:310 - Check plugin pinoutandconfiguration
2026-01-03 22:28:59,598 [INFO] PluginManage:359 - Loaded plugin pinoutandconfiguration (category:base,tabindex:1)
2026-01-03 22:28:59,599 [INFO] PluginManage:310 - Check plugin pinoutconfig
2026-01-03 22:28:59,684 [WARN] SupportedApi:132 - Cannot load RTOS API schema: s4s-elt-must-match.1: The content of 'definitions' must match (annotation?, (simpleType | complexType)?, (unique | key | keyref)*)). A problem was found starting at: attribute.
2026-01-03 22:28:59,834 [INFO] PluginManage:359 - Loaded plugin pinoutconfig (category:base,tabindex:0)
2026-01-03 22:28:59,834 [INFO] PluginManage:310 - Check plugin power
2026-01-03 22:28:59,844 [INFO] PluginManage:359 - Loaded plugin power (category:power,tabindex:4)
2026-01-03 22:28:59,844 [INFO] PluginManage:310 - Check plugin projectmanager
2026-01-03 22:28:59,861 [INFO] PluginManage:359 - Loaded plugin projectmanager (category:projectmanager,tabindex:4)
2026-01-03 22:28:59,861 [INFO] PluginManage:310 - Check plugin rif
2026-01-03 22:28:59,870 [INFO] PluginManage:359 - Loaded plugin rif (category:base,tabindex:3)
2026-01-03 22:28:59,870 [INFO] PluginManage:310 - Check plugin thirdparty
2026-01-03 22:28:59,987 [INFO] PluginManage:359 - Loaded plugin thirdparty (category:base,tabindex:-1)
2026-01-03 22:28:59,987 [INFO] PluginManage:310 - Check plugin tools
2026-01-03 22:28:59,987 [WARN] IntegrityCheckThread:84 - waiting for thirdparty lock release [integrity check]
2026-01-03 22:28:59,987 [INFO] IntegrityCheckThread:86 - entering critical section [integrity check]
2026-01-03 22:28:59,988 [INFO] ThirdPartyUpdaterWithRetryManager:70 - Updater plugin not ready yet. [1/15]
2026-01-03 22:28:59,990 [INFO] PluginManage:359 - Loaded plugin tools (category:base,tabindex:7)
2026-01-03 22:28:59,990 [INFO] PluginManage:310 - Check plugin tutovideos
2026-01-03 22:29:00,170 [INFO] PluginManage:359 - Loaded plugin tutovideos (category:base,tabindex:-1)
2026-01-03 22:29:00,170 [INFO] PluginManage:310 - Check plugin updater
2026-01-03 22:29:00,187 [INFO] PluginManage:359 - Loaded plugin updater (category:base,tabindex:12)
2026-01-03 22:29:00,188 [INFO] PluginManage:310 - Check plugin userauth
2026-01-03 22:29:00,191 [INFO] UserAuth:118 - Init User Auth plugin
2026-01-03 22:29:00,191 [INFO] PluginManage:359 - Loaded plugin userauth (category:base,tabindex:14)
2026-01-03 22:29:00,192 [INFO] PluginManage:283 - PluginManage : Loaded plugins [18]
2026-01-03 22:29:00,380 [INFO] PinOutPanel:1589 - setPackage(No Configuration,No Configuration)
2026-01-03 22:29:00,457 [INFO] CADModel:165 - CPN selected for project level
2026-01-03 22:29:00,458 [INFO] CADModel:114 - Register for checkConnection events
2026-01-03 22:29:00,473 [INFO] IPUIPlugin:80 - create IPUIPlugin
2026-01-03 22:29:00,473 [INFO] PluginManager:220 - loadIPPluginJar : add adc
2026-01-03 22:29:00,475 [INFO] IPUIPlugin:80 - create IPUIPlugin
2026-01-03 22:29:00,475 [INFO] PluginManager:220 - loadIPPluginJar : add aes
2026-01-03 22:29:00,477 [INFO] IPUIPlugin:80 - create IPUIPlugin
2026-01-03 22:29:00,477 [INFO] PluginManager:220 - loadIPPluginJar : add can
2026-01-03 22:29:00,478 [INFO] IPUIPlugin:80 - create IPUIPlugin
2026-01-03 22:29:00,478 [INFO] PluginManager:220 - loadIPPluginJar : add comp
2026-01-03 22:29:00,479 [INFO] IPUIPlugin:80 - create IPUIPlugin
2026-01-03 22:29:00,479 [INFO] PluginManager:220 - loadIPPluginJar : add cryp
2026-01-03 22:29:00,481 [INFO] IPUIPlugin:80 - create IPUIPlugin
2026-01-03 22:29:00,481 [INFO] PluginManager:220 - loadIPPluginJar : add ddr_ctrl_phy
2026-01-03 22:29:00,482 [INFO] IPUIPlugin:80 - create IPUIPlugin
2026-01-03 22:29:00,482 [INFO] PluginManager:220 - loadIPPluginJar : add dfsdm
2026-01-03 22:29:00,486 [INFO] IPUIPlugin:80 - create IPUIPlugin
2026-01-03 22:29:00,486 [INFO] PluginManager:220 - loadIPPluginJar : add dma
2026-01-03 22:29:00,488 [INFO] IPUIPlugin:80 - create IPUIPlugin
2026-01-03 22:29:00,488 [INFO] PluginManager:220 - loadIPPluginJar : add dma3
2026-01-03 22:29:00,490 [INFO] IPUIPlugin:80 - create IPUIPlugin
2026-01-03 22:29:00,490 [INFO] PluginManager:220 - loadIPPluginJar : add extmemmanager
2026-01-03 22:29:00,491 [INFO] IPUIPlugin:80 - create IPUIPlugin
2026-01-03 22:29:00,492 [INFO] PluginManager:220 - loadIPPluginJar : add fatfs
2026-01-03 22:29:00,495 [INFO] IPUIPlugin:80 - create IPUIPlugin
2026-01-03 22:29:00,495 [INFO] PluginManager:220 - loadIPPluginJar : add fmc
2026-01-03 22:29:00,499 [INFO] IPUIPlugin:80 - create IPUIPlugin
2026-01-03 22:29:00,499 [INFO] PluginManager:220 - loadIPPluginJar : add freertos
2026-01-03 22:29:00,500 [INFO] IPUIPlugin:80 - create IPUIPlugin
2026-01-03 22:29:00,500 [INFO] PluginManager:220 - loadIPPluginJar : add genericplugin
2026-01-03 22:29:00,501 [INFO] IPUIPlugin:80 - create IPUIPlugin
2026-01-03 22:29:00,502 [INFO] PluginManager:220 - loadIPPluginJar : add gfxmmu
2026-01-03 22:29:00,507 [INFO] IPUIPlugin:80 - create IPUIPlugin
2026-01-03 22:29:00,507 [INFO] PluginManager:220 - loadIPPluginJar : add gic
2026-01-03 22:29:00,511 [INFO] IPUIPlugin:80 - create IPUIPlugin
2026-01-03 22:29:00,511 [INFO] PluginManager:220 - loadIPPluginJar : add gpio
2026-01-03 22:29:00,513 [INFO] IPUIPlugin:80 - create IPUIPlugin
2026-01-03 22:29:00,513 [INFO] PluginManager:220 - loadIPPluginJar : add gtzc
2026-01-03 22:29:00,514 [INFO] IPUIPlugin:80 - create IPUIPlugin
2026-01-03 22:29:00,515 [INFO] PluginManager:220 - loadIPPluginJar : add hash
2026-01-03 22:29:00,517 [INFO] IPUIPlugin:80 - create IPUIPlugin
2026-01-03 22:29:00,517 [INFO] PluginManager:220 - loadIPPluginJar : add i2c
2026-01-03 22:29:00,518 [INFO] IPUIPlugin:80 - create IPUIPlugin
2026-01-03 22:29:00,518 [INFO] PluginManager:220 - loadIPPluginJar : add i2s
2026-01-03 22:29:00,520 [INFO] IPUIPlugin:80 - create IPUIPlugin
2026-01-03 22:29:00,520 [INFO] PluginManager:220 - loadIPPluginJar : add i3c
2026-01-03 22:29:00,523 [INFO] IPUIPlugin:80 - create IPUIPlugin
2026-01-03 22:29:00,523 [INFO] PluginManager:220 - loadIPPluginJar : add ipddr
2026-01-03 22:29:00,528 [INFO] IPUIPlugin:80 - create IPUIPlugin
2026-01-03 22:29:00,528 [INFO] PluginManager:220 - loadIPPluginJar : add linkedlist
2026-01-03 22:29:00,530 [INFO] IPUIPlugin:80 - create IPUIPlugin
2026-01-03 22:29:00,530 [INFO] PluginManager:220 - loadIPPluginJar : add lorawan
2026-01-03 22:29:00,532 [INFO] IPUIPlugin:80 - create IPUIPlugin
2026-01-03 22:29:00,532 [INFO] PluginManager:220 - loadIPPluginJar : add ltdc
2026-01-03 22:29:00,537 [INFO] IPUIPlugin:80 - create IPUIPlugin
2026-01-03 22:29:00,537 [INFO] PluginManager:220 - loadIPPluginJar : add mdma
2026-01-03 22:29:00,540 [INFO] IPUIPlugin:80 - create IPUIPlugin
2026-01-03 22:29:00,540 [INFO] PluginManager:220 - loadIPPluginJar : add nvic
2026-01-03 22:29:00,542 [INFO] IPUIPlugin:80 - create IPUIPlugin
2026-01-03 22:29:00,542 [INFO] PluginManager:220 - loadIPPluginJar : add opamp
2026-01-03 22:29:00,544 [INFO] IPUIPlugin:80 - create IPUIPlugin
2026-01-03 22:29:00,544 [INFO] PluginManager:220 - loadIPPluginJar : add openamp
2026-01-03 22:29:00,546 [INFO] IPUIPlugin:80 - create IPUIPlugin
2026-01-03 22:29:00,546 [INFO] PluginManager:220 - loadIPPluginJar : add pdm2pcm
2026-01-03 22:29:00,550 [INFO] IPUIPlugin:80 - create IPUIPlugin
2026-01-03 22:29:00,552 [INFO] PluginManager:220 - loadIPPluginJar : add plateformsettings
2026-01-03 22:29:00,554 [INFO] IPUIPlugin:80 - create IPUIPlugin
2026-01-03 22:29:00,554 [INFO] PluginManager:220 - loadIPPluginJar : add quadspi
2026-01-03 22:29:00,556 [INFO] IPUIPlugin:80 - create IPUIPlugin
2026-01-03 22:29:00,556 [INFO] PluginManager:220 - loadIPPluginJar : add radio
2026-01-03 22:29:00,559 [INFO] IPUIPlugin:80 - create IPUIPlugin
2026-01-03 22:29:00,559 [INFO] PluginManager:220 - loadIPPluginJar : add resmgrutility
2026-01-03 22:29:00,562 [INFO] IPUIPlugin:80 - create IPUIPlugin
2026-01-03 22:29:00,562 [INFO] PluginManager:220 - loadIPPluginJar : add sai
2026-01-03 22:29:00,564 [INFO] IPUIPlugin:80 - create IPUIPlugin
2026-01-03 22:29:00,564 [INFO] PluginManager:220 - loadIPPluginJar : add spi
2026-01-03 22:29:00,569 [INFO] IPUIPlugin:80 - create IPUIPlugin
2026-01-03 22:29:00,570 [INFO] PluginManager:220 - loadIPPluginJar : add stm32_wpan
2026-01-03 22:29:00,572 [INFO] IPUIPlugin:80 - create IPUIPlugin
2026-01-03 22:29:00,572 [INFO] PluginManager:220 - loadIPPluginJar : add tim
2026-01-03 22:29:00,575 [INFO] IPUIPlugin:80 - create IPUIPlugin
2026-01-03 22:29:00,575 [INFO] PluginManager:220 - loadIPPluginJar : add touchsensing
2026-01-03 22:29:00,577 [INFO] IPUIPlugin:80 - create IPUIPlugin
2026-01-03 22:29:00,577 [INFO] PluginManager:220 - loadIPPluginJar : add tracer_emb
2026-01-03 22:29:00,578 [INFO] IPUIPlugin:80 - create IPUIPlugin
2026-01-03 22:29:00,578 [INFO] PluginManager:220 - loadIPPluginJar : add ts
2026-01-03 22:29:00,581 [INFO] IPUIPlugin:80 - create IPUIPlugin
2026-01-03 22:29:00,581 [INFO] PluginManager:220 - loadIPPluginJar : add tsc
2026-01-03 22:29:00,583 [INFO] IPUIPlugin:80 - create IPUIPlugin
2026-01-03 22:29:00,583 [INFO] PluginManager:220 - loadIPPluginJar : add ucpd
2026-01-03 22:29:00,585 [INFO] IPUIPlugin:80 - create IPUIPlugin
2026-01-03 22:29:00,585 [INFO] PluginManager:220 - loadIPPluginJar : add usart
2026-01-03 22:29:00,588 [INFO] IPUIPlugin:80 - create IPUIPlugin
2026-01-03 22:29:00,588 [INFO] PluginManager:220 - loadIPPluginJar : add usbx
2026-01-03 22:29:00,714 [FATAL] Updater:351 - Updater called before beeing initialized
2026-01-03 22:29:00,736 [INFO] RulesReader:64 - Compatibility file has been processed (317 Rules)
2026-01-03 22:29:00,745 [INFO] RulesReader:64 - Compatibility file has been processed (317 Rules)
2026-01-03 22:29:00,751 [INFO] CADModel:165 - CPN selected for project level
2026-01-03 22:29:00,751 [INFO] CADModel:114 - Register for checkConnection events
2026-01-03 22:29:00,751 [FATAL] Updater:351 - Updater called before beeing initialized
2026-01-03 22:29:00,751 [ERROR] CADModel:125 - Updater not yet initialized, retry later 
2026-01-03 22:29:00,915 [FATAL] Updater:351 - Updater called before beeing initialized
2026-01-03 22:29:00,917 [INFO] CADModel:165 - CPN selected for project level
2026-01-03 22:29:00,917 [INFO] CADModel:114 - Register for checkConnection events
2026-01-03 22:29:00,917 [FATAL] Updater:351 - Updater called before beeing initialized
2026-01-03 22:29:00,917 [ERROR] CADModel:125 - Updater not yet initialized, retry later 
2026-01-03 22:29:00,920 [FATAL] Updater:351 - Updater called before beeing initialized
2026-01-03 22:29:01,018 [FATAL] Updater:351 - Updater called before beeing initialized
2026-01-03 22:29:01,021 [INFO] DbMcusAds:53 - JSON generation date=Tue Dec 16 04:41:46 IST 2025 (1765840306612)
2026-01-03 22:29:01,022 [FATAL] Updater:351 - Updater called before beeing initialized
2026-01-03 22:29:01,048 [WARN] DetailPanel:346 - Failed to get advertising image, set to default
2026-01-03 22:29:01,122 [FATAL] Updater:351 - Updater called before beeing initialized
2026-01-03 22:29:01,123 [FATAL] Updater:351 - Updater called before beeing initialized
2026-01-03 22:29:01,123 [FATAL] Updater:351 - Updater called before beeing initialized
2026-01-03 22:29:01,123 [WARN] DetailPanel:346 - Failed to get advertising image, set to default
2026-01-03 22:29:01,124 [FATAL] Updater:351 - Updater called before beeing initialized
2026-01-03 22:29:01,165 [ERROR] Updater:1198 - MainUpdater not yet initialized. External WinMGr cannot be set.
2026-01-03 22:29:01,167 [INFO] Updater:1134 - Updater Version found : 6.15.0
2026-01-03 22:29:01,182 [INFO] ApplicationProperties:184 - Using Application install path: D:\installs\STM32CubeIDE_1.19.0\STM32CubeIDE\plugins\com.st.stm32cube.common.mx_6.15.0.202507011659
2026-01-03 22:29:01,394 [INFO] MainUpdater:2872 - connection check result : 10
2026-01-03 22:29:01,394 [INFO] MainUpdater:289 - Updater Check For Update Now.
2026-01-03 22:29:01,395 [INFO] MicroXplorer:498 - Change Database Version : DB.6.0.150
2026-01-03 22:29:01,399 [INFO] McuFinderGlobals:63 - Set McuFinder mode to 2 (CubeIDE integrated)
2026-01-03 22:29:01,399 [INFO] UserAuth:171 - activating auth plugin
2026-01-03 22:29:01,401 [INFO] UserAuth:487 - Internet connection configuration mode: 1
2026-01-03 22:29:01,417 [INFO] JxBrowserEngine:152 - Initiate JxBrowser Engine with user profile folder
2026-01-03 22:29:01,556 [INFO] CheckServerUpdateThread:120 - End of CheckServer Thread
2026-01-03 22:29:02,015 [INFO] WebApp:169 - Instantiating new browser for Auth
2026-01-03 22:29:02,550 [INFO] WebApp:463 - Apply proxy settings
2026-01-03 22:29:02,550 [INFO] WebApp:548 - Chromium requires no authentication
2026-01-03 22:29:02,556 [INFO] WebApp:491 - Direct internet connection detected
2026-01-03 22:29:02,573 [INFO] WebApp:900 - Register for checkConnection events
2026-01-03 22:29:02,573 [INFO] WebApp:463 - Apply proxy settings
2026-01-03 22:29:02,573 [INFO] WebApp:548 - Chromium requires no authentication
2026-01-03 22:29:02,574 [INFO] WebApp:491 - Direct internet connection detected
2026-01-03 22:29:02,693 [INFO] WebApp:225 - Starting web application
2026-01-03 22:29:02,693 [INFO] WebApp:593 - Web application path used D:\installs\STM32CubeIDE_1.19.0\STM32CubeIDE\plugins\com.st.stm32cube.common.mx_6.15.0.202507011659\db\plugins\mcufinder\reactClient1\index.html
2026-01-03 22:29:02,876 [INFO] WebApp:191 - Connection restablished
2026-01-03 22:29:03,286 [WARN] PackLoader:240 - Cannot read IP mode file for STMicroelectronics.FP-SNS-MOTENVWB1.1.4.0
2026-01-03 22:29:03,298 [WARN] PackLoader:240 - Cannot read IP mode file for STMicroelectronics.FP-ATR-ASTRA1.2.0.2
2026-01-03 22:29:03,309 [WARN] PackLoader:240 - Cannot read IP mode file for STMicroelectronics.X-CUBE-SMBUS.2.1.0
2026-01-03 22:29:03,320 [WARN] PackLoader:240 - Cannot read IP mode file for STMicroelectronics.X-CUBE-WB05N.1.1.0
2026-01-03 22:29:03,349 [WARN] PackLoader:240 - Cannot read IP mode file for STMicroelectronics.X-CUBE-AZRTOS-F7.1.1.0
2026-01-03 22:29:03,359 [WARN] PackLoader:240 - Cannot read IP mode file for STMicroelectronics.FP-SNS-MOTENV1.5.1.0
2026-01-03 22:29:03,386 [WARN] PackLoader:240 - Cannot read IP mode file for Infineon.AIROC-Wi-Fi-Bluetooth-STM32.1.7.0
2026-01-03 22:29:03,413 [WARN] PackLoader:240 - Cannot read IP mode file for STMicroelectronics.X-CUBE-AZRTOS-H7.3.4.0
2026-01-03 22:29:03,424 [WARN] PackLoader:240 - Cannot read IP mode file for STMicroelectronics.X-CUBE-DISPLAY.3.0.0
2026-01-03 22:29:03,435 [WARN] PackLoader:240 - Cannot read IP mode file for STMicroelectronics.X-CUBE-NFC10.1.0.0
2026-01-03 22:29:03,447 [WARN] PackLoader:240 - Cannot read IP mode file for STMicroelectronics.X-CUBE-BLEMGR.4.0.0
2026-01-03 22:29:03,454 [WARN] PackLoader:240 - Cannot read IP mode file for STMicroelectronics.X-CUBE-ST60.1.1.0
2026-01-03 22:29:03,460 [WARN] PackLoader:240 - Cannot read IP mode file for emotas.I-CUBE-CANOPEN.1.3.0
2026-01-03 22:29:03,466 [WARN] PackLoader:240 - Cannot read IP mode file for STMicroelectronics.X-CUBE-GNSS1.7.1.0
2026-01-03 22:29:03,470 [WARN] ConditionMgr:438 - getConditionDescription Invalid condition id : Cortex-A Device cause : null
2026-01-03 22:29:03,482 [WARN] ConditionMgr:1044 - genDependencies : Invalid condition id : Cortex-A Device cause : null
2026-01-03 22:29:03,482 [WARN] ConditionMgr:1044 - genDependencies : Invalid condition id : Cortex-A Device cause : null
2026-01-03 22:29:03,482 [WARN] ConditionMgr:1044 - genDependencies : Invalid condition id : Cortex-A Device cause : null
2026-01-03 22:29:03,485 [WARN] PackLoader:240 - Cannot read IP mode file for STMicroelectronics.X-CUBE-AI.10.0.0
2026-01-03 22:29:03,492 [WARN] PackLoader:240 - Cannot read IP mode file for STMicroelectronics.FP-SNS-STBOX1.2.1.0
2026-01-03 22:29:03,500 [WARN] PackLoader:240 - Cannot read IP mode file for STMicroelectronics.FP-SNS-SMARTAG2.1.2.0
2026-01-03 22:29:03,504 [WARN] PackLoader:240 - Cannot read IP mode file for STMicroelectronics.FP-SNS-FLIGHT1.5.1.0
2026-01-03 22:29:03,540 [WARN] PackLoader:240 - Cannot read IP mode file for STMicroelectronics.X-CUBE-MEMS1.11.1.0
2026-01-03 22:29:03,632 [INFO] LogOutputStream:77 - [STDOUT_REDIRECT] 1 : Invalid condition id : UX_CORESTACK_Condition cause : null
2026-01-03 22:29:03,633 [INFO] LogOutputStream:77 - [STDOUT_REDIRECT] 1 : Invalid condition id : UX_CORESTACK_Condition cause : null
2026-01-03 22:29:03,634 [INFO] LogOutputStream:77 - [STDOUT_REDIRECT] 1 : Invalid condition id : UX_CORESTACK_Condition cause : null
2026-01-03 22:29:03,634 [INFO] LogOutputStream:77 - [STDOUT_REDIRECT] 1 : Invalid condition id : UX_CORESTACK_Condition cause : null
2026-01-03 22:29:03,635 [INFO] LogOutputStream:77 - [STDOUT_REDIRECT] 1 : Invalid condition id : UX_CORESTACK_Condition cause : null
2026-01-03 22:29:03,636 [WARN] PackLoader:240 - Cannot read IP mode file for STMicroelectronics.X-CUBE-AZRTOS-WL.2.0.0
2026-01-03 22:29:03,641 [WARN] PackLoader:240 - Cannot read IP mode file for STMicroelectronics.FP-SNS-MOTENV1.5.0.0
2026-01-03 22:29:03,659 [WARN] PackLoader:240 - Cannot read IP mode file for STMicroelectronics.X-CUBE-AZRTOS-H7RS.1.2.0
2026-01-03 22:29:03,667 [WARN] PackLoader:240 - Cannot read IP mode file for WES.I-CUBE-Cesium.1.3.0
2026-01-03 22:29:03,671 [WARN] PackLoader:240 - Cannot read IP mode file for STMicroelectronics.X-CUBE-BLE2.3.3.0
2026-01-03 22:29:03,685 [WARN] PackLoader:240 - Cannot read IP mode file for STMicroelectronics.X-CUBE-NFC9.1.0.0
2026-01-03 22:29:03,690 [WARN] PackLoader:240 - Cannot read IP mode file for STMicroelectronics.X-CUBE-BLE1.7.1.0
2026-01-03 22:29:03,693 [WARN] PackLoader:240 - Cannot read IP mode file for wolfSSL.I-CUBE-wolfMQTT.1.19.2
2026-01-03 22:29:03,698 [WARN] PackLoader:240 - Cannot read IP mode file for STMicroelectronics.X-CUBE-FREERTOS.1.4.0
2026-01-03 22:29:03,702 [WARN] PackLoader:240 - Cannot read IP mode file for STMicroelectronics.X-CUBE-EEPRMA1.5.2.0
2026-01-03 22:29:03,707 [WARN] PackLoader:240 - Cannot read IP mode file for STMicroelectronics.X-CUBE-ST67W61.1.1.0
2026-01-03 22:29:03,733 [WARN] PackLoader:240 - Cannot read IP mode file for STMicroelectronics.X-CUBE-MEMS1.12.0.0
2026-01-03 22:29:03,789 [WARN] PackLoader:240 - Cannot read IP mode file for STMicroelectronics.X-CUBE-AZRTOS-G0.1.1.0
2026-01-03 22:29:03,795 [WARN] PackLoader:240 - Cannot read IP mode file for STMicroelectronics.X-CUBE-SAFEA1.1.2.2
2026-01-03 22:29:03,799 [WARN] PackLoader:240 - Cannot read IP mode file for STMicroelectronics.X-CUBE-NFC4.3.0.0
2026-01-03 22:29:03,815 [WARN] PackLoader:240 - Cannot read IP mode file for EmbeddedOffice.I-CUBE-FS-RTOS.1.0.1
2026-01-03 22:29:03,821 [WARN] PackLoader:240 - Cannot read IP mode file for STMicroelectronics.X-CUBE-WB05N.2.0.0
2026-01-03 22:29:03,826 [WARN] PackLoader:240 - Cannot read IP mode file for wolfSSL.I-CUBE-wolfTPM.3.8.0
2026-01-03 22:29:03,832 [WARN] PackLoader:240 - Cannot read IP mode file for STMicroelectronics.X-CUBE-TCPP.4.2.0
2026-01-03 22:29:03,838 [WARN] PackLoader:240 - Cannot read IP mode file for RealThread.X-CUBE-RT-Thread_Nano.4.1.1
2026-01-03 22:29:03,842 [WARN] PackLoader:240 - Cannot read IP mode file for STMicroelectronics.FP-ATR-SIGFOX1.3.2.0
2026-01-03 22:29:03,848 [WARN] PackLoader:240 - Cannot read IP mode file for STMicroelectronics.X-CUBE-EEPRMA1.5.1.0
2026-01-03 22:29:03,872 [WARN] PackLoader:240 - Cannot read IP mode file for wolfSSL.I-CUBE-wolfSSL.5.7.6
2026-01-03 22:29:03,882 [WARN] PackLoader:240 - Cannot read IP mode file for ITTIA_DB.I-CUBE-ITTIADB.8.9.0
2026-01-03 22:29:03,885 [WARN] PackLoader:240 - Cannot read IP mode file for STMicroelectronics.X-CUBE-AI.10.2.0
2026-01-03 22:29:03,909 [WARN] PackLoader:240 - Cannot read IP mode file for SEGGER.I-CUBE-embOS.1.3.1
2026-01-03 22:29:03,933 [WARN] PackLoader:240 - Cannot read IP mode file for STMicroelectronics.X-CUBE-ALGOBUILD.1.4.0
2026-01-03 22:29:03,937 [WARN] PackLoader:240 - Cannot read IP mode file for STMicroelectronics.X-CUBE-PM33A1.1.0.0
2026-01-03 22:29:03,947 [WARN] PackLoader:240 - Cannot read IP mode file for STMicroelectronics.X-CUBE-AZRTOS-F4.1.1.0
2026-01-03 22:29:03,967 [WARN] PackLoader:240 - Cannot read IP mode file for STMicroelectronics.X-CUBE-ISPU.2.1.0
2026-01-03 22:29:03,980 [WARN] PackLoader:240 - Cannot read IP mode file for STMicroelectronics.X-CUBE-IPS.3.2.0
2026-01-03 22:29:03,994 [WARN] PackLoader:240 - Cannot read IP mode file for STMicroelectronics.X-CUBE-NFC12.1.0.0
2026-01-03 22:29:04,007 [WARN] PackLoader:240 - Cannot read IP mode file for STMicroelectronics.X-CUBE-AZRTOS-L5.2.0.0
2026-01-03 22:29:04,013 [WARN] PackLoader:240 - Cannot read IP mode file for STMicroelectronics.X-CUBE-NFC6.3.1.0
2026-01-03 22:29:04,019 [WARN] PackLoader:240 - Cannot read IP mode file for STMicroelectronics.X-CUBE-DPower.1.2.0
2026-01-03 22:29:04,023 [WARN] PackLoader:240 - Cannot read IP mode file for STMicroelectronics.X-CUBE-FREERTOS.1.3.0
2026-01-03 22:29:04,027 [WARN] PackLoader:240 - Cannot read IP mode file for STMicroelectronics.X-CUBE-NFC7.1.0.1
2026-01-03 22:29:04,031 [WARN] PackLoader:240 - Cannot read IP mode file for STMicroelectronics.X-CUBE-TOUCHGFX.4.26.0
2026-01-03 22:29:04,035 [WARN] PackLoader:240 - Cannot read IP mode file for STMicroelectronics.FP-SNS-STAIOTCFT.1.0.0
2026-01-03 22:29:04,038 [WARN] PackLoader:240 - Cannot read IP mode file for STMicroelectronics.X-CUBE-DPower.1.3.0
2026-01-03 22:29:04,053 [WARN] ConditionMgr:438 - getConditionDescription Invalid condition id : LAN8742 Phy interface Condition cause : null
2026-01-03 22:29:04,054 [WARN] PackLoader:240 - Cannot read IP mode file for STMicroelectronics.X-CUBE-AZRTOS-L4.2.0.0
2026-01-03 22:29:04,054 [WARN] ConditionMgr:1044 - genDependencies : Invalid condition id : LAN8742 Phy interface Condition cause : null
2026-01-03 22:29:04,055 [WARN] ConditionMgr:1044 - genDependencies : Invalid condition id : LAN8742 Phy interface Condition cause : null
2026-01-03 22:29:04,055 [WARN] ConditionMgr:1044 - genDependencies : Invalid condition id : LAN8742 Phy interface Condition cause : null
2026-01-03 22:29:04,060 [WARN] PackLoader:240 - Cannot read IP mode file for STMicroelectronics.X-CUBE-SFXS2LP1.4.0.0
2026-01-03 22:29:04,071 [WARN] PackLoader:240 - Cannot read IP mode file for STMicroelectronics.X-CUBE-AZRTOS-H7.3.3.0
2026-01-03 22:29:04,079 [WARN] PackLoader:240 - Cannot read IP mode file for STMicroelectronics.X-CUBE-BLEMGR.4.1.0
2026-01-03 22:29:04,090 [WARN] ConditionMgr:438 - getConditionDescription Invalid condition id : UX DEVICE CLASS RTOS Condition cause : null
2026-01-03 22:29:04,090 [WARN] ConditionMgr:438 - getConditionDescription Invalid condition id : UX DEVICE CLASS RTOS Condition cause : null
2026-01-03 22:29:04,091 [WARN] PackLoader:240 - Cannot read IP mode file for STMicroelectronics.X-CUBE-AZRTOS-WB.2.0.0
2026-01-03 22:29:04,091 [WARN] ConditionMgr:1044 - genDependencies : Invalid condition id : UX DEVICE CLASS RTOS Condition cause : null
2026-01-03 22:29:04,091 [WARN] ConditionMgr:1044 - genDependencies : Invalid condition id : UX DEVICE CLASS RTOS Condition cause : null
2026-01-03 22:29:04,091 [WARN] ConditionMgr:1044 - genDependencies : Invalid condition id : UX DEVICE CLASS RTOS Condition cause : null
2026-01-03 22:29:04,092 [WARN] ConditionMgr:1044 - genDependencies : Invalid condition id : UX DEVICE CLASS RTOS Condition cause : null
2026-01-03 22:29:04,092 [WARN] ConditionMgr:1044 - genDependencies : Invalid condition id : UX DEVICE CLASS RTOS Condition cause : null
2026-01-03 22:29:04,095 [WARN] PackLoader:240 - Cannot read IP mode file for STMicroelectronics.X-CUBE-GNSS1.7.0.1
2026-01-03 22:29:04,100 [WARN] PackLoader:240 - Cannot read IP mode file for STMicroelectronics.X-CUBE-TOUCHGFX.4.25.0
2026-01-03 22:29:04,105 [WARN] PackLoader:240 - Cannot read IP mode file for STMicroelectronics.FP-SNS-STBOX1.2.0.0
2026-01-03 22:29:04,115 [WARN] PackLoader:240 - Cannot read IP mode file for STMicroelectronics.X-CUBE-SUBG2.5.0.0
2026-01-03 22:29:04,127 [WARN] PackLoader:240 - Cannot read IP mode file for STMicroelectronics.X-CUBE-AZRTOS-H7RS.1.1.0
2026-01-03 22:29:04,133 [WARN] PackLoader:240 - Cannot read IP mode file for Cesanta.I-CUBE-Mongoose.7.13.0
2026-01-03 22:29:04,142 [WARN] PackLoader:240 - Cannot read IP mode file for STMicroelectronics.X-CUBE-AZRTOS-G4.2.0.0
2026-01-03 22:29:04,147 [WARN] PackLoader:240 - Cannot read IP mode file for wolfSSL.I-CUBE-wolfSSH.1.4.20
2026-01-03 22:29:04,150 [WARN] PackLoader:240 - Cannot read IP mode file for STMicroelectronics.X-CUBE-NFC7.2.0.0
2026-01-03 22:29:04,156 [WARN] PackLoader:240 - Cannot read IP mode file for STMicroelectronics.X-CUBE-IPS.3.1.0
2026-01-03 22:29:04,163 [WARN] PackLoader:240 - Cannot read IP mode file for STMicroelectronics.X-CUBE-ALS.1.0.2
2026-01-03 22:29:04,168 [WARN] PackLoader:240 - Cannot read IP mode file for STMicroelectronics.X-CUBE-STSE01.1.0.0
2026-01-03 22:29:04,173 [WARN] PackLoader:240 - Cannot read IP mode file for portGmbH.I-Cube-SoM-uGOAL.1.1.0
2026-01-03 22:29:04,178 [WARN] PackLoader:240 - Cannot read IP mode file for STMicroelectronics.X-CUBE-TOF1.3.4.2
2026-01-03 22:29:04,191 [WARN] PackLoader:240 - Cannot read IP mode file for STMicroelectronics.X-CUBE-TOF1.3.4.3
2026-01-03 22:29:04,196 [INFO] ThirdParty:978 - Integrity check success = true
2026-01-03 22:29:04,196 [INFO] IntegrityCheckThread:100 - exiting critical section [integrity check]
2026-01-03 22:29:04,196 [INFO] IntegrityCheckThread:103 - End integrity checks thread
2026-01-03 22:29:20,332 [INFO] McuFinderGlobals:63 - Set McuFinder mode to 2 (CubeIDE integrated)
2026-01-03 22:29:20,334 [INFO] MainUpdater:2872 - connection check result : 10
2026-01-03 22:29:20,609 [INFO] ApiDb:581 - Connected to CubeFinder SQLite database (C:\Users\22142\.stmcufinder\plugins\mcufinder\mcu\cube-finder-db.db)
2026-01-03 22:29:20,693 [INFO] ApiDb:668 - CubeFinder database Data Model version=2.1
2026-01-03 22:29:20,693 [INFO] ApiDb:669 - CubeFinder database Configuration version=3.0.39
2026-01-03 22:29:20,693 [INFO] ApiDb:670 - CubeFinder database generation date=2025-12-22 (1766407740)
2026-01-03 22:29:20,693 [INFO] ApiDb:671 - CubeFinder database FW Pack versions=[FP-ATR-ASTRA1_V2.0.0, FP-SNS-FLIGHT1_V5.1.0, FP-SNS-MOTENV1_V5.1.0, FP-SNS-MOTENVWB1_V1.4.0, FP-SNS-SMARTAG2_V1.2.0, FP-SNS-STBOX1_V2.1.0, STM32Cube_FW_C0_V1.4.0, STM32Cube_FW_F4_V1.28.3, STM32Cube_FW_F7_V1.17.4, STM32Cube_FW_G0_V1.6.2, STM32Cube_FW_G4_V1.6.1, STM32Cube_FW_H5_V1.5.1, STM32Cube_FW_H7RS_V1.3.0, STM32Cube_FW_H7_V1.12.1, STM32Cube_FW_L0_V1.12.2, STM32Cube_FW_L4_V1.18.1, STM32Cube_FW_L5_V1.6.0, STM32Cube_FW_N6_V1.3.0, STM32Cube_FW_U0_V1.3.0, STM32Cube_FW_U3_V1.2.1, STM32Cube_FW_U5_V1.8.0, STM32Cube_FW_WB0_V1.4.0, STM32Cube_FW_WBA_V1.8.0, STM32Cube_FW_WB_V1.24.0, STM32Cube_FW_WL3_V1.3.0, STM32Cube_FW_WL_V1.4.0, X-CUBE-ALGOBUILD_V1.4.0, X-CUBE-ALS_V1.0.2, X-CUBE-AZRTOS-F4_V1.1.0, X-CUBE-AZRTOS-F7_V1.1.0, X-CUBE-AZRTOS-G0_V1.1.0, X-CUBE-AZRTOS-G4_V2.0.0, X-CUBE-AZRTOS-H7RS_V1.1.0, X-CUBE-AZRTOS-H7_V3.4.0, X-CUBE-AZRTOS-L4_V2.0.0, X-CUBE-AZRTOS-L5_V2.0.0, X-CUBE-AZRTOS-WB_V2.0.0, X-CUBE-AZRTOS-WL_V2.0.0, X-CUBE-BLE1_V7.1.0, X-CUBE-BLE2_V3.3.0, X-CUBE-BLEMGR_V4.1.0, X-CUBE-EEPRMA1_V5.2.0, X-CUBE-FREERTOS_V1.3.1, X-CUBE-GNSS1_V6.0.0, X-CUBE-MEMS1_V12.0.0, X-CUBE-NFC4_V3.0.0, X-CUBE-NFC7_V2.0.0, X-CUBE-SFXS2LP1_V4.0.0, X-CUBE-ST67W61_V1.1.0, X-CUBE-SUBG2_V5.0.0, X-CUBE-TOF1_V3.4.3]
2026-01-03 22:29:22,787 [INFO] ApiDb:240 - Found 880 in-development CPN: [B-G473E-ZEST1S, B-WB1M-WPAN1, B-WBA5M-WPAN, B-WL5M-SUBG1, NUCLEO-C031C6, NUCLEO-C051C8, NUCLEO-C071RB, NUCLEO-C092RC, NUCLEO-H503RB, NUCLEO-H533RE, NUCLEO-H563ZI, NUCLEO-H7S3L8, NUCLEO-N657X0-Q, NUCLEO-U031R8, NUCLEO-U083RC, NUCLEO-U385RG-Q, NUCLEO-U545RE-Q, NUCLEO-U5A5ZJ-Q, NUCLEO-WB05KZ, NUCLEO-WB07CC, NUCLEO-WB09KE, NUCLEO-WBA52CG, NUCLEO-WBA55CG, NUCLEO-WL33CC1, NUCLEO-WL33CC2, STEVAL-PROTEUS1, STEVAL-SMARTAG2, STEVAL-STWINBX1, STM320518-EVAL, STM32C0116-DK, STM32C011D6Y3TR, STM32C011D6Y6TR, STM32C011F4P3, STM32C011F4P6, STM32C011F4U3, STM32C011F4U6TR, STM32C011F6P3, STM32C011F6P6, STM32C011F6U3, STM32C011F6U6TR, STM32C011J4M3, STM32C011J4M6, STM32C011J6M3, STM32C011J6M6, STM32C0316-DK, STM32C031C4T3, STM32C031C4T6, STM32C031C4U3, STM32C031C4U6, STM32C031C6T3, STM32C031C6T6, STM32C031C6U3, STM32C031C6U6, STM32C031F4P3, STM32C031F4P6, STM32C031F6P3, STM32C031F6P6, STM32C031G4U3, STM32C031G4U6, STM32C031G6U3, STM32C031G6U6, STM32C031K4T3, STM32C031K4T6, STM32C031K4U3, STM32C031K4U6, STM32C031K6T3, STM32C031K6T6, STM32C031K6U3, STM32C031K6U6, STM32C051C6T6, STM32C051C6U6, STM32C051C8T6, STM32C051C8U6, STM32C051D8Y6TR, STM32C051F6P6, STM32C051F8P6, STM32C051G6U6, STM32C051G8U6, STM32C051K6T6, STM32C051K6U6, STM32C051K8T6, STM32C071C8T6, STM32C071C8T6N, STM32C071C8U6, STM32C071C8U6N, STM32C071CBT6, STM32C071CBT6N, STM32C071CBU6, STM32C071CBU6N, STM32C071F8P6, STM32C071F8P6N, STM32C071FBP6, STM32C071FBP6N, STM32C071FBY6TR, STM32C071G8U6, STM32C071G8U6N, STM32C071GBU6, STM32C071GBU6N, STM32C071K8T6, STM32C071K8T6N, STM32C071K8U6, STM32C071K8U6N, STM32C071KBT6, STM32C071KBT6N, STM32C071KBU6, STM32C071KBU6N, STM32C071R8T6, STM32C071R8T6N, STM32C071RBI6N, STM32C071RBT6, STM32C071RBT6N, STM32C091CBT6, STM32C091CBU6, STM32C091CCT6, STM32C091CCU6, STM32C091ECY6TR, STM32C091FBP6, STM32C091FCP6, STM32C091GBU6, STM32C091GCU6, STM32C091KBT6, STM32C091KBU6, STM32C091KCT6, STM32C091KCU6, STM32C091RBT6, STM32C091RCI6, STM32C091RCT6, STM32C092CBT6, STM32C092CBU6, STM32C092CCT6, STM32C092CCU6, STM32C092ECY6TR, STM32C092FBP6, STM32C092FCP6, STM32C092GBU6, STM32C092GCU6, STM32C092KBT6, STM32C092KBU6, STM32C092KCT6, STM32C092KCU6, STM32C092RBT6, STM32C092RCI6, STM32C092RCT6, STM32G071K8TXN, STM32G071K8UXN, STM32G081GBU6N, STM32G081KBT6N, STM32G081KBUXN, STM32G0B1CCT6N, STM32G0B1KCT6, STM32G0B1NEY6TR, STM32G0B1RCT6N, STM32G0C1CCT6, STM32G0C1CCT6N, STM32G0C1CCU6N, STM32G0C1CET6N, STM32G0C1CEU6N, STM32G0C1KCT6, STM32G0C1NEY6TR, STM32G0C1RCI6N, STM32G0C1RCT6N, STM32G0C1REI6N, STM32G0C1RET6N, STM32G0C1VCI6, STM32G0C1VEI6, STM32G411C6T3, STM32G411C6T6, STM32G411C6U3, STM32G411C6U6, STM32G411C8T3, STM32G411C8T6, STM32G411C8U3, STM32G411C8U6, STM32G411CBT3, STM32G411CBT6, STM32G411CBU3, STM32G411CBU6, STM32G411K6T3, STM32G411K6T6, STM32G411K6U3, STM32G411K6U6, STM32G411K8T3, STM32G411K8T6, STM32G411K8U3, STM32G411K8U6, STM32G411KBT3, STM32G411KBT6, STM32G411KBU3, STM32G411KBU6, STM32G411M6T3, STM32G411M6T6, STM32G411M8T3, STM32G411M8T6, STM32G411MBT3, STM32G411MBT6, STM32G411R6T3, STM32G411R6T6, STM32G411R8T3, STM32G411R8T6, STM32G411RBT3, STM32G411RBT6, STM32G414CBT3, STM32G414CBT6, STM32G414CBU3, STM32G414CBU6, STM32G414CCT3, STM32G414CCT6, STM32G414CCU3, STM32G414CCU6, STM32G414MBT3, STM32G414MBT6, STM32G414MCT3, STM32G414MCT6, STM32G414RBT3, STM32G414RBT6, STM32G414RCT3, STM32G414RCT6, STM32G414VBT3, STM32G414VBT6, STM32G414VCT3, STM32G414VCT6, STM32G431CBT3Z, STM32G431RBT3Z, STM32G471CCT6, STM32G471CCU6, STM32G471CET3, STM32G471CET6, STM32G471CEU3, STM32G471CEU6, STM32G471MCT6, STM32G471MET3, STM32G471MET6, STM32G471MEY6TR, STM32G471QCT6, STM32G471QET3, STM32G471RCT6, STM32G471RET3, STM32G471RET6, STM32G471VCH6, STM32G471VCI6, STM32G471VCT6, STM32G471VEH3, STM32G471VEH6, STM32G471VEI3, STM32G471VEI6, STM32G471VET3, STM32G471VET6, STM32G473QET3Z, STM32G473RET3Z, STM32G474CCT6, STM32G491RET3Z, STM32H503CBT6, STM32H503CBU6, STM32H503EBY6TR, STM32H503KBU6, STM32H503RBT6, STM32H523CCT6, STM32H523CCU6, STM32H523CET6, STM32H523CEU6, STM32H523HEY6TR, STM32H523RCT6, STM32H523RET6, STM32H523VCI6, STM32H523VCT6, STM32H523VEI6, STM32H523VET6, STM32H523ZCJ6, STM32H523ZCT6, STM32H523ZEJ6, STM32H523ZET6, STM32H533CET6, STM32H533CEU6, STM32H533HEY6TR, STM32H533RET6, STM32H533VEI6, STM32H533VET6, STM32H533ZEJ6, STM32H533ZET6, STM32H562AGI6, STM32H562AII6, STM32H562IGK6, STM32H562IGT6, STM32H562IIK6, STM32H562IIT6, STM32H562RGT6, STM32H562RGV6, STM32H562RIT6, STM32H562RIV6, STM32H562VGT6, STM32H562VIT6, STM32H562ZGT6, STM32H562ZIT6, STM32H563AGI6, STM32H563AII3Q, STM32H563AII6, STM32H563IGK6, STM32H563IGT6, STM32H563IIK3Q, STM32H563IIK6, STM32H563IIT3Q, STM32H563IIT6, STM32H563MIY3QTR, STM32H563RGT6, STM32H563RGV6, STM32H563RIT6, STM32H563RIV6, STM32H563VGT6, STM32H563VIT3Q, STM32H563VIT6, STM32H563ZGT6, STM32H563ZIT3Q, STM32H563ZIT6, STM32H573AII3Q, STM32H573AII6, STM32H573I-DK, STM32H573IIK3Q, STM32H573IIK6, STM32H573IIT3Q, STM32H573IIT6, STM32H573MIY3QTR, STM32H573RIT6, STM32H573RIV6, STM32H573VIT3Q, STM32H573VIT6, STM32H573ZIT3Q, STM32H573ZIT6, STM32H7R3A8I6, STM32H7R3I8K6, STM32H7R3I8T6, STM32H7R3L8H6, STM32H7R3L8H6H, STM32H7R3R8V6, STM32H7R3V8H6, STM32H7R3V8T6, STM32H7R3V8Y6TR, STM32H7R3Z8J6, STM32H7R3Z8T6, STM32H7R7A8I6, STM32H7R7I8K6, STM32H7R7I8T6, STM32H7R7L8H6, STM32H7R7L8H6H, STM32H7R7Z8J6, STM32H7S3A8I6, STM32H7S3I8K6, STM32H7S3I8T6, STM32H7S3L8H6, STM32H7S3L8H6H, STM32H7S3R8V6, STM32H7S3V8H6, STM32H7S3V8T6, STM32H7S3V8Y6TR, STM32H7S3Z8J6, STM32H7S3Z8T6, STM32H7S78-DK, STM32H7S7A8I6, STM32H7S7I8K6, STM32H7S7I8T6, STM32H7S7L8H6, STM32H7S7L8H6H, STM32H7S7Z8J6, STM32L4R5QGI6STR, STM32MP131AAE3, STM32MP131AAF3, STM32MP131AAG3, STM32MP131CAE3, STM32MP131CAF3, STM32MP131CAG3, STM32MP131DAE7, STM32MP131DAF7, STM32MP131DAG7, STM32MP131FAE7, STM32MP131FAF7, STM32MP131FAG7, STM32MP133AAE3, STM32MP133AAF3, STM32MP133AAG3, STM32MP133CAE3, STM32MP133CAF3, STM32MP133CAG3, STM32MP133DAE7, STM32MP133DAF7, STM32MP133DAG7, STM32MP133FAE7, STM32MP133FAF7, STM32MP133FAG7, STM32MP135AAE3, STM32MP135AAF3, STM32MP135AAG3, STM32MP135CAE3, STM32MP135CAF3, STM32MP135CAG3, STM32MP135DAE7, STM32MP135DAF7, STM32MP135DAG7, STM32MP135F-DK, STM32MP135FAE7, STM32MP135FAF7, STM32MP135FAF7T, STM32MP135FAF7U, STM32MP135FAG7, STM32MP211AAL3, STM32MP211AAM3, STM32MP211AAN3, STM32MP211AAO3, STM32MP211CAL3, STM32MP211CAM3, STM32MP211CAN3, STM32MP211CAO3, STM32MP211DAL3, STM32MP211DAM3, STM32MP211DAN3, STM32MP211DAO3, STM32MP211FAL3, STM32MP211FAM3, STM32MP211FAN3, STM32MP211FAO3, STM32MP213AAL3, STM32MP213AAM3, STM32MP213AAN3, STM32MP213AAO3, STM32MP213CAL3, STM32MP213CAM3, STM32MP213CAN3, STM32MP213CAO3, STM32MP213DAL3, STM32MP213DAM3, STM32MP213DAN3, STM32MP213DAO3, STM32MP213FAL3, STM32MP213FAM3, STM32MP213FAN3, STM32MP213FAO3, STM32MP215AAL3, STM32MP215AAM3, STM32MP215AAN3, STM32MP215AAO3, STM32MP215CAL3, STM32MP215CAM3, STM32MP215CAN3, STM32MP215CAO3, STM32MP215DAL3, STM32MP215DAM3, STM32MP215DAN3, STM32MP215DAO3, STM32MP215F-DK, STM32MP215FAL3, STM32MP215FAM3, STM32MP215FAN3, STM32MP215FAO3, STM32MP231AAJ3, STM32MP231AAK3, STM32MP231AAL3, STM32MP231CAJ3, STM32MP231CAK3, STM32MP231CAL3, STM32MP231DAJ3, STM32MP231DAK3, STM32MP231DAL3, STM32MP231FAJ3, STM32MP231FAK3, STM32MP231FAL3, STM32MP233AAJ3, STM32MP233AAK3, STM32MP233AAL3, STM32MP233CAJ3, STM32MP233CAK3, STM32MP233CAL3, STM32MP233DAJ3, STM32MP233DAK3, STM32MP233DAL3, STM32MP233FAJ3, STM32MP233FAK3, STM32MP233FAL3, STM32MP235AAJ3, STM32MP235AAK3, STM32MP235AAL3, STM32MP235CAJ3, STM32MP235CAK3, STM32MP235CAL3, STM32MP235DAJ3, STM32MP235DAK3, STM32MP235DAL3, STM32MP235FAJ3, STM32MP235FAK3, STM32MP235FAL3, STM32MP251AAI3, STM32MP251AAK3, STM32MP251AAL3, STM32MP251CAI3, STM32MP251CAK3, STM32MP251CAL3, STM32MP251DAI3, STM32MP251DAK3, STM32MP251DAL3, STM32MP251FAI3, STM32MP251FAK3, STM32MP251FAL3, STM32MP253AAI3, STM32MP253AAK3, STM32MP253AAL3, STM32MP253CAI3, STM32MP253CAK3, STM32MP253CAL3, STM32MP253DAI3, STM32MP253DAK3, STM32MP253DAL3, STM32MP253FAI3, STM32MP253FAK3, STM32MP253FAL3, STM32MP255AAI3, STM32MP255AAK3, STM32MP255AAL3, STM32MP255CAI3, STM32MP255CAK3, STM32MP255CAL3, STM32MP255DAI3, STM32MP255DAK3, STM32MP255DAL3, STM32MP255FAI3, STM32MP255FAK3, STM32MP255FAL3, STM32MP257AAI3, STM32MP257AAK3, STM32MP257AAL3, STM32MP257CAI3, STM32MP257CAK3, STM32MP257CAL3, STM32MP257DAI3, STM32MP257DAK3, STM32MP257DAL3, STM32MP257F-DK, STM32MP257F-EV1, STM32MP257FAI3, STM32MP257FAK3, STM32MP257FAL3, STM32N645A0H3Q, STM32N645B0H3Q, STM32N645I0H3Q, STM32N645L0H3Q, STM32N645X0H3Q, STM32N645Z0H3Q, STM32N647A0H3Q, STM32N647B0H3Q, STM32N647I0H3Q, STM32N647L0H3Q, STM32N647X0H3Q, STM32N647Z0H3Q, STM32N655A0H3Q, STM32N655B0H3Q, STM32N655I0H3Q, STM32N655L0H3Q, STM32N655X0H3Q, STM32N655Z0H3Q, STM32N6570-DK, STM32N657A0H3Q, STM32N657B0H3Q, STM32N657I0H3Q, STM32N657L0H3Q, STM32N657X0H3Q, STM32N657Z0H3Q, STM32U031C6T6, STM32U031C6U6, STM32U031C8T6, STM32U031C8U6, STM32U031F4P6, STM32U031F6P6, STM32U031F8P6, STM32U031G6Y6TR, STM32U031G8Y6TR, STM32U031K4U6, STM32U031K6U6, STM32U031K8U6, STM32U031R6I6, STM32U031R6T6, STM32U031R8I6, STM32U031R8T6, STM32U073C8T6, STM32U073C8U6, STM32U073CBT6, STM32U073CBU6, STM32U073CCT6, STM32U073CCU6, STM32U073H8Y6TR, STM32U073HBY6TR, STM32U073HCY6TR, STM32U073K8U6, STM32U073KBU6, STM32U073KCU6, STM32U073M8I6, STM32U073M8T6, STM32U073MBI6, STM32U073MBT6, STM32U073MCI6, STM32U073MCT6, STM32U073R8I6, STM32U073R8T6, STM32U073RBI6, STM32U073RBT6, STM32U073RCI6, STM32U073RCT6, STM32U083C-DK, STM32U083CCT6, STM32U083CCU6, STM32U083HCY6TR, STM32U083KCU6, STM32U083MCI6, STM32U083MCT6, STM32U083RCI6, STM32U083RCT6, STM32U375CET6, STM32U375CET6Q, STM32U375CEU6, STM32U375CEU6Q, STM32U375CEY6QTR, STM32U375CGT6, STM32U375CGT6Q, STM32U375CGU6, STM32U375CGU6Q, STM32U375CGY6QTR, STM32U375KEU6, STM32U375KGU6, STM32U375REI6, STM32U375REI6Q, STM32U375RET6, STM32U375RET6Q, STM32U375REY6GTR, STM32U375REY6QTR, STM32U375RGI6, STM32U375RGI6Q, STM32U375RGT6, STM32U375RGT6Q, STM32U375RGY6GTR, STM32U375RGY6QTR, STM32U375VEI6, STM32U375VEI6Q, STM32U375VET6, STM32U375VET6Q, STM32U375VGI6, STM32U375VGI6Q, STM32U375VGT6, STM32U375VGT6Q, STM32U385CGT6, STM32U385CGT6Q, STM32U385CGU6, STM32U385CGU6Q, STM32U385CGY6QTR, STM32U385KGU6, STM32U385RGI6, STM32U385RGI6Q, STM32U385RGT6, STM32U385RGT6Q, STM32U385RGY6GTR, STM32U385RGY6QTR, STM32U385VGI6, STM32U385VGI6Q, STM32U385VGT6, STM32U385VGT6Q, STM32U535CBT6, STM32U535CBT6Q, STM32U535CBU6, STM32U535CBU6Q, STM32U535CCT6, STM32U535CCT6Q, STM32U535CCU6, STM32U535CCU6Q, STM32U535CET6, STM32U535CET6Q, STM32U535CEU6, STM32U535CEU6Q, STM32U535JEY6QTR, STM32U535NCY6QTR, STM32U535NEY6QTR, STM32U535RBI6, STM32U535RBI6Q, STM32U535RBT6, STM32U535RBT6Q, STM32U535RCI6, STM32U535RCI6Q, STM32U535RCT6, STM32U535RCT6Q, STM32U535REI6, STM32U535REI6Q, STM32U535RET6, STM32U535RET6Q, STM32U535VCI6, STM32U535VCI6Q, STM32U535VCT6, STM32U535VCT6Q, STM32U535VEI6, STM32U535VEI6Q, STM32U535VET6, STM32U535VET6Q, STM32U545CET6, STM32U545CET6Q, STM32U545CEU6, STM32U545CEU6Q, STM32U545JEY6QTR, STM32U545NEY6QTR, STM32U545REI6, STM32U545REI6Q, STM32U545RET6, STM32U545RET6Q, STM32U545VEI6, STM32U545VEI6Q, STM32U545VET6, STM32U545VET6Q, STM32U595AIH6, STM32U595AIH6Q, STM32U595AJH6, STM32U595AJH6Q, STM32U595QII6, STM32U595QII6Q, STM32U595QJI6, STM32U595QJI6Q, STM32U595RIT6, STM32U595RIT6Q, STM32U595RJT6, STM32U595RJT6Q, STM32U595VIT6, STM32U595VIT6Q, STM32U595VJT6, STM32U595VJT6Q, STM32U595ZIT6, STM32U595ZIT6Q, STM32U595ZIY6QTR, STM32U595ZJT6, STM32U595ZJT6Q, STM32U595ZJY6QTR, STM32U599BJY6QTR, STM32U599NIH6Q, STM32U599NJH6Q, STM32U599VIT6Q, STM32U599VJT6, STM32U599VJT6Q, STM32U599ZIT6Q, STM32U599ZIY6QTR, STM32U599ZJT6Q, STM32U599ZJY6QTR, STM32U5A5AJH6, STM32U5A5AJH6Q, STM32U5A5QII3Q , STM32U5A5QJI6, STM32U5A5QJI6Q, STM32U5A5RJT6, STM32U5A5RJT6Q, STM32U5A5VJT6, STM32U5A5VJT6Q, STM32U5A5ZJT6, STM32U5A5ZJT6Q, STM32U5A5ZJY6QTR, STM32U5A9BJY6QTR, STM32U5A9J-DK, STM32U5A9NJH6Q, STM32U5A9VJT6Q, STM32U5A9ZJT6Q, STM32U5A9ZJY6QTR, STM32U5F7VIT6, STM32U5F7VIT6Q, STM32U5F7VJT6, STM32U5F7VJT6Q, STM32U5F9BJY6QTR, STM32U5F9NJH6Q, STM32U5F9VIT6Q, STM32U5F9VJT6Q, STM32U5F9ZIJ6QTR, STM32U5F9ZIT6Q, STM32U5F9ZJJ6QTR, STM32U5F9ZJT6Q, STM32U5G7VJT6, STM32U5G7VJT6Q, STM32U5G9BJY6QTR, STM32U5G9J-DK1, STM32U5G9J-DK2, STM32U5G9NJH6Q, STM32U5G9VJT6Q, STM32U5G9ZJJ6QTR, STM32U5G9ZJT6Q, STM32WB05KZV6TR, STM32WB05KZV7TR, STM32WB05TZF6TR, STM32WB05TZF7TR, STM32WB06CCF6TR, STM32WB06CCF7TR, STM32WB06CCV6TR, STM32WB06CCV7TR, STM32WB06KCV6TR, STM32WB06KCV7TR, STM32WB07CCF6TR, STM32WB07CCF7TR, STM32WB07CCV6TR, STM32WB07CCV7TR, STM32WB07KCV6TR, STM32WB07KCV7TR, STM32WB09KEV6TR, STM32WB09KEV7TR, STM32WB09TEF6TR, STM32WB09TEF7TR, STM32WB1MMCH6, STM32WBA50KGU6, STM32WBA50KGU6TR, STM32WBA52CEU6, STM32WBA52CEU6TR, STM32WBA52CEU7, STM32WBA52CEU7TR, STM32WBA52CGU6, STM32WBA52CGU6TR, STM32WBA52CGU6U, STM32WBA52CGU7, STM32WBA52CGU7TR, STM32WBA52KEU6, STM32WBA52KEU6TR, STM32WBA52KGU6, STM32WBA52KGU6TR, STM32WBA54CEU6, STM32WBA54CEU6TR, STM32WBA54CEU7, STM32WBA54CEU7TR, STM32WBA54CGU6, STM32WBA54CGU6TR, STM32WBA54CGU7, STM32WBA54CGU7TR, STM32WBA54KEU6, STM32WBA54KEU6TR, STM32WBA54KEU7, STM32WBA54KEU7TR, STM32WBA54KGU6, STM32WBA54KGU6TR, STM32WBA54KGU7, STM32WBA54KGU7TR, STM32WBA55CEU6, STM32WBA55CEU6TR, STM32WBA55CEU7, STM32WBA55CEU7TR, STM32WBA55CGU6, STM32WBA55CGU6TR, STM32WBA55CGU6U, STM32WBA55CGU7, STM32WBA55CGU7TR, STM32WBA55G-DK1, STM32WBA55HEF6, STM32WBA55HEF7, STM32WBA55HGF6, STM32WBA55HGF7, STM32WBA55UEI6, STM32WBA55UEI6TR, STM32WBA55UEI7, STM32WBA55UEI7TR, STM32WBA55UGI6, STM32WBA55UGI6TR, STM32WBA55UGI7, STM32WBA55UGI7TR, STM32WBA5MMGH6TR, STM32WBA62MGF6, STM32WBA62MIF6, STM32WBA65MGF7, STM32WBA65MIF6, STM32WBA65MIF7, STM32WL30K8V6, STM32WL30KBV6, STM32WL31C8V6, STM32WL31CBV6, STM32WL31K8V6, STM32WL31KBV6, STM32WL33C8V6, STM32WL33C8V6X, STM32WL33CBV6, STM32WL33CBV6X, STM32WL33CCV6, STM32WL33CCV6A, STM32WL33CCV6X, STM32WL33K8V7, STM32WL33K8V7X, STM32WL33KBV7 , STM32WL33KBV7X, STM32WL33KCV7, STM32WL33KCV7X, STM32WL5MOCH6, STM32WL5MOCH6TR]
2026-01-03 22:29:22,792 [INFO] DbMcus:218 - Found 4876 MCUs, 4876 are supported
2026-01-03 22:29:22,792 [INFO] ApiDb:423 - Load user favorites file C:\Users\22142/.stm32cubeide/favorites.mcus.txt: 0 item(s)
2026-01-03 22:29:22,793 [INFO] ApiDb:427 - User favorites MCUs=[]
2026-01-03 22:29:22,793 [INFO] DbMcus:224 - Set 0 / 0 favorites MCUs
2026-01-03 22:29:23,182 [INFO] ApiDb:668 - CubeFinder database Data Model version=2.1
2026-01-03 22:29:23,183 [INFO] ApiDb:669 - CubeFinder database Configuration version=3.0.39
2026-01-03 22:29:23,183 [INFO] ApiDb:670 - CubeFinder database generation date=2025-12-22 (1766407740)
2026-01-03 22:29:23,183 [INFO] ApiDb:671 - CubeFinder database FW Pack versions=[FP-ATR-ASTRA1_V2.0.0, FP-SNS-FLIGHT1_V5.1.0, FP-SNS-MOTENV1_V5.1.0, FP-SNS-MOTENVWB1_V1.4.0, FP-SNS-SMARTAG2_V1.2.0, FP-SNS-STBOX1_V2.1.0, STM32Cube_FW_C0_V1.4.0, STM32Cube_FW_F4_V1.28.3, STM32Cube_FW_F7_V1.17.4, STM32Cube_FW_G0_V1.6.2, STM32Cube_FW_G4_V1.6.1, STM32Cube_FW_H5_V1.5.1, STM32Cube_FW_H7RS_V1.3.0, STM32Cube_FW_H7_V1.12.1, STM32Cube_FW_L0_V1.12.2, STM32Cube_FW_L4_V1.18.1, STM32Cube_FW_L5_V1.6.0, STM32Cube_FW_N6_V1.3.0, STM32Cube_FW_U0_V1.3.0, STM32Cube_FW_U3_V1.2.1, STM32Cube_FW_U5_V1.8.0, STM32Cube_FW_WB0_V1.4.0, STM32Cube_FW_WBA_V1.8.0, STM32Cube_FW_WB_V1.24.0, STM32Cube_FW_WL3_V1.3.0, STM32Cube_FW_WL_V1.4.0, X-CUBE-ALGOBUILD_V1.4.0, X-CUBE-ALS_V1.0.2, X-CUBE-AZRTOS-F4_V1.1.0, X-CUBE-AZRTOS-F7_V1.1.0, X-CUBE-AZRTOS-G0_V1.1.0, X-CUBE-AZRTOS-G4_V2.0.0, X-CUBE-AZRTOS-H7RS_V1.1.0, X-CUBE-AZRTOS-H7_V3.4.0, X-CUBE-AZRTOS-L4_V2.0.0, X-CUBE-AZRTOS-L5_V2.0.0, X-CUBE-AZRTOS-WB_V2.0.0, X-CUBE-AZRTOS-WL_V2.0.0, X-CUBE-BLE1_V7.1.0, X-CUBE-BLE2_V3.3.0, X-CUBE-BLEMGR_V4.1.0, X-CUBE-EEPRMA1_V5.2.0, X-CUBE-FREERTOS_V1.3.1, X-CUBE-GNSS1_V6.0.0, X-CUBE-MEMS1_V12.0.0, X-CUBE-NFC4_V3.0.0, X-CUBE-NFC7_V2.0.0, X-CUBE-SFXS2LP1_V4.0.0, X-CUBE-ST67W61_V1.1.0, X-CUBE-SUBG2_V5.0.0, X-CUBE-TOF1_V3.4.3]
2026-01-03 22:29:23,230 [INFO] DbBoardsSqlite:226 - include board P-NUCLEO-WB55-NUCLEO as a kit item of type 'Nucleo-64'
2026-01-03 22:29:23,230 [INFO] DbBoardsSqlite:226 - include board P-NUCLEO-WB55-USBDONGLE as a kit item of type 'Nucleo USB Dongle'
2026-01-03 22:29:23,230 [INFO] DbBoardsSqlite:226 - include board STEVAL-IDP005V1 as a kit item of type 'Evaluation Board'
2026-01-03 22:29:23,230 [INFO] DbBoardsSqlite:226 - include board STEVAL-IDP005V2 as a kit item of type 'Evaluation Board'
2026-01-03 22:29:23,296 [INFO] ApiDb:240 - Found 880 in-development CPN: [B-G473E-ZEST1S, B-WB1M-WPAN1, B-WBA5M-WPAN, B-WL5M-SUBG1, NUCLEO-C031C6, NUCLEO-C051C8, NUCLEO-C071RB, NUCLEO-C092RC, NUCLEO-H503RB, NUCLEO-H533RE, NUCLEO-H563ZI, NUCLEO-H7S3L8, NUCLEO-N657X0-Q, NUCLEO-U031R8, NUCLEO-U083RC, NUCLEO-U385RG-Q, NUCLEO-U545RE-Q, NUCLEO-U5A5ZJ-Q, NUCLEO-WB05KZ, NUCLEO-WB07CC, NUCLEO-WB09KE, NUCLEO-WBA52CG, NUCLEO-WBA55CG, NUCLEO-WL33CC1, NUCLEO-WL33CC2, STEVAL-PROTEUS1, STEVAL-SMARTAG2, STEVAL-STWINBX1, STM320518-EVAL, STM32C0116-DK, STM32C011D6Y3TR, STM32C011D6Y6TR, STM32C011F4P3, STM32C011F4P6, STM32C011F4U3, STM32C011F4U6TR, STM32C011F6P3, STM32C011F6P6, STM32C011F6U3, STM32C011F6U6TR, STM32C011J4M3, STM32C011J4M6, STM32C011J6M3, STM32C011J6M6, STM32C0316-DK, STM32C031C4T3, STM32C031C4T6, STM32C031C4U3, STM32C031C4U6, STM32C031C6T3, STM32C031C6T6, STM32C031C6U3, STM32C031C6U6, STM32C031F4P3, STM32C031F4P6, STM32C031F6P3, STM32C031F6P6, STM32C031G4U3, STM32C031G4U6, STM32C031G6U3, STM32C031G6U6, STM32C031K4T3, STM32C031K4T6, STM32C031K4U3, STM32C031K4U6, STM32C031K6T3, STM32C031K6T6, STM32C031K6U3, STM32C031K6U6, STM32C051C6T6, STM32C051C6U6, STM32C051C8T6, STM32C051C8U6, STM32C051D8Y6TR, STM32C051F6P6, STM32C051F8P6, STM32C051G6U6, STM32C051G8U6, STM32C051K6T6, STM32C051K6U6, STM32C051K8T6, STM32C071C8T6, STM32C071C8T6N, STM32C071C8U6, STM32C071C8U6N, STM32C071CBT6, STM32C071CBT6N, STM32C071CBU6, STM32C071CBU6N, STM32C071F8P6, STM32C071F8P6N, STM32C071FBP6, STM32C071FBP6N, STM32C071FBY6TR, STM32C071G8U6, STM32C071G8U6N, STM32C071GBU6, STM32C071GBU6N, STM32C071K8T6, STM32C071K8T6N, STM32C071K8U6, STM32C071K8U6N, STM32C071KBT6, STM32C071KBT6N, STM32C071KBU6, STM32C071KBU6N, STM32C071R8T6, STM32C071R8T6N, STM32C071RBI6N, STM32C071RBT6, STM32C071RBT6N, STM32C091CBT6, STM32C091CBU6, STM32C091CCT6, STM32C091CCU6, STM32C091ECY6TR, STM32C091FBP6, STM32C091FCP6, STM32C091GBU6, STM32C091GCU6, STM32C091KBT6, STM32C091KBU6, STM32C091KCT6, STM32C091KCU6, STM32C091RBT6, STM32C091RCI6, STM32C091RCT6, STM32C092CBT6, STM32C092CBU6, STM32C092CCT6, STM32C092CCU6, STM32C092ECY6TR, STM32C092FBP6, STM32C092FCP6, STM32C092GBU6, STM32C092GCU6, STM32C092KBT6, STM32C092KBU6, STM32C092KCT6, STM32C092KCU6, STM32C092RBT6, STM32C092RCI6, STM32C092RCT6, STM32G071K8TXN, STM32G071K8UXN, STM32G081GBU6N, STM32G081KBT6N, STM32G081KBUXN, STM32G0B1CCT6N, STM32G0B1KCT6, STM32G0B1NEY6TR, STM32G0B1RCT6N, STM32G0C1CCT6, STM32G0C1CCT6N, STM32G0C1CCU6N, STM32G0C1CET6N, STM32G0C1CEU6N, STM32G0C1KCT6, STM32G0C1NEY6TR, STM32G0C1RCI6N, STM32G0C1RCT6N, STM32G0C1REI6N, STM32G0C1RET6N, STM32G0C1VCI6, STM32G0C1VEI6, STM32G411C6T3, STM32G411C6T6, STM32G411C6U3, STM32G411C6U6, STM32G411C8T3, STM32G411C8T6, STM32G411C8U3, STM32G411C8U6, STM32G411CBT3, STM32G411CBT6, STM32G411CBU3, STM32G411CBU6, STM32G411K6T3, STM32G411K6T6, STM32G411K6U3, STM32G411K6U6, STM32G411K8T3, STM32G411K8T6, STM32G411K8U3, STM32G411K8U6, STM32G411KBT3, STM32G411KBT6, STM32G411KBU3, STM32G411KBU6, STM32G411M6T3, STM32G411M6T6, STM32G411M8T3, STM32G411M8T6, STM32G411MBT3, STM32G411MBT6, STM32G411R6T3, STM32G411R6T6, STM32G411R8T3, STM32G411R8T6, STM32G411RBT3, STM32G411RBT6, STM32G414CBT3, STM32G414CBT6, STM32G414CBU3, STM32G414CBU6, STM32G414CCT3, STM32G414CCT6, STM32G414CCU3, STM32G414CCU6, STM32G414MBT3, STM32G414MBT6, STM32G414MCT3, STM32G414MCT6, STM32G414RBT3, STM32G414RBT6, STM32G414RCT3, STM32G414RCT6, STM32G414VBT3, STM32G414VBT6, STM32G414VCT3, STM32G414VCT6, STM32G431CBT3Z, STM32G431RBT3Z, STM32G471CCT6, STM32G471CCU6, STM32G471CET3, STM32G471CET6, STM32G471CEU3, STM32G471CEU6, STM32G471MCT6, STM32G471MET3, STM32G471MET6, STM32G471MEY6TR, STM32G471QCT6, STM32G471QET3, STM32G471RCT6, STM32G471RET3, STM32G471RET6, STM32G471VCH6, STM32G471VCI6, STM32G471VCT6, STM32G471VEH3, STM32G471VEH6, STM32G471VEI3, STM32G471VEI6, STM32G471VET3, STM32G471VET6, STM32G473QET3Z, STM32G473RET3Z, STM32G474CCT6, STM32G491RET3Z, STM32H503CBT6, STM32H503CBU6, STM32H503EBY6TR, STM32H503KBU6, STM32H503RBT6, STM32H523CCT6, STM32H523CCU6, STM32H523CET6, STM32H523CEU6, STM32H523HEY6TR, STM32H523RCT6, STM32H523RET6, STM32H523VCI6, STM32H523VCT6, STM32H523VEI6, STM32H523VET6, STM32H523ZCJ6, STM32H523ZCT6, STM32H523ZEJ6, STM32H523ZET6, STM32H533CET6, STM32H533CEU6, STM32H533HEY6TR, STM32H533RET6, STM32H533VEI6, STM32H533VET6, STM32H533ZEJ6, STM32H533ZET6, STM32H562AGI6, STM32H562AII6, STM32H562IGK6, STM32H562IGT6, STM32H562IIK6, STM32H562IIT6, STM32H562RGT6, STM32H562RGV6, STM32H562RIT6, STM32H562RIV6, STM32H562VGT6, STM32H562VIT6, STM32H562ZGT6, STM32H562ZIT6, STM32H563AGI6, STM32H563AII3Q, STM32H563AII6, STM32H563IGK6, STM32H563IGT6, STM32H563IIK3Q, STM32H563IIK6, STM32H563IIT3Q, STM32H563IIT6, STM32H563MIY3QTR, STM32H563RGT6, STM32H563RGV6, STM32H563RIT6, STM32H563RIV6, STM32H563VGT6, STM32H563VIT3Q, STM32H563VIT6, STM32H563ZGT6, STM32H563ZIT3Q, STM32H563ZIT6, STM32H573AII3Q, STM32H573AII6, STM32H573I-DK, STM32H573IIK3Q, STM32H573IIK6, STM32H573IIT3Q, STM32H573IIT6, STM32H573MIY3QTR, STM32H573RIT6, STM32H573RIV6, STM32H573VIT3Q, STM32H573VIT6, STM32H573ZIT3Q, STM32H573ZIT6, STM32H7R3A8I6, STM32H7R3I8K6, STM32H7R3I8T6, STM32H7R3L8H6, STM32H7R3L8H6H, STM32H7R3R8V6, STM32H7R3V8H6, STM32H7R3V8T6, STM32H7R3V8Y6TR, STM32H7R3Z8J6, STM32H7R3Z8T6, STM32H7R7A8I6, STM32H7R7I8K6, STM32H7R7I8T6, STM32H7R7L8H6, STM32H7R7L8H6H, STM32H7R7Z8J6, STM32H7S3A8I6, STM32H7S3I8K6, STM32H7S3I8T6, STM32H7S3L8H6, STM32H7S3L8H6H, STM32H7S3R8V6, STM32H7S3V8H6, STM32H7S3V8T6, STM32H7S3V8Y6TR, STM32H7S3Z8J6, STM32H7S3Z8T6, STM32H7S78-DK, STM32H7S7A8I6, STM32H7S7I8K6, STM32H7S7I8T6, STM32H7S7L8H6, STM32H7S7L8H6H, STM32H7S7Z8J6, STM32L4R5QGI6STR, STM32MP131AAE3, STM32MP131AAF3, STM32MP131AAG3, STM32MP131CAE3, STM32MP131CAF3, STM32MP131CAG3, STM32MP131DAE7, STM32MP131DAF7, STM32MP131DAG7, STM32MP131FAE7, STM32MP131FAF7, STM32MP131FAG7, STM32MP133AAE3, STM32MP133AAF3, STM32MP133AAG3, STM32MP133CAE3, STM32MP133CAF3, STM32MP133CAG3, STM32MP133DAE7, STM32MP133DAF7, STM32MP133DAG7, STM32MP133FAE7, STM32MP133FAF7, STM32MP133FAG7, STM32MP135AAE3, STM32MP135AAF3, STM32MP135AAG3, STM32MP135CAE3, STM32MP135CAF3, STM32MP135CAG3, STM32MP135DAE7, STM32MP135DAF7, STM32MP135DAG7, STM32MP135F-DK, STM32MP135FAE7, STM32MP135FAF7, STM32MP135FAF7T, STM32MP135FAF7U, STM32MP135FAG7, STM32MP211AAL3, STM32MP211AAM3, STM32MP211AAN3, STM32MP211AAO3, STM32MP211CAL3, STM32MP211CAM3, STM32MP211CAN3, STM32MP211CAO3, STM32MP211DAL3, STM32MP211DAM3, STM32MP211DAN3, STM32MP211DAO3, STM32MP211FAL3, STM32MP211FAM3, STM32MP211FAN3, STM32MP211FAO3, STM32MP213AAL3, STM32MP213AAM3, STM32MP213AAN3, STM32MP213AAO3, STM32MP213CAL3, STM32MP213CAM3, STM32MP213CAN3, STM32MP213CAO3, STM32MP213DAL3, STM32MP213DAM3, STM32MP213DAN3, STM32MP213DAO3, STM32MP213FAL3, STM32MP213FAM3, STM32MP213FAN3, STM32MP213FAO3, STM32MP215AAL3, STM32MP215AAM3, STM32MP215AAN3, STM32MP215AAO3, STM32MP215CAL3, STM32MP215CAM3, STM32MP215CAN3, STM32MP215CAO3, STM32MP215DAL3, STM32MP215DAM3, STM32MP215DAN3, STM32MP215DAO3, STM32MP215F-DK, STM32MP215FAL3, STM32MP215FAM3, STM32MP215FAN3, STM32MP215FAO3, STM32MP231AAJ3, STM32MP231AAK3, STM32MP231AAL3, STM32MP231CAJ3, STM32MP231CAK3, STM32MP231CAL3, STM32MP231DAJ3, STM32MP231DAK3, STM32MP231DAL3, STM32MP231FAJ3, STM32MP231FAK3, STM32MP231FAL3, STM32MP233AAJ3, STM32MP233AAK3, STM32MP233AAL3, STM32MP233CAJ3, STM32MP233CAK3, STM32MP233CAL3, STM32MP233DAJ3, STM32MP233DAK3, STM32MP233DAL3, STM32MP233FAJ3, STM32MP233FAK3, STM32MP233FAL3, STM32MP235AAJ3, STM32MP235AAK3, STM32MP235AAL3, STM32MP235CAJ3, STM32MP235CAK3, STM32MP235CAL3, STM32MP235DAJ3, STM32MP235DAK3, STM32MP235DAL3, STM32MP235FAJ3, STM32MP235FAK3, STM32MP235FAL3, STM32MP251AAI3, STM32MP251AAK3, STM32MP251AAL3, STM32MP251CAI3, STM32MP251CAK3, STM32MP251CAL3, STM32MP251DAI3, STM32MP251DAK3, STM32MP251DAL3, STM32MP251FAI3, STM32MP251FAK3, STM32MP251FAL3, STM32MP253AAI3, STM32MP253AAK3, STM32MP253AAL3, STM32MP253CAI3, STM32MP253CAK3, STM32MP253CAL3, STM32MP253DAI3, STM32MP253DAK3, STM32MP253DAL3, STM32MP253FAI3, STM32MP253FAK3, STM32MP253FAL3, STM32MP255AAI3, STM32MP255AAK3, STM32MP255AAL3, STM32MP255CAI3, STM32MP255CAK3, STM32MP255CAL3, STM32MP255DAI3, STM32MP255DAK3, STM32MP255DAL3, STM32MP255FAI3, STM32MP255FAK3, STM32MP255FAL3, STM32MP257AAI3, STM32MP257AAK3, STM32MP257AAL3, STM32MP257CAI3, STM32MP257CAK3, STM32MP257CAL3, STM32MP257DAI3, STM32MP257DAK3, STM32MP257DAL3, STM32MP257F-DK, STM32MP257F-EV1, STM32MP257FAI3, STM32MP257FAK3, STM32MP257FAL3, STM32N645A0H3Q, STM32N645B0H3Q, STM32N645I0H3Q, STM32N645L0H3Q, STM32N645X0H3Q, STM32N645Z0H3Q, STM32N647A0H3Q, STM32N647B0H3Q, STM32N647I0H3Q, STM32N647L0H3Q, STM32N647X0H3Q, STM32N647Z0H3Q, STM32N655A0H3Q, STM32N655B0H3Q, STM32N655I0H3Q, STM32N655L0H3Q, STM32N655X0H3Q, STM32N655Z0H3Q, STM32N6570-DK, STM32N657A0H3Q, STM32N657B0H3Q, STM32N657I0H3Q, STM32N657L0H3Q, STM32N657X0H3Q, STM32N657Z0H3Q, STM32U031C6T6, STM32U031C6U6, STM32U031C8T6, STM32U031C8U6, STM32U031F4P6, STM32U031F6P6, STM32U031F8P6, STM32U031G6Y6TR, STM32U031G8Y6TR, STM32U031K4U6, STM32U031K6U6, STM32U031K8U6, STM32U031R6I6, STM32U031R6T6, STM32U031R8I6, STM32U031R8T6, STM32U073C8T6, STM32U073C8U6, STM32U073CBT6, STM32U073CBU6, STM32U073CCT6, STM32U073CCU6, STM32U073H8Y6TR, STM32U073HBY6TR, STM32U073HCY6TR, STM32U073K8U6, STM32U073KBU6, STM32U073KCU6, STM32U073M8I6, STM32U073M8T6, STM32U073MBI6, STM32U073MBT6, STM32U073MCI6, STM32U073MCT6, STM32U073R8I6, STM32U073R8T6, STM32U073RBI6, STM32U073RBT6, STM32U073RCI6, STM32U073RCT6, STM32U083C-DK, STM32U083CCT6, STM32U083CCU6, STM32U083HCY6TR, STM32U083KCU6, STM32U083MCI6, STM32U083MCT6, STM32U083RCI6, STM32U083RCT6, STM32U375CET6, STM32U375CET6Q, STM32U375CEU6, STM32U375CEU6Q, STM32U375CEY6QTR, STM32U375CGT6, STM32U375CGT6Q, STM32U375CGU6, STM32U375CGU6Q, STM32U375CGY6QTR, STM32U375KEU6, STM32U375KGU6, STM32U375REI6, STM32U375REI6Q, STM32U375RET6, STM32U375RET6Q, STM32U375REY6GTR, STM32U375REY6QTR, STM32U375RGI6, STM32U375RGI6Q, STM32U375RGT6, STM32U375RGT6Q, STM32U375RGY6GTR, STM32U375RGY6QTR, STM32U375VEI6, STM32U375VEI6Q, STM32U375VET6, STM32U375VET6Q, STM32U375VGI6, STM32U375VGI6Q, STM32U375VGT6, STM32U375VGT6Q, STM32U385CGT6, STM32U385CGT6Q, STM32U385CGU6, STM32U385CGU6Q, STM32U385CGY6QTR, STM32U385KGU6, STM32U385RGI6, STM32U385RGI6Q, STM32U385RGT6, STM32U385RGT6Q, STM32U385RGY6GTR, STM32U385RGY6QTR, STM32U385VGI6, STM32U385VGI6Q, STM32U385VGT6, STM32U385VGT6Q, STM32U535CBT6, STM32U535CBT6Q, STM32U535CBU6, STM32U535CBU6Q, STM32U535CCT6, STM32U535CCT6Q, STM32U535CCU6, STM32U535CCU6Q, STM32U535CET6, STM32U535CET6Q, STM32U535CEU6, STM32U535CEU6Q, STM32U535JEY6QTR, STM32U535NCY6QTR, STM32U535NEY6QTR, STM32U535RBI6, STM32U535RBI6Q, STM32U535RBT6, STM32U535RBT6Q, STM32U535RCI6, STM32U535RCI6Q, STM32U535RCT6, STM32U535RCT6Q, STM32U535REI6, STM32U535REI6Q, STM32U535RET6, STM32U535RET6Q, STM32U535VCI6, STM32U535VCI6Q, STM32U535VCT6, STM32U535VCT6Q, STM32U535VEI6, STM32U535VEI6Q, STM32U535VET6, STM32U535VET6Q, STM32U545CET6, STM32U545CET6Q, STM32U545CEU6, STM32U545CEU6Q, STM32U545JEY6QTR, STM32U545NEY6QTR, STM32U545REI6, STM32U545REI6Q, STM32U545RET6, STM32U545RET6Q, STM32U545VEI6, STM32U545VEI6Q, STM32U545VET6, STM32U545VET6Q, STM32U595AIH6, STM32U595AIH6Q, STM32U595AJH6, STM32U595AJH6Q, STM32U595QII6, STM32U595QII6Q, STM32U595QJI6, STM32U595QJI6Q, STM32U595RIT6, STM32U595RIT6Q, STM32U595RJT6, STM32U595RJT6Q, STM32U595VIT6, STM32U595VIT6Q, STM32U595VJT6, STM32U595VJT6Q, STM32U595ZIT6, STM32U595ZIT6Q, STM32U595ZIY6QTR, STM32U595ZJT6, STM32U595ZJT6Q, STM32U595ZJY6QTR, STM32U599BJY6QTR, STM32U599NIH6Q, STM32U599NJH6Q, STM32U599VIT6Q, STM32U599VJT6, STM32U599VJT6Q, STM32U599ZIT6Q, STM32U599ZIY6QTR, STM32U599ZJT6Q, STM32U599ZJY6QTR, STM32U5A5AJH6, STM32U5A5AJH6Q, STM32U5A5QII3Q , STM32U5A5QJI6, STM32U5A5QJI6Q, STM32U5A5RJT6, STM32U5A5RJT6Q, STM32U5A5VJT6, STM32U5A5VJT6Q, STM32U5A5ZJT6, STM32U5A5ZJT6Q, STM32U5A5ZJY6QTR, STM32U5A9BJY6QTR, STM32U5A9J-DK, STM32U5A9NJH6Q, STM32U5A9VJT6Q, STM32U5A9ZJT6Q, STM32U5A9ZJY6QTR, STM32U5F7VIT6, STM32U5F7VIT6Q, STM32U5F7VJT6, STM32U5F7VJT6Q, STM32U5F9BJY6QTR, STM32U5F9NJH6Q, STM32U5F9VIT6Q, STM32U5F9VJT6Q, STM32U5F9ZIJ6QTR, STM32U5F9ZIT6Q, STM32U5F9ZJJ6QTR, STM32U5F9ZJT6Q, STM32U5G7VJT6, STM32U5G7VJT6Q, STM32U5G9BJY6QTR, STM32U5G9J-DK1, STM32U5G9J-DK2, STM32U5G9NJH6Q, STM32U5G9VJT6Q, STM32U5G9ZJJ6QTR, STM32U5G9ZJT6Q, STM32WB05KZV6TR, STM32WB05KZV7TR, STM32WB05TZF6TR, STM32WB05TZF7TR, STM32WB06CCF6TR, STM32WB06CCF7TR, STM32WB06CCV6TR, STM32WB06CCV7TR, STM32WB06KCV6TR, STM32WB06KCV7TR, STM32WB07CCF6TR, STM32WB07CCF7TR, STM32WB07CCV6TR, STM32WB07CCV7TR, STM32WB07KCV6TR, STM32WB07KCV7TR, STM32WB09KEV6TR, STM32WB09KEV7TR, STM32WB09TEF6TR, STM32WB09TEF7TR, STM32WB1MMCH6, STM32WBA50KGU6, STM32WBA50KGU6TR, STM32WBA52CEU6, STM32WBA52CEU6TR, STM32WBA52CEU7, STM32WBA52CEU7TR, STM32WBA52CGU6, STM32WBA52CGU6TR, STM32WBA52CGU6U, STM32WBA52CGU7, STM32WBA52CGU7TR, STM32WBA52KEU6, STM32WBA52KEU6TR, STM32WBA52KGU6, STM32WBA52KGU6TR, STM32WBA54CEU6, STM32WBA54CEU6TR, STM32WBA54CEU7, STM32WBA54CEU7TR, STM32WBA54CGU6, STM32WBA54CGU6TR, STM32WBA54CGU7, STM32WBA54CGU7TR, STM32WBA54KEU6, STM32WBA54KEU6TR, STM32WBA54KEU7, STM32WBA54KEU7TR, STM32WBA54KGU6, STM32WBA54KGU6TR, STM32WBA54KGU7, STM32WBA54KGU7TR, STM32WBA55CEU6, STM32WBA55CEU6TR, STM32WBA55CEU7, STM32WBA55CEU7TR, STM32WBA55CGU6, STM32WBA55CGU6TR, STM32WBA55CGU6U, STM32WBA55CGU7, STM32WBA55CGU7TR, STM32WBA55G-DK1, STM32WBA55HEF6, STM32WBA55HEF7, STM32WBA55HGF6, STM32WBA55HGF7, STM32WBA55UEI6, STM32WBA55UEI6TR, STM32WBA55UEI7, STM32WBA55UEI7TR, STM32WBA55UGI6, STM32WBA55UGI6TR, STM32WBA55UGI7, STM32WBA55UGI7TR, STM32WBA5MMGH6TR, STM32WBA62MGF6, STM32WBA62MIF6, STM32WBA65MGF7, STM32WBA65MIF6, STM32WBA65MIF7, STM32WL30K8V6, STM32WL30KBV6, STM32WL31C8V6, STM32WL31CBV6, STM32WL31K8V6, STM32WL31KBV6, STM32WL33C8V6, STM32WL33C8V6X, STM32WL33CBV6, STM32WL33CBV6X, STM32WL33CCV6, STM32WL33CCV6A, STM32WL33CCV6X, STM32WL33K8V7, STM32WL33K8V7X, STM32WL33KBV7 , STM32WL33KBV7X, STM32WL33KCV7, STM32WL33KCV7X, STM32WL5MOCH6, STM32WL5MOCH6TR]
2026-01-03 22:29:23,508 [INFO] BoardInfo:889 - No configuration file found for board P-NUCLEO-WB55
2026-01-03 22:29:23,509 [INFO] DbBoards:161 - Kit is not supported: P-NUCLEO-WB55
2026-01-03 22:29:23,512 [INFO] BoardInfo:889 - No configuration file found for board STEVAL-BFA001V1B
2026-01-03 22:29:23,513 [INFO] DbBoards:161 - Kit is not supported: STEVAL-BFA001V1B
2026-01-03 22:29:23,514 [INFO] BoardInfo:889 - No configuration file found for board STEVAL-BFA001V2B
2026-01-03 22:29:23,514 [INFO] DbBoards:161 - Kit is not supported: STEVAL-BFA001V2B
2026-01-03 22:29:23,609 [INFO] DbBoards:168 - Found 212 boards, 209 are supported
2026-01-03 22:29:23,609 [INFO] DbBoards:169 - Found 212 boards, 43 of them is supported for  Bsp
2026-01-03 22:29:23,622 [INFO] ApiDb:414 - User favorites file not found: C:\Users\22142/.stm32cubeide/favorites.boards.txt
2026-01-03 22:29:23,624 [INFO] DbBoards:198 - Set 0 / 0 favorites Boards
2026-01-03 22:29:23,624 [INFO] McuFinderGlobals:76 - Set McuFinderConnectedMode to true
2026-01-03 22:29:23,631 [INFO] MultiScanPanel:200 - Auto-refresh data requested => check proxy status ongoing
2026-01-03 22:29:23,633 [INFO] FinderPluginLoader:96 - Searching for filters in installed packs
2026-01-03 22:29:24,743 [INFO] LoadUrlFilesThread:185 - End of LoadServerUrlFiles without Thread
2026-01-03 22:29:24,758 [INFO] DetailPanel:341 - Set advertising image to C:/Users/22142/STM32Cube/Repository/\en.prom-st67w-expansion-board.png
2026-01-03 22:29:43,137 [INFO] MainUpdater:2872 - connection check result : 10
2026-01-03 22:29:43,137 [INFO] MainUpdater:2872 - connection check result : 10
2026-01-03 22:29:43,149 [INFO] MicroXplorer:468 - Change Database Path : 
2026-01-03 22:29:43,149 [INFO] MicroXplorer:498 - Change Database Version : DB.6.0.150
2026-01-03 22:29:43,153 [WARN] ThirdParty:871 - waiting for thirdparty lock release [close project]
2026-01-03 22:29:43,153 [INFO] ThirdParty:873 - entering critical section [close project]
2026-01-03 22:29:43,154 [INFO] ThirdParty:883 - exiting critical section [close project]
2026-01-03 22:29:43,155 [INFO] PinOutPanel:1589 - setPackage(No Configuration,No Configuration)
2026-01-03 22:29:43,158 [INFO] UtilMem:75 - Begin LoadConfig() Used Memory: 416597376 Bytes (536870912)
2026-01-03 22:29:43,159 [INFO] MicroXplorer:468 - Change Database Path : 
2026-01-03 22:29:43,159 [INFO] MicroXplorer:498 - Change Database Version : DB.6.0.150
2026-01-03 22:29:43,159 [INFO] OpenFileManager:355 - Change cursor
2026-01-03 22:29:43,199 [INFO] Mcu:2029 - Initializing MCU STM32F103C8Tx STM32F103C8Tx STM32F103C8T6
2026-01-03 22:29:43,856 [INFO] Context:786 - Trying to add GPIOservice into a context  which must be forbidden
2026-01-03 22:29:44,041 [INFO] ImportTextPane:234 - (OptionalMessage_ERROR) Unable to find key (Mcu.ThirdPartyNb) in loaded IOC file
2026-01-03 22:29:44,042 [INFO] ImportTextPane:234 - (OptionalMessage_ERROR) Unable to find key (Mcu.PinsNb) in loaded IOC file
2026-01-03 22:29:44,042 [INFO] ImportTextPane:234 - (OptionalMessage_ERROR) Pin0 (VP_RIF_VS_RIF1) cannot be retrieved for this MCU
2026-01-03 22:29:44,042 [INFO] ImportTextPane:234 - (OptionalMessage_ERROR) Unable to find key (Mcu.IPNb) in loaded IOC file
2026-01-03 22:29:44,103 [INFO] RtosManager:558 - Registered RTOS mode: class=CMSIS, group=RTOS, mode=CMSIS_V1, owner=FREERTOS
2026-01-03 22:29:44,103 [INFO] RtosManager:558 - Registered RTOS mode: class=CMSIS, group=RTOS2, mode=CMSIS_V2, owner=FREERTOS
2026-01-03 22:29:44,103 [INFO] RtosManager:558 - Registered RTOS mode: class=RTOS, group=Core, mode=CMSIS_V1, owner=FREERTOS
2026-01-03 22:29:44,103 [INFO] RtosManager:558 - Registered RTOS mode: class=RTOS, group=Core, mode=CMSIS_V2, owner=FREERTOS
2026-01-03 22:29:44,103 [WARN] ModelIntegratedComponent:184 - Missing modes for component STMicroelectronics:FreeRTOS:0.0.1:STMicroelectronics:RTOS:FreeRTOS:Core:::10.2.0:
2026-01-03 22:29:44,111 [WARN] ModelIntegratedComponent:63 - No mode defined for component null
2026-01-03 22:29:44,111 [WARN] ModelIntegratedComponent:63 - No mode defined for component null
2026-01-03 22:29:44,111 [WARN] ModelIntegratedComponent:63 - No mode defined for component null
2026-01-03 22:29:44,111 [WARN] ModelIntegratedComponent:63 - No mode defined for component null
2026-01-03 22:29:44,111 [WARN] ModelIntegratedComponent:63 - No mode defined for component null
2026-01-03 22:29:44,111 [WARN] ModelIntegratedComponent:63 - No mode defined for component null
2026-01-03 22:29:44,111 [WARN] ModelIntegratedComponent:63 - No mode defined for component null
2026-01-03 22:29:44,111 [WARN] ModelIntegratedComponent:63 - No mode defined for component null
2026-01-03 22:29:44,111 [WARN] ModelIntegratedComponent:63 - No mode defined for component null
2026-01-03 22:29:44,111 [WARN] ModelIntegratedComponent:63 - No mode defined for component null
2026-01-03 22:29:44,111 [WARN] ModelIntegratedComponent:63 - No mode defined for component null
2026-01-03 22:29:44,111 [WARN] ModelIntegratedComponent:63 - No mode defined for component null
2026-01-03 22:29:44,111 [WARN] ModelIntegratedComponent:63 - No mode defined for component null
2026-01-03 22:29:44,111 [WARN] ModelIntegratedComponent:63 - No mode defined for component null
2026-01-03 22:29:44,111 [WARN] ModelIntegratedComponent:63 - No mode defined for component null
2026-01-03 22:29:44,111 [WARN] ModelIntegratedComponent:63 - No mode defined for component null
2026-01-03 22:29:44,111 [WARN] ModelIntegratedComponent:63 - No mode defined for component null
2026-01-03 22:29:44,111 [WARN] ModelIntegratedComponent:63 - No mode defined for component null
2026-01-03 22:29:44,111 [WARN] ModelIntegratedComponent:63 - No mode defined for component null
2026-01-03 22:29:44,112 [WARN] ModelIntegratedComponent:63 - No mode defined for component null
2026-01-03 22:29:44,112 [WARN] ModelIntegratedComponent:63 - No mode defined for component null
2026-01-03 22:29:44,112 [WARN] ModelIntegratedComponent:63 - No mode defined for component null
2026-01-03 22:29:44,112 [WARN] ModelIntegratedComponent:63 - No mode defined for component null
2026-01-03 22:29:44,112 [WARN] ModelIntegratedComponent:63 - No mode defined for component null
2026-01-03 22:29:44,112 [WARN] ModelIntegratedComponent:63 - No mode defined for component null
2026-01-03 22:29:44,112 [WARN] ModelIntegratedComponent:63 - No mode defined for component null
2026-01-03 22:29:44,112 [WARN] ModelIntegratedComponent:63 - No mode defined for component null
2026-01-03 22:29:44,112 [WARN] ModelIntegratedComponent:63 - No mode defined for component null
2026-01-03 22:29:44,112 [WARN] ModelIntegratedComponent:63 - No mode defined for component null
2026-01-03 22:29:44,112 [WARN] ModelIntegratedComponent:63 - No mode defined for component null
2026-01-03 22:29:44,112 [WARN] ModelIntegratedComponent:63 - No mode defined for component null
2026-01-03 22:29:44,112 [WARN] ModelIntegratedComponent:63 - No mode defined for component null
2026-01-03 22:29:44,112 [WARN] ModelIntegratedComponent:63 - No mode defined for component null
2026-01-03 22:29:44,112 [WARN] ModelIntegratedComponent:63 - No mode defined for component null
2026-01-03 22:29:44,112 [WARN] ModelIntegratedComponent:63 - No mode defined for component null
2026-01-03 22:29:44,112 [WARN] ModelPack:524 - Component already loaded: STMicroelectronics:HAL Drivers:0.0.0:STMicroelectronics:Device:STMicro_Driver:XSPI:HAL::0.0.1:HAL_XSPI
2026-01-03 22:29:44,331 [INFO] ThirdPartyModel:298 - Start build external matchings
2026-01-03 22:29:45,159 [INFO] ThirdPartyModel:316 - End build external matchings
2026-01-03 22:29:45,371 [INFO] UtilMem:75 - End LoadConfig() Used Memory: 284792904 Bytes (566231040)
2026-01-03 22:29:45,390 [WARN] ThirdParty:833 - waiting for thirdparty lock release [change project]
2026-01-03 22:29:45,391 [INFO] ThirdParty:835 - entering critical section [change project]
2026-01-03 22:29:45,391 [INFO] ThirdParty:1030 - CMSIS Pack Vendor :STMicroelectronics X-CUBE-PM33A1 1.0.0
2026-01-03 22:29:45,391 [INFO] ThirdParty:1030 - CMSIS Pack Vendor :STMicroelectronics USBPD 4.1
2026-01-03 22:29:45,391 [INFO] ThirdParty:1030 - CMSIS Pack Vendor :STMicroelectronics USB_HOST 2.0.0
2026-01-03 22:29:45,391 [INFO] ThirdParty:1030 - CMSIS Pack Vendor :STMicroelectronics FP-SNS-MOTENVWB1 1.4.0
2026-01-03 22:29:45,391 [INFO] ThirdParty:1030 - CMSIS Pack Vendor :STMicroelectronics X-CUBE-AZRTOS-F4 1.1.0
2026-01-03 22:29:45,391 [INFO] ThirdParty:1030 - CMSIS Pack Vendor :STMicroelectronics LIBJPEG 8.0.0
2026-01-03 22:29:45,391 [INFO] ThirdParty:1030 - CMSIS Pack Vendor :STMicroelectronics FP-ATR-ASTRA1 2.0.2
2026-01-03 22:29:45,391 [INFO] ThirdParty:1030 - CMSIS Pack Vendor :STMicroelectronics X-CUBE-SMBUS 2.1.0
2026-01-03 22:29:45,391 [INFO] ThirdParty:1030 - CMSIS Pack Vendor :STMicroelectronics X-CUBE-WB05N 1.1.0
2026-01-03 22:29:45,391 [INFO] ThirdParty:1030 - CMSIS Pack Vendor :STMicroelectronics X-CUBE-ISPU 2.1.0
2026-01-03 22:29:45,391 [INFO] ThirdParty:1030 - CMSIS Pack Vendor :STMicroelectronics X-CUBE-IPS 3.2.0
2026-01-03 22:29:45,391 [INFO] ThirdParty:1030 - CMSIS Pack Vendor :STMicroelectronics X-CUBE-NFC12 1.0.0
2026-01-03 22:29:45,391 [INFO] ThirdParty:1030 - CMSIS Pack Vendor :STMicroelectronics X-CUBE-AZRTOS-F7 1.1.0
2026-01-03 22:29:45,391 [INFO] ThirdParty:1030 - CMSIS Pack Vendor :STMicroelectronics X-CUBE-AZRTOS-L5 2.0.0
2026-01-03 22:29:45,392 [INFO] ThirdParty:1030 - CMSIS Pack Vendor :STMicroelectronics USB_DEVICE 2.0.0
2026-01-03 22:29:45,392 [INFO] ThirdParty:1030 - CMSIS Pack Vendor :STMicroelectronics X-CUBE-NFC6 3.1.0
2026-01-03 22:29:45,392 [INFO] ThirdParty:1030 - CMSIS Pack Vendor :STMicroelectronics FP-SNS-MOTENV1 5.1.0
2026-01-03 22:29:45,392 [INFO] ThirdParty:1030 - CMSIS Pack Vendor :STMicroelectronics FreeRTOS 0.0.1
2026-01-03 22:29:45,392 [INFO] ThirdParty:1030 - CMSIS Pack Vendor :STMicroelectronics X-CUBE-DPower 1.2.0
2026-01-03 22:29:45,392 [INFO] ThirdParty:1030 - CMSIS Pack Vendor :Infineon AIROC-Wi-Fi-Bluetooth-STM32 1.7.0
2026-01-03 22:29:45,392 [INFO] ThirdParty:1030 - CMSIS Pack Vendor :STMicroelectronics PDM2PCM 3.3.0
2026-01-03 22:29:45,392 [INFO] ThirdParty:1030 - CMSIS Pack Vendor :STMicroelectronics X-CUBE-AZRTOS-H7 3.4.0
2026-01-03 22:29:45,392 [INFO] ThirdParty:1030 - CMSIS Pack Vendor :STMicroelectronics X-CUBE-DISPLAY 3.0.0
2026-01-03 22:29:45,392 [INFO] ThirdParty:1030 - CMSIS Pack Vendor :STMicroelectronics X-CUBE-NFC10 1.0.0
2026-01-03 22:29:45,392 [INFO] ThirdParty:1030 - CMSIS Pack Vendor :STMicroelectronics X-CUBE-BLEMGR 4.0.0
2026-01-03 22:29:45,392 [INFO] ThirdParty:1030 - CMSIS Pack Vendor :STMicroelectronics HAL Drivers 0.0.0
2026-01-03 22:29:45,392 [INFO] ThirdParty:1030 - CMSIS Pack Vendor :STMicroelectronics X-CUBE-ST60 1.1.0
2026-01-03 22:29:45,392 [INFO] ThirdParty:1030 - CMSIS Pack Vendor :emotas I-CUBE-CANOPEN 1.3.0
2026-01-03 22:29:45,392 [INFO] ThirdParty:1030 - CMSIS Pack Vendor :STMicroelectronics X-CUBE-FREERTOS 1.3.0
2026-01-03 22:29:45,392 [INFO] ThirdParty:1030 - CMSIS Pack Vendor :STMicroelectronics X-CUBE-NFC7 1.0.1
2026-01-03 22:29:45,392 [INFO] ThirdParty:1030 - CMSIS Pack Vendor :STMicroelectronics MBEDTLS 2.14.1
2026-01-03 22:29:45,392 [INFO] ThirdParty:1030 - CMSIS Pack Vendor :STMicroelectronics X-CUBE-GNSS1 7.1.0
2026-01-03 22:29:45,392 [INFO] ThirdParty:1030 - CMSIS Pack Vendor :STMicroelectronics X-CUBE-TOUCHGFX 4.26.0
2026-01-03 22:29:45,392 [INFO] ThirdParty:1030 - CMSIS Pack Vendor :quantropi X-CUBE-qispace-sdk-base 2.0.0
2026-01-03 22:29:45,392 [INFO] ThirdParty:1030 - CMSIS Pack Vendor :STMicroelectronics X-CUBE-AI 10.0.0
2026-01-03 22:29:45,392 [INFO] ThirdParty:1030 - CMSIS Pack Vendor :STMicroelectronics FP-SNS-STBOX1 2.1.0
2026-01-03 22:29:45,392 [INFO] ThirdParty:1030 - CMSIS Pack Vendor :STMicroelectronics FP-SNS-STAIOTCFT 1.0.0
2026-01-03 22:29:45,392 [INFO] ThirdParty:1030 - CMSIS Pack Vendor :STMicroelectronics FP-SNS-SMARTAG2 1.2.0
2026-01-03 22:29:45,392 [INFO] ThirdParty:1030 - CMSIS Pack Vendor :STMicroelectronics FP-SNS-FLIGHT1 5.1.0
2026-01-03 22:29:45,392 [INFO] ThirdParty:1030 - CMSIS Pack Vendor :STMicroelectronics X-CUBE-MEMS1 11.1.0
2026-01-03 22:29:45,393 [INFO] ThirdParty:1030 - CMSIS Pack Vendor :STMicroelectronics X-CUBE-AZRTOS-WL 2.0.0
2026-01-03 22:29:45,393 [INFO] ThirdParty:1030 - CMSIS Pack Vendor :STMicroelectronics X-CUBE-DPower 1.3.0
2026-01-03 22:29:45,393 [INFO] ThirdParty:1030 - CMSIS Pack Vendor :STMicroelectronics FP-SNS-MOTENV1 5.0.0
2026-01-03 22:29:45,393 [INFO] ThirdParty:1030 - CMSIS Pack Vendor :STMicroelectronics USB_DEVICE 1.0.0
2026-01-03 22:29:45,393 [INFO] ThirdParty:1030 - CMSIS Pack Vendor :STMicroelectronics X-CUBE-AZRTOS-H7RS 1.2.0
2026-01-03 22:29:45,393 [INFO] ThirdParty:1030 - CMSIS Pack Vendor :STMicroelectronics X-CUBE-AZRTOS-L4 2.0.0
2026-01-03 22:29:45,393 [INFO] ThirdParty:1030 - CMSIS Pack Vendor :STMicroelectronics ThreadX 0.0.2
2026-01-03 22:29:45,393 [INFO] ThirdParty:1030 - CMSIS Pack Vendor :WES I-CUBE-Cesium 1.3.0
2026-01-03 22:29:45,393 [INFO] ThirdParty:1030 - CMSIS Pack Vendor :STMicroelectronics lwIP 2.1.2
2026-01-03 22:29:45,393 [INFO] ThirdParty:1030 - CMSIS Pack Vendor :STMicroelectronics X-CUBE-SFXS2LP1 4.0.0
2026-01-03 22:29:45,393 [INFO] ThirdParty:1030 - CMSIS Pack Vendor :STMicroelectronics X-CUBE-BLE2 3.3.0
2026-01-03 22:29:45,393 [INFO] ThirdParty:1030 - CMSIS Pack Vendor :Avnet-IOTCONNECT X-CUBE-iotc-st67-sdk 1.0.0
2026-01-03 22:29:45,393 [INFO] ThirdParty:1030 - CMSIS Pack Vendor :STMicroelectronics PDM2PCM 3.2.0
2026-01-03 22:29:45,393 [INFO] ThirdParty:1030 - CMSIS Pack Vendor :STMicroelectronics X-CUBE-AZRTOS-H7 3.3.0
2026-01-03 22:29:45,393 [INFO] ThirdParty:1030 - CMSIS Pack Vendor :STMicroelectronics X-CUBE-NFC9 1.0.0
2026-01-03 22:29:45,393 [INFO] ThirdParty:1030 - CMSIS Pack Vendor :STMicroelectronics X-CUBE-BLE1 7.1.0
2026-01-03 22:29:45,393 [INFO] ThirdParty:1030 - CMSIS Pack Vendor :wolfSSL I-CUBE-wolfMQTT 1.19.2
2026-01-03 22:29:45,393 [INFO] ThirdParty:1030 - CMSIS Pack Vendor :STMicroelectronics USB_DEVICE 3.0.0
2026-01-03 22:29:45,393 [INFO] ThirdParty:1030 - CMSIS Pack Vendor :STMicroelectronics X-CUBE-FREERTOS 1.4.0
2026-01-03 22:29:45,393 [INFO] ThirdParty:1030 - CMSIS Pack Vendor :STMicroelectronics X-CUBE-EEPRMA1 5.2.0
2026-01-03 22:29:45,393 [INFO] ThirdParty:1030 - CMSIS Pack Vendor :STMicroelectronics X-CUBE-BLEMGR 4.1.0
2026-01-03 22:29:45,393 [INFO] ThirdParty:1030 - CMSIS Pack Vendor :STMicroelectronics X-CUBE-AZRTOS-WB 2.0.0
2026-01-03 22:29:45,393 [INFO] ThirdParty:1030 - CMSIS Pack Vendor :STMicroelectronics X-CUBE-GNSS1 7.0.1
2026-01-03 22:29:45,393 [INFO] ThirdParty:1030 - CMSIS Pack Vendor :STMicroelectronics X-CUBE-TOUCHGFX 4.25.0
2026-01-03 22:29:45,393 [INFO] ThirdParty:1030 - CMSIS Pack Vendor :STMicroelectronics X-CUBE-ST67W61 1.1.0
2026-01-03 22:29:45,394 [INFO] ThirdParty:1030 - CMSIS Pack Vendor :STMicroelectronics FP-SNS-STBOX1 2.0.0
2026-01-03 22:29:45,394 [INFO] ThirdParty:1030 - CMSIS Pack Vendor :STMicroelectronics X-CUBE-MEMS1 12.0.0
2026-01-03 22:29:45,394 [INFO] ThirdParty:1030 - CMSIS Pack Vendor :STMicroelectronics X-CUBE-AZRTOS-G0 1.1.0
2026-01-03 22:29:45,394 [INFO] ThirdParty:1030 - CMSIS Pack Vendor :STMicroelectronics X-CUBE-SAFEA1 1.2.2
2026-01-03 22:29:45,394 [INFO] ThirdParty:1030 - CMSIS Pack Vendor :STMicroelectronics X-CUBE-NFC4 3.0.0
2026-01-03 22:29:45,394 [INFO] ThirdParty:1030 - CMSIS Pack Vendor :STMicroelectronics X-CUBE-SUBG2 5.0.0
2026-01-03 22:29:45,394 [INFO] ThirdParty:1030 - CMSIS Pack Vendor :STMicroelectronics X-CUBE-AZRTOS-H7RS 1.1.0
2026-01-03 22:29:45,394 [INFO] ThirdParty:1030 - CMSIS Pack Vendor :STMicroelectronics STM32_WPAN 1.0.0
2026-01-03 22:29:45,394 [INFO] ThirdParty:1030 - CMSIS Pack Vendor :EmbeddedOffice I-CUBE-FS-RTOS 1.0.1
2026-01-03 22:29:45,394 [INFO] ThirdParty:1030 - CMSIS Pack Vendor :STMicroelectronics lwIP 2.0.3
2026-01-03 22:29:45,394 [INFO] ThirdParty:1030 - CMSIS Pack Vendor :Cesanta I-CUBE-Mongoose 7.13.0
2026-01-03 22:29:45,394 [INFO] ThirdParty:1030 - CMSIS Pack Vendor :STMicroelectronics USB_HOST 1.0.0
2026-01-03 22:29:45,395 [INFO] ThirdParty:1030 - CMSIS Pack Vendor :STMicroelectronics X-CUBE-AZRTOS-G4 2.0.0
2026-01-03 22:29:45,395 [INFO] ThirdParty:1030 - CMSIS Pack Vendor :STMicroelectronics X-CUBE-WB05N 2.0.0
2026-01-03 22:29:45,395 [INFO] ThirdParty:1030 - CMSIS Pack Vendor :STMicroelectronics PDM2PCM 3.1.0
2026-01-03 22:29:45,395 [INFO] ThirdParty:1030 - CMSIS Pack Vendor :wolfSSL I-CUBE-wolfTPM 3.8.0
2026-01-03 22:29:45,395 [INFO] ThirdParty:1030 - CMSIS Pack Vendor :wolfSSL I-CUBE-wolfSSH 1.4.20
2026-01-03 22:29:45,395 [INFO] ThirdParty:1030 - CMSIS Pack Vendor :STMicroelectronics X-CUBE-NFC7 2.0.0
2026-01-03 22:29:45,395 [INFO] ThirdParty:1030 - CMSIS Pack Vendor :STMicroelectronics X-CUBE-TCPP 4.2.0
2026-01-03 22:29:45,395 [INFO] ThirdParty:1030 - CMSIS Pack Vendor :RealThread X-CUBE-RT-Thread_Nano 4.1.1
2026-01-03 22:29:45,395 [INFO] ThirdParty:1030 - CMSIS Pack Vendor :STMicroelectronics FP-ATR-SIGFOX1 3.2.0
2026-01-03 22:29:45,395 [INFO] ThirdParty:1030 - CMSIS Pack Vendor :STMicroelectronics X-CUBE-EEPRMA1 5.1.0
2026-01-03 22:29:45,395 [INFO] ThirdParty:1030 - CMSIS Pack Vendor :STMicroelectronics MBEDTLS 2.16.2
2026-01-03 22:29:45,395 [INFO] ThirdParty:1030 - CMSIS Pack Vendor :STMicroelectronics X-CUBE-IPS 3.1.0
2026-01-03 22:29:45,395 [INFO] ThirdParty:1030 - CMSIS Pack Vendor :STMicroelectronics X-CUBE-ALS 1.0.2
2026-01-03 22:29:45,395 [INFO] ThirdParty:1030 - CMSIS Pack Vendor :wolfSSL I-CUBE-wolfSSL 5.7.6
2026-01-03 22:29:45,395 [INFO] ThirdParty:1030 - CMSIS Pack Vendor :ITTIA_DB I-CUBE-ITTIADB 8.9.0
2026-01-03 22:29:45,395 [INFO] ThirdParty:1030 - CMSIS Pack Vendor :STMicroelectronics X-CUBE-STSE01 1.0.0
2026-01-03 22:29:45,395 [INFO] ThirdParty:1030 - CMSIS Pack Vendor :portGmbH I-Cube-SoM-uGOAL 1.1.0
2026-01-03 22:29:45,395 [INFO] ThirdParty:1030 - CMSIS Pack Vendor :STMicroelectronics X-CUBE-AI 10.2.0
2026-01-03 22:29:45,396 [INFO] ThirdParty:1030 - CMSIS Pack Vendor :STMicroelectronics ThreadX 1.0.0
2026-01-03 22:29:45,396 [INFO] ThirdParty:1030 - CMSIS Pack Vendor :SEGGER I-CUBE-embOS 1.3.1
2026-01-03 22:29:45,396 [INFO] ThirdParty:1030 - CMSIS Pack Vendor :STMicroelectronics X-CUBE-ALGOBUILD 1.4.0
2026-01-03 22:29:45,396 [INFO] ThirdParty:1030 - CMSIS Pack Vendor :STMicroelectronics X-CUBE-TOF1 3.4.2
2026-01-03 22:29:45,396 [INFO] ThirdParty:1030 - CMSIS Pack Vendor :STMicroelectronics X-CUBE-TOF1 3.4.3
2026-01-03 22:29:45,396 [INFO] ThirdParty:841 - exiting critical section [change project]
2026-01-03 22:29:45,614 [INFO] PinOutPanel:1589 - setPackage(No Configuration,No Configuration)
2026-01-03 22:29:45,615 [INFO] PinOutPanel:1589 - setPackage(STM32F103C8Tx,LQFP48)
2026-01-03 22:29:45,942 [INFO] UtilMem:75 - Before build in PCC Used Memory: 262810704 Bytes (566231040)
2026-01-03 22:29:46,519 [INFO] UtilMem:75 - After build in PCC Used Memory: 361376848 Bytes (566231040)
2026-01-03 22:29:46,541 [INFO] IPUIPlugin:80 - create IPUIPlugin
2026-01-03 22:29:46,542 [INFO] IPUIPlugin:80 - create IPUIPlugin
2026-01-03 22:29:46,542 [INFO] IPUIPlugin:80 - create IPUIPlugin
2026-01-03 22:29:46,542 [INFO] IPUIPlugin:80 - create IPUIPlugin
2026-01-03 22:29:46,542 [INFO] IPUIPlugin:80 - create IPUIPlugin
2026-01-03 22:29:46,542 [INFO] IPUIPlugin:80 - create IPUIPlugin
2026-01-03 22:29:46,542 [INFO] IPUIPlugin:80 - create IPUIPlugin
2026-01-03 22:29:46,542 [INFO] IPUIPlugin:80 - create IPUIPlugin
2026-01-03 22:29:46,542 [INFO] IPUIPlugin:80 - create IPUIPlugin
2026-01-03 22:29:46,543 [INFO] IPUIPlugin:80 - create IPUIPlugin
2026-01-03 22:29:46,543 [INFO] IPUIPlugin:80 - create IPUIPlugin
2026-01-03 22:29:46,543 [INFO] IPUIPlugin:80 - create IPUIPlugin
2026-01-03 22:29:46,543 [INFO] IPUIPlugin:80 - create IPUIPlugin
2026-01-03 22:29:46,543 [INFO] IPUIPlugin:80 - create IPUIPlugin
2026-01-03 22:29:46,544 [INFO] IPUIPlugin:80 - create IPUIPlugin
2026-01-03 22:29:46,544 [INFO] IPUIPlugin:80 - create IPUIPlugin
2026-01-03 22:29:46,544 [INFO] IPUIPlugin:80 - create IPUIPlugin
2026-01-03 22:29:46,544 [INFO] IPUIPlugin:80 - create IPUIPlugin
2026-01-03 22:29:46,544 [INFO] IPUIPlugin:80 - create IPUIPlugin
2026-01-03 22:29:46,545 [INFO] IPUIPlugin:80 - create IPUIPlugin
2026-01-03 22:29:46,545 [INFO] IPUIPlugin:80 - create IPUIPlugin
2026-01-03 22:29:46,545 [INFO] IPUIPlugin:80 - create IPUIPlugin
2026-01-03 22:29:46,546 [INFO] IPUIPlugin:80 - create IPUIPlugin
2026-01-03 22:29:46,546 [INFO] IPUIPlugin:80 - create IPUIPlugin
2026-01-03 22:29:46,547 [INFO] IPUIPlugin:80 - create IPUIPlugin
2026-01-03 22:29:46,547 [INFO] IPUIPlugin:80 - create IPUIPlugin
2026-01-03 22:29:46,547 [INFO] IPUIPlugin:80 - create IPUIPlugin
2026-01-03 22:29:46,702 [INFO] CADModel:165 - CPN selected for project levelSTM32F103C8T6
2026-01-03 22:29:46,702 [INFO] CADModel:114 - Register for checkConnection events
2026-01-03 22:29:46,749 [INFO] OpenFileManager:386 - Restore cursor
2026-01-03 22:29:47,254 [INFO] UtilMem:75 - End SaveConfig() Used Memory: 470972992 Bytes (566231040)
2026-01-03 22:29:47,296 [INFO] UtilMem:75 - End SaveConfig() Used Memory: 482877776 Bytes (566231040)
2026-01-03 22:29:47,586 [INFO] BlockDiagram:2775 - set Specific Code input for plugin: NVIC
2026-01-03 22:29:47,587 [INFO] BlockDiagram:2775 - set Specific Code input for plugin: RCC
2026-01-03 22:29:47,588 [INFO] CodeGenerator:892 - code generatio: config db path: D:\installs\STM32CubeIDE_1.19.0\STM32CubeIDE\plugins\com.st.stm32cube.common.mx_6.15.0.202507011659\\db\
2026-01-03 22:29:47,718 [INFO] CodeEngine:265 - oldGeneratedFile, D:\projects\stm32_cube_ide\oled\MXTmpFiles\license.tmp_save
2026-01-03 22:29:47,991 [INFO] CodeEngine:289 - Generated code: D:\projects\stm32_cube_ide\oled\MXTmpFiles\license.tmp
2026-01-03 22:29:48,006 [INFO] CodeEngine:265 - oldGeneratedFile, D:\projects\stm32_cube_ide\oled\Core\Src\stm32f1xx_it.c_save
2026-01-03 22:29:48,115 [INFO] CodeEngine:289 - Generated code: D:\projects\stm32_cube_ide\oled\Core\Src\stm32f1xx_it.c
2026-01-03 22:29:48,120 [INFO] CodeEngine:265 - oldGeneratedFile, D:\projects\stm32_cube_ide\oled\Core\Inc\stm32f1xx_it.h_save
2026-01-03 22:29:48,186 [INFO] CodeEngine:289 - Generated code: D:\projects\stm32_cube_ide\oled\Core\Inc\stm32f1xx_it.h
2026-01-03 22:29:48,272 [INFO] CodeEngine:265 - oldGeneratedFile, D:\projects\stm32_cube_ide\oled\Core\Src\stm32f1xx_hal_msp.c_save
2026-01-03 22:29:48,376 [INFO] CodeEngine:289 - Generated code: D:\projects\stm32_cube_ide\oled\Core\Src\stm32f1xx_hal_msp.c
2026-01-03 22:29:48,380 [INFO] CodeEngine:265 - oldGeneratedFile, D:\projects\stm32_cube_ide\oled\MXTmpFiles\system.tmp_save
2026-01-03 22:29:48,437 [INFO] CodeEngine:289 - Generated code: D:\projects\stm32_cube_ide\oled\MXTmpFiles\system.tmp
2026-01-03 22:29:48,446 [INFO] CodeEngine:321 - oldGeneratedFile, D:\projects\stm32_cube_ide\oled\Core\Inc\stm32f1xx_hal_conf.h_save
2026-01-03 22:29:48,517 [INFO] CodeEngine:345 - Generated code: D:\projects\stm32_cube_ide\oled\Core\Inc\stm32f1xx_hal_conf.h
2026-01-03 22:29:48,552 [INFO] ApiDbMcu:532 - Load IP Config File for RCC
2026-01-03 22:29:48,560 [INFO] CodeEngine:265 - oldGeneratedFile, D:\projects\stm32_cube_ide\oled\Core\Inc\main.h_save
2026-01-03 22:29:48,645 [INFO] CodeEngine:289 - Generated code: D:\projects\stm32_cube_ide\oled\Core\Inc\main.h
2026-01-03 22:29:48,650 [INFO] CodeEngine:265 - oldGeneratedFile, D:\projects\stm32_cube_ide\oled\Core\Src\main.c_save
2026-01-03 22:29:48,761 [INFO] CodeEngine:289 - Generated code: D:\projects\stm32_cube_ide\oled\Core\Src\main.c
2026-01-03 22:29:48,999 [INFO] ProjectBuilder:3606 - Time for Copy HAL[1] : 83mS.
2026-01-03 22:29:49,004 [INFO] ProjectBuilder:5216 - Project Generator version: 4.7.0-B52
2026-01-03 22:29:49,074 [INFO] ConfigFileManager:1595 - The Die is : DIE410
2026-01-03 22:29:49,086 [INFO] ApiDbMcu:532 - Load IP Config File for FATFS
2026-01-03 22:29:49,106 [INFO] ApiDbMcu:532 - Load IP Config File for FREERTOS
2026-01-03 22:29:49,120 [INFO] ApiDbMcu:532 - Load IP Config File for USB_DEVICE
2026-01-03 22:29:49,476 [INFO] LogOutputStream:77 - [STDOUT_REDIRECT] 
2026-01-03 22:29:50,814 [INFO] ProjectBuilder:5496 - Time for Generating toolchain IDE Files: 1810mS.
2026-01-03 22:29:50,815 [INFO] ProjectBuilder:3463 - Time for Copy CMSIS : 0mS.
2026-01-03 22:29:50,816 [INFO] ProjectBuilder:3463 - Time for Copy CMSIS : 0mS.
2026-01-03 22:29:51,299 [INFO] McuFinderGlobals:76 - Set McuFinderConnectedMode to true
2026-01-03 22:29:51,302 [INFO] ApiDb:448 - Save user favorites file C:\Users\22142/.stm32cubeide/favorites.mcus.txt: 0 item(s)
2026-01-03 22:29:51,302 [INFO] ApiDb:452 - User favorites MCUs=[]
2026-01-03 22:31:00,964 [WARN] IP:2250 - I2C_Coeff_DF not found: check if there is a RefParameter without a condition.
2026-01-03 22:31:00,966 [WARN] IP:2250 - Analog_Filter not found: check if there is a RefParameter without a condition.
2026-01-03 22:31:00,973 [WARN] IP:2250 - I2C_Coeff_DF not found: check if there is a RefParameter without a condition.
2026-01-03 22:31:00,974 [WARN] IP:2250 - Analog_Filter not found: check if there is a RefParameter without a condition.
2026-01-03 22:31:00,974 [WARN] IP:2250 - I2C_Coeff_DF not found: check if there is a RefParameter without a condition.
2026-01-03 22:31:00,974 [WARN] IP:2250 - Analog_Filter not found: check if there is a RefParameter without a condition.
2026-01-03 22:31:01,046 [WARN] IP:2250 - I2C_Coeff_DF not found: check if there is a RefParameter without a condition.
2026-01-03 22:31:01,047 [WARN] IP:2250 - Analog_Filter not found: check if there is a RefParameter without a condition.
2026-01-03 22:31:01,049 [WARN] IP:2250 - I2C_Coeff_DF not found: check if there is a RefParameter without a condition.
2026-01-03 22:31:01,049 [WARN] IP:2250 - Analog_Filter not found: check if there is a RefParameter without a condition.
2026-01-03 22:31:08,921 [WARN] IP:2250 - I2C_Coeff_DF not found: check if there is a RefParameter without a condition.
2026-01-03 22:31:08,921 [WARN] IP:2250 - Analog_Filter not found: check if there is a RefParameter without a condition.
2026-01-03 22:31:08,922 [WARN] IP:2250 - I2C_Coeff_DF not found: check if there is a RefParameter without a condition.
2026-01-03 22:31:08,922 [WARN] IP:2250 - Analog_Filter not found: check if there is a RefParameter without a condition.
2026-01-03 22:31:08,966 [WARN] IP:2250 - I2C_Coeff_DF not found: check if there is a RefParameter without a condition.
2026-01-03 22:31:08,966 [WARN] IP:2250 - Analog_Filter not found: check if there is a RefParameter without a condition.
2026-01-03 22:31:08,972 [WARN] IP:2250 - I2C_Coeff_DF not found: check if there is a RefParameter without a condition.
2026-01-03 22:31:08,972 [WARN] IP:2250 - Analog_Filter not found: check if there is a RefParameter without a condition.
2026-01-03 22:31:16,629 [INFO] UtilMem:75 - End SaveConfig() Used Memory: 940015256 Bytes (1073741824)
2026-01-03 22:31:17,570 [INFO] UtilMem:75 - End SaveConfig() Used Memory: 957990384 Bytes (1073741824)
2026-01-03 22:31:18,820 [INFO] UtilMem:75 - End SaveConfig() Used Memory: 741242880 Bytes (1073741824)
2026-01-03 22:31:19,166 [INFO] BlockDiagram:2775 - set Specific Code input for plugin: NVIC
2026-01-03 22:31:19,166 [INFO] BlockDiagram:2775 - set Specific Code input for plugin: SYS
2026-01-03 22:31:19,167 [INFO] BlockDiagram:2775 - set Specific Code input for plugin: GPIO
2026-01-03 22:31:19,167 [INFO] BlockDiagram:2775 - set Specific Code input for plugin: RCC
2026-01-03 22:31:19,167 [INFO] BlockDiagram:2775 - set Specific Code input for plugin: I2C
2026-01-03 22:31:19,167 [INFO] CodeGenerator:892 - code generatio: config db path: D:\installs\STM32CubeIDE_1.19.0\STM32CubeIDE\plugins\com.st.stm32cube.common.mx_6.15.0.202507011659\\db\
2026-01-03 22:31:19,169 [WARN] IP:2250 - I2C_Coeff_DF not found: check if there is a RefParameter without a condition.
2026-01-03 22:31:19,169 [WARN] IP:2250 - Analog_Filter not found: check if there is a RefParameter without a condition.
2026-01-03 22:31:19,227 [INFO] CodeEngine:265 - oldGeneratedFile, D:\projects\stm32_cube_ide\oled\MXTmpFiles\license.tmp_save
2026-01-03 22:31:19,387 [INFO] CodeEngine:289 - Generated code: D:\projects\stm32_cube_ide\oled\MXTmpFiles\license.tmp
2026-01-03 22:31:19,475 [INFO] CodeEngine:265 - oldGeneratedFile, D:\projects\stm32_cube_ide\oled\MXTmpFiles\gpio.tmp_save
2026-01-03 22:31:19,558 [INFO] CodeEngine:289 - Generated code: D:\projects\stm32_cube_ide\oled\MXTmpFiles\gpio.tmp
2026-01-03 22:31:19,622 [INFO] CodeEngine:265 - oldGeneratedFile, D:\projects\stm32_cube_ide\oled\Core\Src\stm32f1xx_it.c_save
2026-01-03 22:31:19,878 [INFO] CodeEngine:289 - Generated code: D:\projects\stm32_cube_ide\oled\Core\Src\stm32f1xx_it.c
2026-01-03 22:31:19,884 [INFO] CodeEngine:265 - oldGeneratedFile, D:\projects\stm32_cube_ide\oled\Core\Inc\stm32f1xx_it.h_save
2026-01-03 22:31:19,963 [INFO] CodeEngine:289 - Generated code: D:\projects\stm32_cube_ide\oled\Core\Inc\stm32f1xx_it.h
2026-01-03 22:31:19,976 [INFO] CodeEngine:265 - oldGeneratedFile, D:\projects\stm32_cube_ide\oled\Core\Src\stm32f1xx_hal_msp.c_save
2026-01-03 22:31:20,156 [INFO] CodeEngine:289 - Generated code: D:\projects\stm32_cube_ide\oled\Core\Src\stm32f1xx_hal_msp.c
2026-01-03 22:31:20,159 [INFO] CodeEngine:265 - oldGeneratedFile, D:\projects\stm32_cube_ide\oled\MXTmpFiles\system.tmp_save
2026-01-03 22:31:20,228 [INFO] CodeEngine:289 - Generated code: D:\projects\stm32_cube_ide\oled\MXTmpFiles\system.tmp
2026-01-03 22:31:20,239 [INFO] CodeEngine:321 - oldGeneratedFile, D:\projects\stm32_cube_ide\oled\Core\Inc\stm32f1xx_hal_conf.h_save
2026-01-03 22:31:20,316 [INFO] CodeEngine:345 - Generated code: D:\projects\stm32_cube_ide\oled\Core\Inc\stm32f1xx_hal_conf.h
2026-01-03 22:31:20,336 [INFO] ApiDbMcu:532 - Load IP Config File for I2C1
2026-01-03 22:31:20,346 [INFO] CodeEngine:265 - oldGeneratedFile, D:\projects\stm32_cube_ide\oled\Core\Inc\main.h_save
2026-01-03 22:31:20,460 [INFO] CodeEngine:289 - Generated code: D:\projects\stm32_cube_ide\oled\Core\Inc\main.h
2026-01-03 22:31:20,467 [INFO] CodeEngine:265 - oldGeneratedFile, D:\projects\stm32_cube_ide\oled\Core\Src\main.c_save
2026-01-03 22:31:20,575 [INFO] CodeEngine:289 - Generated code: D:\projects\stm32_cube_ide\oled\Core\Src\main.c
2026-01-03 22:31:20,998 [INFO] ProjectBuilder:3606 - Time for Copy HAL[1] : 134mS.
2026-01-03 22:31:21,002 [INFO] ProjectBuilder:5216 - Project Generator version: 4.7.0-B52
2026-01-03 22:31:21,128 [INFO] ConfigFileManager:1595 - The Die is : DIE410
2026-01-03 22:31:22,520 [INFO] ProjectBuilder:5496 - Time for Generating toolchain IDE Files: 1517mS.
2026-01-03 22:31:22,520 [INFO] ProjectBuilder:3463 - Time for Copy CMSIS : 0mS.
2026-01-03 22:31:22,521 [INFO] ProjectBuilder:3463 - Time for Copy CMSIS : 0mS.
2026-01-03 23:46:31,278 [ERROR] LogOutputStream:75 - [STDERR_REDIRECT] 
2026-01-03 23:47:05,949 [INFO] Activator:176 - 


2026-01-03 23:47:05,959 [INFO] Activator:177 - !SESSION log4j initialized
2026-01-03 23:47:15,841 [INFO] LogOutputStream:77 - [STDOUT_REDIRECT] 
2026-01-03 23:47:19,949 [INFO] ApplicationProperties:184 - Using Application install path: D:\installs\STM32CubeIDE_1.19.0\STM32CubeIDE\plugins\com.st.stm32cube.common.mx_6.15.0.202507011659
2026-01-03 23:47:20,030 [INFO] DbMcusXml:78 - Set database path to: D:\installs\STM32CubeIDE_1.19.0\STM32CubeIDE\plugins\com.st.stm32cube.common.mx_6.15.0.202507011659\\db\/mcu/
2026-01-03 23:47:20,030 [INFO] ApiDb:274 - Set plugin database path to: D:\installs\STM32CubeIDE_1.19.0\STM32CubeIDE\plugins\com.st.stm32cube.common.mx_6.15.0.202507011659\\db\/plugins/boardmanager/
2026-01-03 23:47:20,031 [WARN] ApiDb:259 - Overriding images path with different value:  => D:\installs\STM32CubeIDE_1.19.0\STM32CubeIDE\plugins\com.st.stm32cube.common.mx_6.15.0.202507011659\\db\/plugins/mcufinder/images/
2026-01-03 23:47:20,071 [INFO] ApiDb:250 - Set database path to: C:\Users\22142\.stmcufinder\plugins\mcufinder//mcu/
2026-01-03 23:47:20,073 [INFO] DbMcusAds:125 - Set database path to: C:\Users\22142\.stmcufinder\plugins\mcufinder//mcu/
2026-01-03 23:47:20,076 [INFO] CrossReferenceDbSqlite:203 - Set database path to: C:\Users\22142\.stmcufinder\plugins\mcufinder//mcu/cs/
2026-01-03 23:47:20,292 [INFO] RulesReader:64 - Compatibility file has been processed (317 Rules)
2026-01-03 23:47:20,757 [INFO] DbMcusXml:78 - Set database path to: D:\installs\STM32CubeIDE_1.19.0\STM32CubeIDE\plugins\com.st.stm32cube.common.mx_6.15.0.202507011659\\db\/mcu/
2026-01-03 23:47:20,757 [INFO] ApiDb:274 - Set plugin database path to: D:\installs\STM32CubeIDE_1.19.0\STM32CubeIDE\plugins\com.st.stm32cube.common.mx_6.15.0.202507011659\\db\/plugins/boardmanager/
2026-01-03 23:47:20,757 [INFO] ApiDb:261 - Set plugin images path to: D:\installs\STM32CubeIDE_1.19.0\STM32CubeIDE\plugins\com.st.stm32cube.common.mx_6.15.0.202507011659\\db\/plugins/mcufinder/images/
2026-01-03 23:47:20,757 [WARN] DbFile:41 - Overriding database path with different value: C:\Users\22142\.stmcufinder\plugins\mcufinder/ => C:\Users\22142\.stmcufinder\plugins\mcufinder
2026-01-03 23:47:20,757 [INFO] ApiDb:250 - Set database path to: C:\Users\22142\.stmcufinder\plugins\mcufinder//mcu/
2026-01-03 23:47:20,757 [WARN] DbFile:41 - Overriding database path with different value: C:\Users\22142\.stmcufinder\plugins\mcufinder/ => C:\Users\22142\.stmcufinder\plugins\mcufinder
2026-01-03 23:47:20,757 [INFO] DbMcusAds:125 - Set database path to: C:\Users\22142\.stmcufinder\plugins\mcufinder//mcu/
2026-01-03 23:47:20,757 [WARN] DbFile:41 - Overriding database path with different value: C:\Users\22142\.stmcufinder\plugins\mcufinder/ => C:\Users\22142\.stmcufinder\plugins\mcufinder
2026-01-03 23:47:20,757 [WARN] DbFile:41 - Overriding database path with different value: C:\Users\22142\.stmcufinder\plugins\mcufinder/ => C:\Users\22142\.stmcufinder\plugins\mcufinder
2026-01-03 23:47:20,757 [INFO] CrossReferenceDbSqlite:203 - Set database path to: C:\Users\22142\.stmcufinder\plugins\mcufinder//mcu/cs/
2026-01-03 23:47:21,256 [INFO] MainPanel:274 - HeapMemory: 268435456
2026-01-03 23:47:22,103 [INFO] DbMcusXml:78 - Set database path to: D:\installs\STM32CubeIDE_1.19.0\STM32CubeIDE\plugins\com.st.stm32cube.common.mx_6.15.0.202507011659\\db\/mcu/
2026-01-03 23:47:22,103 [INFO] ApiDb:274 - Set plugin database path to: D:\installs\STM32CubeIDE_1.19.0\STM32CubeIDE\plugins\com.st.stm32cube.common.mx_6.15.0.202507011659\\db\/plugins/boardmanager/
2026-01-03 23:47:22,103 [INFO] ApiDb:261 - Set plugin images path to: D:\installs\STM32CubeIDE_1.19.0\STM32CubeIDE\plugins\com.st.stm32cube.common.mx_6.15.0.202507011659\\db\/plugins/mcufinder/images/
2026-01-03 23:47:22,103 [WARN] DbFile:41 - Overriding database path with different value: C:\Users\22142\.stmcufinder\plugins\mcufinder/ => C:\Users\22142\.stmcufinder\plugins\mcufinder
2026-01-03 23:47:22,104 [INFO] ApiDb:250 - Set database path to: C:\Users\22142\.stmcufinder\plugins\mcufinder//mcu/
2026-01-03 23:47:22,104 [WARN] DbFile:41 - Overriding database path with different value: C:\Users\22142\.stmcufinder\plugins\mcufinder/ => C:\Users\22142\.stmcufinder\plugins\mcufinder
2026-01-03 23:47:22,104 [INFO] DbMcusAds:125 - Set database path to: C:\Users\22142\.stmcufinder\plugins\mcufinder//mcu/
2026-01-03 23:47:22,104 [WARN] DbFile:41 - Overriding database path with different value: C:\Users\22142\.stmcufinder\plugins\mcufinder/ => C:\Users\22142\.stmcufinder\plugins\mcufinder
2026-01-03 23:47:22,104 [WARN] DbFile:41 - Overriding database path with different value: C:\Users\22142\.stmcufinder\plugins\mcufinder/ => C:\Users\22142\.stmcufinder\plugins\mcufinder
2026-01-03 23:47:22,104 [INFO] CrossReferenceDbSqlite:203 - Set database path to: C:\Users\22142\.stmcufinder\plugins\mcufinder//mcu/cs/
2026-01-03 23:47:22,213 [INFO] ApplicationProperties:184 - Using Application install path: D:\installs\STM32CubeIDE_1.19.0\STM32CubeIDE\plugins\com.st.stm32cube.common.mx_6.15.0.202507011659
2026-01-03 23:47:22,215 [INFO] PluginManage:196 - Search for loadable plugins [exclusion list=, ]
2026-01-03 23:47:22,223 [INFO] PluginManage:310 - Check plugin analytics
2026-01-03 23:47:22,510 [INFO] AnalyticsPlugin:253 - Accepted Software Licenses: STM32CubeMX.6.16.1
2026-01-03 23:47:22,510 [INFO] AnalyticsPlugin:255 - Accepted CMSIS Pack Licenses: 
2026-01-03 23:47:22,510 [INFO] AnalyticsPlugin:257 - Accepted Firmware Licenses: 
2026-01-03 23:47:22,511 [INFO] PluginManage:359 - Loaded plugin analytics (category:tool,tabindex:-1)
2026-01-03 23:47:22,511 [INFO] PluginManage:310 - Check plugin cadmodel
2026-01-03 23:47:22,566 [INFO] CADModel:105 - Init CAD model plugin
2026-01-03 23:47:22,566 [INFO] PluginManage:359 - Loaded plugin cadmodel (category:power,tabindex:5)
2026-01-03 23:47:22,567 [INFO] PluginManage:310 - Check plugin clock
2026-01-03 23:47:22,582 [INFO] PluginManage:359 - Loaded plugin clock (category:base,tabindex:2)
2026-01-03 23:47:22,582 [INFO] PluginManage:310 - Check plugin ddr
2026-01-03 23:47:22,592 [INFO] PluginManage:359 - Loaded plugin ddr (category:tool,tabindex:6)
2026-01-03 23:47:22,593 [INFO] PluginManage:310 - Check plugin filemanager
2026-01-03 23:47:22,919 [INFO] PluginManage:359 - Loaded plugin filemanager (category:base,tabindex:10)
2026-01-03 23:47:22,919 [INFO] PluginManage:310 - Check plugin ipmanager
2026-01-03 23:47:22,925 [INFO] PluginManage:359 - Loaded plugin ipmanager (category:base,tabindex:5)
2026-01-03 23:47:22,925 [INFO] PluginManage:310 - Check plugin lpbam
2026-01-03 23:47:22,971 [INFO] PluginManage:359 - Loaded plugin lpbam (category:base,tabindex:0)
2026-01-03 23:47:22,971 [INFO] PluginManage:310 - Check plugin memorymap
2026-01-03 23:47:23,005 [INFO] PluginManage:359 - Loaded plugin memorymap (category:base,tabindex:4)
2026-01-03 23:47:23,005 [INFO] PluginManage:310 - Check plugin pinoutandconfiguration
2026-01-03 23:47:23,048 [INFO] PluginManage:359 - Loaded plugin pinoutandconfiguration (category:base,tabindex:1)
2026-01-03 23:47:23,048 [INFO] PluginManage:310 - Check plugin pinoutconfig
2026-01-03 23:47:23,367 [WARN] SupportedApi:132 - Cannot load RTOS API schema: s4s-elt-must-match.1: The content of 'definitions' must match (annotation?, (simpleType | complexType)?, (unique | key | keyref)*)). A problem was found starting at: attribute.
2026-01-03 23:47:23,620 [INFO] PluginManage:359 - Loaded plugin pinoutconfig (category:base,tabindex:0)
2026-01-03 23:47:23,621 [INFO] PluginManage:310 - Check plugin power
2026-01-03 23:47:23,667 [INFO] PluginManage:359 - Loaded plugin power (category:power,tabindex:4)
2026-01-03 23:47:23,667 [INFO] PluginManage:310 - Check plugin projectmanager
2026-01-03 23:47:23,681 [INFO] PluginManage:359 - Loaded plugin projectmanager (category:projectmanager,tabindex:4)
2026-01-03 23:47:23,681 [INFO] PluginManage:310 - Check plugin rif
2026-01-03 23:47:23,723 [INFO] PluginManage:359 - Loaded plugin rif (category:base,tabindex:3)
2026-01-03 23:47:23,723 [INFO] PluginManage:310 - Check plugin thirdparty
2026-01-03 23:47:24,038 [INFO] PluginManage:359 - Loaded plugin thirdparty (category:base,tabindex:-1)
2026-01-03 23:47:24,038 [WARN] IntegrityCheckThread:84 - waiting for thirdparty lock release [integrity check]
2026-01-03 23:47:24,038 [INFO] PluginManage:310 - Check plugin tools
2026-01-03 23:47:24,038 [INFO] IntegrityCheckThread:86 - entering critical section [integrity check]
2026-01-03 23:47:24,038 [INFO] ThirdPartyUpdaterWithRetryManager:70 - Updater plugin not ready yet. [1/15]
2026-01-03 23:47:24,038 [INFO] PluginManage:359 - Loaded plugin tools (category:base,tabindex:7)
2026-01-03 23:47:24,038 [INFO] PluginManage:310 - Check plugin tutovideos
2026-01-03 23:47:24,467 [INFO] PluginManage:359 - Loaded plugin tutovideos (category:base,tabindex:-1)
2026-01-03 23:47:24,467 [INFO] PluginManage:310 - Check plugin updater
2026-01-03 23:47:24,527 [INFO] PluginManage:359 - Loaded plugin updater (category:base,tabindex:12)
2026-01-03 23:47:24,527 [INFO] PluginManage:310 - Check plugin userauth
2026-01-03 23:47:24,555 [INFO] UserAuth:118 - Init User Auth plugin
2026-01-03 23:47:24,556 [INFO] PluginManage:359 - Loaded plugin userauth (category:base,tabindex:14)
2026-01-03 23:47:24,556 [INFO] PluginManage:283 - PluginManage : Loaded plugins [18]
2026-01-03 23:47:25,455 [INFO] PinOutPanel:1589 - setPackage(No Configuration,No Configuration)
2026-01-03 23:47:25,715 [INFO] CADModel:165 - CPN selected for project level
2026-01-03 23:47:25,715 [INFO] CADModel:114 - Register for checkConnection events
2026-01-03 23:47:25,760 [INFO] IPUIPlugin:80 - create IPUIPlugin
2026-01-03 23:47:25,760 [INFO] PluginManager:220 - loadIPPluginJar : add adc
2026-01-03 23:47:25,763 [INFO] IPUIPlugin:80 - create IPUIPlugin
2026-01-03 23:47:25,763 [INFO] PluginManager:220 - loadIPPluginJar : add aes
2026-01-03 23:47:25,766 [INFO] IPUIPlugin:80 - create IPUIPlugin
2026-01-03 23:47:25,766 [INFO] PluginManager:220 - loadIPPluginJar : add can
2026-01-03 23:47:25,776 [INFO] IPUIPlugin:80 - create IPUIPlugin
2026-01-03 23:47:25,776 [INFO] PluginManager:220 - loadIPPluginJar : add comp
2026-01-03 23:47:25,781 [INFO] IPUIPlugin:80 - create IPUIPlugin
2026-01-03 23:47:25,781 [INFO] PluginManager:220 - loadIPPluginJar : add cryp
2026-01-03 23:47:25,781 [INFO] IPUIPlugin:80 - create IPUIPlugin
2026-01-03 23:47:25,781 [INFO] PluginManager:220 - loadIPPluginJar : add ddr_ctrl_phy
2026-01-03 23:47:25,786 [INFO] IPUIPlugin:80 - create IPUIPlugin
2026-01-03 23:47:25,786 [INFO] PluginManager:220 - loadIPPluginJar : add dfsdm
2026-01-03 23:47:25,787 [INFO] IPUIPlugin:80 - create IPUIPlugin
2026-01-03 23:47:25,787 [INFO] PluginManager:220 - loadIPPluginJar : add dma
2026-01-03 23:47:25,787 [INFO] IPUIPlugin:80 - create IPUIPlugin
2026-01-03 23:47:25,787 [INFO] PluginManager:220 - loadIPPluginJar : add dma3
2026-01-03 23:47:25,787 [INFO] IPUIPlugin:80 - create IPUIPlugin
2026-01-03 23:47:25,787 [INFO] PluginManager:220 - loadIPPluginJar : add extmemmanager
2026-01-03 23:47:25,795 [INFO] IPUIPlugin:80 - create IPUIPlugin
2026-01-03 23:47:25,795 [INFO] PluginManager:220 - loadIPPluginJar : add fatfs
2026-01-03 23:47:25,797 [INFO] IPUIPlugin:80 - create IPUIPlugin
2026-01-03 23:47:25,797 [INFO] PluginManager:220 - loadIPPluginJar : add fmc
2026-01-03 23:47:25,806 [INFO] IPUIPlugin:80 - create IPUIPlugin
2026-01-03 23:47:25,806 [INFO] PluginManager:220 - loadIPPluginJar : add freertos
2026-01-03 23:47:25,806 [INFO] IPUIPlugin:80 - create IPUIPlugin
2026-01-03 23:47:25,806 [INFO] PluginManager:220 - loadIPPluginJar : add genericplugin
2026-01-03 23:47:25,810 [INFO] IPUIPlugin:80 - create IPUIPlugin
2026-01-03 23:47:25,810 [INFO] PluginManager:220 - loadIPPluginJar : add gfxmmu
2026-01-03 23:47:25,812 [INFO] IPUIPlugin:80 - create IPUIPlugin
2026-01-03 23:47:25,812 [INFO] PluginManager:220 - loadIPPluginJar : add gic
2026-01-03 23:47:25,816 [INFO] IPUIPlugin:80 - create IPUIPlugin
2026-01-03 23:47:25,816 [INFO] PluginManager:220 - loadIPPluginJar : add gpio
2026-01-03 23:47:25,816 [INFO] IPUIPlugin:80 - create IPUIPlugin
2026-01-03 23:47:25,816 [INFO] PluginManager:220 - loadIPPluginJar : add gtzc
2026-01-03 23:47:25,826 [INFO] IPUIPlugin:80 - create IPUIPlugin
2026-01-03 23:47:25,826 [INFO] PluginManager:220 - loadIPPluginJar : add hash
2026-01-03 23:47:25,828 [INFO] IPUIPlugin:80 - create IPUIPlugin
2026-01-03 23:47:25,828 [INFO] PluginManager:220 - loadIPPluginJar : add i2c
2026-01-03 23:47:25,828 [INFO] IPUIPlugin:80 - create IPUIPlugin
2026-01-03 23:47:25,828 [INFO] PluginManager:220 - loadIPPluginJar : add i2s
2026-01-03 23:47:25,828 [INFO] IPUIPlugin:80 - create IPUIPlugin
2026-01-03 23:47:25,828 [INFO] PluginManager:220 - loadIPPluginJar : add i3c
2026-01-03 23:47:25,837 [INFO] IPUIPlugin:80 - create IPUIPlugin
2026-01-03 23:47:25,837 [INFO] PluginManager:220 - loadIPPluginJar : add ipddr
2026-01-03 23:47:25,864 [INFO] IPUIPlugin:80 - create IPUIPlugin
2026-01-03 23:47:25,864 [INFO] PluginManager:220 - loadIPPluginJar : add linkedlist
2026-01-03 23:47:25,867 [INFO] IPUIPlugin:80 - create IPUIPlugin
2026-01-03 23:47:25,867 [INFO] PluginManager:220 - loadIPPluginJar : add lorawan
2026-01-03 23:47:25,867 [INFO] IPUIPlugin:80 - create IPUIPlugin
2026-01-03 23:47:25,867 [INFO] PluginManager:220 - loadIPPluginJar : add ltdc
2026-01-03 23:47:25,867 [INFO] IPUIPlugin:80 - create IPUIPlugin
2026-01-03 23:47:25,867 [INFO] PluginManager:220 - loadIPPluginJar : add mdma
2026-01-03 23:47:25,867 [INFO] IPUIPlugin:80 - create IPUIPlugin
2026-01-03 23:47:25,867 [INFO] PluginManager:220 - loadIPPluginJar : add nvic
2026-01-03 23:47:25,876 [INFO] IPUIPlugin:80 - create IPUIPlugin
2026-01-03 23:47:25,876 [INFO] PluginManager:220 - loadIPPluginJar : add opamp
2026-01-03 23:47:25,879 [INFO] IPUIPlugin:80 - create IPUIPlugin
2026-01-03 23:47:25,879 [INFO] PluginManager:220 - loadIPPluginJar : add openamp
2026-01-03 23:47:25,881 [INFO] IPUIPlugin:80 - create IPUIPlugin
2026-01-03 23:47:25,881 [INFO] PluginManager:220 - loadIPPluginJar : add pdm2pcm
2026-01-03 23:47:25,886 [INFO] IPUIPlugin:80 - create IPUIPlugin
2026-01-03 23:47:25,886 [INFO] PluginManager:220 - loadIPPluginJar : add plateformsettings
2026-01-03 23:47:25,886 [INFO] IPUIPlugin:80 - create IPUIPlugin
2026-01-03 23:47:25,886 [INFO] PluginManager:220 - loadIPPluginJar : add quadspi
2026-01-03 23:47:25,891 [INFO] IPUIPlugin:80 - create IPUIPlugin
2026-01-03 23:47:25,891 [INFO] PluginManager:220 - loadIPPluginJar : add radio
2026-01-03 23:47:25,891 [INFO] IPUIPlugin:80 - create IPUIPlugin
2026-01-03 23:47:25,891 [INFO] PluginManager:220 - loadIPPluginJar : add resmgrutility
2026-01-03 23:47:25,896 [INFO] IPUIPlugin:80 - create IPUIPlugin
2026-01-03 23:47:25,896 [INFO] PluginManager:220 - loadIPPluginJar : add sai
2026-01-03 23:47:25,896 [INFO] IPUIPlugin:80 - create IPUIPlugin
2026-01-03 23:47:25,896 [INFO] PluginManager:220 - loadIPPluginJar : add spi
2026-01-03 23:47:25,903 [INFO] IPUIPlugin:80 - create IPUIPlugin
2026-01-03 23:47:25,903 [INFO] PluginManager:220 - loadIPPluginJar : add stm32_wpan
2026-01-03 23:47:25,906 [INFO] IPUIPlugin:80 - create IPUIPlugin
2026-01-03 23:47:25,906 [INFO] PluginManager:220 - loadIPPluginJar : add tim
2026-01-03 23:47:25,907 [INFO] IPUIPlugin:80 - create IPUIPlugin
2026-01-03 23:47:25,907 [INFO] PluginManager:220 - loadIPPluginJar : add touchsensing
2026-01-03 23:47:25,909 [INFO] IPUIPlugin:80 - create IPUIPlugin
2026-01-03 23:47:25,909 [INFO] PluginManager:220 - loadIPPluginJar : add tracer_emb
2026-01-03 23:47:25,911 [INFO] IPUIPlugin:80 - create IPUIPlugin
2026-01-03 23:47:25,911 [INFO] PluginManager:220 - loadIPPluginJar : add ts
2026-01-03 23:47:25,911 [INFO] IPUIPlugin:80 - create IPUIPlugin
2026-01-03 23:47:25,911 [INFO] PluginManager:220 - loadIPPluginJar : add tsc
2026-01-03 23:47:25,911 [INFO] IPUIPlugin:80 - create IPUIPlugin
2026-01-03 23:47:25,911 [INFO] PluginManager:220 - loadIPPluginJar : add ucpd
2026-01-03 23:47:25,916 [INFO] IPUIPlugin:80 - create IPUIPlugin
2026-01-03 23:47:25,916 [INFO] PluginManager:220 - loadIPPluginJar : add usart
2026-01-03 23:47:25,917 [INFO] IPUIPlugin:80 - create IPUIPlugin
2026-01-03 23:47:25,917 [INFO] PluginManager:220 - loadIPPluginJar : add usbx
2026-01-03 23:47:26,175 [FATAL] Updater:351 - Updater called before beeing initialized
2026-01-03 23:47:26,275 [INFO] RulesReader:64 - Compatibility file has been processed (317 Rules)
2026-01-03 23:47:26,286 [INFO] RulesReader:64 - Compatibility file has been processed (317 Rules)
2026-01-03 23:47:26,317 [INFO] CADModel:165 - CPN selected for project level
2026-01-03 23:47:26,317 [INFO] CADModel:114 - Register for checkConnection events
2026-01-03 23:47:26,317 [FATAL] Updater:351 - Updater called before beeing initialized
2026-01-03 23:47:26,317 [ERROR] CADModel:125 - Updater not yet initialized, retry later 
2026-01-03 23:47:26,737 [FATAL] Updater:351 - Updater called before beeing initialized
2026-01-03 23:47:26,766 [INFO] CADModel:165 - CPN selected for project level
2026-01-03 23:47:26,766 [INFO] CADModel:114 - Register for checkConnection events
2026-01-03 23:47:26,766 [FATAL] Updater:351 - Updater called before beeing initialized
2026-01-03 23:47:26,766 [ERROR] CADModel:125 - Updater not yet initialized, retry later 
2026-01-03 23:47:26,766 [FATAL] Updater:351 - Updater called before beeing initialized
2026-01-03 23:47:26,887 [FATAL] Updater:351 - Updater called before beeing initialized
2026-01-03 23:47:26,896 [INFO] DbMcusAds:53 - JSON generation date=Tue Dec 16 04:41:46 IST 2025 (1765840306612)
2026-01-03 23:47:26,896 [FATAL] Updater:351 - Updater called before beeing initialized
2026-01-03 23:47:27,042 [INFO] ThirdPartyUpdaterWithRetryManager:70 - Updater plugin not ready yet. [2/15]
2026-01-03 23:47:27,062 [WARN] DetailPanel:346 - Failed to get advertising image, set to default
2026-01-03 23:47:27,153 [FATAL] Updater:351 - Updater called before beeing initialized
2026-01-03 23:47:27,156 [FATAL] Updater:351 - Updater called before beeing initialized
2026-01-03 23:47:27,156 [FATAL] Updater:351 - Updater called before beeing initialized
2026-01-03 23:47:27,156 [WARN] DetailPanel:346 - Failed to get advertising image, set to default
2026-01-03 23:47:27,157 [FATAL] Updater:351 - Updater called before beeing initialized
2026-01-03 23:47:27,264 [ERROR] Updater:1198 - MainUpdater not yet initialized. External WinMGr cannot be set.
2026-01-03 23:47:27,276 [INFO] Updater:1134 - Updater Version found : 6.15.0
2026-01-03 23:47:27,327 [INFO] ApplicationProperties:184 - Using Application install path: D:\installs\STM32CubeIDE_1.19.0\STM32CubeIDE\plugins\com.st.stm32cube.common.mx_6.15.0.202507011659
2026-01-03 23:47:27,699 [INFO] MainUpdater:2872 - connection check result : 10
2026-01-03 23:47:27,706 [INFO] MainUpdater:289 - Updater Check For Update Now.
2026-01-03 23:47:27,706 [INFO] MicroXplorer:498 - Change Database Version : DB.6.0.150
2026-01-03 23:47:27,746 [INFO] McuFinderGlobals:63 - Set McuFinder mode to 2 (CubeIDE integrated)
2026-01-03 23:47:27,746 [INFO] UserAuth:171 - activating auth plugin
2026-01-03 23:47:27,766 [INFO] UserAuth:487 - Internet connection configuration mode: 1
2026-01-03 23:47:27,876 [INFO] JxBrowserEngine:152 - Initiate JxBrowser Engine with user profile folder
2026-01-03 23:47:27,976 [INFO] CheckServerUpdateThread:120 - End of CheckServer Thread
2026-01-03 23:47:29,589 [INFO] WebApp:169 - Instantiating new browser for Auth
2026-01-03 23:47:30,530 [WARN] PackLoader:240 - Cannot read IP mode file for STMicroelectronics.FP-SNS-MOTENVWB1.1.4.0
2026-01-03 23:47:30,555 [WARN] PackLoader:240 - Cannot read IP mode file for STMicroelectronics.FP-ATR-ASTRA1.2.0.2
2026-01-03 23:47:30,565 [WARN] PackLoader:240 - Cannot read IP mode file for STMicroelectronics.X-CUBE-SMBUS.2.1.0
2026-01-03 23:47:30,590 [WARN] PackLoader:240 - Cannot read IP mode file for STMicroelectronics.X-CUBE-WB05N.1.1.0
2026-01-03 23:47:30,635 [WARN] PackLoader:240 - Cannot read IP mode file for STMicroelectronics.X-CUBE-AZRTOS-F7.1.1.0
2026-01-03 23:47:30,641 [WARN] PackLoader:240 - Cannot read IP mode file for STMicroelectronics.FP-SNS-MOTENV1.5.1.0
2026-01-03 23:47:30,681 [WARN] PackLoader:240 - Cannot read IP mode file for Infineon.AIROC-Wi-Fi-Bluetooth-STM32.1.7.0
2026-01-03 23:47:30,715 [WARN] PackLoader:240 - Cannot read IP mode file for STMicroelectronics.X-CUBE-AZRTOS-H7.3.4.0
2026-01-03 23:47:30,730 [WARN] PackLoader:240 - Cannot read IP mode file for STMicroelectronics.X-CUBE-DISPLAY.3.0.0
2026-01-03 23:47:30,741 [WARN] PackLoader:240 - Cannot read IP mode file for STMicroelectronics.X-CUBE-NFC10.1.0.0
2026-01-03 23:47:30,756 [WARN] PackLoader:240 - Cannot read IP mode file for STMicroelectronics.X-CUBE-BLEMGR.4.0.0
2026-01-03 23:47:30,766 [WARN] PackLoader:240 - Cannot read IP mode file for STMicroelectronics.X-CUBE-ST60.1.1.0
2026-01-03 23:47:30,780 [WARN] PackLoader:240 - Cannot read IP mode file for emotas.I-CUBE-CANOPEN.1.3.0
2026-01-03 23:47:30,789 [WARN] PackLoader:240 - Cannot read IP mode file for STMicroelectronics.X-CUBE-GNSS1.7.1.0
2026-01-03 23:47:30,797 [WARN] ConditionMgr:438 - getConditionDescription Invalid condition id : Cortex-A Device cause : null
2026-01-03 23:47:30,822 [WARN] ConditionMgr:1044 - genDependencies : Invalid condition id : Cortex-A Device cause : null
2026-01-03 23:47:30,822 [WARN] ConditionMgr:1044 - genDependencies : Invalid condition id : Cortex-A Device cause : null
2026-01-03 23:47:30,822 [WARN] ConditionMgr:1044 - genDependencies : Invalid condition id : Cortex-A Device cause : null
2026-01-03 23:47:30,831 [WARN] PackLoader:240 - Cannot read IP mode file for STMicroelectronics.X-CUBE-AI.10.0.0
2026-01-03 23:47:30,843 [WARN] PackLoader:240 - Cannot read IP mode file for STMicroelectronics.FP-SNS-STBOX1.2.1.0
2026-01-03 23:47:30,854 [WARN] PackLoader:240 - Cannot read IP mode file for STMicroelectronics.FP-SNS-SMARTAG2.1.2.0
2026-01-03 23:47:30,858 [WARN] PackLoader:240 - Cannot read IP mode file for STMicroelectronics.FP-SNS-FLIGHT1.5.1.0
2026-01-03 23:47:30,903 [WARN] PackLoader:240 - Cannot read IP mode file for STMicroelectronics.X-CUBE-MEMS1.11.1.0
2026-01-03 23:47:31,058 [INFO] LogOutputStream:77 - [STDOUT_REDIRECT] 1 : Invalid condition id : UX_CORESTACK_Condition cause : null
2026-01-03 23:47:31,058 [INFO] LogOutputStream:77 - [STDOUT_REDIRECT] 1 : Invalid condition id : UX_CORESTACK_Condition cause : null
2026-01-03 23:47:31,063 [INFO] LogOutputStream:77 - [STDOUT_REDIRECT] 1 : Invalid condition id : UX_CORESTACK_Condition cause : null
2026-01-03 23:47:31,065 [INFO] LogOutputStream:77 - [STDOUT_REDIRECT] 1 : Invalid condition id : UX_CORESTACK_Condition cause : null
2026-01-03 23:47:31,065 [INFO] LogOutputStream:77 - [STDOUT_REDIRECT] 1 : Invalid condition id : UX_CORESTACK_Condition cause : null
2026-01-03 23:47:31,067 [WARN] PackLoader:240 - Cannot read IP mode file for STMicroelectronics.X-CUBE-AZRTOS-WL.2.0.0
2026-01-03 23:47:31,073 [WARN] PackLoader:240 - Cannot read IP mode file for STMicroelectronics.FP-SNS-MOTENV1.5.0.0
2026-01-03 23:47:31,090 [WARN] PackLoader:240 - Cannot read IP mode file for STMicroelectronics.X-CUBE-AZRTOS-H7RS.1.2.0
2026-01-03 23:47:31,101 [WARN] PackLoader:240 - Cannot read IP mode file for WES.I-CUBE-Cesium.1.3.0
2026-01-03 23:47:31,107 [WARN] PackLoader:240 - Cannot read IP mode file for STMicroelectronics.X-CUBE-BLE2.3.3.0
2026-01-03 23:47:31,147 [WARN] PackLoader:240 - Cannot read IP mode file for STMicroelectronics.X-CUBE-NFC9.1.0.0
2026-01-03 23:47:31,155 [WARN] PackLoader:240 - Cannot read IP mode file for STMicroelectronics.X-CUBE-BLE1.7.1.0
2026-01-03 23:47:31,177 [WARN] PackLoader:240 - Cannot read IP mode file for wolfSSL.I-CUBE-wolfMQTT.1.19.2
2026-01-03 23:47:31,185 [WARN] PackLoader:240 - Cannot read IP mode file for STMicroelectronics.X-CUBE-FREERTOS.1.4.0
2026-01-03 23:47:31,192 [WARN] PackLoader:240 - Cannot read IP mode file for STMicroelectronics.X-CUBE-EEPRMA1.5.2.0
2026-01-03 23:47:31,206 [WARN] PackLoader:240 - Cannot read IP mode file for STMicroelectronics.X-CUBE-ST67W61.1.1.0
2026-01-03 23:47:31,261 [WARN] PackLoader:240 - Cannot read IP mode file for STMicroelectronics.X-CUBE-MEMS1.12.0.0
2026-01-03 23:47:31,319 [INFO] WebApp:463 - Apply proxy settings
2026-01-03 23:47:31,319 [INFO] WebApp:548 - Chromium requires no authentication
2026-01-03 23:47:31,411 [WARN] PackLoader:240 - Cannot read IP mode file for STMicroelectronics.X-CUBE-AZRTOS-G0.1.1.0
2026-01-03 23:47:31,424 [WARN] PackLoader:240 - Cannot read IP mode file for STMicroelectronics.X-CUBE-SAFEA1.1.2.2
2026-01-03 23:47:31,425 [INFO] WebApp:491 - Direct internet connection detected
2026-01-03 23:47:31,431 [WARN] PackLoader:240 - Cannot read IP mode file for STMicroelectronics.X-CUBE-NFC4.3.0.0
2026-01-03 23:47:31,441 [WARN] PackLoader:240 - Cannot read IP mode file for EmbeddedOffice.I-CUBE-FS-RTOS.1.0.1
2026-01-03 23:47:31,441 [WARN] PackLoader:240 - Cannot read IP mode file for STMicroelectronics.X-CUBE-WB05N.2.0.0
2026-01-03 23:47:31,476 [WARN] PackLoader:240 - Cannot read IP mode file for wolfSSL.I-CUBE-wolfTPM.3.8.0
2026-01-03 23:47:31,476 [INFO] WebApp:900 - Register for checkConnection events
2026-01-03 23:47:31,476 [INFO] WebApp:463 - Apply proxy settings
2026-01-03 23:47:31,478 [INFO] WebApp:548 - Chromium requires no authentication
2026-01-03 23:47:31,478 [INFO] WebApp:491 - Direct internet connection detected
2026-01-03 23:47:31,481 [WARN] PackLoader:240 - Cannot read IP mode file for STMicroelectronics.X-CUBE-TCPP.4.2.0
2026-01-03 23:47:31,490 [WARN] PackLoader:240 - Cannot read IP mode file for RealThread.X-CUBE-RT-Thread_Nano.4.1.1
2026-01-03 23:47:31,504 [WARN] PackLoader:240 - Cannot read IP mode file for STMicroelectronics.FP-ATR-SIGFOX1.3.2.0
2026-01-03 23:47:31,509 [WARN] PackLoader:240 - Cannot read IP mode file for STMicroelectronics.X-CUBE-EEPRMA1.5.1.0
2026-01-03 23:47:31,528 [WARN] PackLoader:240 - Cannot read IP mode file for wolfSSL.I-CUBE-wolfSSL.5.7.6
2026-01-03 23:47:31,534 [WARN] PackLoader:240 - Cannot read IP mode file for ITTIA_DB.I-CUBE-ITTIADB.8.9.0
2026-01-03 23:47:31,542 [WARN] PackLoader:240 - Cannot read IP mode file for STMicroelectronics.X-CUBE-AI.10.2.0
2026-01-03 23:47:31,573 [WARN] PackLoader:240 - Cannot read IP mode file for SEGGER.I-CUBE-embOS.1.3.1
2026-01-03 23:47:31,601 [WARN] PackLoader:240 - Cannot read IP mode file for STMicroelectronics.X-CUBE-ALGOBUILD.1.4.0
2026-01-03 23:47:31,601 [WARN] PackLoader:240 - Cannot read IP mode file for STMicroelectronics.X-CUBE-PM33A1.1.0.0
2026-01-03 23:47:31,619 [WARN] PackLoader:240 - Cannot read IP mode file for STMicroelectronics.X-CUBE-AZRTOS-F4.1.1.0
2026-01-03 23:47:31,630 [WARN] PackLoader:240 - Cannot read IP mode file for STMicroelectronics.X-CUBE-ISPU.2.1.0
2026-01-03 23:47:31,647 [WARN] PackLoader:240 - Cannot read IP mode file for STMicroelectronics.X-CUBE-IPS.3.2.0
2026-01-03 23:47:31,660 [WARN] PackLoader:240 - Cannot read IP mode file for STMicroelectronics.X-CUBE-NFC12.1.0.0
2026-01-03 23:47:31,660 [INFO] WebApp:191 - Connection restablished
2026-01-03 23:47:31,677 [WARN] PackLoader:240 - Cannot read IP mode file for STMicroelectronics.X-CUBE-AZRTOS-L5.2.0.0
2026-01-03 23:47:31,689 [WARN] PackLoader:240 - Cannot read IP mode file for STMicroelectronics.X-CUBE-NFC6.3.1.0
2026-01-03 23:47:31,697 [WARN] PackLoader:240 - Cannot read IP mode file for STMicroelectronics.X-CUBE-DPower.1.2.0
2026-01-03 23:47:31,702 [WARN] PackLoader:240 - Cannot read IP mode file for STMicroelectronics.X-CUBE-FREERTOS.1.3.0
2026-01-03 23:47:31,707 [WARN] PackLoader:240 - Cannot read IP mode file for STMicroelectronics.X-CUBE-NFC7.1.0.1
2026-01-03 23:47:31,724 [WARN] PackLoader:240 - Cannot read IP mode file for STMicroelectronics.X-CUBE-TOUCHGFX.4.26.0
2026-01-03 23:47:31,730 [WARN] PackLoader:240 - Cannot read IP mode file for STMicroelectronics.FP-SNS-STAIOTCFT.1.0.0
2026-01-03 23:47:31,742 [WARN] PackLoader:240 - Cannot read IP mode file for STMicroelectronics.X-CUBE-DPower.1.3.0
2026-01-03 23:47:31,769 [WARN] ConditionMgr:438 - getConditionDescription Invalid condition id : LAN8742 Phy interface Condition cause : null
2026-01-03 23:47:31,769 [WARN] PackLoader:240 - Cannot read IP mode file for STMicroelectronics.X-CUBE-AZRTOS-L4.2.0.0
2026-01-03 23:47:31,771 [WARN] ConditionMgr:1044 - genDependencies : Invalid condition id : LAN8742 Phy interface Condition cause : null
2026-01-03 23:47:31,771 [WARN] ConditionMgr:1044 - genDependencies : Invalid condition id : LAN8742 Phy interface Condition cause : null
2026-01-03 23:47:31,771 [WARN] ConditionMgr:1044 - genDependencies : Invalid condition id : LAN8742 Phy interface Condition cause : null
2026-01-03 23:47:31,783 [WARN] PackLoader:240 - Cannot read IP mode file for STMicroelectronics.X-CUBE-SFXS2LP1.4.0.0
2026-01-03 23:47:31,823 [WARN] PackLoader:240 - Cannot read IP mode file for STMicroelectronics.X-CUBE-AZRTOS-H7.3.3.0
2026-01-03 23:47:31,838 [WARN] PackLoader:240 - Cannot read IP mode file for STMicroelectronics.X-CUBE-BLEMGR.4.1.0
2026-01-03 23:47:31,853 [WARN] ConditionMgr:438 - getConditionDescription Invalid condition id : UX DEVICE CLASS RTOS Condition cause : null
2026-01-03 23:47:31,853 [WARN] ConditionMgr:438 - getConditionDescription Invalid condition id : UX DEVICE CLASS RTOS Condition cause : null
2026-01-03 23:47:31,859 [WARN] PackLoader:240 - Cannot read IP mode file for STMicroelectronics.X-CUBE-AZRTOS-WB.2.0.0
2026-01-03 23:47:31,859 [WARN] ConditionMgr:1044 - genDependencies : Invalid condition id : UX DEVICE CLASS RTOS Condition cause : null
2026-01-03 23:47:31,859 [WARN] ConditionMgr:1044 - genDependencies : Invalid condition id : UX DEVICE CLASS RTOS Condition cause : null
2026-01-03 23:47:31,859 [WARN] ConditionMgr:1044 - genDependencies : Invalid condition id : UX DEVICE CLASS RTOS Condition cause : null
2026-01-03 23:47:31,859 [WARN] ConditionMgr:1044 - genDependencies : Invalid condition id : UX DEVICE CLASS RTOS Condition cause : null
2026-01-03 23:47:31,860 [WARN] ConditionMgr:1044 - genDependencies : Invalid condition id : UX DEVICE CLASS RTOS Condition cause : null
2026-01-03 23:47:31,871 [WARN] PackLoader:240 - Cannot read IP mode file for STMicroelectronics.X-CUBE-GNSS1.7.0.1
2026-01-03 23:47:31,876 [WARN] PackLoader:240 - Cannot read IP mode file for STMicroelectronics.X-CUBE-TOUCHGFX.4.25.0
2026-01-03 23:47:31,883 [WARN] PackLoader:240 - Cannot read IP mode file for STMicroelectronics.FP-SNS-STBOX1.2.0.0
2026-01-03 23:47:31,892 [WARN] PackLoader:240 - Cannot read IP mode file for STMicroelectronics.X-CUBE-SUBG2.5.0.0
2026-01-03 23:47:31,908 [WARN] PackLoader:240 - Cannot read IP mode file for STMicroelectronics.X-CUBE-AZRTOS-H7RS.1.1.0
2026-01-03 23:47:31,920 [WARN] PackLoader:240 - Cannot read IP mode file for Cesanta.I-CUBE-Mongoose.7.13.0
2026-01-03 23:47:31,933 [WARN] PackLoader:240 - Cannot read IP mode file for STMicroelectronics.X-CUBE-AZRTOS-G4.2.0.0
2026-01-03 23:47:31,940 [WARN] PackLoader:240 - Cannot read IP mode file for wolfSSL.I-CUBE-wolfSSH.1.4.20
2026-01-03 23:47:31,942 [WARN] PackLoader:240 - Cannot read IP mode file for STMicroelectronics.X-CUBE-NFC7.2.0.0
2026-01-03 23:47:31,949 [WARN] PackLoader:240 - Cannot read IP mode file for STMicroelectronics.X-CUBE-IPS.3.1.0
2026-01-03 23:47:31,963 [WARN] PackLoader:240 - Cannot read IP mode file for STMicroelectronics.X-CUBE-ALS.1.0.2
2026-01-03 23:47:31,976 [INFO] WebApp:225 - Starting web application
2026-01-03 23:47:31,977 [INFO] WebApp:593 - Web application path used D:\installs\STM32CubeIDE_1.19.0\STM32CubeIDE\plugins\com.st.stm32cube.common.mx_6.15.0.202507011659\db\plugins\mcufinder\reactClient1\index.html
2026-01-03 23:47:31,981 [WARN] PackLoader:240 - Cannot read IP mode file for STMicroelectronics.X-CUBE-STSE01.1.0.0
2026-01-03 23:47:31,996 [WARN] PackLoader:240 - Cannot read IP mode file for portGmbH.I-Cube-SoM-uGOAL.1.1.0
2026-01-03 23:47:32,012 [WARN] PackLoader:240 - Cannot read IP mode file for STMicroelectronics.X-CUBE-TOF1.3.4.2
2026-01-03 23:47:32,041 [WARN] PackLoader:240 - Cannot read IP mode file for STMicroelectronics.X-CUBE-TOF1.3.4.3
2026-01-03 23:47:32,050 [INFO] ThirdParty:978 - Integrity check success = true
2026-01-03 23:47:32,050 [INFO] IntegrityCheckThread:100 - exiting critical section [integrity check]
2026-01-03 23:47:32,050 [INFO] IntegrityCheckThread:103 - End integrity checks thread
2026-01-03 23:48:22,597 [INFO] McuFinderGlobals:63 - Set McuFinder mode to 2 (CubeIDE integrated)
2026-01-03 23:48:22,627 [INFO] MainUpdater:2872 - connection check result : 10
2026-01-03 23:48:23,375 [INFO] ApiDb:581 - Connected to CubeFinder SQLite database (C:\Users\22142\.stmcufinder\plugins\mcufinder\mcu\cube-finder-db.db)
2026-01-03 23:48:23,476 [INFO] ApiDb:668 - CubeFinder database Data Model version=2.1
2026-01-03 23:48:23,476 [INFO] ApiDb:669 - CubeFinder database Configuration version=3.0.39
2026-01-03 23:48:23,476 [INFO] ApiDb:670 - CubeFinder database generation date=2025-12-22 (1766407740)
2026-01-03 23:48:23,476 [INFO] ApiDb:671 - CubeFinder database FW Pack versions=[FP-ATR-ASTRA1_V2.0.0, FP-SNS-FLIGHT1_V5.1.0, FP-SNS-MOTENV1_V5.1.0, FP-SNS-MOTENVWB1_V1.4.0, FP-SNS-SMARTAG2_V1.2.0, FP-SNS-STBOX1_V2.1.0, STM32Cube_FW_C0_V1.4.0, STM32Cube_FW_F4_V1.28.3, STM32Cube_FW_F7_V1.17.4, STM32Cube_FW_G0_V1.6.2, STM32Cube_FW_G4_V1.6.1, STM32Cube_FW_H5_V1.5.1, STM32Cube_FW_H7RS_V1.3.0, STM32Cube_FW_H7_V1.12.1, STM32Cube_FW_L0_V1.12.2, STM32Cube_FW_L4_V1.18.1, STM32Cube_FW_L5_V1.6.0, STM32Cube_FW_N6_V1.3.0, STM32Cube_FW_U0_V1.3.0, STM32Cube_FW_U3_V1.2.1, STM32Cube_FW_U5_V1.8.0, STM32Cube_FW_WB0_V1.4.0, STM32Cube_FW_WBA_V1.8.0, STM32Cube_FW_WB_V1.24.0, STM32Cube_FW_WL3_V1.3.0, STM32Cube_FW_WL_V1.4.0, X-CUBE-ALGOBUILD_V1.4.0, X-CUBE-ALS_V1.0.2, X-CUBE-AZRTOS-F4_V1.1.0, X-CUBE-AZRTOS-F7_V1.1.0, X-CUBE-AZRTOS-G0_V1.1.0, X-CUBE-AZRTOS-G4_V2.0.0, X-CUBE-AZRTOS-H7RS_V1.1.0, X-CUBE-AZRTOS-H7_V3.4.0, X-CUBE-AZRTOS-L4_V2.0.0, X-CUBE-AZRTOS-L5_V2.0.0, X-CUBE-AZRTOS-WB_V2.0.0, X-CUBE-AZRTOS-WL_V2.0.0, X-CUBE-BLE1_V7.1.0, X-CUBE-BLE2_V3.3.0, X-CUBE-BLEMGR_V4.1.0, X-CUBE-EEPRMA1_V5.2.0, X-CUBE-FREERTOS_V1.3.1, X-CUBE-GNSS1_V6.0.0, X-CUBE-MEMS1_V12.0.0, X-CUBE-NFC4_V3.0.0, X-CUBE-NFC7_V2.0.0, X-CUBE-SFXS2LP1_V4.0.0, X-CUBE-ST67W61_V1.1.0, X-CUBE-SUBG2_V5.0.0, X-CUBE-TOF1_V3.4.3]
2026-01-03 23:48:26,312 [INFO] ApiDb:240 - Found 880 in-development CPN: [B-G473E-ZEST1S, B-WB1M-WPAN1, B-WBA5M-WPAN, B-WL5M-SUBG1, NUCLEO-C031C6, NUCLEO-C051C8, NUCLEO-C071RB, NUCLEO-C092RC, NUCLEO-H503RB, NUCLEO-H533RE, NUCLEO-H563ZI, NUCLEO-H7S3L8, NUCLEO-N657X0-Q, NUCLEO-U031R8, NUCLEO-U083RC, NUCLEO-U385RG-Q, NUCLEO-U545RE-Q, NUCLEO-U5A5ZJ-Q, NUCLEO-WB05KZ, NUCLEO-WB07CC, NUCLEO-WB09KE, NUCLEO-WBA52CG, NUCLEO-WBA55CG, NUCLEO-WL33CC1, NUCLEO-WL33CC2, STEVAL-PROTEUS1, STEVAL-SMARTAG2, STEVAL-STWINBX1, STM320518-EVAL, STM32C0116-DK, STM32C011D6Y3TR, STM32C011D6Y6TR, STM32C011F4P3, STM32C011F4P6, STM32C011F4U3, STM32C011F4U6TR, STM32C011F6P3, STM32C011F6P6, STM32C011F6U3, STM32C011F6U6TR, STM32C011J4M3, STM32C011J4M6, STM32C011J6M3, STM32C011J6M6, STM32C0316-DK, STM32C031C4T3, STM32C031C4T6, STM32C031C4U3, STM32C031C4U6, STM32C031C6T3, STM32C031C6T6, STM32C031C6U3, STM32C031C6U6, STM32C031F4P3, STM32C031F4P6, STM32C031F6P3, STM32C031F6P6, STM32C031G4U3, STM32C031G4U6, STM32C031G6U3, STM32C031G6U6, STM32C031K4T3, STM32C031K4T6, STM32C031K4U3, STM32C031K4U6, STM32C031K6T3, STM32C031K6T6, STM32C031K6U3, STM32C031K6U6, STM32C051C6T6, STM32C051C6U6, STM32C051C8T6, STM32C051C8U6, STM32C051D8Y6TR, STM32C051F6P6, STM32C051F8P6, STM32C051G6U6, STM32C051G8U6, STM32C051K6T6, STM32C051K6U6, STM32C051K8T6, STM32C071C8T6, STM32C071C8T6N, STM32C071C8U6, STM32C071C8U6N, STM32C071CBT6, STM32C071CBT6N, STM32C071CBU6, STM32C071CBU6N, STM32C071F8P6, STM32C071F8P6N, STM32C071FBP6, STM32C071FBP6N, STM32C071FBY6TR, STM32C071G8U6, STM32C071G8U6N, STM32C071GBU6, STM32C071GBU6N, STM32C071K8T6, STM32C071K8T6N, STM32C071K8U6, STM32C071K8U6N, STM32C071KBT6, STM32C071KBT6N, STM32C071KBU6, STM32C071KBU6N, STM32C071R8T6, STM32C071R8T6N, STM32C071RBI6N, STM32C071RBT6, STM32C071RBT6N, STM32C091CBT6, STM32C091CBU6, STM32C091CCT6, STM32C091CCU6, STM32C091ECY6TR, STM32C091FBP6, STM32C091FCP6, STM32C091GBU6, STM32C091GCU6, STM32C091KBT6, STM32C091KBU6, STM32C091KCT6, STM32C091KCU6, STM32C091RBT6, STM32C091RCI6, STM32C091RCT6, STM32C092CBT6, STM32C092CBU6, STM32C092CCT6, STM32C092CCU6, STM32C092ECY6TR, STM32C092FBP6, STM32C092FCP6, STM32C092GBU6, STM32C092GCU6, STM32C092KBT6, STM32C092KBU6, STM32C092KCT6, STM32C092KCU6, STM32C092RBT6, STM32C092RCI6, STM32C092RCT6, STM32G071K8TXN, STM32G071K8UXN, STM32G081GBU6N, STM32G081KBT6N, STM32G081KBUXN, STM32G0B1CCT6N, STM32G0B1KCT6, STM32G0B1NEY6TR, STM32G0B1RCT6N, STM32G0C1CCT6, STM32G0C1CCT6N, STM32G0C1CCU6N, STM32G0C1CET6N, STM32G0C1CEU6N, STM32G0C1KCT6, STM32G0C1NEY6TR, STM32G0C1RCI6N, STM32G0C1RCT6N, STM32G0C1REI6N, STM32G0C1RET6N, STM32G0C1VCI6, STM32G0C1VEI6, STM32G411C6T3, STM32G411C6T6, STM32G411C6U3, STM32G411C6U6, STM32G411C8T3, STM32G411C8T6, STM32G411C8U3, STM32G411C8U6, STM32G411CBT3, STM32G411CBT6, STM32G411CBU3, STM32G411CBU6, STM32G411K6T3, STM32G411K6T6, STM32G411K6U3, STM32G411K6U6, STM32G411K8T3, STM32G411K8T6, STM32G411K8U3, STM32G411K8U6, STM32G411KBT3, STM32G411KBT6, STM32G411KBU3, STM32G411KBU6, STM32G411M6T3, STM32G411M6T6, STM32G411M8T3, STM32G411M8T6, STM32G411MBT3, STM32G411MBT6, STM32G411R6T3, STM32G411R6T6, STM32G411R8T3, STM32G411R8T6, STM32G411RBT3, STM32G411RBT6, STM32G414CBT3, STM32G414CBT6, STM32G414CBU3, STM32G414CBU6, STM32G414CCT3, STM32G414CCT6, STM32G414CCU3, STM32G414CCU6, STM32G414MBT3, STM32G414MBT6, STM32G414MCT3, STM32G414MCT6, STM32G414RBT3, STM32G414RBT6, STM32G414RCT3, STM32G414RCT6, STM32G414VBT3, STM32G414VBT6, STM32G414VCT3, STM32G414VCT6, STM32G431CBT3Z, STM32G431RBT3Z, STM32G471CCT6, STM32G471CCU6, STM32G471CET3, STM32G471CET6, STM32G471CEU3, STM32G471CEU6, STM32G471MCT6, STM32G471MET3, STM32G471MET6, STM32G471MEY6TR, STM32G471QCT6, STM32G471QET3, STM32G471RCT6, STM32G471RET3, STM32G471RET6, STM32G471VCH6, STM32G471VCI6, STM32G471VCT6, STM32G471VEH3, STM32G471VEH6, STM32G471VEI3, STM32G471VEI6, STM32G471VET3, STM32G471VET6, STM32G473QET3Z, STM32G473RET3Z, STM32G474CCT6, STM32G491RET3Z, STM32H503CBT6, STM32H503CBU6, STM32H503EBY6TR, STM32H503KBU6, STM32H503RBT6, STM32H523CCT6, STM32H523CCU6, STM32H523CET6, STM32H523CEU6, STM32H523HEY6TR, STM32H523RCT6, STM32H523RET6, STM32H523VCI6, STM32H523VCT6, STM32H523VEI6, STM32H523VET6, STM32H523ZCJ6, STM32H523ZCT6, STM32H523ZEJ6, STM32H523ZET6, STM32H533CET6, STM32H533CEU6, STM32H533HEY6TR, STM32H533RET6, STM32H533VEI6, STM32H533VET6, STM32H533ZEJ6, STM32H533ZET6, STM32H562AGI6, STM32H562AII6, STM32H562IGK6, STM32H562IGT6, STM32H562IIK6, STM32H562IIT6, STM32H562RGT6, STM32H562RGV6, STM32H562RIT6, STM32H562RIV6, STM32H562VGT6, STM32H562VIT6, STM32H562ZGT6, STM32H562ZIT6, STM32H563AGI6, STM32H563AII3Q, STM32H563AII6, STM32H563IGK6, STM32H563IGT6, STM32H563IIK3Q, STM32H563IIK6, STM32H563IIT3Q, STM32H563IIT6, STM32H563MIY3QTR, STM32H563RGT6, STM32H563RGV6, STM32H563RIT6, STM32H563RIV6, STM32H563VGT6, STM32H563VIT3Q, STM32H563VIT6, STM32H563ZGT6, STM32H563ZIT3Q, STM32H563ZIT6, STM32H573AII3Q, STM32H573AII6, STM32H573I-DK, STM32H573IIK3Q, STM32H573IIK6, STM32H573IIT3Q, STM32H573IIT6, STM32H573MIY3QTR, STM32H573RIT6, STM32H573RIV6, STM32H573VIT3Q, STM32H573VIT6, STM32H573ZIT3Q, STM32H573ZIT6, STM32H7R3A8I6, STM32H7R3I8K6, STM32H7R3I8T6, STM32H7R3L8H6, STM32H7R3L8H6H, STM32H7R3R8V6, STM32H7R3V8H6, STM32H7R3V8T6, STM32H7R3V8Y6TR, STM32H7R3Z8J6, STM32H7R3Z8T6, STM32H7R7A8I6, STM32H7R7I8K6, STM32H7R7I8T6, STM32H7R7L8H6, STM32H7R7L8H6H, STM32H7R7Z8J6, STM32H7S3A8I6, STM32H7S3I8K6, STM32H7S3I8T6, STM32H7S3L8H6, STM32H7S3L8H6H, STM32H7S3R8V6, STM32H7S3V8H6, STM32H7S3V8T6, STM32H7S3V8Y6TR, STM32H7S3Z8J6, STM32H7S3Z8T6, STM32H7S78-DK, STM32H7S7A8I6, STM32H7S7I8K6, STM32H7S7I8T6, STM32H7S7L8H6, STM32H7S7L8H6H, STM32H7S7Z8J6, STM32L4R5QGI6STR, STM32MP131AAE3, STM32MP131AAF3, STM32MP131AAG3, STM32MP131CAE3, STM32MP131CAF3, STM32MP131CAG3, STM32MP131DAE7, STM32MP131DAF7, STM32MP131DAG7, STM32MP131FAE7, STM32MP131FAF7, STM32MP131FAG7, STM32MP133AAE3, STM32MP133AAF3, STM32MP133AAG3, STM32MP133CAE3, STM32MP133CAF3, STM32MP133CAG3, STM32MP133DAE7, STM32MP133DAF7, STM32MP133DAG7, STM32MP133FAE7, STM32MP133FAF7, STM32MP133FAG7, STM32MP135AAE3, STM32MP135AAF3, STM32MP135AAG3, STM32MP135CAE3, STM32MP135CAF3, STM32MP135CAG3, STM32MP135DAE7, STM32MP135DAF7, STM32MP135DAG7, STM32MP135F-DK, STM32MP135FAE7, STM32MP135FAF7, STM32MP135FAF7T, STM32MP135FAF7U, STM32MP135FAG7, STM32MP211AAL3, STM32MP211AAM3, STM32MP211AAN3, STM32MP211AAO3, STM32MP211CAL3, STM32MP211CAM3, STM32MP211CAN3, STM32MP211CAO3, STM32MP211DAL3, STM32MP211DAM3, STM32MP211DAN3, STM32MP211DAO3, STM32MP211FAL3, STM32MP211FAM3, STM32MP211FAN3, STM32MP211FAO3, STM32MP213AAL3, STM32MP213AAM3, STM32MP213AAN3, STM32MP213AAO3, STM32MP213CAL3, STM32MP213CAM3, STM32MP213CAN3, STM32MP213CAO3, STM32MP213DAL3, STM32MP213DAM3, STM32MP213DAN3, STM32MP213DAO3, STM32MP213FAL3, STM32MP213FAM3, STM32MP213FAN3, STM32MP213FAO3, STM32MP215AAL3, STM32MP215AAM3, STM32MP215AAN3, STM32MP215AAO3, STM32MP215CAL3, STM32MP215CAM3, STM32MP215CAN3, STM32MP215CAO3, STM32MP215DAL3, STM32MP215DAM3, STM32MP215DAN3, STM32MP215DAO3, STM32MP215F-DK, STM32MP215FAL3, STM32MP215FAM3, STM32MP215FAN3, STM32MP215FAO3, STM32MP231AAJ3, STM32MP231AAK3, STM32MP231AAL3, STM32MP231CAJ3, STM32MP231CAK3, STM32MP231CAL3, STM32MP231DAJ3, STM32MP231DAK3, STM32MP231DAL3, STM32MP231FAJ3, STM32MP231FAK3, STM32MP231FAL3, STM32MP233AAJ3, STM32MP233AAK3, STM32MP233AAL3, STM32MP233CAJ3, STM32MP233CAK3, STM32MP233CAL3, STM32MP233DAJ3, STM32MP233DAK3, STM32MP233DAL3, STM32MP233FAJ3, STM32MP233FAK3, STM32MP233FAL3, STM32MP235AAJ3, STM32MP235AAK3, STM32MP235AAL3, STM32MP235CAJ3, STM32MP235CAK3, STM32MP235CAL3, STM32MP235DAJ3, STM32MP235DAK3, STM32MP235DAL3, STM32MP235FAJ3, STM32MP235FAK3, STM32MP235FAL3, STM32MP251AAI3, STM32MP251AAK3, STM32MP251AAL3, STM32MP251CAI3, STM32MP251CAK3, STM32MP251CAL3, STM32MP251DAI3, STM32MP251DAK3, STM32MP251DAL3, STM32MP251FAI3, STM32MP251FAK3, STM32MP251FAL3, STM32MP253AAI3, STM32MP253AAK3, STM32MP253AAL3, STM32MP253CAI3, STM32MP253CAK3, STM32MP253CAL3, STM32MP253DAI3, STM32MP253DAK3, STM32MP253DAL3, STM32MP253FAI3, STM32MP253FAK3, STM32MP253FAL3, STM32MP255AAI3, STM32MP255AAK3, STM32MP255AAL3, STM32MP255CAI3, STM32MP255CAK3, STM32MP255CAL3, STM32MP255DAI3, STM32MP255DAK3, STM32MP255DAL3, STM32MP255FAI3, STM32MP255FAK3, STM32MP255FAL3, STM32MP257AAI3, STM32MP257AAK3, STM32MP257AAL3, STM32MP257CAI3, STM32MP257CAK3, STM32MP257CAL3, STM32MP257DAI3, STM32MP257DAK3, STM32MP257DAL3, STM32MP257F-DK, STM32MP257F-EV1, STM32MP257FAI3, STM32MP257FAK3, STM32MP257FAL3, STM32N645A0H3Q, STM32N645B0H3Q, STM32N645I0H3Q, STM32N645L0H3Q, STM32N645X0H3Q, STM32N645Z0H3Q, STM32N647A0H3Q, STM32N647B0H3Q, STM32N647I0H3Q, STM32N647L0H3Q, STM32N647X0H3Q, STM32N647Z0H3Q, STM32N655A0H3Q, STM32N655B0H3Q, STM32N655I0H3Q, STM32N655L0H3Q, STM32N655X0H3Q, STM32N655Z0H3Q, STM32N6570-DK, STM32N657A0H3Q, STM32N657B0H3Q, STM32N657I0H3Q, STM32N657L0H3Q, STM32N657X0H3Q, STM32N657Z0H3Q, STM32U031C6T6, STM32U031C6U6, STM32U031C8T6, STM32U031C8U6, STM32U031F4P6, STM32U031F6P6, STM32U031F8P6, STM32U031G6Y6TR, STM32U031G8Y6TR, STM32U031K4U6, STM32U031K6U6, STM32U031K8U6, STM32U031R6I6, STM32U031R6T6, STM32U031R8I6, STM32U031R8T6, STM32U073C8T6, STM32U073C8U6, STM32U073CBT6, STM32U073CBU6, STM32U073CCT6, STM32U073CCU6, STM32U073H8Y6TR, STM32U073HBY6TR, STM32U073HCY6TR, STM32U073K8U6, STM32U073KBU6, STM32U073KCU6, STM32U073M8I6, STM32U073M8T6, STM32U073MBI6, STM32U073MBT6, STM32U073MCI6, STM32U073MCT6, STM32U073R8I6, STM32U073R8T6, STM32U073RBI6, STM32U073RBT6, STM32U073RCI6, STM32U073RCT6, STM32U083C-DK, STM32U083CCT6, STM32U083CCU6, STM32U083HCY6TR, STM32U083KCU6, STM32U083MCI6, STM32U083MCT6, STM32U083RCI6, STM32U083RCT6, STM32U375CET6, STM32U375CET6Q, STM32U375CEU6, STM32U375CEU6Q, STM32U375CEY6QTR, STM32U375CGT6, STM32U375CGT6Q, STM32U375CGU6, STM32U375CGU6Q, STM32U375CGY6QTR, STM32U375KEU6, STM32U375KGU6, STM32U375REI6, STM32U375REI6Q, STM32U375RET6, STM32U375RET6Q, STM32U375REY6GTR, STM32U375REY6QTR, STM32U375RGI6, STM32U375RGI6Q, STM32U375RGT6, STM32U375RGT6Q, STM32U375RGY6GTR, STM32U375RGY6QTR, STM32U375VEI6, STM32U375VEI6Q, STM32U375VET6, STM32U375VET6Q, STM32U375VGI6, STM32U375VGI6Q, STM32U375VGT6, STM32U375VGT6Q, STM32U385CGT6, STM32U385CGT6Q, STM32U385CGU6, STM32U385CGU6Q, STM32U385CGY6QTR, STM32U385KGU6, STM32U385RGI6, STM32U385RGI6Q, STM32U385RGT6, STM32U385RGT6Q, STM32U385RGY6GTR, STM32U385RGY6QTR, STM32U385VGI6, STM32U385VGI6Q, STM32U385VGT6, STM32U385VGT6Q, STM32U535CBT6, STM32U535CBT6Q, STM32U535CBU6, STM32U535CBU6Q, STM32U535CCT6, STM32U535CCT6Q, STM32U535CCU6, STM32U535CCU6Q, STM32U535CET6, STM32U535CET6Q, STM32U535CEU6, STM32U535CEU6Q, STM32U535JEY6QTR, STM32U535NCY6QTR, STM32U535NEY6QTR, STM32U535RBI6, STM32U535RBI6Q, STM32U535RBT6, STM32U535RBT6Q, STM32U535RCI6, STM32U535RCI6Q, STM32U535RCT6, STM32U535RCT6Q, STM32U535REI6, STM32U535REI6Q, STM32U535RET6, STM32U535RET6Q, STM32U535VCI6, STM32U535VCI6Q, STM32U535VCT6, STM32U535VCT6Q, STM32U535VEI6, STM32U535VEI6Q, STM32U535VET6, STM32U535VET6Q, STM32U545CET6, STM32U545CET6Q, STM32U545CEU6, STM32U545CEU6Q, STM32U545JEY6QTR, STM32U545NEY6QTR, STM32U545REI6, STM32U545REI6Q, STM32U545RET6, STM32U545RET6Q, STM32U545VEI6, STM32U545VEI6Q, STM32U545VET6, STM32U545VET6Q, STM32U595AIH6, STM32U595AIH6Q, STM32U595AJH6, STM32U595AJH6Q, STM32U595QII6, STM32U595QII6Q, STM32U595QJI6, STM32U595QJI6Q, STM32U595RIT6, STM32U595RIT6Q, STM32U595RJT6, STM32U595RJT6Q, STM32U595VIT6, STM32U595VIT6Q, STM32U595VJT6, STM32U595VJT6Q, STM32U595ZIT6, STM32U595ZIT6Q, STM32U595ZIY6QTR, STM32U595ZJT6, STM32U595ZJT6Q, STM32U595ZJY6QTR, STM32U599BJY6QTR, STM32U599NIH6Q, STM32U599NJH6Q, STM32U599VIT6Q, STM32U599VJT6, STM32U599VJT6Q, STM32U599ZIT6Q, STM32U599ZIY6QTR, STM32U599ZJT6Q, STM32U599ZJY6QTR, STM32U5A5AJH6, STM32U5A5AJH6Q, STM32U5A5QII3Q , STM32U5A5QJI6, STM32U5A5QJI6Q, STM32U5A5RJT6, STM32U5A5RJT6Q, STM32U5A5VJT6, STM32U5A5VJT6Q, STM32U5A5ZJT6, STM32U5A5ZJT6Q, STM32U5A5ZJY6QTR, STM32U5A9BJY6QTR, STM32U5A9J-DK, STM32U5A9NJH6Q, STM32U5A9VJT6Q, STM32U5A9ZJT6Q, STM32U5A9ZJY6QTR, STM32U5F7VIT6, STM32U5F7VIT6Q, STM32U5F7VJT6, STM32U5F7VJT6Q, STM32U5F9BJY6QTR, STM32U5F9NJH6Q, STM32U5F9VIT6Q, STM32U5F9VJT6Q, STM32U5F9ZIJ6QTR, STM32U5F9ZIT6Q, STM32U5F9ZJJ6QTR, STM32U5F9ZJT6Q, STM32U5G7VJT6, STM32U5G7VJT6Q, STM32U5G9BJY6QTR, STM32U5G9J-DK1, STM32U5G9J-DK2, STM32U5G9NJH6Q, STM32U5G9VJT6Q, STM32U5G9ZJJ6QTR, STM32U5G9ZJT6Q, STM32WB05KZV6TR, STM32WB05KZV7TR, STM32WB05TZF6TR, STM32WB05TZF7TR, STM32WB06CCF6TR, STM32WB06CCF7TR, STM32WB06CCV6TR, STM32WB06CCV7TR, STM32WB06KCV6TR, STM32WB06KCV7TR, STM32WB07CCF6TR, STM32WB07CCF7TR, STM32WB07CCV6TR, STM32WB07CCV7TR, STM32WB07KCV6TR, STM32WB07KCV7TR, STM32WB09KEV6TR, STM32WB09KEV7TR, STM32WB09TEF6TR, STM32WB09TEF7TR, STM32WB1MMCH6, STM32WBA50KGU6, STM32WBA50KGU6TR, STM32WBA52CEU6, STM32WBA52CEU6TR, STM32WBA52CEU7, STM32WBA52CEU7TR, STM32WBA52CGU6, STM32WBA52CGU6TR, STM32WBA52CGU6U, STM32WBA52CGU7, STM32WBA52CGU7TR, STM32WBA52KEU6, STM32WBA52KEU6TR, STM32WBA52KGU6, STM32WBA52KGU6TR, STM32WBA54CEU6, STM32WBA54CEU6TR, STM32WBA54CEU7, STM32WBA54CEU7TR, STM32WBA54CGU6, STM32WBA54CGU6TR, STM32WBA54CGU7, STM32WBA54CGU7TR, STM32WBA54KEU6, STM32WBA54KEU6TR, STM32WBA54KEU7, STM32WBA54KEU7TR, STM32WBA54KGU6, STM32WBA54KGU6TR, STM32WBA54KGU7, STM32WBA54KGU7TR, STM32WBA55CEU6, STM32WBA55CEU6TR, STM32WBA55CEU7, STM32WBA55CEU7TR, STM32WBA55CGU6, STM32WBA55CGU6TR, STM32WBA55CGU6U, STM32WBA55CGU7, STM32WBA55CGU7TR, STM32WBA55G-DK1, STM32WBA55HEF6, STM32WBA55HEF7, STM32WBA55HGF6, STM32WBA55HGF7, STM32WBA55UEI6, STM32WBA55UEI6TR, STM32WBA55UEI7, STM32WBA55UEI7TR, STM32WBA55UGI6, STM32WBA55UGI6TR, STM32WBA55UGI7, STM32WBA55UGI7TR, STM32WBA5MMGH6TR, STM32WBA62MGF6, STM32WBA62MIF6, STM32WBA65MGF7, STM32WBA65MIF6, STM32WBA65MIF7, STM32WL30K8V6, STM32WL30KBV6, STM32WL31C8V6, STM32WL31CBV6, STM32WL31K8V6, STM32WL31KBV6, STM32WL33C8V6, STM32WL33C8V6X, STM32WL33CBV6, STM32WL33CBV6X, STM32WL33CCV6, STM32WL33CCV6A, STM32WL33CCV6X, STM32WL33K8V7, STM32WL33K8V7X, STM32WL33KBV7 , STM32WL33KBV7X, STM32WL33KCV7, STM32WL33KCV7X, STM32WL5MOCH6, STM32WL5MOCH6TR]
2026-01-03 23:48:26,318 [INFO] DbMcus:218 - Found 4876 MCUs, 4876 are supported
2026-01-03 23:48:26,318 [INFO] ApiDb:423 - Load user favorites file C:\Users\22142/.stm32cubeide/favorites.mcus.txt: 0 item(s)
2026-01-03 23:48:26,318 [INFO] ApiDb:427 - User favorites MCUs=[]
2026-01-03 23:48:26,319 [INFO] DbMcus:224 - Set 0 / 0 favorites MCUs
2026-01-03 23:48:26,638 [INFO] ApiDb:668 - CubeFinder database Data Model version=2.1
2026-01-03 23:48:26,638 [INFO] ApiDb:669 - CubeFinder database Configuration version=3.0.39
2026-01-03 23:48:26,638 [INFO] ApiDb:670 - CubeFinder database generation date=2025-12-22 (1766407740)
2026-01-03 23:48:26,638 [INFO] ApiDb:671 - CubeFinder database FW Pack versions=[FP-ATR-ASTRA1_V2.0.0, FP-SNS-FLIGHT1_V5.1.0, FP-SNS-MOTENV1_V5.1.0, FP-SNS-MOTENVWB1_V1.4.0, FP-SNS-SMARTAG2_V1.2.0, FP-SNS-STBOX1_V2.1.0, STM32Cube_FW_C0_V1.4.0, STM32Cube_FW_F4_V1.28.3, STM32Cube_FW_F7_V1.17.4, STM32Cube_FW_G0_V1.6.2, STM32Cube_FW_G4_V1.6.1, STM32Cube_FW_H5_V1.5.1, STM32Cube_FW_H7RS_V1.3.0, STM32Cube_FW_H7_V1.12.1, STM32Cube_FW_L0_V1.12.2, STM32Cube_FW_L4_V1.18.1, STM32Cube_FW_L5_V1.6.0, STM32Cube_FW_N6_V1.3.0, STM32Cube_FW_U0_V1.3.0, STM32Cube_FW_U3_V1.2.1, STM32Cube_FW_U5_V1.8.0, STM32Cube_FW_WB0_V1.4.0, STM32Cube_FW_WBA_V1.8.0, STM32Cube_FW_WB_V1.24.0, STM32Cube_FW_WL3_V1.3.0, STM32Cube_FW_WL_V1.4.0, X-CUBE-ALGOBUILD_V1.4.0, X-CUBE-ALS_V1.0.2, X-CUBE-AZRTOS-F4_V1.1.0, X-CUBE-AZRTOS-F7_V1.1.0, X-CUBE-AZRTOS-G0_V1.1.0, X-CUBE-AZRTOS-G4_V2.0.0, X-CUBE-AZRTOS-H7RS_V1.1.0, X-CUBE-AZRTOS-H7_V3.4.0, X-CUBE-AZRTOS-L4_V2.0.0, X-CUBE-AZRTOS-L5_V2.0.0, X-CUBE-AZRTOS-WB_V2.0.0, X-CUBE-AZRTOS-WL_V2.0.0, X-CUBE-BLE1_V7.1.0, X-CUBE-BLE2_V3.3.0, X-CUBE-BLEMGR_V4.1.0, X-CUBE-EEPRMA1_V5.2.0, X-CUBE-FREERTOS_V1.3.1, X-CUBE-GNSS1_V6.0.0, X-CUBE-MEMS1_V12.0.0, X-CUBE-NFC4_V3.0.0, X-CUBE-NFC7_V2.0.0, X-CUBE-SFXS2LP1_V4.0.0, X-CUBE-ST67W61_V1.1.0, X-CUBE-SUBG2_V5.0.0, X-CUBE-TOF1_V3.4.3]
2026-01-03 23:48:26,709 [INFO] DbBoardsSqlite:226 - include board P-NUCLEO-WB55-NUCLEO as a kit item of type 'Nucleo-64'
2026-01-03 23:48:26,710 [INFO] DbBoardsSqlite:226 - include board P-NUCLEO-WB55-USBDONGLE as a kit item of type 'Nucleo USB Dongle'
2026-01-03 23:48:26,710 [INFO] DbBoardsSqlite:226 - include board STEVAL-IDP005V1 as a kit item of type 'Evaluation Board'
2026-01-03 23:48:26,710 [INFO] DbBoardsSqlite:226 - include board STEVAL-IDP005V2 as a kit item of type 'Evaluation Board'
2026-01-03 23:48:26,791 [INFO] ApiDb:240 - Found 880 in-development CPN: [B-G473E-ZEST1S, B-WB1M-WPAN1, B-WBA5M-WPAN, B-WL5M-SUBG1, NUCLEO-C031C6, NUCLEO-C051C8, NUCLEO-C071RB, NUCLEO-C092RC, NUCLEO-H503RB, NUCLEO-H533RE, NUCLEO-H563ZI, NUCLEO-H7S3L8, NUCLEO-N657X0-Q, NUCLEO-U031R8, NUCLEO-U083RC, NUCLEO-U385RG-Q, NUCLEO-U545RE-Q, NUCLEO-U5A5ZJ-Q, NUCLEO-WB05KZ, NUCLEO-WB07CC, NUCLEO-WB09KE, NUCLEO-WBA52CG, NUCLEO-WBA55CG, NUCLEO-WL33CC1, NUCLEO-WL33CC2, STEVAL-PROTEUS1, STEVAL-SMARTAG2, STEVAL-STWINBX1, STM320518-EVAL, STM32C0116-DK, STM32C011D6Y3TR, STM32C011D6Y6TR, STM32C011F4P3, STM32C011F4P6, STM32C011F4U3, STM32C011F4U6TR, STM32C011F6P3, STM32C011F6P6, STM32C011F6U3, STM32C011F6U6TR, STM32C011J4M3, STM32C011J4M6, STM32C011J6M3, STM32C011J6M6, STM32C0316-DK, STM32C031C4T3, STM32C031C4T6, STM32C031C4U3, STM32C031C4U6, STM32C031C6T3, STM32C031C6T6, STM32C031C6U3, STM32C031C6U6, STM32C031F4P3, STM32C031F4P6, STM32C031F6P3, STM32C031F6P6, STM32C031G4U3, STM32C031G4U6, STM32C031G6U3, STM32C031G6U6, STM32C031K4T3, STM32C031K4T6, STM32C031K4U3, STM32C031K4U6, STM32C031K6T3, STM32C031K6T6, STM32C031K6U3, STM32C031K6U6, STM32C051C6T6, STM32C051C6U6, STM32C051C8T6, STM32C051C8U6, STM32C051D8Y6TR, STM32C051F6P6, STM32C051F8P6, STM32C051G6U6, STM32C051G8U6, STM32C051K6T6, STM32C051K6U6, STM32C051K8T6, STM32C071C8T6, STM32C071C8T6N, STM32C071C8U6, STM32C071C8U6N, STM32C071CBT6, STM32C071CBT6N, STM32C071CBU6, STM32C071CBU6N, STM32C071F8P6, STM32C071F8P6N, STM32C071FBP6, STM32C071FBP6N, STM32C071FBY6TR, STM32C071G8U6, STM32C071G8U6N, STM32C071GBU6, STM32C071GBU6N, STM32C071K8T6, STM32C071K8T6N, STM32C071K8U6, STM32C071K8U6N, STM32C071KBT6, STM32C071KBT6N, STM32C071KBU6, STM32C071KBU6N, STM32C071R8T6, STM32C071R8T6N, STM32C071RBI6N, STM32C071RBT6, STM32C071RBT6N, STM32C091CBT6, STM32C091CBU6, STM32C091CCT6, STM32C091CCU6, STM32C091ECY6TR, STM32C091FBP6, STM32C091FCP6, STM32C091GBU6, STM32C091GCU6, STM32C091KBT6, STM32C091KBU6, STM32C091KCT6, STM32C091KCU6, STM32C091RBT6, STM32C091RCI6, STM32C091RCT6, STM32C092CBT6, STM32C092CBU6, STM32C092CCT6, STM32C092CCU6, STM32C092ECY6TR, STM32C092FBP6, STM32C092FCP6, STM32C092GBU6, STM32C092GCU6, STM32C092KBT6, STM32C092KBU6, STM32C092KCT6, STM32C092KCU6, STM32C092RBT6, STM32C092RCI6, STM32C092RCT6, STM32G071K8TXN, STM32G071K8UXN, STM32G081GBU6N, STM32G081KBT6N, STM32G081KBUXN, STM32G0B1CCT6N, STM32G0B1KCT6, STM32G0B1NEY6TR, STM32G0B1RCT6N, STM32G0C1CCT6, STM32G0C1CCT6N, STM32G0C1CCU6N, STM32G0C1CET6N, STM32G0C1CEU6N, STM32G0C1KCT6, STM32G0C1NEY6TR, STM32G0C1RCI6N, STM32G0C1RCT6N, STM32G0C1REI6N, STM32G0C1RET6N, STM32G0C1VCI6, STM32G0C1VEI6, STM32G411C6T3, STM32G411C6T6, STM32G411C6U3, STM32G411C6U6, STM32G411C8T3, STM32G411C8T6, STM32G411C8U3, STM32G411C8U6, STM32G411CBT3, STM32G411CBT6, STM32G411CBU3, STM32G411CBU6, STM32G411K6T3, STM32G411K6T6, STM32G411K6U3, STM32G411K6U6, STM32G411K8T3, STM32G411K8T6, STM32G411K8U3, STM32G411K8U6, STM32G411KBT3, STM32G411KBT6, STM32G411KBU3, STM32G411KBU6, STM32G411M6T3, STM32G411M6T6, STM32G411M8T3, STM32G411M8T6, STM32G411MBT3, STM32G411MBT6, STM32G411R6T3, STM32G411R6T6, STM32G411R8T3, STM32G411R8T6, STM32G411RBT3, STM32G411RBT6, STM32G414CBT3, STM32G414CBT6, STM32G414CBU3, STM32G414CBU6, STM32G414CCT3, STM32G414CCT6, STM32G414CCU3, STM32G414CCU6, STM32G414MBT3, STM32G414MBT6, STM32G414MCT3, STM32G414MCT6, STM32G414RBT3, STM32G414RBT6, STM32G414RCT3, STM32G414RCT6, STM32G414VBT3, STM32G414VBT6, STM32G414VCT3, STM32G414VCT6, STM32G431CBT3Z, STM32G431RBT3Z, STM32G471CCT6, STM32G471CCU6, STM32G471CET3, STM32G471CET6, STM32G471CEU3, STM32G471CEU6, STM32G471MCT6, STM32G471MET3, STM32G471MET6, STM32G471MEY6TR, STM32G471QCT6, STM32G471QET3, STM32G471RCT6, STM32G471RET3, STM32G471RET6, STM32G471VCH6, STM32G471VCI6, STM32G471VCT6, STM32G471VEH3, STM32G471VEH6, STM32G471VEI3, STM32G471VEI6, STM32G471VET3, STM32G471VET6, STM32G473QET3Z, STM32G473RET3Z, STM32G474CCT6, STM32G491RET3Z, STM32H503CBT6, STM32H503CBU6, STM32H503EBY6TR, STM32H503KBU6, STM32H503RBT6, STM32H523CCT6, STM32H523CCU6, STM32H523CET6, STM32H523CEU6, STM32H523HEY6TR, STM32H523RCT6, STM32H523RET6, STM32H523VCI6, STM32H523VCT6, STM32H523VEI6, STM32H523VET6, STM32H523ZCJ6, STM32H523ZCT6, STM32H523ZEJ6, STM32H523ZET6, STM32H533CET6, STM32H533CEU6, STM32H533HEY6TR, STM32H533RET6, STM32H533VEI6, STM32H533VET6, STM32H533ZEJ6, STM32H533ZET6, STM32H562AGI6, STM32H562AII6, STM32H562IGK6, STM32H562IGT6, STM32H562IIK6, STM32H562IIT6, STM32H562RGT6, STM32H562RGV6, STM32H562RIT6, STM32H562RIV6, STM32H562VGT6, STM32H562VIT6, STM32H562ZGT6, STM32H562ZIT6, STM32H563AGI6, STM32H563AII3Q, STM32H563AII6, STM32H563IGK6, STM32H563IGT6, STM32H563IIK3Q, STM32H563IIK6, STM32H563IIT3Q, STM32H563IIT6, STM32H563MIY3QTR, STM32H563RGT6, STM32H563RGV6, STM32H563RIT6, STM32H563RIV6, STM32H563VGT6, STM32H563VIT3Q, STM32H563VIT6, STM32H563ZGT6, STM32H563ZIT3Q, STM32H563ZIT6, STM32H573AII3Q, STM32H573AII6, STM32H573I-DK, STM32H573IIK3Q, STM32H573IIK6, STM32H573IIT3Q, STM32H573IIT6, STM32H573MIY3QTR, STM32H573RIT6, STM32H573RIV6, STM32H573VIT3Q, STM32H573VIT6, STM32H573ZIT3Q, STM32H573ZIT6, STM32H7R3A8I6, STM32H7R3I8K6, STM32H7R3I8T6, STM32H7R3L8H6, STM32H7R3L8H6H, STM32H7R3R8V6, STM32H7R3V8H6, STM32H7R3V8T6, STM32H7R3V8Y6TR, STM32H7R3Z8J6, STM32H7R3Z8T6, STM32H7R7A8I6, STM32H7R7I8K6, STM32H7R7I8T6, STM32H7R7L8H6, STM32H7R7L8H6H, STM32H7R7Z8J6, STM32H7S3A8I6, STM32H7S3I8K6, STM32H7S3I8T6, STM32H7S3L8H6, STM32H7S3L8H6H, STM32H7S3R8V6, STM32H7S3V8H6, STM32H7S3V8T6, STM32H7S3V8Y6TR, STM32H7S3Z8J6, STM32H7S3Z8T6, STM32H7S78-DK, STM32H7S7A8I6, STM32H7S7I8K6, STM32H7S7I8T6, STM32H7S7L8H6, STM32H7S7L8H6H, STM32H7S7Z8J6, STM32L4R5QGI6STR, STM32MP131AAE3, STM32MP131AAF3, STM32MP131AAG3, STM32MP131CAE3, STM32MP131CAF3, STM32MP131CAG3, STM32MP131DAE7, STM32MP131DAF7, STM32MP131DAG7, STM32MP131FAE7, STM32MP131FAF7, STM32MP131FAG7, STM32MP133AAE3, STM32MP133AAF3, STM32MP133AAG3, STM32MP133CAE3, STM32MP133CAF3, STM32MP133CAG3, STM32MP133DAE7, STM32MP133DAF7, STM32MP133DAG7, STM32MP133FAE7, STM32MP133FAF7, STM32MP133FAG7, STM32MP135AAE3, STM32MP135AAF3, STM32MP135AAG3, STM32MP135CAE3, STM32MP135CAF3, STM32MP135CAG3, STM32MP135DAE7, STM32MP135DAF7, STM32MP135DAG7, STM32MP135F-DK, STM32MP135FAE7, STM32MP135FAF7, STM32MP135FAF7T, STM32MP135FAF7U, STM32MP135FAG7, STM32MP211AAL3, STM32MP211AAM3, STM32MP211AAN3, STM32MP211AAO3, STM32MP211CAL3, STM32MP211CAM3, STM32MP211CAN3, STM32MP211CAO3, STM32MP211DAL3, STM32MP211DAM3, STM32MP211DAN3, STM32MP211DAO3, STM32MP211FAL3, STM32MP211FAM3, STM32MP211FAN3, STM32MP211FAO3, STM32MP213AAL3, STM32MP213AAM3, STM32MP213AAN3, STM32MP213AAO3, STM32MP213CAL3, STM32MP213CAM3, STM32MP213CAN3, STM32MP213CAO3, STM32MP213DAL3, STM32MP213DAM3, STM32MP213DAN3, STM32MP213DAO3, STM32MP213FAL3, STM32MP213FAM3, STM32MP213FAN3, STM32MP213FAO3, STM32MP215AAL3, STM32MP215AAM3, STM32MP215AAN3, STM32MP215AAO3, STM32MP215CAL3, STM32MP215CAM3, STM32MP215CAN3, STM32MP215CAO3, STM32MP215DAL3, STM32MP215DAM3, STM32MP215DAN3, STM32MP215DAO3, STM32MP215F-DK, STM32MP215FAL3, STM32MP215FAM3, STM32MP215FAN3, STM32MP215FAO3, STM32MP231AAJ3, STM32MP231AAK3, STM32MP231AAL3, STM32MP231CAJ3, STM32MP231CAK3, STM32MP231CAL3, STM32MP231DAJ3, STM32MP231DAK3, STM32MP231DAL3, STM32MP231FAJ3, STM32MP231FAK3, STM32MP231FAL3, STM32MP233AAJ3, STM32MP233AAK3, STM32MP233AAL3, STM32MP233CAJ3, STM32MP233CAK3, STM32MP233CAL3, STM32MP233DAJ3, STM32MP233DAK3, STM32MP233DAL3, STM32MP233FAJ3, STM32MP233FAK3, STM32MP233FAL3, STM32MP235AAJ3, STM32MP235AAK3, STM32MP235AAL3, STM32MP235CAJ3, STM32MP235CAK3, STM32MP235CAL3, STM32MP235DAJ3, STM32MP235DAK3, STM32MP235DAL3, STM32MP235FAJ3, STM32MP235FAK3, STM32MP235FAL3, STM32MP251AAI3, STM32MP251AAK3, STM32MP251AAL3, STM32MP251CAI3, STM32MP251CAK3, STM32MP251CAL3, STM32MP251DAI3, STM32MP251DAK3, STM32MP251DAL3, STM32MP251FAI3, STM32MP251FAK3, STM32MP251FAL3, STM32MP253AAI3, STM32MP253AAK3, STM32MP253AAL3, STM32MP253CAI3, STM32MP253CAK3, STM32MP253CAL3, STM32MP253DAI3, STM32MP253DAK3, STM32MP253DAL3, STM32MP253FAI3, STM32MP253FAK3, STM32MP253FAL3, STM32MP255AAI3, STM32MP255AAK3, STM32MP255AAL3, STM32MP255CAI3, STM32MP255CAK3, STM32MP255CAL3, STM32MP255DAI3, STM32MP255DAK3, STM32MP255DAL3, STM32MP255FAI3, STM32MP255FAK3, STM32MP255FAL3, STM32MP257AAI3, STM32MP257AAK3, STM32MP257AAL3, STM32MP257CAI3, STM32MP257CAK3, STM32MP257CAL3, STM32MP257DAI3, STM32MP257DAK3, STM32MP257DAL3, STM32MP257F-DK, STM32MP257F-EV1, STM32MP257FAI3, STM32MP257FAK3, STM32MP257FAL3, STM32N645A0H3Q, STM32N645B0H3Q, STM32N645I0H3Q, STM32N645L0H3Q, STM32N645X0H3Q, STM32N645Z0H3Q, STM32N647A0H3Q, STM32N647B0H3Q, STM32N647I0H3Q, STM32N647L0H3Q, STM32N647X0H3Q, STM32N647Z0H3Q, STM32N655A0H3Q, STM32N655B0H3Q, STM32N655I0H3Q, STM32N655L0H3Q, STM32N655X0H3Q, STM32N655Z0H3Q, STM32N6570-DK, STM32N657A0H3Q, STM32N657B0H3Q, STM32N657I0H3Q, STM32N657L0H3Q, STM32N657X0H3Q, STM32N657Z0H3Q, STM32U031C6T6, STM32U031C6U6, STM32U031C8T6, STM32U031C8U6, STM32U031F4P6, STM32U031F6P6, STM32U031F8P6, STM32U031G6Y6TR, STM32U031G8Y6TR, STM32U031K4U6, STM32U031K6U6, STM32U031K8U6, STM32U031R6I6, STM32U031R6T6, STM32U031R8I6, STM32U031R8T6, STM32U073C8T6, STM32U073C8U6, STM32U073CBT6, STM32U073CBU6, STM32U073CCT6, STM32U073CCU6, STM32U073H8Y6TR, STM32U073HBY6TR, STM32U073HCY6TR, STM32U073K8U6, STM32U073KBU6, STM32U073KCU6, STM32U073M8I6, STM32U073M8T6, STM32U073MBI6, STM32U073MBT6, STM32U073MCI6, STM32U073MCT6, STM32U073R8I6, STM32U073R8T6, STM32U073RBI6, STM32U073RBT6, STM32U073RCI6, STM32U073RCT6, STM32U083C-DK, STM32U083CCT6, STM32U083CCU6, STM32U083HCY6TR, STM32U083KCU6, STM32U083MCI6, STM32U083MCT6, STM32U083RCI6, STM32U083RCT6, STM32U375CET6, STM32U375CET6Q, STM32U375CEU6, STM32U375CEU6Q, STM32U375CEY6QTR, STM32U375CGT6, STM32U375CGT6Q, STM32U375CGU6, STM32U375CGU6Q, STM32U375CGY6QTR, STM32U375KEU6, STM32U375KGU6, STM32U375REI6, STM32U375REI6Q, STM32U375RET6, STM32U375RET6Q, STM32U375REY6GTR, STM32U375REY6QTR, STM32U375RGI6, STM32U375RGI6Q, STM32U375RGT6, STM32U375RGT6Q, STM32U375RGY6GTR, STM32U375RGY6QTR, STM32U375VEI6, STM32U375VEI6Q, STM32U375VET6, STM32U375VET6Q, STM32U375VGI6, STM32U375VGI6Q, STM32U375VGT6, STM32U375VGT6Q, STM32U385CGT6, STM32U385CGT6Q, STM32U385CGU6, STM32U385CGU6Q, STM32U385CGY6QTR, STM32U385KGU6, STM32U385RGI6, STM32U385RGI6Q, STM32U385RGT6, STM32U385RGT6Q, STM32U385RGY6GTR, STM32U385RGY6QTR, STM32U385VGI6, STM32U385VGI6Q, STM32U385VGT6, STM32U385VGT6Q, STM32U535CBT6, STM32U535CBT6Q, STM32U535CBU6, STM32U535CBU6Q, STM32U535CCT6, STM32U535CCT6Q, STM32U535CCU6, STM32U535CCU6Q, STM32U535CET6, STM32U535CET6Q, STM32U535CEU6, STM32U535CEU6Q, STM32U535JEY6QTR, STM32U535NCY6QTR, STM32U535NEY6QTR, STM32U535RBI6, STM32U535RBI6Q, STM32U535RBT6, STM32U535RBT6Q, STM32U535RCI6, STM32U535RCI6Q, STM32U535RCT6, STM32U535RCT6Q, STM32U535REI6, STM32U535REI6Q, STM32U535RET6, STM32U535RET6Q, STM32U535VCI6, STM32U535VCI6Q, STM32U535VCT6, STM32U535VCT6Q, STM32U535VEI6, STM32U535VEI6Q, STM32U535VET6, STM32U535VET6Q, STM32U545CET6, STM32U545CET6Q, STM32U545CEU6, STM32U545CEU6Q, STM32U545JEY6QTR, STM32U545NEY6QTR, STM32U545REI6, STM32U545REI6Q, STM32U545RET6, STM32U545RET6Q, STM32U545VEI6, STM32U545VEI6Q, STM32U545VET6, STM32U545VET6Q, STM32U595AIH6, STM32U595AIH6Q, STM32U595AJH6, STM32U595AJH6Q, STM32U595QII6, STM32U595QII6Q, STM32U595QJI6, STM32U595QJI6Q, STM32U595RIT6, STM32U595RIT6Q, STM32U595RJT6, STM32U595RJT6Q, STM32U595VIT6, STM32U595VIT6Q, STM32U595VJT6, STM32U595VJT6Q, STM32U595ZIT6, STM32U595ZIT6Q, STM32U595ZIY6QTR, STM32U595ZJT6, STM32U595ZJT6Q, STM32U595ZJY6QTR, STM32U599BJY6QTR, STM32U599NIH6Q, STM32U599NJH6Q, STM32U599VIT6Q, STM32U599VJT6, STM32U599VJT6Q, STM32U599ZIT6Q, STM32U599ZIY6QTR, STM32U599ZJT6Q, STM32U599ZJY6QTR, STM32U5A5AJH6, STM32U5A5AJH6Q, STM32U5A5QII3Q , STM32U5A5QJI6, STM32U5A5QJI6Q, STM32U5A5RJT6, STM32U5A5RJT6Q, STM32U5A5VJT6, STM32U5A5VJT6Q, STM32U5A5ZJT6, STM32U5A5ZJT6Q, STM32U5A5ZJY6QTR, STM32U5A9BJY6QTR, STM32U5A9J-DK, STM32U5A9NJH6Q, STM32U5A9VJT6Q, STM32U5A9ZJT6Q, STM32U5A9ZJY6QTR, STM32U5F7VIT6, STM32U5F7VIT6Q, STM32U5F7VJT6, STM32U5F7VJT6Q, STM32U5F9BJY6QTR, STM32U5F9NJH6Q, STM32U5F9VIT6Q, STM32U5F9VJT6Q, STM32U5F9ZIJ6QTR, STM32U5F9ZIT6Q, STM32U5F9ZJJ6QTR, STM32U5F9ZJT6Q, STM32U5G7VJT6, STM32U5G7VJT6Q, STM32U5G9BJY6QTR, STM32U5G9J-DK1, STM32U5G9J-DK2, STM32U5G9NJH6Q, STM32U5G9VJT6Q, STM32U5G9ZJJ6QTR, STM32U5G9ZJT6Q, STM32WB05KZV6TR, STM32WB05KZV7TR, STM32WB05TZF6TR, STM32WB05TZF7TR, STM32WB06CCF6TR, STM32WB06CCF7TR, STM32WB06CCV6TR, STM32WB06CCV7TR, STM32WB06KCV6TR, STM32WB06KCV7TR, STM32WB07CCF6TR, STM32WB07CCF7TR, STM32WB07CCV6TR, STM32WB07CCV7TR, STM32WB07KCV6TR, STM32WB07KCV7TR, STM32WB09KEV6TR, STM32WB09KEV7TR, STM32WB09TEF6TR, STM32WB09TEF7TR, STM32WB1MMCH6, STM32WBA50KGU6, STM32WBA50KGU6TR, STM32WBA52CEU6, STM32WBA52CEU6TR, STM32WBA52CEU7, STM32WBA52CEU7TR, STM32WBA52CGU6, STM32WBA52CGU6TR, STM32WBA52CGU6U, STM32WBA52CGU7, STM32WBA52CGU7TR, STM32WBA52KEU6, STM32WBA52KEU6TR, STM32WBA52KGU6, STM32WBA52KGU6TR, STM32WBA54CEU6, STM32WBA54CEU6TR, STM32WBA54CEU7, STM32WBA54CEU7TR, STM32WBA54CGU6, STM32WBA54CGU6TR, STM32WBA54CGU7, STM32WBA54CGU7TR, STM32WBA54KEU6, STM32WBA54KEU6TR, STM32WBA54KEU7, STM32WBA54KEU7TR, STM32WBA54KGU6, STM32WBA54KGU6TR, STM32WBA54KGU7, STM32WBA54KGU7TR, STM32WBA55CEU6, STM32WBA55CEU6TR, STM32WBA55CEU7, STM32WBA55CEU7TR, STM32WBA55CGU6, STM32WBA55CGU6TR, STM32WBA55CGU6U, STM32WBA55CGU7, STM32WBA55CGU7TR, STM32WBA55G-DK1, STM32WBA55HEF6, STM32WBA55HEF7, STM32WBA55HGF6, STM32WBA55HGF7, STM32WBA55UEI6, STM32WBA55UEI6TR, STM32WBA55UEI7, STM32WBA55UEI7TR, STM32WBA55UGI6, STM32WBA55UGI6TR, STM32WBA55UGI7, STM32WBA55UGI7TR, STM32WBA5MMGH6TR, STM32WBA62MGF6, STM32WBA62MIF6, STM32WBA65MGF7, STM32WBA65MIF6, STM32WBA65MIF7, STM32WL30K8V6, STM32WL30KBV6, STM32WL31C8V6, STM32WL31CBV6, STM32WL31K8V6, STM32WL31KBV6, STM32WL33C8V6, STM32WL33C8V6X, STM32WL33CBV6, STM32WL33CBV6X, STM32WL33CCV6, STM32WL33CCV6A, STM32WL33CCV6X, STM32WL33K8V7, STM32WL33K8V7X, STM32WL33KBV7 , STM32WL33KBV7X, STM32WL33KCV7, STM32WL33KCV7X, STM32WL5MOCH6, STM32WL5MOCH6TR]
2026-01-03 23:48:26,959 [INFO] BoardInfo:889 - No configuration file found for board P-NUCLEO-WB55
2026-01-03 23:48:26,960 [INFO] DbBoards:161 - Kit is not supported: P-NUCLEO-WB55
2026-01-03 23:48:26,963 [INFO] BoardInfo:889 - No configuration file found for board STEVAL-BFA001V1B
2026-01-03 23:48:26,963 [INFO] DbBoards:161 - Kit is not supported: STEVAL-BFA001V1B
2026-01-03 23:48:26,963 [INFO] BoardInfo:889 - No configuration file found for board STEVAL-BFA001V2B
2026-01-03 23:48:26,964 [INFO] DbBoards:161 - Kit is not supported: STEVAL-BFA001V2B
2026-01-03 23:48:27,060 [INFO] DbBoards:168 - Found 212 boards, 209 are supported
2026-01-03 23:48:27,061 [INFO] DbBoards:169 - Found 212 boards, 43 of them is supported for  Bsp
2026-01-03 23:48:27,063 [INFO] ApiDb:414 - User favorites file not found: C:\Users\22142/.stm32cubeide/favorites.boards.txt
2026-01-03 23:48:27,064 [INFO] DbBoards:198 - Set 0 / 0 favorites Boards
2026-01-03 23:48:27,064 [INFO] McuFinderGlobals:76 - Set McuFinderConnectedMode to true
2026-01-03 23:48:27,221 [INFO] MultiScanPanel:200 - Auto-refresh data requested => check proxy status ongoing
2026-01-03 23:48:27,236 [INFO] FinderPluginLoader:96 - Searching for filters in installed packs
2026-01-03 23:48:28,809 [INFO] LoadUrlFilesThread:185 - End of LoadServerUrlFiles without Thread
2026-01-03 23:48:28,834 [INFO] DetailPanel:341 - Set advertising image to C:/Users/22142/STM32Cube/Repository/\en.prom-st67w-expansion-board.png
2026-01-03 23:48:51,706 [INFO] MainUpdater:2872 - connection check result : 10
2026-01-03 23:48:51,706 [INFO] MainUpdater:2872 - connection check result : 10
2026-01-03 23:48:51,731 [INFO] MicroXplorer:468 - Change Database Path : 
2026-01-03 23:48:51,731 [INFO] MicroXplorer:498 - Change Database Version : DB.6.0.150
2026-01-03 23:48:51,736 [WARN] ThirdParty:871 - waiting for thirdparty lock release [close project]
2026-01-03 23:48:51,736 [INFO] ThirdParty:873 - entering critical section [close project]
2026-01-03 23:48:51,737 [INFO] ThirdParty:883 - exiting critical section [close project]
2026-01-03 23:48:51,738 [INFO] PinOutPanel:1589 - setPackage(No Configuration,No Configuration)
2026-01-03 23:48:51,740 [INFO] UtilMem:75 - Begin LoadConfig() Used Memory: 803807456 Bytes (1073741824)
2026-01-03 23:48:51,741 [INFO] MicroXplorer:468 - Change Database Path : 
2026-01-03 23:48:51,741 [INFO] MicroXplorer:498 - Change Database Version : DB.6.0.150
2026-01-03 23:48:51,742 [INFO] OpenFileManager:355 - Change cursor
2026-01-03 23:48:51,912 [INFO] Mcu:2029 - Initializing MCU STM32F103C8Tx STM32F103C8Tx STM32F103C8T6
2026-01-03 23:48:52,927 [INFO] Context:786 - Trying to add GPIOservice into a context  which must be forbidden
2026-01-03 23:48:53,236 [INFO] ImportTextPane:234 - (OptionalMessage_ERROR) Unable to find key (Mcu.ThirdPartyNb) in loaded IOC file
2026-01-03 23:48:53,236 [INFO] ImportTextPane:234 - (OptionalMessage_ERROR) Unable to find key (Mcu.PinsNb) in loaded IOC file
2026-01-03 23:48:53,236 [INFO] ImportTextPane:234 - (OptionalMessage_ERROR) Pin0 (VP_RIF_VS_RIF1) cannot be retrieved for this MCU
2026-01-03 23:48:53,236 [INFO] ImportTextPane:234 - (OptionalMessage_ERROR) Unable to find key (Mcu.IPNb) in loaded IOC file
2026-01-03 23:48:53,321 [INFO] RtosManager:558 - Registered RTOS mode: class=CMSIS, group=RTOS, mode=CMSIS_V1, owner=FREERTOS
2026-01-03 23:48:53,321 [INFO] RtosManager:558 - Registered RTOS mode: class=CMSIS, group=RTOS2, mode=CMSIS_V2, owner=FREERTOS
2026-01-03 23:48:53,321 [INFO] RtosManager:558 - Registered RTOS mode: class=RTOS, group=Core, mode=CMSIS_V1, owner=FREERTOS
2026-01-03 23:48:53,321 [INFO] RtosManager:558 - Registered RTOS mode: class=RTOS, group=Core, mode=CMSIS_V2, owner=FREERTOS
2026-01-03 23:48:53,322 [WARN] ModelIntegratedComponent:184 - Missing modes for component STMicroelectronics:FreeRTOS:0.0.1:STMicroelectronics:RTOS:FreeRTOS:Core:::10.2.0:
2026-01-03 23:48:53,330 [WARN] ModelIntegratedComponent:63 - No mode defined for component null
2026-01-03 23:48:53,330 [WARN] ModelIntegratedComponent:63 - No mode defined for component null
2026-01-03 23:48:53,330 [WARN] ModelIntegratedComponent:63 - No mode defined for component null
2026-01-03 23:48:53,330 [WARN] ModelIntegratedComponent:63 - No mode defined for component null
2026-01-03 23:48:53,330 [WARN] ModelIntegratedComponent:63 - No mode defined for component null
2026-01-03 23:48:53,330 [WARN] ModelIntegratedComponent:63 - No mode defined for component null
2026-01-03 23:48:53,330 [WARN] ModelIntegratedComponent:63 - No mode defined for component null
2026-01-03 23:48:53,332 [WARN] ModelIntegratedComponent:63 - No mode defined for component null
2026-01-03 23:48:53,332 [WARN] ModelIntegratedComponent:63 - No mode defined for component null
2026-01-03 23:48:53,332 [WARN] ModelIntegratedComponent:63 - No mode defined for component null
2026-01-03 23:48:53,332 [WARN] ModelIntegratedComponent:63 - No mode defined for component null
2026-01-03 23:48:53,332 [WARN] ModelIntegratedComponent:63 - No mode defined for component null
2026-01-03 23:48:53,332 [WARN] ModelIntegratedComponent:63 - No mode defined for component null
2026-01-03 23:48:53,332 [WARN] ModelIntegratedComponent:63 - No mode defined for component null
2026-01-03 23:48:53,332 [WARN] ModelIntegratedComponent:63 - No mode defined for component null
2026-01-03 23:48:53,332 [WARN] ModelIntegratedComponent:63 - No mode defined for component null
2026-01-03 23:48:53,332 [WARN] ModelIntegratedComponent:63 - No mode defined for component null
2026-01-03 23:48:53,332 [WARN] ModelIntegratedComponent:63 - No mode defined for component null
2026-01-03 23:48:53,332 [WARN] ModelIntegratedComponent:63 - No mode defined for component null
2026-01-03 23:48:53,332 [WARN] ModelIntegratedComponent:63 - No mode defined for component null
2026-01-03 23:48:53,332 [WARN] ModelIntegratedComponent:63 - No mode defined for component null
2026-01-03 23:48:53,332 [WARN] ModelIntegratedComponent:63 - No mode defined for component null
2026-01-03 23:48:53,332 [WARN] ModelIntegratedComponent:63 - No mode defined for component null
2026-01-03 23:48:53,332 [WARN] ModelIntegratedComponent:63 - No mode defined for component null
2026-01-03 23:48:53,332 [WARN] ModelIntegratedComponent:63 - No mode defined for component null
2026-01-03 23:48:53,332 [WARN] ModelIntegratedComponent:63 - No mode defined for component null
2026-01-03 23:48:53,333 [WARN] ModelIntegratedComponent:63 - No mode defined for component null
2026-01-03 23:48:53,333 [WARN] ModelIntegratedComponent:63 - No mode defined for component null
2026-01-03 23:48:53,333 [WARN] ModelIntegratedComponent:63 - No mode defined for component null
2026-01-03 23:48:53,333 [WARN] ModelIntegratedComponent:63 - No mode defined for component null
2026-01-03 23:48:53,333 [WARN] ModelIntegratedComponent:63 - No mode defined for component null
2026-01-03 23:48:53,333 [WARN] ModelIntegratedComponent:63 - No mode defined for component null
2026-01-03 23:48:53,333 [WARN] ModelIntegratedComponent:63 - No mode defined for component null
2026-01-03 23:48:53,333 [WARN] ModelIntegratedComponent:63 - No mode defined for component null
2026-01-03 23:48:53,333 [WARN] ModelIntegratedComponent:63 - No mode defined for component null
2026-01-03 23:48:53,333 [WARN] ModelPack:524 - Component already loaded: STMicroelectronics:HAL Drivers:0.0.0:STMicroelectronics:Device:STMicro_Driver:XSPI:HAL::0.0.1:HAL_XSPI
2026-01-03 23:48:53,494 [INFO] ThirdPartyModel:298 - Start build external matchings
2026-01-03 23:48:54,394 [INFO] ThirdPartyModel:316 - End build external matchings
2026-01-03 23:48:54,603 [INFO] UtilMem:75 - End LoadConfig() Used Memory: 685524008 Bytes (1073741824)
2026-01-03 23:48:54,676 [WARN] ThirdParty:833 - waiting for thirdparty lock release [change project]
2026-01-03 23:48:54,676 [INFO] ThirdParty:835 - entering critical section [change project]
2026-01-03 23:48:54,676 [INFO] ThirdParty:1030 - CMSIS Pack Vendor :STMicroelectronics X-CUBE-PM33A1 1.0.0
2026-01-03 23:48:54,676 [INFO] ThirdParty:1030 - CMSIS Pack Vendor :STMicroelectronics USBPD 4.1
2026-01-03 23:48:54,676 [INFO] ThirdParty:1030 - CMSIS Pack Vendor :STMicroelectronics USB_HOST 2.0.0
2026-01-03 23:48:54,676 [INFO] ThirdParty:1030 - CMSIS Pack Vendor :STMicroelectronics FP-SNS-MOTENVWB1 1.4.0
2026-01-03 23:48:54,676 [INFO] ThirdParty:1030 - CMSIS Pack Vendor :STMicroelectronics X-CUBE-AZRTOS-F4 1.1.0
2026-01-03 23:48:54,676 [INFO] ThirdParty:1030 - CMSIS Pack Vendor :STMicroelectronics LIBJPEG 8.0.0
2026-01-03 23:48:54,676 [INFO] ThirdParty:1030 - CMSIS Pack Vendor :STMicroelectronics FP-ATR-ASTRA1 2.0.2
2026-01-03 23:48:54,677 [INFO] ThirdParty:1030 - CMSIS Pack Vendor :STMicroelectronics X-CUBE-SMBUS 2.1.0
2026-01-03 23:48:54,677 [INFO] ThirdParty:1030 - CMSIS Pack Vendor :STMicroelectronics X-CUBE-WB05N 1.1.0
2026-01-03 23:48:54,677 [INFO] ThirdParty:1030 - CMSIS Pack Vendor :STMicroelectronics X-CUBE-ISPU 2.1.0
2026-01-03 23:48:54,677 [INFO] ThirdParty:1030 - CMSIS Pack Vendor :STMicroelectronics X-CUBE-IPS 3.2.0
2026-01-03 23:48:54,677 [INFO] ThirdParty:1030 - CMSIS Pack Vendor :STMicroelectronics X-CUBE-NFC12 1.0.0
2026-01-03 23:48:54,677 [INFO] ThirdParty:1030 - CMSIS Pack Vendor :STMicroelectronics X-CUBE-AZRTOS-F7 1.1.0
2026-01-03 23:48:54,677 [INFO] ThirdParty:1030 - CMSIS Pack Vendor :STMicroelectronics X-CUBE-AZRTOS-L5 2.0.0
2026-01-03 23:48:54,677 [INFO] ThirdParty:1030 - CMSIS Pack Vendor :STMicroelectronics USB_DEVICE 2.0.0
2026-01-03 23:48:54,677 [INFO] ThirdParty:1030 - CMSIS Pack Vendor :STMicroelectronics X-CUBE-NFC6 3.1.0
2026-01-03 23:48:54,677 [INFO] ThirdParty:1030 - CMSIS Pack Vendor :STMicroelectronics FP-SNS-MOTENV1 5.1.0
2026-01-03 23:48:54,677 [INFO] ThirdParty:1030 - CMSIS Pack Vendor :STMicroelectronics FreeRTOS 0.0.1
2026-01-03 23:48:54,677 [INFO] ThirdParty:1030 - CMSIS Pack Vendor :STMicroelectronics X-CUBE-DPower 1.2.0
2026-01-03 23:48:54,677 [INFO] ThirdParty:1030 - CMSIS Pack Vendor :Infineon AIROC-Wi-Fi-Bluetooth-STM32 1.7.0
2026-01-03 23:48:54,677 [INFO] ThirdParty:1030 - CMSIS Pack Vendor :STMicroelectronics PDM2PCM 3.3.0
2026-01-03 23:48:54,677 [INFO] ThirdParty:1030 - CMSIS Pack Vendor :STMicroelectronics X-CUBE-AZRTOS-H7 3.4.0
2026-01-03 23:48:54,677 [INFO] ThirdParty:1030 - CMSIS Pack Vendor :STMicroelectronics X-CUBE-DISPLAY 3.0.0
2026-01-03 23:48:54,677 [INFO] ThirdParty:1030 - CMSIS Pack Vendor :STMicroelectronics X-CUBE-NFC10 1.0.0
2026-01-03 23:48:54,677 [INFO] ThirdParty:1030 - CMSIS Pack Vendor :STMicroelectronics X-CUBE-BLEMGR 4.0.0
2026-01-03 23:48:54,677 [INFO] ThirdParty:1030 - CMSIS Pack Vendor :STMicroelectronics HAL Drivers 0.0.0
2026-01-03 23:48:54,677 [INFO] ThirdParty:1030 - CMSIS Pack Vendor :STMicroelectronics X-CUBE-ST60 1.1.0
2026-01-03 23:48:54,677 [INFO] ThirdParty:1030 - CMSIS Pack Vendor :emotas I-CUBE-CANOPEN 1.3.0
2026-01-03 23:48:54,677 [INFO] ThirdParty:1030 - CMSIS Pack Vendor :STMicroelectronics X-CUBE-FREERTOS 1.3.0
2026-01-03 23:48:54,677 [INFO] ThirdParty:1030 - CMSIS Pack Vendor :STMicroelectronics X-CUBE-NFC7 1.0.1
2026-01-03 23:48:54,677 [INFO] ThirdParty:1030 - CMSIS Pack Vendor :STMicroelectronics MBEDTLS 2.14.1
2026-01-03 23:48:54,677 [INFO] ThirdParty:1030 - CMSIS Pack Vendor :STMicroelectronics X-CUBE-GNSS1 7.1.0
2026-01-03 23:48:54,677 [INFO] ThirdParty:1030 - CMSIS Pack Vendor :STMicroelectronics X-CUBE-TOUCHGFX 4.26.0
2026-01-03 23:48:54,677 [INFO] ThirdParty:1030 - CMSIS Pack Vendor :quantropi X-CUBE-qispace-sdk-base 2.0.0
2026-01-03 23:48:54,677 [INFO] ThirdParty:1030 - CMSIS Pack Vendor :STMicroelectronics X-CUBE-AI 10.0.0
2026-01-03 23:48:54,677 [INFO] ThirdParty:1030 - CMSIS Pack Vendor :STMicroelectronics FP-SNS-STBOX1 2.1.0
2026-01-03 23:48:54,677 [INFO] ThirdParty:1030 - CMSIS Pack Vendor :STMicroelectronics FP-SNS-STAIOTCFT 1.0.0
2026-01-03 23:48:54,677 [INFO] ThirdParty:1030 - CMSIS Pack Vendor :STMicroelectronics FP-SNS-SMARTAG2 1.2.0
2026-01-03 23:48:54,677 [INFO] ThirdParty:1030 - CMSIS Pack Vendor :STMicroelectronics FP-SNS-FLIGHT1 5.1.0
2026-01-03 23:48:54,677 [INFO] ThirdParty:1030 - CMSIS Pack Vendor :STMicroelectronics X-CUBE-MEMS1 11.1.0
2026-01-03 23:48:54,677 [INFO] ThirdParty:1030 - CMSIS Pack Vendor :STMicroelectronics X-CUBE-AZRTOS-WL 2.0.0
2026-01-03 23:48:54,677 [INFO] ThirdParty:1030 - CMSIS Pack Vendor :STMicroelectronics X-CUBE-DPower 1.3.0
2026-01-03 23:48:54,677 [INFO] ThirdParty:1030 - CMSIS Pack Vendor :STMicroelectronics FP-SNS-MOTENV1 5.0.0
2026-01-03 23:48:54,677 [INFO] ThirdParty:1030 - CMSIS Pack Vendor :STMicroelectronics USB_DEVICE 1.0.0
2026-01-03 23:48:54,677 [INFO] ThirdParty:1030 - CMSIS Pack Vendor :STMicroelectronics X-CUBE-AZRTOS-H7RS 1.2.0
2026-01-03 23:48:54,677 [INFO] ThirdParty:1030 - CMSIS Pack Vendor :STMicroelectronics X-CUBE-AZRTOS-L4 2.0.0
2026-01-03 23:48:54,677 [INFO] ThirdParty:1030 - CMSIS Pack Vendor :STMicroelectronics ThreadX 0.0.2
2026-01-03 23:48:54,679 [INFO] ThirdParty:1030 - CMSIS Pack Vendor :WES I-CUBE-Cesium 1.3.0
2026-01-03 23:48:54,679 [INFO] ThirdParty:1030 - CMSIS Pack Vendor :STMicroelectronics lwIP 2.1.2
2026-01-03 23:48:54,679 [INFO] ThirdParty:1030 - CMSIS Pack Vendor :STMicroelectronics X-CUBE-SFXS2LP1 4.0.0
2026-01-03 23:48:54,679 [INFO] ThirdParty:1030 - CMSIS Pack Vendor :STMicroelectronics X-CUBE-BLE2 3.3.0
2026-01-03 23:48:54,679 [INFO] ThirdParty:1030 - CMSIS Pack Vendor :Avnet-IOTCONNECT X-CUBE-iotc-st67-sdk 1.0.0
2026-01-03 23:48:54,679 [INFO] ThirdParty:1030 - CMSIS Pack Vendor :STMicroelectronics PDM2PCM 3.2.0
2026-01-03 23:48:54,679 [INFO] ThirdParty:1030 - CMSIS Pack Vendor :STMicroelectronics X-CUBE-AZRTOS-H7 3.3.0
2026-01-03 23:48:54,679 [INFO] ThirdParty:1030 - CMSIS Pack Vendor :STMicroelectronics X-CUBE-NFC9 1.0.0
2026-01-03 23:48:54,679 [INFO] ThirdParty:1030 - CMSIS Pack Vendor :STMicroelectronics X-CUBE-BLE1 7.1.0
2026-01-03 23:48:54,679 [INFO] ThirdParty:1030 - CMSIS Pack Vendor :wolfSSL I-CUBE-wolfMQTT 1.19.2
2026-01-03 23:48:54,679 [INFO] ThirdParty:1030 - CMSIS Pack Vendor :STMicroelectronics USB_DEVICE 3.0.0
2026-01-03 23:48:54,679 [INFO] ThirdParty:1030 - CMSIS Pack Vendor :STMicroelectronics X-CUBE-FREERTOS 1.4.0
2026-01-03 23:48:54,679 [INFO] ThirdParty:1030 - CMSIS Pack Vendor :STMicroelectronics X-CUBE-EEPRMA1 5.2.0
2026-01-03 23:48:54,679 [INFO] ThirdParty:1030 - CMSIS Pack Vendor :STMicroelectronics X-CUBE-BLEMGR 4.1.0
2026-01-03 23:48:54,679 [INFO] ThirdParty:1030 - CMSIS Pack Vendor :STMicroelectronics X-CUBE-AZRTOS-WB 2.0.0
2026-01-03 23:48:54,679 [INFO] ThirdParty:1030 - CMSIS Pack Vendor :STMicroelectronics X-CUBE-GNSS1 7.0.1
2026-01-03 23:48:54,679 [INFO] ThirdParty:1030 - CMSIS Pack Vendor :STMicroelectronics X-CUBE-TOUCHGFX 4.25.0
2026-01-03 23:48:54,679 [INFO] ThirdParty:1030 - CMSIS Pack Vendor :STMicroelectronics X-CUBE-ST67W61 1.1.0
2026-01-03 23:48:54,679 [INFO] ThirdParty:1030 - CMSIS Pack Vendor :STMicroelectronics FP-SNS-STBOX1 2.0.0
2026-01-03 23:48:54,679 [INFO] ThirdParty:1030 - CMSIS Pack Vendor :STMicroelectronics X-CUBE-MEMS1 12.0.0
2026-01-03 23:48:54,679 [INFO] ThirdParty:1030 - CMSIS Pack Vendor :STMicroelectronics X-CUBE-AZRTOS-G0 1.1.0
2026-01-03 23:48:54,679 [INFO] ThirdParty:1030 - CMSIS Pack Vendor :STMicroelectronics X-CUBE-SAFEA1 1.2.2
2026-01-03 23:48:54,679 [INFO] ThirdParty:1030 - CMSIS Pack Vendor :STMicroelectronics X-CUBE-NFC4 3.0.0
2026-01-03 23:48:54,679 [INFO] ThirdParty:1030 - CMSIS Pack Vendor :STMicroelectronics X-CUBE-SUBG2 5.0.0
2026-01-03 23:48:54,679 [INFO] ThirdParty:1030 - CMSIS Pack Vendor :STMicroelectronics X-CUBE-AZRTOS-H7RS 1.1.0
2026-01-03 23:48:54,679 [INFO] ThirdParty:1030 - CMSIS Pack Vendor :STMicroelectronics STM32_WPAN 1.0.0
2026-01-03 23:48:54,679 [INFO] ThirdParty:1030 - CMSIS Pack Vendor :EmbeddedOffice I-CUBE-FS-RTOS 1.0.1
2026-01-03 23:48:54,679 [INFO] ThirdParty:1030 - CMSIS Pack Vendor :STMicroelectronics lwIP 2.0.3
2026-01-03 23:48:54,679 [INFO] ThirdParty:1030 - CMSIS Pack Vendor :Cesanta I-CUBE-Mongoose 7.13.0
2026-01-03 23:48:54,679 [INFO] ThirdParty:1030 - CMSIS Pack Vendor :STMicroelectronics USB_HOST 1.0.0
2026-01-03 23:48:54,679 [INFO] ThirdParty:1030 - CMSIS Pack Vendor :STMicroelectronics X-CUBE-AZRTOS-G4 2.0.0
2026-01-03 23:48:54,679 [INFO] ThirdParty:1030 - CMSIS Pack Vendor :STMicroelectronics X-CUBE-WB05N 2.0.0
2026-01-03 23:48:54,680 [INFO] ThirdParty:1030 - CMSIS Pack Vendor :STMicroelectronics PDM2PCM 3.1.0
2026-01-03 23:48:54,680 [INFO] ThirdParty:1030 - CMSIS Pack Vendor :wolfSSL I-CUBE-wolfTPM 3.8.0
2026-01-03 23:48:54,680 [INFO] ThirdParty:1030 - CMSIS Pack Vendor :wolfSSL I-CUBE-wolfSSH 1.4.20
2026-01-03 23:48:54,680 [INFO] ThirdParty:1030 - CMSIS Pack Vendor :STMicroelectronics X-CUBE-NFC7 2.0.0
2026-01-03 23:48:54,680 [INFO] ThirdParty:1030 - CMSIS Pack Vendor :STMicroelectronics X-CUBE-TCPP 4.2.0
2026-01-03 23:48:54,680 [INFO] ThirdParty:1030 - CMSIS Pack Vendor :RealThread X-CUBE-RT-Thread_Nano 4.1.1
2026-01-03 23:48:54,680 [INFO] ThirdParty:1030 - CMSIS Pack Vendor :STMicroelectronics FP-ATR-SIGFOX1 3.2.0
2026-01-03 23:48:54,680 [INFO] ThirdParty:1030 - CMSIS Pack Vendor :STMicroelectronics X-CUBE-EEPRMA1 5.1.0
2026-01-03 23:48:54,680 [INFO] ThirdParty:1030 - CMSIS Pack Vendor :STMicroelectronics MBEDTLS 2.16.2
2026-01-03 23:48:54,680 [INFO] ThirdParty:1030 - CMSIS Pack Vendor :STMicroelectronics X-CUBE-IPS 3.1.0
2026-01-03 23:48:54,680 [INFO] ThirdParty:1030 - CMSIS Pack Vendor :STMicroelectronics X-CUBE-ALS 1.0.2
2026-01-03 23:48:54,680 [INFO] ThirdParty:1030 - CMSIS Pack Vendor :wolfSSL I-CUBE-wolfSSL 5.7.6
2026-01-03 23:48:54,680 [INFO] ThirdParty:1030 - CMSIS Pack Vendor :ITTIA_DB I-CUBE-ITTIADB 8.9.0
2026-01-03 23:48:54,680 [INFO] ThirdParty:1030 - CMSIS Pack Vendor :STMicroelectronics X-CUBE-STSE01 1.0.0
2026-01-03 23:48:54,680 [INFO] ThirdParty:1030 - CMSIS Pack Vendor :portGmbH I-Cube-SoM-uGOAL 1.1.0
2026-01-03 23:48:54,680 [INFO] ThirdParty:1030 - CMSIS Pack Vendor :STMicroelectronics X-CUBE-AI 10.2.0
2026-01-03 23:48:54,680 [INFO] ThirdParty:1030 - CMSIS Pack Vendor :STMicroelectronics ThreadX 1.0.0
2026-01-03 23:48:54,680 [INFO] ThirdParty:1030 - CMSIS Pack Vendor :SEGGER I-CUBE-embOS 1.3.1
2026-01-03 23:48:54,680 [INFO] ThirdParty:1030 - CMSIS Pack Vendor :STMicroelectronics X-CUBE-ALGOBUILD 1.4.0
2026-01-03 23:48:54,680 [INFO] ThirdParty:1030 - CMSIS Pack Vendor :STMicroelectronics X-CUBE-TOF1 3.4.2
2026-01-03 23:48:54,681 [INFO] ThirdParty:1030 - CMSIS Pack Vendor :STMicroelectronics X-CUBE-TOF1 3.4.3
2026-01-03 23:48:54,681 [INFO] ThirdParty:841 - exiting critical section [change project]
2026-01-03 23:48:54,897 [INFO] PinOutPanel:1589 - setPackage(No Configuration,No Configuration)
2026-01-03 23:48:54,898 [INFO] PinOutPanel:1589 - setPackage(STM32F103C8Tx,LQFP48)
2026-01-03 23:48:55,330 [INFO] UtilMem:75 - Before build in PCC Used Memory: 668156184 Bytes (1073741824)
2026-01-03 23:48:56,372 [INFO] UtilMem:75 - After build in PCC Used Memory: 747984680 Bytes (1073741824)
2026-01-03 23:48:56,392 [INFO] IPUIPlugin:80 - create IPUIPlugin
2026-01-03 23:48:56,393 [INFO] IPUIPlugin:80 - create IPUIPlugin
2026-01-03 23:48:56,393 [INFO] IPUIPlugin:80 - create IPUIPlugin
2026-01-03 23:48:56,393 [INFO] IPUIPlugin:80 - create IPUIPlugin
2026-01-03 23:48:56,393 [INFO] IPUIPlugin:80 - create IPUIPlugin
2026-01-03 23:48:56,393 [INFO] IPUIPlugin:80 - create IPUIPlugin
2026-01-03 23:48:56,393 [INFO] IPUIPlugin:80 - create IPUIPlugin
2026-01-03 23:48:56,393 [INFO] IPUIPlugin:80 - create IPUIPlugin
2026-01-03 23:48:56,393 [INFO] IPUIPlugin:80 - create IPUIPlugin
2026-01-03 23:48:56,393 [INFO] IPUIPlugin:80 - create IPUIPlugin
2026-01-03 23:48:56,393 [INFO] IPUIPlugin:80 - create IPUIPlugin
2026-01-03 23:48:56,393 [INFO] IPUIPlugin:80 - create IPUIPlugin
2026-01-03 23:48:56,394 [INFO] IPUIPlugin:80 - create IPUIPlugin
2026-01-03 23:48:56,394 [INFO] IPUIPlugin:80 - create IPUIPlugin
2026-01-03 23:48:56,394 [INFO] IPUIPlugin:80 - create IPUIPlugin
2026-01-03 23:48:56,394 [INFO] IPUIPlugin:80 - create IPUIPlugin
2026-01-03 23:48:56,394 [INFO] IPUIPlugin:80 - create IPUIPlugin
2026-01-03 23:48:56,394 [INFO] IPUIPlugin:80 - create IPUIPlugin
2026-01-03 23:48:56,394 [INFO] IPUIPlugin:80 - create IPUIPlugin
2026-01-03 23:48:56,394 [INFO] IPUIPlugin:80 - create IPUIPlugin
2026-01-03 23:48:56,394 [INFO] IPUIPlugin:80 - create IPUIPlugin
2026-01-03 23:48:56,395 [INFO] IPUIPlugin:80 - create IPUIPlugin
2026-01-03 23:48:56,395 [INFO] IPUIPlugin:80 - create IPUIPlugin
2026-01-03 23:48:56,395 [INFO] IPUIPlugin:80 - create IPUIPlugin
2026-01-03 23:48:56,395 [INFO] IPUIPlugin:80 - create IPUIPlugin
2026-01-03 23:48:56,395 [INFO] IPUIPlugin:80 - create IPUIPlugin
2026-01-03 23:48:56,395 [INFO] IPUIPlugin:80 - create IPUIPlugin
2026-01-03 23:48:56,604 [INFO] CADModel:165 - CPN selected for project levelSTM32F103C8T6
2026-01-03 23:48:56,604 [INFO] CADModel:114 - Register for checkConnection events
2026-01-03 23:48:56,652 [INFO] OpenFileManager:386 - Restore cursor
2026-01-03 23:48:57,520 [INFO] UtilMem:75 - End SaveConfig() Used Memory: 830059936 Bytes (1073741824)
2026-01-03 23:48:57,563 [INFO] UtilMem:75 - End SaveConfig() Used Memory: 842353600 Bytes (1073741824)
2026-01-03 23:48:57,901 [INFO] BlockDiagram:2775 - set Specific Code input for plugin: NVIC
2026-01-03 23:48:57,901 [INFO] BlockDiagram:2775 - set Specific Code input for plugin: RCC
2026-01-03 23:48:57,902 [INFO] CodeGenerator:892 - code generatio: config db path: D:\installs\STM32CubeIDE_1.19.0\STM32CubeIDE\plugins\com.st.stm32cube.common.mx_6.15.0.202507011659\\db\
2026-01-03 23:48:58,074 [INFO] CodeEngine:265 - oldGeneratedFile, D:\projects\stm32_cube_ide\oled\MXTmpFiles\license.tmp_save
2026-01-03 23:48:58,645 [INFO] CodeEngine:289 - Generated code: D:\projects\stm32_cube_ide\oled\MXTmpFiles\license.tmp
2026-01-03 23:48:58,674 [INFO] CodeEngine:265 - oldGeneratedFile, D:\projects\stm32_cube_ide\oled\Core\Src\stm32f1xx_it.c_save
2026-01-03 23:48:58,796 [INFO] CodeEngine:289 - Generated code: D:\projects\stm32_cube_ide\oled\Core\Src\stm32f1xx_it.c
2026-01-03 23:48:58,800 [INFO] CodeEngine:265 - oldGeneratedFile, D:\projects\stm32_cube_ide\oled\Core\Inc\stm32f1xx_it.h_save
2026-01-03 23:48:58,864 [INFO] CodeEngine:289 - Generated code: D:\projects\stm32_cube_ide\oled\Core\Inc\stm32f1xx_it.h
2026-01-03 23:48:59,051 [INFO] CodeEngine:265 - oldGeneratedFile, D:\projects\stm32_cube_ide\oled\Core\Src\stm32f1xx_hal_msp.c_save
2026-01-03 23:48:59,153 [INFO] CodeEngine:289 - Generated code: D:\projects\stm32_cube_ide\oled\Core\Src\stm32f1xx_hal_msp.c
2026-01-03 23:48:59,156 [INFO] CodeEngine:265 - oldGeneratedFile, D:\projects\stm32_cube_ide\oled\MXTmpFiles\system.tmp_save
2026-01-03 23:48:59,211 [INFO] CodeEngine:289 - Generated code: D:\projects\stm32_cube_ide\oled\MXTmpFiles\system.tmp
2026-01-03 23:48:59,233 [INFO] CodeEngine:321 - oldGeneratedFile, D:\projects\stm32_cube_ide\oled\Core\Inc\stm32f1xx_hal_conf.h_save
2026-01-03 23:48:59,292 [INFO] CodeEngine:345 - Generated code: D:\projects\stm32_cube_ide\oled\Core\Inc\stm32f1xx_hal_conf.h
2026-01-03 23:48:59,351 [INFO] ApiDbMcu:532 - Load IP Config File for RCC
2026-01-03 23:48:59,357 [INFO] CodeEngine:265 - oldGeneratedFile, D:\projects\stm32_cube_ide\oled\Core\Inc\main.h_save
2026-01-03 23:48:59,436 [INFO] CodeEngine:289 - Generated code: D:\projects\stm32_cube_ide\oled\Core\Inc\main.h
2026-01-03 23:48:59,440 [INFO] CodeEngine:265 - oldGeneratedFile, D:\projects\stm32_cube_ide\oled\Core\Src\main.c_save
2026-01-03 23:48:59,545 [INFO] CodeEngine:289 - Generated code: D:\projects\stm32_cube_ide\oled\Core\Src\main.c
2026-01-03 23:48:59,823 [INFO] ProjectBuilder:3606 - Time for Copy HAL[1] : 102mS.
2026-01-03 23:48:59,828 [INFO] ProjectBuilder:5216 - Project Generator version: 4.7.0-B52
2026-01-03 23:48:59,921 [INFO] ConfigFileManager:1595 - The Die is : DIE410
2026-01-03 23:48:59,943 [INFO] ApiDbMcu:532 - Load IP Config File for FATFS
2026-01-03 23:48:59,961 [INFO] ApiDbMcu:532 - Load IP Config File for FREERTOS
2026-01-03 23:48:59,970 [INFO] ApiDbMcu:532 - Load IP Config File for USB_DEVICE
2026-01-03 23:49:00,422 [INFO] LogOutputStream:77 - [STDOUT_REDIRECT] 
2026-01-03 23:49:04,344 [INFO] ProjectBuilder:5496 - Time for Generating toolchain IDE Files: 4516mS.
2026-01-03 23:49:04,345 [INFO] ProjectBuilder:3463 - Time for Copy CMSIS : 1mS.
2026-01-03 23:49:04,346 [INFO] ProjectBuilder:3463 - Time for Copy CMSIS : 0mS.
2026-01-03 23:49:05,073 [INFO] McuFinderGlobals:76 - Set McuFinderConnectedMode to true
2026-01-03 23:49:05,076 [INFO] ApiDb:448 - Save user favorites file C:\Users\22142/.stm32cubeide/favorites.mcus.txt: 0 item(s)
2026-01-03 23:49:05,077 [INFO] ApiDb:452 - User favorites MCUs=[]
2026-01-03 23:49:35,336 [WARN] IP:2250 - I2C_Coeff_DF not found: check if there is a RefParameter without a condition.
2026-01-03 23:49:35,336 [WARN] IP:2250 - Analog_Filter not found: check if there is a RefParameter without a condition.
2026-01-03 23:49:35,337 [WARN] IP:2250 - I2C_Coeff_DF not found: check if there is a RefParameter without a condition.
2026-01-03 23:49:35,337 [WARN] IP:2250 - Analog_Filter not found: check if there is a RefParameter without a condition.
2026-01-03 23:49:35,337 [WARN] IP:2250 - I2C_Coeff_DF not found: check if there is a RefParameter without a condition.
2026-01-03 23:49:35,337 [WARN] IP:2250 - Analog_Filter not found: check if there is a RefParameter without a condition.
2026-01-03 23:49:35,495 [WARN] IP:2250 - I2C_Coeff_DF not found: check if there is a RefParameter without a condition.
2026-01-03 23:49:35,495 [WARN] IP:2250 - Analog_Filter not found: check if there is a RefParameter without a condition.
2026-01-03 23:49:35,498 [WARN] IP:2250 - I2C_Coeff_DF not found: check if there is a RefParameter without a condition.
2026-01-03 23:49:35,498 [WARN] IP:2250 - Analog_Filter not found: check if there is a RefParameter without a condition.
2026-01-03 23:49:35,579 [WARN] IP:2250 - I2C_Coeff_DF not found: check if there is a RefParameter without a condition.
2026-01-03 23:49:35,579 [WARN] IP:2250 - Analog_Filter not found: check if there is a RefParameter without a condition.
2026-01-03 23:49:35,647 [WARN] IP:2250 - I2C_Coeff_DF not found: check if there is a RefParameter without a condition.
2026-01-03 23:49:35,647 [WARN] IP:2250 - Analog_Filter not found: check if there is a RefParameter without a condition.
2026-01-03 23:49:35,648 [WARN] IP:2250 - I2C_Coeff_DF not found: check if there is a RefParameter without a condition.
2026-01-03 23:49:35,648 [WARN] IP:2250 - Analog_Filter not found: check if there is a RefParameter without a condition.
2026-01-03 23:49:35,703 [WARN] IP:2250 - I2C_Coeff_DF not found: check if there is a RefParameter without a condition.
2026-01-03 23:49:35,703 [WARN] IP:2250 - Analog_Filter not found: check if there is a RefParameter without a condition.
2026-01-03 23:50:42,407 [WARN] IP:2250 - I2C_Coeff_DF not found: check if there is a RefParameter without a condition.
2026-01-03 23:50:42,407 [WARN] IP:2250 - Analog_Filter not found: check if there is a RefParameter without a condition.
2026-01-03 23:50:44,063 [WARN] IP:2250 - I2C_Coeff_DF not found: check if there is a RefParameter without a condition.
2026-01-03 23:50:44,063 [WARN] IP:2250 - Analog_Filter not found: check if there is a RefParameter without a condition.
2026-01-03 23:50:44,063 [WARN] IP:2250 - I2C_Coeff_DF not found: check if there is a RefParameter without a condition.
2026-01-03 23:50:44,064 [WARN] IP:2250 - Analog_Filter not found: check if there is a RefParameter without a condition.
2026-01-03 23:50:44,082 [INFO] NvicIntPanel:101 - NVIC parent = com.st.microxplorer.plugins.ip.nvic.MultiNvicIntPanel[,0,0,0x0,invalid,layout=javax.swing.BoxLayout,alignmentX=0.0,alignmentY=0.0,border=,flags=9,maximumSize=,minimumSize=,preferredSize=]
2026-01-03 23:50:44,105 [WARN] IP:2250 - I2C_Coeff_DF not found: check if there is a RefParameter without a condition.
2026-01-03 23:50:44,105 [WARN] IP:2250 - Analog_Filter not found: check if there is a RefParameter without a condition.
2026-01-03 23:50:44,109 [WARN] IP:2250 - I2C_Coeff_DF not found: check if there is a RefParameter without a condition.
2026-01-03 23:50:44,110 [WARN] IP:2250 - Analog_Filter not found: check if there is a RefParameter without a condition.
2026-01-03 23:51:56,289 [INFO] UtilMem:75 - End SaveConfig() Used Memory: 740244000 Bytes (1073741824)
2026-01-03 23:51:57,374 [INFO] UtilMem:75 - End SaveConfig() Used Memory: 757613520 Bytes (1073741824)
2026-01-03 23:52:11,614 [INFO] UtilMem:75 - End SaveConfig() Used Memory: 885995960 Bytes (1073741824)
2026-01-03 23:52:11,922 [INFO] BlockDiagram:2775 - set Specific Code input for plugin: NVIC
2026-01-03 23:52:11,922 [INFO] BlockDiagram:2775 - set Specific Code input for plugin: SYS
2026-01-03 23:52:11,922 [INFO] BlockDiagram:2775 - set Specific Code input for plugin: GPIO
2026-01-03 23:52:11,922 [INFO] BlockDiagram:2775 - set Specific Code input for plugin: RCC
2026-01-03 23:52:11,922 [INFO] BlockDiagram:2775 - set Specific Code input for plugin: I2C
2026-01-03 23:52:11,923 [INFO] CodeGenerator:892 - code generatio: config db path: D:\installs\STM32CubeIDE_1.19.0\STM32CubeIDE\plugins\com.st.stm32cube.common.mx_6.15.0.202507011659\\db\
2026-01-03 23:52:11,923 [WARN] IP:2250 - I2C_Coeff_DF not found: check if there is a RefParameter without a condition.
2026-01-03 23:52:11,923 [WARN] IP:2250 - Analog_Filter not found: check if there is a RefParameter without a condition.
2026-01-03 23:52:11,980 [INFO] CodeEngine:265 - oldGeneratedFile, D:\projects\stm32_cube_ide\oled\MXTmpFiles\license.tmp_save
2026-01-03 23:52:12,036 [INFO] CodeEngine:289 - Generated code: D:\projects\stm32_cube_ide\oled\MXTmpFiles\license.tmp
2026-01-03 23:52:12,103 [INFO] CodeEngine:265 - oldGeneratedFile, D:\projects\stm32_cube_ide\oled\MXTmpFiles\gpio.tmp_save
2026-01-03 23:52:12,161 [INFO] CodeEngine:289 - Generated code: D:\projects\stm32_cube_ide\oled\MXTmpFiles\gpio.tmp
2026-01-03 23:52:12,242 [INFO] CodeEngine:265 - oldGeneratedFile, D:\projects\stm32_cube_ide\oled\Core\Src\stm32f1xx_it.c_save
2026-01-03 23:52:12,299 [INFO] CodeEngine:289 - Generated code: D:\projects\stm32_cube_ide\oled\Core\Src\stm32f1xx_it.c
2026-01-03 23:52:12,304 [INFO] CodeEngine:265 - oldGeneratedFile, D:\projects\stm32_cube_ide\oled\Core\Inc\stm32f1xx_it.h_save
2026-01-03 23:52:12,352 [INFO] CodeEngine:289 - Generated code: D:\projects\stm32_cube_ide\oled\Core\Inc\stm32f1xx_it.h
2026-01-03 23:52:12,360 [INFO] CodeEngine:265 - oldGeneratedFile, D:\projects\stm32_cube_ide\oled\Core\Src\stm32f1xx_hal_msp.c_save
2026-01-03 23:52:12,440 [INFO] CodeEngine:289 - Generated code: D:\projects\stm32_cube_ide\oled\Core\Src\stm32f1xx_hal_msp.c
2026-01-03 23:52:12,443 [INFO] CodeEngine:265 - oldGeneratedFile, D:\projects\stm32_cube_ide\oled\MXTmpFiles\system.tmp_save
2026-01-03 23:52:12,505 [INFO] CodeEngine:289 - Generated code: D:\projects\stm32_cube_ide\oled\MXTmpFiles\system.tmp
2026-01-03 23:52:12,513 [INFO] CodeEngine:321 - oldGeneratedFile, D:\projects\stm32_cube_ide\oled\Core\Inc\stm32f1xx_hal_conf.h_save
2026-01-03 23:52:12,565 [INFO] CodeEngine:345 - Generated code: D:\projects\stm32_cube_ide\oled\Core\Inc\stm32f1xx_hal_conf.h
2026-01-03 23:52:12,579 [INFO] ApiDbMcu:532 - Load IP Config File for I2C1
2026-01-03 23:52:12,585 [INFO] CodeEngine:265 - oldGeneratedFile, D:\projects\stm32_cube_ide\oled\Core\Inc\main.h_save
2026-01-03 23:52:12,635 [INFO] CodeEngine:289 - Generated code: D:\projects\stm32_cube_ide\oled\Core\Inc\main.h
2026-01-03 23:52:12,639 [INFO] CodeEngine:265 - oldGeneratedFile, D:\projects\stm32_cube_ide\oled\Core\Src\main.c_save
2026-01-03 23:52:12,716 [INFO] CodeEngine:289 - Generated code: D:\projects\stm32_cube_ide\oled\Core\Src\main.c
2026-01-03 23:52:12,994 [INFO] ProjectBuilder:3606 - Time for Copy HAL[1] : 120mS.
2026-01-03 23:52:12,997 [INFO] ProjectBuilder:5216 - Project Generator version: 4.7.0-B52
2026-01-03 23:52:13,079 [INFO] ConfigFileManager:1595 - The Die is : DIE410
2026-01-03 23:52:13,980 [INFO] ProjectBuilder:5496 - Time for Generating toolchain IDE Files: 983mS.
2026-01-03 23:52:13,981 [INFO] ProjectBuilder:3463 - Time for Copy CMSIS : 0mS.
2026-01-03 23:52:13,982 [INFO] ProjectBuilder:3463 - Time for Copy CMSIS : 0mS.
