2026-01-07 01:24:20,570 [ERROR] LogOutputStream:75 - [STDERR_REDIRECT] 
2026-01-07 01:24:46,431 [INFO] Activator:176 - 


2026-01-07 01:24:46,441 [INFO] Activator:177 - !SESSION log4j initialized
2026-01-07 01:24:58,776 [INFO] LogOutputStream:77 - [STDOUT_REDIRECT] 
2026-01-07 01:25:05,135 [INFO] ApplicationProperties:184 - Using Application install path: D:\installs\STM32CubeIDE_1.19.0\STM32CubeIDE\plugins\com.st.stm32cube.common.mx_6.15.0.202507011659
2026-01-07 01:25:05,194 [INFO] DbMcusXml:78 - Set database path to: D:\installs\STM32CubeIDE_1.19.0\STM32CubeIDE\plugins\com.st.stm32cube.common.mx_6.15.0.202507011659\\db\/mcu/
2026-01-07 01:25:05,194 [INFO] ApiDb:274 - Set plugin database path to: D:\installs\STM32CubeIDE_1.19.0\STM32CubeIDE\plugins\com.st.stm32cube.common.mx_6.15.0.202507011659\\db\/plugins/boardmanager/
2026-01-07 01:25:05,195 [WARN] ApiDb:259 - Overriding images path with different value:  => D:\installs\STM32CubeIDE_1.19.0\STM32CubeIDE\plugins\com.st.stm32cube.common.mx_6.15.0.202507011659\\db\/plugins/mcufinder/images/
2026-01-07 01:25:05,342 [INFO] ApiDb:250 - Set database path to: C:\Users\22142\.stmcufinder\plugins\mcufinder//mcu/
2026-01-07 01:25:05,344 [INFO] DbMcusAds:125 - Set database path to: C:\Users\22142\.stmcufinder\plugins\mcufinder//mcu/
2026-01-07 01:25:05,346 [INFO] CrossReferenceDbSqlite:203 - Set database path to: C:\Users\22142\.stmcufinder\plugins\mcufinder//mcu/cs/
2026-01-07 01:25:05,540 [INFO] RulesReader:64 - Compatibility file has been processed (317 Rules)
2026-01-07 01:25:05,948 [INFO] DbMcusXml:78 - Set database path to: D:\installs\STM32CubeIDE_1.19.0\STM32CubeIDE\plugins\com.st.stm32cube.common.mx_6.15.0.202507011659\\db\/mcu/
2026-01-07 01:25:05,948 [INFO] ApiDb:274 - Set plugin database path to: D:\installs\STM32CubeIDE_1.19.0\STM32CubeIDE\plugins\com.st.stm32cube.common.mx_6.15.0.202507011659\\db\/plugins/boardmanager/
2026-01-07 01:25:05,948 [INFO] ApiDb:261 - Set plugin images path to: D:\installs\STM32CubeIDE_1.19.0\STM32CubeIDE\plugins\com.st.stm32cube.common.mx_6.15.0.202507011659\\db\/plugins/mcufinder/images/
2026-01-07 01:25:05,949 [WARN] DbFile:41 - Overriding database path with different value: C:\Users\22142\.stmcufinder\plugins\mcufinder/ => C:\Users\22142\.stmcufinder\plugins\mcufinder
2026-01-07 01:25:05,949 [INFO] ApiDb:250 - Set database path to: C:\Users\22142\.stmcufinder\plugins\mcufinder//mcu/
2026-01-07 01:25:05,949 [WARN] DbFile:41 - Overriding database path with different value: C:\Users\22142\.stmcufinder\plugins\mcufinder/ => C:\Users\22142\.stmcufinder\plugins\mcufinder
2026-01-07 01:25:05,949 [INFO] DbMcusAds:125 - Set database path to: C:\Users\22142\.stmcufinder\plugins\mcufinder//mcu/
2026-01-07 01:25:05,949 [WARN] DbFile:41 - Overriding database path with different value: C:\Users\22142\.stmcufinder\plugins\mcufinder/ => C:\Users\22142\.stmcufinder\plugins\mcufinder
2026-01-07 01:25:05,949 [WARN] DbFile:41 - Overriding database path with different value: C:\Users\22142\.stmcufinder\plugins\mcufinder/ => C:\Users\22142\.stmcufinder\plugins\mcufinder
2026-01-07 01:25:05,949 [INFO] CrossReferenceDbSqlite:203 - Set database path to: C:\Users\22142\.stmcufinder\plugins\mcufinder//mcu/cs/
2026-01-07 01:25:06,385 [INFO] MainPanel:274 - HeapMemory: 268435456
2026-01-07 01:25:07,231 [INFO] DbMcusXml:78 - Set database path to: D:\installs\STM32CubeIDE_1.19.0\STM32CubeIDE\plugins\com.st.stm32cube.common.mx_6.15.0.202507011659\\db\/mcu/
2026-01-07 01:25:07,231 [INFO] ApiDb:274 - Set plugin database path to: D:\installs\STM32CubeIDE_1.19.0\STM32CubeIDE\plugins\com.st.stm32cube.common.mx_6.15.0.202507011659\\db\/plugins/boardmanager/
2026-01-07 01:25:07,232 [INFO] ApiDb:261 - Set plugin images path to: D:\installs\STM32CubeIDE_1.19.0\STM32CubeIDE\plugins\com.st.stm32cube.common.mx_6.15.0.202507011659\\db\/plugins/mcufinder/images/
2026-01-07 01:25:07,232 [WARN] DbFile:41 - Overriding database path with different value: C:\Users\22142\.stmcufinder\plugins\mcufinder/ => C:\Users\22142\.stmcufinder\plugins\mcufinder
2026-01-07 01:25:07,232 [INFO] ApiDb:250 - Set database path to: C:\Users\22142\.stmcufinder\plugins\mcufinder//mcu/
2026-01-07 01:25:07,232 [WARN] DbFile:41 - Overriding database path with different value: C:\Users\22142\.stmcufinder\plugins\mcufinder/ => C:\Users\22142\.stmcufinder\plugins\mcufinder
2026-01-07 01:25:07,232 [INFO] DbMcusAds:125 - Set database path to: C:\Users\22142\.stmcufinder\plugins\mcufinder//mcu/
2026-01-07 01:25:07,233 [WARN] DbFile:41 - Overriding database path with different value: C:\Users\22142\.stmcufinder\plugins\mcufinder/ => C:\Users\22142\.stmcufinder\plugins\mcufinder
2026-01-07 01:25:07,233 [WARN] DbFile:41 - Overriding database path with different value: C:\Users\22142\.stmcufinder\plugins\mcufinder/ => C:\Users\22142\.stmcufinder\plugins\mcufinder
2026-01-07 01:25:07,233 [INFO] CrossReferenceDbSqlite:203 - Set database path to: C:\Users\22142\.stmcufinder\plugins\mcufinder//mcu/cs/
2026-01-07 01:25:07,294 [INFO] ApplicationProperties:184 - Using Application install path: D:\installs\STM32CubeIDE_1.19.0\STM32CubeIDE\plugins\com.st.stm32cube.common.mx_6.15.0.202507011659
2026-01-07 01:25:07,295 [INFO] PluginManage:196 - Search for loadable plugins [exclusion list=, ]
2026-01-07 01:25:07,318 [INFO] PluginManage:310 - Check plugin analytics
2026-01-07 01:25:07,594 [INFO] AnalyticsPlugin:253 - Accepted Software Licenses: STM32CubeMX.6.16.1
2026-01-07 01:25:07,594 [INFO] AnalyticsPlugin:255 - Accepted CMSIS Pack Licenses: 
2026-01-07 01:25:07,594 [INFO] AnalyticsPlugin:257 - Accepted Firmware Licenses: 
2026-01-07 01:25:07,596 [INFO] PluginManage:359 - Loaded plugin analytics (category:tool,tabindex:-1)
2026-01-07 01:25:07,597 [INFO] PluginManage:310 - Check plugin cadmodel
2026-01-07 01:25:07,626 [INFO] CADModel:105 - Init CAD model plugin
2026-01-07 01:25:07,626 [INFO] PluginManage:359 - Loaded plugin cadmodel (category:power,tabindex:5)
2026-01-07 01:25:07,626 [INFO] PluginManage:310 - Check plugin clock
2026-01-07 01:25:07,643 [INFO] PluginManage:359 - Loaded plugin clock (category:base,tabindex:2)
2026-01-07 01:25:07,643 [INFO] PluginManage:310 - Check plugin ddr
2026-01-07 01:25:07,653 [INFO] PluginManage:359 - Loaded plugin ddr (category:tool,tabindex:6)
2026-01-07 01:25:07,653 [INFO] PluginManage:310 - Check plugin filemanager
2026-01-07 01:25:08,032 [INFO] PluginManage:359 - Loaded plugin filemanager (category:base,tabindex:10)
2026-01-07 01:25:08,032 [INFO] PluginManage:310 - Check plugin ipmanager
2026-01-07 01:25:08,037 [INFO] PluginManage:359 - Loaded plugin ipmanager (category:base,tabindex:5)
2026-01-07 01:25:08,037 [INFO] PluginManage:310 - Check plugin lpbam
2026-01-07 01:25:08,078 [INFO] PluginManage:359 - Loaded plugin lpbam (category:base,tabindex:0)
2026-01-07 01:25:08,078 [INFO] PluginManage:310 - Check plugin memorymap
2026-01-07 01:25:08,111 [INFO] PluginManage:359 - Loaded plugin memorymap (category:base,tabindex:4)
2026-01-07 01:25:08,112 [INFO] PluginManage:310 - Check plugin pinoutandconfiguration
2026-01-07 01:25:08,117 [INFO] PluginManage:359 - Loaded plugin pinoutandconfiguration (category:base,tabindex:1)
2026-01-07 01:25:08,117 [INFO] PluginManage:310 - Check plugin pinoutconfig
2026-01-07 01:25:08,315 [WARN] SupportedApi:132 - Cannot load RTOS API schema: s4s-elt-must-match.1: The content of 'definitions' must match (annotation?, (simpleType | complexType)?, (unique | key | keyref)*)). A problem was found starting at: attribute.
2026-01-07 01:25:08,523 [INFO] PluginManage:359 - Loaded plugin pinoutconfig (category:base,tabindex:0)
2026-01-07 01:25:08,524 [INFO] PluginManage:310 - Check plugin power
2026-01-07 01:25:08,562 [INFO] PluginManage:359 - Loaded plugin power (category:power,tabindex:4)
2026-01-07 01:25:08,562 [INFO] PluginManage:310 - Check plugin projectmanager
2026-01-07 01:25:08,576 [INFO] PluginManage:359 - Loaded plugin projectmanager (category:projectmanager,tabindex:4)
2026-01-07 01:25:08,576 [INFO] PluginManage:310 - Check plugin rif
2026-01-07 01:25:08,618 [INFO] PluginManage:359 - Loaded plugin rif (category:base,tabindex:3)
2026-01-07 01:25:08,619 [INFO] PluginManage:310 - Check plugin thirdparty
2026-01-07 01:25:08,827 [INFO] PluginManage:359 - Loaded plugin thirdparty (category:base,tabindex:-1)
2026-01-07 01:25:08,827 [INFO] PluginManage:310 - Check plugin tools
2026-01-07 01:25:08,827 [WARN] IntegrityCheckThread:84 - waiting for thirdparty lock release [integrity check]
2026-01-07 01:25:08,827 [INFO] IntegrityCheckThread:86 - entering critical section [integrity check]
2026-01-07 01:25:08,827 [INFO] ThirdPartyUpdaterWithRetryManager:70 - Updater plugin not ready yet. [1/15]
2026-01-07 01:25:08,829 [INFO] PluginManage:359 - Loaded plugin tools (category:base,tabindex:7)
2026-01-07 01:25:08,829 [INFO] PluginManage:310 - Check plugin tutovideos
2026-01-07 01:25:09,212 [INFO] PluginManage:359 - Loaded plugin tutovideos (category:base,tabindex:-1)
2026-01-07 01:25:09,213 [INFO] PluginManage:310 - Check plugin updater
2026-01-07 01:25:09,229 [INFO] PluginManage:359 - Loaded plugin updater (category:base,tabindex:12)
2026-01-07 01:25:09,230 [INFO] PluginManage:310 - Check plugin userauth
2026-01-07 01:25:09,240 [INFO] UserAuth:118 - Init User Auth plugin
2026-01-07 01:25:09,240 [INFO] PluginManage:359 - Loaded plugin userauth (category:base,tabindex:14)
2026-01-07 01:25:09,241 [INFO] PluginManage:283 - PluginManage : Loaded plugins [18]
2026-01-07 01:25:10,049 [INFO] PinOutPanel:1589 - setPackage(No Configuration,No Configuration)
2026-01-07 01:25:10,278 [INFO] CADModel:165 - CPN selected for project level
2026-01-07 01:25:10,278 [INFO] CADModel:114 - Register for checkConnection events
2026-01-07 01:25:10,291 [INFO] IPUIPlugin:80 - create IPUIPlugin
2026-01-07 01:25:10,291 [INFO] PluginManager:220 - loadIPPluginJar : add adc
2026-01-07 01:25:10,293 [INFO] IPUIPlugin:80 - create IPUIPlugin
2026-01-07 01:25:10,293 [INFO] PluginManager:220 - loadIPPluginJar : add aes
2026-01-07 01:25:10,294 [INFO] IPUIPlugin:80 - create IPUIPlugin
2026-01-07 01:25:10,294 [INFO] PluginManager:220 - loadIPPluginJar : add can
2026-01-07 01:25:10,295 [INFO] IPUIPlugin:80 - create IPUIPlugin
2026-01-07 01:25:10,295 [INFO] PluginManager:220 - loadIPPluginJar : add comp
2026-01-07 01:25:10,297 [INFO] IPUIPlugin:80 - create IPUIPlugin
2026-01-07 01:25:10,297 [INFO] PluginManager:220 - loadIPPluginJar : add cryp
2026-01-07 01:25:10,321 [INFO] IPUIPlugin:80 - create IPUIPlugin
2026-01-07 01:25:10,321 [INFO] PluginManager:220 - loadIPPluginJar : add ddr_ctrl_phy
2026-01-07 01:25:10,323 [INFO] IPUIPlugin:80 - create IPUIPlugin
2026-01-07 01:25:10,323 [INFO] PluginManager:220 - loadIPPluginJar : add dfsdm
2026-01-07 01:25:10,327 [INFO] IPUIPlugin:80 - create IPUIPlugin
2026-01-07 01:25:10,327 [INFO] PluginManager:220 - loadIPPluginJar : add dma
2026-01-07 01:25:10,329 [INFO] IPUIPlugin:80 - create IPUIPlugin
2026-01-07 01:25:10,329 [INFO] PluginManager:220 - loadIPPluginJar : add dma3
2026-01-07 01:25:10,330 [INFO] IPUIPlugin:80 - create IPUIPlugin
2026-01-07 01:25:10,330 [INFO] PluginManager:220 - loadIPPluginJar : add extmemmanager
2026-01-07 01:25:10,331 [INFO] IPUIPlugin:80 - create IPUIPlugin
2026-01-07 01:25:10,331 [INFO] PluginManager:220 - loadIPPluginJar : add fatfs
2026-01-07 01:25:10,334 [INFO] IPUIPlugin:80 - create IPUIPlugin
2026-01-07 01:25:10,334 [INFO] PluginManager:220 - loadIPPluginJar : add fmc
2026-01-07 01:25:10,337 [INFO] IPUIPlugin:80 - create IPUIPlugin
2026-01-07 01:25:10,337 [INFO] PluginManager:220 - loadIPPluginJar : add freertos
2026-01-07 01:25:10,338 [INFO] IPUIPlugin:80 - create IPUIPlugin
2026-01-07 01:25:10,338 [INFO] PluginManager:220 - loadIPPluginJar : add genericplugin
2026-01-07 01:25:10,339 [INFO] IPUIPlugin:80 - create IPUIPlugin
2026-01-07 01:25:10,339 [INFO] PluginManager:220 - loadIPPluginJar : add gfxmmu
2026-01-07 01:25:10,343 [INFO] IPUIPlugin:80 - create IPUIPlugin
2026-01-07 01:25:10,343 [INFO] PluginManager:220 - loadIPPluginJar : add gic
2026-01-07 01:25:10,345 [INFO] IPUIPlugin:80 - create IPUIPlugin
2026-01-07 01:25:10,345 [INFO] PluginManager:220 - loadIPPluginJar : add gpio
2026-01-07 01:25:10,347 [INFO] IPUIPlugin:80 - create IPUIPlugin
2026-01-07 01:25:10,347 [INFO] PluginManager:220 - loadIPPluginJar : add gtzc
2026-01-07 01:25:10,348 [INFO] IPUIPlugin:80 - create IPUIPlugin
2026-01-07 01:25:10,348 [INFO] PluginManager:220 - loadIPPluginJar : add hash
2026-01-07 01:25:10,350 [INFO] IPUIPlugin:80 - create IPUIPlugin
2026-01-07 01:25:10,350 [INFO] PluginManager:220 - loadIPPluginJar : add i2c
2026-01-07 01:25:10,351 [INFO] IPUIPlugin:80 - create IPUIPlugin
2026-01-07 01:25:10,351 [INFO] PluginManager:220 - loadIPPluginJar : add i2s
2026-01-07 01:25:10,353 [INFO] IPUIPlugin:80 - create IPUIPlugin
2026-01-07 01:25:10,353 [INFO] PluginManager:220 - loadIPPluginJar : add i3c
2026-01-07 01:25:10,406 [INFO] IPUIPlugin:80 - create IPUIPlugin
2026-01-07 01:25:10,406 [INFO] PluginManager:220 - loadIPPluginJar : add ipddr
2026-01-07 01:25:10,437 [INFO] IPUIPlugin:80 - create IPUIPlugin
2026-01-07 01:25:10,437 [INFO] PluginManager:220 - loadIPPluginJar : add linkedlist
2026-01-07 01:25:10,440 [INFO] IPUIPlugin:80 - create IPUIPlugin
2026-01-07 01:25:10,440 [INFO] PluginManager:220 - loadIPPluginJar : add lorawan
2026-01-07 01:25:10,441 [INFO] IPUIPlugin:80 - create IPUIPlugin
2026-01-07 01:25:10,441 [INFO] PluginManager:220 - loadIPPluginJar : add ltdc
2026-01-07 01:25:10,445 [INFO] IPUIPlugin:80 - create IPUIPlugin
2026-01-07 01:25:10,445 [INFO] PluginManager:220 - loadIPPluginJar : add mdma
2026-01-07 01:25:10,447 [INFO] IPUIPlugin:80 - create IPUIPlugin
2026-01-07 01:25:10,447 [INFO] PluginManager:220 - loadIPPluginJar : add nvic
2026-01-07 01:25:10,449 [INFO] IPUIPlugin:80 - create IPUIPlugin
2026-01-07 01:25:10,449 [INFO] PluginManager:220 - loadIPPluginJar : add opamp
2026-01-07 01:25:10,451 [INFO] IPUIPlugin:80 - create IPUIPlugin
2026-01-07 01:25:10,451 [INFO] PluginManager:220 - loadIPPluginJar : add openamp
2026-01-07 01:25:10,453 [INFO] IPUIPlugin:80 - create IPUIPlugin
2026-01-07 01:25:10,453 [INFO] PluginManager:220 - loadIPPluginJar : add pdm2pcm
2026-01-07 01:25:10,456 [INFO] IPUIPlugin:80 - create IPUIPlugin
2026-01-07 01:25:10,458 [INFO] PluginManager:220 - loadIPPluginJar : add plateformsettings
2026-01-07 01:25:10,460 [INFO] IPUIPlugin:80 - create IPUIPlugin
2026-01-07 01:25:10,460 [INFO] PluginManager:220 - loadIPPluginJar : add quadspi
2026-01-07 01:25:10,461 [INFO] IPUIPlugin:80 - create IPUIPlugin
2026-01-07 01:25:10,461 [INFO] PluginManager:220 - loadIPPluginJar : add radio
2026-01-07 01:25:10,463 [INFO] IPUIPlugin:80 - create IPUIPlugin
2026-01-07 01:25:10,463 [INFO] PluginManager:220 - loadIPPluginJar : add resmgrutility
2026-01-07 01:25:10,466 [INFO] IPUIPlugin:80 - create IPUIPlugin
2026-01-07 01:25:10,466 [INFO] PluginManager:220 - loadIPPluginJar : add sai
2026-01-07 01:25:10,467 [INFO] IPUIPlugin:80 - create IPUIPlugin
2026-01-07 01:25:10,467 [INFO] PluginManager:220 - loadIPPluginJar : add spi
2026-01-07 01:25:10,472 [INFO] IPUIPlugin:80 - create IPUIPlugin
2026-01-07 01:25:10,472 [INFO] PluginManager:220 - loadIPPluginJar : add stm32_wpan
2026-01-07 01:25:10,473 [INFO] IPUIPlugin:80 - create IPUIPlugin
2026-01-07 01:25:10,473 [INFO] PluginManager:220 - loadIPPluginJar : add tim
2026-01-07 01:25:10,474 [INFO] IPUIPlugin:80 - create IPUIPlugin
2026-01-07 01:25:10,474 [INFO] PluginManager:220 - loadIPPluginJar : add touchsensing
2026-01-07 01:25:10,475 [INFO] IPUIPlugin:80 - create IPUIPlugin
2026-01-07 01:25:10,476 [INFO] PluginManager:220 - loadIPPluginJar : add tracer_emb
2026-01-07 01:25:10,477 [INFO] IPUIPlugin:80 - create IPUIPlugin
2026-01-07 01:25:10,477 [INFO] PluginManager:220 - loadIPPluginJar : add ts
2026-01-07 01:25:10,477 [INFO] IPUIPlugin:80 - create IPUIPlugin
2026-01-07 01:25:10,478 [INFO] PluginManager:220 - loadIPPluginJar : add tsc
2026-01-07 01:25:10,478 [INFO] IPUIPlugin:80 - create IPUIPlugin
2026-01-07 01:25:10,478 [INFO] PluginManager:220 - loadIPPluginJar : add ucpd
2026-01-07 01:25:10,480 [INFO] IPUIPlugin:80 - create IPUIPlugin
2026-01-07 01:25:10,480 [INFO] PluginManager:220 - loadIPPluginJar : add usart
2026-01-07 01:25:10,481 [INFO] IPUIPlugin:80 - create IPUIPlugin
2026-01-07 01:25:10,481 [INFO] PluginManager:220 - loadIPPluginJar : add usbx
2026-01-07 01:25:10,701 [FATAL] Updater:351 - Updater called before beeing initialized
2026-01-07 01:25:10,785 [INFO] RulesReader:64 - Compatibility file has been processed (317 Rules)
2026-01-07 01:25:10,794 [INFO] RulesReader:64 - Compatibility file has been processed (317 Rules)
2026-01-07 01:25:10,828 [INFO] CADModel:165 - CPN selected for project level
2026-01-07 01:25:10,828 [INFO] CADModel:114 - Register for checkConnection events
2026-01-07 01:25:10,828 [FATAL] Updater:351 - Updater called before beeing initialized
2026-01-07 01:25:10,828 [ERROR] CADModel:125 - Updater not yet initialized, retry later 
2026-01-07 01:25:11,804 [FATAL] Updater:351 - Updater called before beeing initialized
2026-01-07 01:25:11,828 [INFO] ThirdPartyUpdaterWithRetryManager:70 - Updater plugin not ready yet. [2/15]
2026-01-07 01:25:11,832 [INFO] CADModel:165 - CPN selected for project level
2026-01-07 01:25:11,833 [INFO] CADModel:114 - Register for checkConnection events
2026-01-07 01:25:11,833 [FATAL] Updater:351 - Updater called before beeing initialized
2026-01-07 01:25:11,833 [ERROR] CADModel:125 - Updater not yet initialized, retry later 
2026-01-07 01:25:11,837 [FATAL] Updater:351 - Updater called before beeing initialized
2026-01-07 01:25:11,950 [FATAL] Updater:351 - Updater called before beeing initialized
2026-01-07 01:25:11,954 [INFO] DbMcusAds:53 - JSON generation date=Tue Dec 16 04:41:46 IST 2025 (1765840306612)
2026-01-07 01:25:11,954 [FATAL] Updater:351 - Updater called before beeing initialized
2026-01-07 01:25:12,126 [WARN] DetailPanel:346 - Failed to get advertising image, set to default
2026-01-07 01:25:12,213 [FATAL] Updater:351 - Updater called before beeing initialized
2026-01-07 01:25:12,215 [FATAL] Updater:351 - Updater called before beeing initialized
2026-01-07 01:25:12,216 [FATAL] Updater:351 - Updater called before beeing initialized
2026-01-07 01:25:12,216 [WARN] DetailPanel:346 - Failed to get advertising image, set to default
2026-01-07 01:25:12,216 [FATAL] Updater:351 - Updater called before beeing initialized
2026-01-07 01:25:12,415 [ERROR] Updater:1198 - MainUpdater not yet initialized. External WinMGr cannot be set.
2026-01-07 01:25:12,430 [INFO] Updater:1134 - Updater Version found : 6.15.0
2026-01-07 01:25:12,447 [INFO] ApplicationProperties:184 - Using Application install path: D:\installs\STM32CubeIDE_1.19.0\STM32CubeIDE\plugins\com.st.stm32cube.common.mx_6.15.0.202507011659
2026-01-07 01:25:12,736 [INFO] MainUpdater:2872 - connection check result : 10
2026-01-07 01:25:12,737 [INFO] MainUpdater:289 - Updater Check For Update Now.
2026-01-07 01:25:12,737 [INFO] MicroXplorer:498 - Change Database Version : DB.6.0.150
2026-01-07 01:25:12,785 [INFO] McuFinderGlobals:63 - Set McuFinder mode to 2 (CubeIDE integrated)
2026-01-07 01:25:12,785 [INFO] UserAuth:171 - activating auth plugin
2026-01-07 01:25:12,788 [INFO] UserAuth:487 - Internet connection configuration mode: 1
2026-01-07 01:25:12,895 [INFO] JxBrowserEngine:152 - Initiate JxBrowser Engine with user profile folder
2026-01-07 01:25:12,926 [INFO] CheckServerUpdateThread:120 - End of CheckServer Thread
2026-01-07 01:25:15,074 [INFO] WebApp:169 - Instantiating new browser for Auth
2026-01-07 01:25:15,186 [WARN] PackLoader:240 - Cannot read IP mode file for STMicroelectronics.FP-SNS-MOTENVWB1.1.4.0
2026-01-07 01:25:15,208 [WARN] PackLoader:240 - Cannot read IP mode file for STMicroelectronics.FP-ATR-ASTRA1.2.0.2
2026-01-07 01:25:15,233 [WARN] PackLoader:240 - Cannot read IP mode file for STMicroelectronics.X-CUBE-SMBUS.2.1.0
2026-01-07 01:25:15,261 [WARN] PackLoader:240 - Cannot read IP mode file for STMicroelectronics.X-CUBE-WB05N.1.1.0
2026-01-07 01:25:15,294 [WARN] PackLoader:240 - Cannot read IP mode file for STMicroelectronics.X-CUBE-AZRTOS-F7.1.1.0
2026-01-07 01:25:15,302 [WARN] PackLoader:240 - Cannot read IP mode file for STMicroelectronics.FP-SNS-MOTENV1.5.1.0
2026-01-07 01:25:15,323 [WARN] PackLoader:240 - Cannot read IP mode file for Infineon.AIROC-Wi-Fi-Bluetooth-STM32.1.7.0
2026-01-07 01:25:15,365 [WARN] PackLoader:240 - Cannot read IP mode file for STMicroelectronics.X-CUBE-AZRTOS-H7.3.4.0
2026-01-07 01:25:15,376 [WARN] PackLoader:240 - Cannot read IP mode file for STMicroelectronics.X-CUBE-DISPLAY.3.0.0
2026-01-07 01:25:15,387 [WARN] PackLoader:240 - Cannot read IP mode file for STMicroelectronics.X-CUBE-NFC10.1.0.0
2026-01-07 01:25:15,420 [WARN] PackLoader:240 - Cannot read IP mode file for STMicroelectronics.X-CUBE-BLEMGR.4.0.0
2026-01-07 01:25:15,430 [WARN] PackLoader:240 - Cannot read IP mode file for STMicroelectronics.X-CUBE-ST60.1.1.0
2026-01-07 01:25:15,443 [WARN] PackLoader:240 - Cannot read IP mode file for emotas.I-CUBE-CANOPEN.1.3.0
2026-01-07 01:25:15,449 [WARN] PackLoader:240 - Cannot read IP mode file for STMicroelectronics.X-CUBE-GNSS1.7.1.0
2026-01-07 01:25:15,459 [WARN] ConditionMgr:438 - getConditionDescription Invalid condition id : Cortex-A Device cause : null
2026-01-07 01:25:15,508 [WARN] ConditionMgr:1044 - genDependencies : Invalid condition id : Cortex-A Device cause : null
2026-01-07 01:25:15,509 [WARN] ConditionMgr:1044 - genDependencies : Invalid condition id : Cortex-A Device cause : null
2026-01-07 01:25:15,509 [WARN] ConditionMgr:1044 - genDependencies : Invalid condition id : Cortex-A Device cause : null
2026-01-07 01:25:15,515 [WARN] PackLoader:240 - Cannot read IP mode file for STMicroelectronics.X-CUBE-AI.10.0.0
2026-01-07 01:25:15,523 [WARN] PackLoader:240 - Cannot read IP mode file for STMicroelectronics.FP-SNS-STBOX1.2.1.0
2026-01-07 01:25:15,534 [WARN] PackLoader:240 - Cannot read IP mode file for STMicroelectronics.FP-SNS-SMARTAG2.1.2.0
2026-01-07 01:25:15,539 [WARN] PackLoader:240 - Cannot read IP mode file for STMicroelectronics.FP-SNS-FLIGHT1.5.1.0
2026-01-07 01:25:15,601 [WARN] PackLoader:240 - Cannot read IP mode file for STMicroelectronics.X-CUBE-MEMS1.11.1.0
2026-01-07 01:25:15,695 [INFO] LogOutputStream:77 - [STDOUT_REDIRECT] 1 : Invalid condition id : UX_CORESTACK_Condition cause : null
2026-01-07 01:25:15,696 [INFO] LogOutputStream:77 - [STDOUT_REDIRECT] 1 : Invalid condition id : UX_CORESTACK_Condition cause : null
2026-01-07 01:25:15,697 [INFO] LogOutputStream:77 - [STDOUT_REDIRECT] 1 : Invalid condition id : UX_CORESTACK_Condition cause : null
2026-01-07 01:25:15,697 [INFO] LogOutputStream:77 - [STDOUT_REDIRECT] 1 : Invalid condition id : UX_CORESTACK_Condition cause : null
2026-01-07 01:25:15,698 [INFO] LogOutputStream:77 - [STDOUT_REDIRECT] 1 : Invalid condition id : UX_CORESTACK_Condition cause : null
2026-01-07 01:25:15,700 [WARN] PackLoader:240 - Cannot read IP mode file for STMicroelectronics.X-CUBE-AZRTOS-WL.2.0.0
2026-01-07 01:25:15,704 [WARN] PackLoader:240 - Cannot read IP mode file for STMicroelectronics.FP-SNS-MOTENV1.5.0.0
2026-01-07 01:25:15,715 [WARN] PackLoader:240 - Cannot read IP mode file for STMicroelectronics.X-CUBE-AZRTOS-H7RS.1.2.0
2026-01-07 01:25:15,738 [WARN] PackLoader:240 - Cannot read IP mode file for WES.I-CUBE-Cesium.1.3.0
2026-01-07 01:25:15,746 [WARN] PackLoader:240 - Cannot read IP mode file for STMicroelectronics.X-CUBE-BLE2.3.3.0
2026-01-07 01:25:15,786 [WARN] PackLoader:240 - Cannot read IP mode file for STMicroelectronics.X-CUBE-NFC9.1.0.0
2026-01-07 01:25:15,791 [WARN] PackLoader:240 - Cannot read IP mode file for STMicroelectronics.X-CUBE-BLE1.7.1.0
2026-01-07 01:25:15,795 [WARN] PackLoader:240 - Cannot read IP mode file for wolfSSL.I-CUBE-wolfMQTT.1.19.2
2026-01-07 01:25:15,800 [WARN] PackLoader:240 - Cannot read IP mode file for STMicroelectronics.X-CUBE-FREERTOS.1.4.0
2026-01-07 01:25:15,804 [WARN] PackLoader:240 - Cannot read IP mode file for STMicroelectronics.X-CUBE-EEPRMA1.5.2.0
2026-01-07 01:25:15,813 [WARN] PackLoader:240 - Cannot read IP mode file for STMicroelectronics.X-CUBE-ST67W61.1.1.0
2026-01-07 01:25:15,836 [WARN] PackLoader:240 - Cannot read IP mode file for STMicroelectronics.X-CUBE-MEMS1.12.0.0
2026-01-07 01:25:15,899 [WARN] PackLoader:240 - Cannot read IP mode file for STMicroelectronics.X-CUBE-AZRTOS-G0.1.1.0
2026-01-07 01:25:15,907 [WARN] PackLoader:240 - Cannot read IP mode file for STMicroelectronics.X-CUBE-SAFEA1.1.2.2
2026-01-07 01:25:15,920 [WARN] PackLoader:240 - Cannot read IP mode file for STMicroelectronics.X-CUBE-NFC4.3.0.0
2026-01-07 01:25:15,936 [WARN] PackLoader:240 - Cannot read IP mode file for EmbeddedOffice.I-CUBE-FS-RTOS.1.0.1
2026-01-07 01:25:15,949 [WARN] PackLoader:240 - Cannot read IP mode file for STMicroelectronics.X-CUBE-WB05N.2.0.0
2026-01-07 01:25:15,960 [WARN] PackLoader:240 - Cannot read IP mode file for wolfSSL.I-CUBE-wolfTPM.3.8.0
2026-01-07 01:25:15,971 [WARN] PackLoader:240 - Cannot read IP mode file for STMicroelectronics.X-CUBE-TCPP.4.2.0
2026-01-07 01:25:15,981 [WARN] PackLoader:240 - Cannot read IP mode file for RealThread.X-CUBE-RT-Thread_Nano.4.1.1
2026-01-07 01:25:15,984 [WARN] PackLoader:240 - Cannot read IP mode file for STMicroelectronics.FP-ATR-SIGFOX1.3.2.0
2026-01-07 01:25:15,987 [WARN] PackLoader:240 - Cannot read IP mode file for STMicroelectronics.X-CUBE-EEPRMA1.5.1.0
2026-01-07 01:25:15,991 [WARN] PackLoader:240 - Cannot read IP mode file for wolfSSL.I-CUBE-wolfSSL.5.7.6
2026-01-07 01:25:16,001 [WARN] PackLoader:240 - Cannot read IP mode file for ITTIA_DB.I-CUBE-ITTIADB.8.9.0
2026-01-07 01:25:16,012 [WARN] PackLoader:240 - Cannot read IP mode file for STMicroelectronics.X-CUBE-AI.10.2.0
2026-01-07 01:25:16,040 [WARN] PackLoader:240 - Cannot read IP mode file for SEGGER.I-CUBE-embOS.1.3.1
2026-01-07 01:25:16,068 [WARN] PackLoader:240 - Cannot read IP mode file for STMicroelectronics.X-CUBE-ALGOBUILD.1.4.0
2026-01-07 01:25:16,080 [WARN] PackLoader:240 - Cannot read IP mode file for STMicroelectronics.X-CUBE-PM33A1.1.0.0
2026-01-07 01:25:16,098 [WARN] PackLoader:240 - Cannot read IP mode file for STMicroelectronics.X-CUBE-AZRTOS-F4.1.1.0
2026-01-07 01:25:16,103 [WARN] PackLoader:240 - Cannot read IP mode file for STMicroelectronics.X-CUBE-ISPU.2.1.0
2026-01-07 01:25:16,133 [WARN] PackLoader:240 - Cannot read IP mode file for STMicroelectronics.X-CUBE-IPS.3.2.0
2026-01-07 01:25:16,146 [WARN] PackLoader:240 - Cannot read IP mode file for STMicroelectronics.X-CUBE-NFC12.1.0.0
2026-01-07 01:25:16,163 [WARN] PackLoader:240 - Cannot read IP mode file for STMicroelectronics.X-CUBE-AZRTOS-L5.2.0.0
2026-01-07 01:25:16,172 [WARN] PackLoader:240 - Cannot read IP mode file for STMicroelectronics.X-CUBE-NFC6.3.1.0
2026-01-07 01:25:16,180 [WARN] PackLoader:240 - Cannot read IP mode file for STMicroelectronics.X-CUBE-DPower.1.2.0
2026-01-07 01:25:16,184 [WARN] PackLoader:240 - Cannot read IP mode file for STMicroelectronics.X-CUBE-FREERTOS.1.3.0
2026-01-07 01:25:16,190 [WARN] PackLoader:240 - Cannot read IP mode file for STMicroelectronics.X-CUBE-NFC7.1.0.1
2026-01-07 01:25:16,197 [WARN] PackLoader:240 - Cannot read IP mode file for STMicroelectronics.X-CUBE-TOUCHGFX.4.26.0
2026-01-07 01:25:16,201 [WARN] PackLoader:240 - Cannot read IP mode file for STMicroelectronics.FP-SNS-STAIOTCFT.1.0.0
2026-01-07 01:25:16,205 [WARN] PackLoader:240 - Cannot read IP mode file for STMicroelectronics.X-CUBE-DPower.1.3.0
2026-01-07 01:25:16,218 [WARN] ConditionMgr:438 - getConditionDescription Invalid condition id : LAN8742 Phy interface Condition cause : null
2026-01-07 01:25:16,219 [WARN] PackLoader:240 - Cannot read IP mode file for STMicroelectronics.X-CUBE-AZRTOS-L4.2.0.0
2026-01-07 01:25:16,220 [WARN] ConditionMgr:1044 - genDependencies : Invalid condition id : LAN8742 Phy interface Condition cause : null
2026-01-07 01:25:16,220 [WARN] ConditionMgr:1044 - genDependencies : Invalid condition id : LAN8742 Phy interface Condition cause : null
2026-01-07 01:25:16,220 [WARN] ConditionMgr:1044 - genDependencies : Invalid condition id : LAN8742 Phy interface Condition cause : null
2026-01-07 01:25:16,228 [WARN] PackLoader:240 - Cannot read IP mode file for STMicroelectronics.X-CUBE-SFXS2LP1.4.0.0
2026-01-07 01:25:16,240 [WARN] PackLoader:240 - Cannot read IP mode file for STMicroelectronics.X-CUBE-AZRTOS-H7.3.3.0
2026-01-07 01:25:16,254 [WARN] PackLoader:240 - Cannot read IP mode file for STMicroelectronics.X-CUBE-BLEMGR.4.1.0
2026-01-07 01:25:16,268 [WARN] ConditionMgr:438 - getConditionDescription Invalid condition id : UX DEVICE CLASS RTOS Condition cause : null
2026-01-07 01:25:16,268 [WARN] ConditionMgr:438 - getConditionDescription Invalid condition id : UX DEVICE CLASS RTOS Condition cause : null
2026-01-07 01:25:16,269 [WARN] PackLoader:240 - Cannot read IP mode file for STMicroelectronics.X-CUBE-AZRTOS-WB.2.0.0
2026-01-07 01:25:16,270 [WARN] ConditionMgr:1044 - genDependencies : Invalid condition id : UX DEVICE CLASS RTOS Condition cause : null
2026-01-07 01:25:16,270 [WARN] ConditionMgr:1044 - genDependencies : Invalid condition id : UX DEVICE CLASS RTOS Condition cause : null
2026-01-07 01:25:16,270 [WARN] ConditionMgr:1044 - genDependencies : Invalid condition id : UX DEVICE CLASS RTOS Condition cause : null
2026-01-07 01:25:16,270 [WARN] ConditionMgr:1044 - genDependencies : Invalid condition id : UX DEVICE CLASS RTOS Condition cause : null
2026-01-07 01:25:16,270 [WARN] ConditionMgr:1044 - genDependencies : Invalid condition id : UX DEVICE CLASS RTOS Condition cause : null
2026-01-07 01:25:16,281 [WARN] PackLoader:240 - Cannot read IP mode file for STMicroelectronics.X-CUBE-GNSS1.7.0.1
2026-01-07 01:25:16,284 [WARN] PackLoader:240 - Cannot read IP mode file for STMicroelectronics.X-CUBE-TOUCHGFX.4.25.0
2026-01-07 01:25:16,287 [WARN] PackLoader:240 - Cannot read IP mode file for STMicroelectronics.FP-SNS-STBOX1.2.0.0
2026-01-07 01:25:16,295 [WARN] PackLoader:240 - Cannot read IP mode file for STMicroelectronics.X-CUBE-SUBG2.5.0.0
2026-01-07 01:25:16,308 [WARN] PackLoader:240 - Cannot read IP mode file for STMicroelectronics.X-CUBE-AZRTOS-H7RS.1.1.0
2026-01-07 01:25:16,317 [WARN] PackLoader:240 - Cannot read IP mode file for Cesanta.I-CUBE-Mongoose.7.13.0
2026-01-07 01:25:16,328 [WARN] PackLoader:240 - Cannot read IP mode file for STMicroelectronics.X-CUBE-AZRTOS-G4.2.0.0
2026-01-07 01:25:16,336 [WARN] PackLoader:240 - Cannot read IP mode file for wolfSSL.I-CUBE-wolfSSH.1.4.20
2026-01-07 01:25:16,342 [WARN] PackLoader:240 - Cannot read IP mode file for STMicroelectronics.X-CUBE-NFC7.2.0.0
2026-01-07 01:25:16,352 [WARN] PackLoader:240 - Cannot read IP mode file for STMicroelectronics.X-CUBE-IPS.3.1.0
2026-01-07 01:25:16,357 [WARN] PackLoader:240 - Cannot read IP mode file for STMicroelectronics.X-CUBE-ALS.1.0.2
2026-01-07 01:25:16,365 [WARN] PackLoader:240 - Cannot read IP mode file for STMicroelectronics.X-CUBE-STSE01.1.0.0
2026-01-07 01:25:16,374 [WARN] PackLoader:240 - Cannot read IP mode file for portGmbH.I-Cube-SoM-uGOAL.1.1.0
2026-01-07 01:25:16,390 [WARN] PackLoader:240 - Cannot read IP mode file for STMicroelectronics.X-CUBE-TOF1.3.4.2
2026-01-07 01:25:16,402 [WARN] PackLoader:240 - Cannot read IP mode file for STMicroelectronics.X-CUBE-TOF1.3.4.3
2026-01-07 01:25:16,407 [INFO] ThirdParty:978 - Integrity check success = true
2026-01-07 01:25:16,407 [INFO] IntegrityCheckThread:100 - exiting critical section [integrity check]
2026-01-07 01:25:16,407 [INFO] IntegrityCheckThread:103 - End integrity checks thread
2026-01-07 01:25:16,659 [INFO] WebApp:463 - Apply proxy settings
2026-01-07 01:25:16,659 [INFO] WebApp:548 - Chromium requires no authentication
2026-01-07 01:25:16,708 [INFO] WebApp:491 - Direct internet connection detected
2026-01-07 01:25:16,760 [INFO] WebApp:900 - Register for checkConnection events
2026-01-07 01:25:16,761 [INFO] WebApp:463 - Apply proxy settings
2026-01-07 01:25:16,761 [INFO] WebApp:548 - Chromium requires no authentication
2026-01-07 01:25:16,761 [INFO] WebApp:491 - Direct internet connection detected
2026-01-07 01:25:16,962 [INFO] WebApp:191 - Connection restablished
2026-01-07 01:25:17,568 [INFO] WebApp:225 - Starting web application
2026-01-07 01:25:17,568 [INFO] WebApp:593 - Web application path used D:\installs\STM32CubeIDE_1.19.0\STM32CubeIDE\plugins\com.st.stm32cube.common.mx_6.15.0.202507011659\db\plugins\mcufinder\reactClient1\index.html
2026-01-07 11:08:51,730 [INFO] WebApp:194 - Connection lost
2026-01-07 11:08:52,292 [INFO] WebApp:191 - Connection restablished
2026-01-07 11:08:54,361 [INFO] WebApp:194 - Connection lost
2026-01-07 11:08:54,625 [INFO] WebApp:191 - Connection restablished
2026-01-07 11:17:09,025 [ERROR] LogOutputStream:75 - [STDERR_REDIRECT] 
2026-01-07 13:43:36,272 [INFO] Activator:176 - 


2026-01-07 13:43:36,282 [INFO] Activator:177 - !SESSION log4j initialized
2026-01-07 13:43:51,994 [INFO] LogOutputStream:77 - [STDOUT_REDIRECT] 
2026-01-07 13:43:58,719 [INFO] ApplicationProperties:184 - Using Application install path: D:\installs\STM32CubeIDE_1.19.0\STM32CubeIDE\plugins\com.st.stm32cube.common.mx_6.15.0.202507011659
2026-01-07 13:43:58,779 [INFO] DbMcusXml:78 - Set database path to: D:\installs\STM32CubeIDE_1.19.0\STM32CubeIDE\plugins\com.st.stm32cube.common.mx_6.15.0.202507011659\\db\/mcu/
2026-01-07 13:43:58,779 [INFO] ApiDb:274 - Set plugin database path to: D:\installs\STM32CubeIDE_1.19.0\STM32CubeIDE\plugins\com.st.stm32cube.common.mx_6.15.0.202507011659\\db\/plugins/boardmanager/
2026-01-07 13:43:58,780 [WARN] ApiDb:259 - Overriding images path with different value:  => D:\installs\STM32CubeIDE_1.19.0\STM32CubeIDE\plugins\com.st.stm32cube.common.mx_6.15.0.202507011659\\db\/plugins/mcufinder/images/
2026-01-07 13:43:58,807 [INFO] ApiDb:250 - Set database path to: C:\Users\22142\.stmcufinder\plugins\mcufinder//mcu/
2026-01-07 13:43:58,809 [INFO] DbMcusAds:125 - Set database path to: C:\Users\22142\.stmcufinder\plugins\mcufinder//mcu/
2026-01-07 13:43:58,812 [INFO] CrossReferenceDbSqlite:203 - Set database path to: C:\Users\22142\.stmcufinder\plugins\mcufinder//mcu/cs/
2026-01-07 13:43:59,139 [INFO] RulesReader:64 - Compatibility file has been processed (317 Rules)
2026-01-07 13:43:59,597 [INFO] McuFinderGlobals:63 - Set McuFinder mode to 2 (CubeIDE integrated)
2026-01-07 13:43:59,784 [INFO] DbMcusXml:78 - Set database path to: D:\installs\STM32CubeIDE_1.19.0\STM32CubeIDE\plugins\com.st.stm32cube.common.mx_6.15.0.202507011659\\db\/mcu/
2026-01-07 13:43:59,785 [INFO] ApiDb:274 - Set plugin database path to: D:\installs\STM32CubeIDE_1.19.0\STM32CubeIDE\plugins\com.st.stm32cube.common.mx_6.15.0.202507011659\\db\/plugins/boardmanager/
2026-01-07 13:43:59,785 [INFO] ApiDb:261 - Set plugin images path to: D:\installs\STM32CubeIDE_1.19.0\STM32CubeIDE\plugins\com.st.stm32cube.common.mx_6.15.0.202507011659\\db\/plugins/mcufinder/images/
2026-01-07 13:43:59,785 [WARN] DbFile:41 - Overriding database path with different value: C:\Users\22142\.stmcufinder\plugins\mcufinder/ => C:\Users\22142\.stmcufinder\plugins\mcufinder
2026-01-07 13:43:59,786 [INFO] ApiDb:250 - Set database path to: C:\Users\22142\.stmcufinder\plugins\mcufinder//mcu/
2026-01-07 13:43:59,786 [WARN] DbFile:41 - Overriding database path with different value: C:\Users\22142\.stmcufinder\plugins\mcufinder/ => C:\Users\22142\.stmcufinder\plugins\mcufinder
2026-01-07 13:43:59,786 [INFO] DbMcusAds:125 - Set database path to: C:\Users\22142\.stmcufinder\plugins\mcufinder//mcu/
2026-01-07 13:43:59,786 [WARN] DbFile:41 - Overriding database path with different value: C:\Users\22142\.stmcufinder\plugins\mcufinder/ => C:\Users\22142\.stmcufinder\plugins\mcufinder
2026-01-07 13:43:59,786 [WARN] DbFile:41 - Overriding database path with different value: C:\Users\22142\.stmcufinder\plugins\mcufinder/ => C:\Users\22142\.stmcufinder\plugins\mcufinder
2026-01-07 13:43:59,786 [INFO] CrossReferenceDbSqlite:203 - Set database path to: C:\Users\22142\.stmcufinder\plugins\mcufinder//mcu/cs/
2026-01-07 13:44:00,404 [INFO] MainPanel:274 - HeapMemory: 268435456
2026-01-07 13:44:01,183 [INFO] DbMcusXml:78 - Set database path to: D:\installs\STM32CubeIDE_1.19.0\STM32CubeIDE\plugins\com.st.stm32cube.common.mx_6.15.0.202507011659\\db\/mcu/
2026-01-07 13:44:01,183 [INFO] ApiDb:274 - Set plugin database path to: D:\installs\STM32CubeIDE_1.19.0\STM32CubeIDE\plugins\com.st.stm32cube.common.mx_6.15.0.202507011659\\db\/plugins/boardmanager/
2026-01-07 13:44:01,183 [INFO] ApiDb:261 - Set plugin images path to: D:\installs\STM32CubeIDE_1.19.0\STM32CubeIDE\plugins\com.st.stm32cube.common.mx_6.15.0.202507011659\\db\/plugins/mcufinder/images/
2026-01-07 13:44:01,184 [WARN] DbFile:41 - Overriding database path with different value: C:\Users\22142\.stmcufinder\plugins\mcufinder/ => C:\Users\22142\.stmcufinder\plugins\mcufinder
2026-01-07 13:44:01,184 [INFO] ApiDb:250 - Set database path to: C:\Users\22142\.stmcufinder\plugins\mcufinder//mcu/
2026-01-07 13:44:01,184 [WARN] DbFile:41 - Overriding database path with different value: C:\Users\22142\.stmcufinder\plugins\mcufinder/ => C:\Users\22142\.stmcufinder\plugins\mcufinder
2026-01-07 13:44:01,184 [INFO] DbMcusAds:125 - Set database path to: C:\Users\22142\.stmcufinder\plugins\mcufinder//mcu/
2026-01-07 13:44:01,184 [WARN] DbFile:41 - Overriding database path with different value: C:\Users\22142\.stmcufinder\plugins\mcufinder/ => C:\Users\22142\.stmcufinder\plugins\mcufinder
2026-01-07 13:44:01,184 [WARN] DbFile:41 - Overriding database path with different value: C:\Users\22142\.stmcufinder\plugins\mcufinder/ => C:\Users\22142\.stmcufinder\plugins\mcufinder
2026-01-07 13:44:01,185 [INFO] CrossReferenceDbSqlite:203 - Set database path to: C:\Users\22142\.stmcufinder\plugins\mcufinder//mcu/cs/
2026-01-07 13:44:01,296 [INFO] ApplicationProperties:184 - Using Application install path: D:\installs\STM32CubeIDE_1.19.0\STM32CubeIDE\plugins\com.st.stm32cube.common.mx_6.15.0.202507011659
2026-01-07 13:44:01,298 [INFO] PluginManage:196 - Search for loadable plugins [exclusion list=, ]
2026-01-07 13:44:01,316 [INFO] PluginManage:310 - Check plugin analytics
2026-01-07 13:44:01,804 [INFO] AnalyticsPlugin:253 - Accepted Software Licenses: STM32CubeMX.6.16.1
2026-01-07 13:44:01,804 [INFO] AnalyticsPlugin:255 - Accepted CMSIS Pack Licenses: 
2026-01-07 13:44:01,804 [INFO] AnalyticsPlugin:257 - Accepted Firmware Licenses: 
2026-01-07 13:44:01,810 [INFO] PluginManage:359 - Loaded plugin analytics (category:tool,tabindex:-1)
2026-01-07 13:44:01,810 [INFO] PluginManage:310 - Check plugin cadmodel
2026-01-07 13:44:01,844 [INFO] CADModel:105 - Init CAD model plugin
2026-01-07 13:44:01,844 [INFO] PluginManage:359 - Loaded plugin cadmodel (category:power,tabindex:5)
2026-01-07 13:44:01,844 [INFO] PluginManage:310 - Check plugin clock
2026-01-07 13:44:01,864 [INFO] PluginManage:359 - Loaded plugin clock (category:base,tabindex:2)
2026-01-07 13:44:01,864 [INFO] PluginManage:310 - Check plugin ddr
2026-01-07 13:44:01,906 [INFO] PluginManage:359 - Loaded plugin ddr (category:tool,tabindex:6)
2026-01-07 13:44:01,906 [INFO] PluginManage:310 - Check plugin filemanager
2026-01-07 13:44:02,330 [INFO] PluginManage:359 - Loaded plugin filemanager (category:base,tabindex:10)
2026-01-07 13:44:02,330 [INFO] PluginManage:310 - Check plugin ipmanager
2026-01-07 13:44:02,351 [INFO] PluginManage:359 - Loaded plugin ipmanager (category:base,tabindex:5)
2026-01-07 13:44:02,351 [INFO] PluginManage:310 - Check plugin lpbam
2026-01-07 13:44:02,385 [INFO] PluginManage:359 - Loaded plugin lpbam (category:base,tabindex:0)
2026-01-07 13:44:02,385 [INFO] PluginManage:310 - Check plugin memorymap
2026-01-07 13:44:02,422 [INFO] PluginManage:359 - Loaded plugin memorymap (category:base,tabindex:4)
2026-01-07 13:44:02,423 [INFO] PluginManage:310 - Check plugin pinoutandconfiguration
2026-01-07 13:44:02,450 [INFO] PluginManage:359 - Loaded plugin pinoutandconfiguration (category:base,tabindex:1)
2026-01-07 13:44:02,450 [INFO] PluginManage:310 - Check plugin pinoutconfig
2026-01-07 13:44:02,682 [WARN] SupportedApi:132 - Cannot load RTOS API schema: s4s-elt-must-match.1: The content of 'definitions' must match (annotation?, (simpleType | complexType)?, (unique | key | keyref)*)). A problem was found starting at: attribute.
2026-01-07 13:44:03,001 [INFO] PluginManage:359 - Loaded plugin pinoutconfig (category:base,tabindex:0)
2026-01-07 13:44:03,001 [INFO] PluginManage:310 - Check plugin power
2026-01-07 13:44:03,078 [INFO] PluginManage:359 - Loaded plugin power (category:power,tabindex:4)
2026-01-07 13:44:03,078 [INFO] PluginManage:310 - Check plugin projectmanager
2026-01-07 13:44:03,137 [INFO] PluginManage:359 - Loaded plugin projectmanager (category:projectmanager,tabindex:4)
2026-01-07 13:44:03,138 [INFO] PluginManage:310 - Check plugin rif
2026-01-07 13:44:03,221 [INFO] PluginManage:359 - Loaded plugin rif (category:base,tabindex:3)
2026-01-07 13:44:03,221 [INFO] PluginManage:310 - Check plugin thirdparty
2026-01-07 13:44:03,559 [WARN] IntegrityCheckThread:84 - waiting for thirdparty lock release [integrity check]
2026-01-07 13:44:03,559 [INFO] PluginManage:359 - Loaded plugin thirdparty (category:base,tabindex:-1)
2026-01-07 13:44:03,561 [INFO] IntegrityCheckThread:86 - entering critical section [integrity check]
2026-01-07 13:44:03,561 [INFO] PluginManage:310 - Check plugin tools
2026-01-07 13:44:03,561 [INFO] ThirdPartyUpdaterWithRetryManager:70 - Updater plugin not ready yet. [1/15]
2026-01-07 13:44:03,565 [INFO] PluginManage:359 - Loaded plugin tools (category:base,tabindex:7)
2026-01-07 13:44:03,565 [INFO] PluginManage:310 - Check plugin tutovideos
2026-01-07 13:44:04,087 [INFO] PluginManage:359 - Loaded plugin tutovideos (category:base,tabindex:-1)
2026-01-07 13:44:04,087 [INFO] PluginManage:310 - Check plugin updater
2026-01-07 13:44:04,124 [INFO] PluginManage:359 - Loaded plugin updater (category:base,tabindex:12)
2026-01-07 13:44:04,125 [INFO] PluginManage:310 - Check plugin userauth
2026-01-07 13:44:04,170 [INFO] UserAuth:118 - Init User Auth plugin
2026-01-07 13:44:04,172 [INFO] PluginManage:359 - Loaded plugin userauth (category:base,tabindex:14)
2026-01-07 13:44:04,172 [INFO] PluginManage:283 - PluginManage : Loaded plugins [18]
2026-01-07 13:44:05,170 [INFO] PinOutPanel:1589 - setPackage(No Configuration,No Configuration)
2026-01-07 13:44:05,474 [INFO] CADModel:165 - CPN selected for project level
2026-01-07 13:44:05,475 [INFO] CADModel:114 - Register for checkConnection events
2026-01-07 13:44:05,556 [INFO] IPUIPlugin:80 - create IPUIPlugin
2026-01-07 13:44:05,556 [INFO] PluginManager:220 - loadIPPluginJar : add adc
2026-01-07 13:44:05,560 [INFO] IPUIPlugin:80 - create IPUIPlugin
2026-01-07 13:44:05,560 [INFO] PluginManager:220 - loadIPPluginJar : add aes
2026-01-07 13:44:05,565 [INFO] IPUIPlugin:80 - create IPUIPlugin
2026-01-07 13:44:05,565 [INFO] PluginManager:220 - loadIPPluginJar : add can
2026-01-07 13:44:05,567 [INFO] IPUIPlugin:80 - create IPUIPlugin
2026-01-07 13:44:05,567 [INFO] PluginManager:220 - loadIPPluginJar : add comp
2026-01-07 13:44:05,570 [INFO] IPUIPlugin:80 - create IPUIPlugin
2026-01-07 13:44:05,570 [INFO] PluginManager:220 - loadIPPluginJar : add cryp
2026-01-07 13:44:05,607 [INFO] IPUIPlugin:80 - create IPUIPlugin
2026-01-07 13:44:05,608 [INFO] PluginManager:220 - loadIPPluginJar : add ddr_ctrl_phy
2026-01-07 13:44:05,611 [INFO] IPUIPlugin:80 - create IPUIPlugin
2026-01-07 13:44:05,611 [INFO] PluginManager:220 - loadIPPluginJar : add dfsdm
2026-01-07 13:44:05,618 [INFO] IPUIPlugin:80 - create IPUIPlugin
2026-01-07 13:44:05,618 [INFO] PluginManager:220 - loadIPPluginJar : add dma
2026-01-07 13:44:05,621 [INFO] IPUIPlugin:80 - create IPUIPlugin
2026-01-07 13:44:05,622 [INFO] PluginManager:220 - loadIPPluginJar : add dma3
2026-01-07 13:44:05,625 [INFO] IPUIPlugin:80 - create IPUIPlugin
2026-01-07 13:44:05,625 [INFO] PluginManager:220 - loadIPPluginJar : add extmemmanager
2026-01-07 13:44:05,627 [INFO] IPUIPlugin:80 - create IPUIPlugin
2026-01-07 13:44:05,627 [INFO] PluginManager:220 - loadIPPluginJar : add fatfs
2026-01-07 13:44:05,632 [INFO] IPUIPlugin:80 - create IPUIPlugin
2026-01-07 13:44:05,633 [INFO] PluginManager:220 - loadIPPluginJar : add fmc
2026-01-07 13:44:05,640 [INFO] IPUIPlugin:80 - create IPUIPlugin
2026-01-07 13:44:05,640 [INFO] PluginManager:220 - loadIPPluginJar : add freertos
2026-01-07 13:44:05,642 [INFO] IPUIPlugin:80 - create IPUIPlugin
2026-01-07 13:44:05,642 [INFO] PluginManager:220 - loadIPPluginJar : add genericplugin
2026-01-07 13:44:05,644 [INFO] IPUIPlugin:80 - create IPUIPlugin
2026-01-07 13:44:05,644 [INFO] PluginManager:220 - loadIPPluginJar : add gfxmmu
2026-01-07 13:44:05,650 [INFO] IPUIPlugin:80 - create IPUIPlugin
2026-01-07 13:44:05,650 [INFO] PluginManager:220 - loadIPPluginJar : add gic
2026-01-07 13:44:05,655 [INFO] IPUIPlugin:80 - create IPUIPlugin
2026-01-07 13:44:05,655 [INFO] PluginManager:220 - loadIPPluginJar : add gpio
2026-01-07 13:44:05,659 [INFO] IPUIPlugin:80 - create IPUIPlugin
2026-01-07 13:44:05,660 [INFO] PluginManager:220 - loadIPPluginJar : add gtzc
2026-01-07 13:44:05,662 [INFO] IPUIPlugin:80 - create IPUIPlugin
2026-01-07 13:44:05,663 [INFO] PluginManager:220 - loadIPPluginJar : add hash
2026-01-07 13:44:05,667 [INFO] IPUIPlugin:80 - create IPUIPlugin
2026-01-07 13:44:05,667 [INFO] PluginManager:220 - loadIPPluginJar : add i2c
2026-01-07 13:44:05,671 [INFO] IPUIPlugin:80 - create IPUIPlugin
2026-01-07 13:44:05,671 [INFO] PluginManager:220 - loadIPPluginJar : add i2s
2026-01-07 13:44:05,677 [INFO] IPUIPlugin:80 - create IPUIPlugin
2026-01-07 13:44:05,677 [INFO] PluginManager:220 - loadIPPluginJar : add i3c
2026-01-07 13:44:05,693 [INFO] IPUIPlugin:80 - create IPUIPlugin
2026-01-07 13:44:05,693 [INFO] PluginManager:220 - loadIPPluginJar : add ipddr
2026-01-07 13:44:05,725 [INFO] IPUIPlugin:80 - create IPUIPlugin
2026-01-07 13:44:05,725 [INFO] PluginManager:220 - loadIPPluginJar : add linkedlist
2026-01-07 13:44:05,729 [INFO] IPUIPlugin:80 - create IPUIPlugin
2026-01-07 13:44:05,729 [INFO] PluginManager:220 - loadIPPluginJar : add lorawan
2026-01-07 13:44:05,731 [INFO] IPUIPlugin:80 - create IPUIPlugin
2026-01-07 13:44:05,731 [INFO] PluginManager:220 - loadIPPluginJar : add ltdc
2026-01-07 13:44:05,738 [INFO] IPUIPlugin:80 - create IPUIPlugin
2026-01-07 13:44:05,738 [INFO] PluginManager:220 - loadIPPluginJar : add mdma
2026-01-07 13:44:05,742 [INFO] IPUIPlugin:80 - create IPUIPlugin
2026-01-07 13:44:05,742 [INFO] PluginManager:220 - loadIPPluginJar : add nvic
2026-01-07 13:44:05,746 [INFO] IPUIPlugin:80 - create IPUIPlugin
2026-01-07 13:44:05,747 [INFO] PluginManager:220 - loadIPPluginJar : add opamp
2026-01-07 13:44:05,751 [INFO] IPUIPlugin:80 - create IPUIPlugin
2026-01-07 13:44:05,751 [INFO] PluginManager:220 - loadIPPluginJar : add openamp
2026-01-07 13:44:05,755 [INFO] IPUIPlugin:80 - create IPUIPlugin
2026-01-07 13:44:05,755 [INFO] PluginManager:220 - loadIPPluginJar : add pdm2pcm
2026-01-07 13:44:05,763 [INFO] IPUIPlugin:80 - create IPUIPlugin
2026-01-07 13:44:05,767 [INFO] PluginManager:220 - loadIPPluginJar : add plateformsettings
2026-01-07 13:44:05,769 [INFO] IPUIPlugin:80 - create IPUIPlugin
2026-01-07 13:44:05,769 [INFO] PluginManager:220 - loadIPPluginJar : add quadspi
2026-01-07 13:44:05,771 [INFO] IPUIPlugin:80 - create IPUIPlugin
2026-01-07 13:44:05,772 [INFO] PluginManager:220 - loadIPPluginJar : add radio
2026-01-07 13:44:05,775 [INFO] IPUIPlugin:80 - create IPUIPlugin
2026-01-07 13:44:05,775 [INFO] PluginManager:220 - loadIPPluginJar : add resmgrutility
2026-01-07 13:44:05,780 [INFO] IPUIPlugin:80 - create IPUIPlugin
2026-01-07 13:44:05,780 [INFO] PluginManager:220 - loadIPPluginJar : add sai
2026-01-07 13:44:05,783 [INFO] IPUIPlugin:80 - create IPUIPlugin
2026-01-07 13:44:05,783 [INFO] PluginManager:220 - loadIPPluginJar : add spi
2026-01-07 13:44:05,793 [INFO] IPUIPlugin:80 - create IPUIPlugin
2026-01-07 13:44:05,793 [INFO] PluginManager:220 - loadIPPluginJar : add stm32_wpan
2026-01-07 13:44:05,795 [INFO] IPUIPlugin:80 - create IPUIPlugin
2026-01-07 13:44:05,795 [INFO] PluginManager:220 - loadIPPluginJar : add tim
2026-01-07 13:44:05,799 [INFO] IPUIPlugin:80 - create IPUIPlugin
2026-01-07 13:44:05,800 [INFO] PluginManager:220 - loadIPPluginJar : add touchsensing
2026-01-07 13:44:05,802 [INFO] IPUIPlugin:80 - create IPUIPlugin
2026-01-07 13:44:05,802 [INFO] PluginManager:220 - loadIPPluginJar : add tracer_emb
2026-01-07 13:44:05,804 [INFO] IPUIPlugin:80 - create IPUIPlugin
2026-01-07 13:44:05,804 [INFO] PluginManager:220 - loadIPPluginJar : add ts
2026-01-07 13:44:05,806 [INFO] IPUIPlugin:80 - create IPUIPlugin
2026-01-07 13:44:05,806 [INFO] PluginManager:220 - loadIPPluginJar : add tsc
2026-01-07 13:44:05,810 [INFO] IPUIPlugin:80 - create IPUIPlugin
2026-01-07 13:44:05,810 [INFO] PluginManager:220 - loadIPPluginJar : add ucpd
2026-01-07 13:44:05,814 [INFO] IPUIPlugin:80 - create IPUIPlugin
2026-01-07 13:44:05,814 [INFO] PluginManager:220 - loadIPPluginJar : add usart
2026-01-07 13:44:05,817 [INFO] IPUIPlugin:80 - create IPUIPlugin
2026-01-07 13:44:05,817 [INFO] PluginManager:220 - loadIPPluginJar : add usbx
2026-01-07 13:44:06,034 [FATAL] Updater:351 - Updater called before beeing initialized
2026-01-07 13:44:06,173 [INFO] RulesReader:64 - Compatibility file has been processed (317 Rules)
2026-01-07 13:44:06,192 [INFO] RulesReader:64 - Compatibility file has been processed (317 Rules)
2026-01-07 13:44:06,227 [INFO] CADModel:165 - CPN selected for project level
2026-01-07 13:44:06,227 [INFO] CADModel:114 - Register for checkConnection events
2026-01-07 13:44:06,227 [FATAL] Updater:351 - Updater called before beeing initialized
2026-01-07 13:44:06,227 [ERROR] CADModel:125 - Updater not yet initialized, retry later 
2026-01-07 13:44:06,562 [INFO] ThirdPartyUpdaterWithRetryManager:70 - Updater plugin not ready yet. [2/15]
2026-01-07 13:44:06,734 [FATAL] Updater:351 - Updater called before beeing initialized
2026-01-07 13:44:06,751 [INFO] CADModel:165 - CPN selected for project level
2026-01-07 13:44:06,751 [INFO] CADModel:114 - Register for checkConnection events
2026-01-07 13:44:06,752 [FATAL] Updater:351 - Updater called before beeing initialized
2026-01-07 13:44:06,752 [ERROR] CADModel:125 - Updater not yet initialized, retry later 
2026-01-07 13:44:06,758 [FATAL] Updater:351 - Updater called before beeing initialized
2026-01-07 13:44:06,968 [FATAL] Updater:351 - Updater called before beeing initialized
2026-01-07 13:44:06,973 [INFO] DbMcusAds:53 - JSON generation date=Tue Dec 16 04:41:46 IST 2025 (1765840306612)
2026-01-07 13:44:06,973 [FATAL] Updater:351 - Updater called before beeing initialized
2026-01-07 13:44:07,107 [WARN] DetailPanel:346 - Failed to get advertising image, set to default
2026-01-07 13:44:07,278 [FATAL] Updater:351 - Updater called before beeing initialized
2026-01-07 13:44:07,288 [FATAL] Updater:351 - Updater called before beeing initialized
2026-01-07 13:44:07,288 [FATAL] Updater:351 - Updater called before beeing initialized
2026-01-07 13:44:07,288 [WARN] DetailPanel:346 - Failed to get advertising image, set to default
2026-01-07 13:44:07,290 [FATAL] Updater:351 - Updater called before beeing initialized
2026-01-07 13:44:07,400 [ERROR] Updater:1198 - MainUpdater not yet initialized. External WinMGr cannot be set.
2026-01-07 13:44:07,416 [INFO] Updater:1134 - Updater Version found : 6.15.0
2026-01-07 13:44:07,438 [INFO] ApplicationProperties:184 - Using Application install path: D:\installs\STM32CubeIDE_1.19.0\STM32CubeIDE\plugins\com.st.stm32cube.common.mx_6.15.0.202507011659
2026-01-07 13:44:07,938 [INFO] MainUpdater:2872 - connection check result : 10
2026-01-07 13:44:07,939 [INFO] MainUpdater:289 - Updater Check For Update Now.
2026-01-07 13:44:07,940 [INFO] MicroXplorer:498 - Change Database Version : DB.6.0.150
2026-01-07 13:44:07,971 [INFO] McuFinderGlobals:63 - Set McuFinder mode to 2 (CubeIDE integrated)
2026-01-07 13:44:07,972 [INFO] UserAuth:171 - activating auth plugin
2026-01-07 13:44:08,014 [INFO] UserAuth:487 - Internet connection configuration mode: 1
2026-01-07 13:44:08,150 [INFO] JxBrowserEngine:152 - Initiate JxBrowser Engine with user profile folder
2026-01-07 13:44:08,276 [INFO] CheckServerUpdateThread:120 - End of CheckServer Thread
2026-01-07 13:44:08,461 [INFO] MainUpdater:2872 - connection check result : 10
2026-01-07 13:44:10,195 [INFO] ApiDb:581 - Connected to CubeFinder SQLite database (C:\Users\22142\.stmcufinder\plugins\mcufinder\mcu\cube-finder-db.db)
2026-01-07 13:44:10,388 [INFO] ApiDb:668 - CubeFinder database Data Model version=2.1
2026-01-07 13:44:10,388 [INFO] ApiDb:669 - CubeFinder database Configuration version=3.0.39
2026-01-07 13:44:10,388 [INFO] ApiDb:670 - CubeFinder database generation date=2025-12-22 (1766407740)
2026-01-07 13:44:10,388 [INFO] ApiDb:671 - CubeFinder database FW Pack versions=[FP-ATR-ASTRA1_V2.0.0, FP-SNS-FLIGHT1_V5.1.0, FP-SNS-MOTENV1_V5.1.0, FP-SNS-MOTENVWB1_V1.4.0, FP-SNS-SMARTAG2_V1.2.0, FP-SNS-STBOX1_V2.1.0, STM32Cube_FW_C0_V1.4.0, STM32Cube_FW_F4_V1.28.3, STM32Cube_FW_F7_V1.17.4, STM32Cube_FW_G0_V1.6.2, STM32Cube_FW_G4_V1.6.1, STM32Cube_FW_H5_V1.5.1, STM32Cube_FW_H7RS_V1.3.0, STM32Cube_FW_H7_V1.12.1, STM32Cube_FW_L0_V1.12.2, STM32Cube_FW_L4_V1.18.1, STM32Cube_FW_L5_V1.6.0, STM32Cube_FW_N6_V1.3.0, STM32Cube_FW_U0_V1.3.0, STM32Cube_FW_U3_V1.2.1, STM32Cube_FW_U5_V1.8.0, STM32Cube_FW_WB0_V1.4.0, STM32Cube_FW_WBA_V1.8.0, STM32Cube_FW_WB_V1.24.0, STM32Cube_FW_WL3_V1.3.0, STM32Cube_FW_WL_V1.4.0, X-CUBE-ALGOBUILD_V1.4.0, X-CUBE-ALS_V1.0.2, X-CUBE-AZRTOS-F4_V1.1.0, X-CUBE-AZRTOS-F7_V1.1.0, X-CUBE-AZRTOS-G0_V1.1.0, X-CUBE-AZRTOS-G4_V2.0.0, X-CUBE-AZRTOS-H7RS_V1.1.0, X-CUBE-AZRTOS-H7_V3.4.0, X-CUBE-AZRTOS-L4_V2.0.0, X-CUBE-AZRTOS-L5_V2.0.0, X-CUBE-AZRTOS-WB_V2.0.0, X-CUBE-AZRTOS-WL_V2.0.0, X-CUBE-BLE1_V7.1.0, X-CUBE-BLE2_V3.3.0, X-CUBE-BLEMGR_V4.1.0, X-CUBE-EEPRMA1_V5.2.0, X-CUBE-FREERTOS_V1.3.1, X-CUBE-GNSS1_V6.0.0, X-CUBE-MEMS1_V12.0.0, X-CUBE-NFC4_V3.0.0, X-CUBE-NFC7_V2.0.0, X-CUBE-SFXS2LP1_V4.0.0, X-CUBE-ST67W61_V1.1.0, X-CUBE-SUBG2_V5.0.0, X-CUBE-TOF1_V3.4.3]
2026-01-07 13:44:10,412 [WARN] PackLoader:240 - Cannot read IP mode file for STMicroelectronics.FP-SNS-MOTENVWB1.1.4.0
2026-01-07 13:44:10,430 [WARN] PackLoader:240 - Cannot read IP mode file for STMicroelectronics.FP-ATR-ASTRA1.2.0.2
2026-01-07 13:44:10,464 [WARN] PackLoader:240 - Cannot read IP mode file for STMicroelectronics.X-CUBE-SMBUS.2.1.0
2026-01-07 13:44:10,483 [WARN] PackLoader:240 - Cannot read IP mode file for STMicroelectronics.X-CUBE-WB05N.1.1.0
2026-01-07 13:44:10,554 [WARN] PackLoader:240 - Cannot read IP mode file for STMicroelectronics.X-CUBE-AZRTOS-F7.1.1.0
2026-01-07 13:44:10,573 [WARN] PackLoader:240 - Cannot read IP mode file for STMicroelectronics.FP-SNS-MOTENV1.5.1.0
2026-01-07 13:44:10,621 [WARN] PackLoader:240 - Cannot read IP mode file for Infineon.AIROC-Wi-Fi-Bluetooth-STM32.1.7.0
2026-01-07 13:44:10,680 [WARN] PackLoader:240 - Cannot read IP mode file for STMicroelectronics.X-CUBE-AZRTOS-H7.3.4.0
2026-01-07 13:44:10,701 [WARN] PackLoader:240 - Cannot read IP mode file for STMicroelectronics.X-CUBE-DISPLAY.3.0.0
2026-01-07 13:44:10,713 [INFO] WebApp:169 - Instantiating new browser for Auth
2026-01-07 13:44:10,722 [WARN] PackLoader:240 - Cannot read IP mode file for STMicroelectronics.X-CUBE-NFC10.1.0.0
2026-01-07 13:44:10,745 [WARN] PackLoader:240 - Cannot read IP mode file for STMicroelectronics.X-CUBE-BLEMGR.4.0.0
2026-01-07 13:44:10,766 [WARN] PackLoader:240 - Cannot read IP mode file for STMicroelectronics.X-CUBE-ST60.1.1.0
2026-01-07 13:44:10,790 [WARN] PackLoader:240 - Cannot read IP mode file for emotas.I-CUBE-CANOPEN.1.3.0
2026-01-07 13:44:10,804 [WARN] PackLoader:240 - Cannot read IP mode file for STMicroelectronics.X-CUBE-GNSS1.7.1.0
2026-01-07 13:44:10,823 [WARN] ConditionMgr:438 - getConditionDescription Invalid condition id : Cortex-A Device cause : null
2026-01-07 13:44:10,848 [WARN] ConditionMgr:1044 - genDependencies : Invalid condition id : Cortex-A Device cause : null
2026-01-07 13:44:10,848 [WARN] ConditionMgr:1044 - genDependencies : Invalid condition id : Cortex-A Device cause : null
2026-01-07 13:44:10,849 [WARN] ConditionMgr:1044 - genDependencies : Invalid condition id : Cortex-A Device cause : null
2026-01-07 13:44:10,858 [WARN] PackLoader:240 - Cannot read IP mode file for STMicroelectronics.X-CUBE-AI.10.0.0
2026-01-07 13:44:10,873 [WARN] PackLoader:240 - Cannot read IP mode file for STMicroelectronics.FP-SNS-STBOX1.2.1.0
2026-01-07 13:44:10,885 [WARN] PackLoader:240 - Cannot read IP mode file for STMicroelectronics.FP-SNS-SMARTAG2.1.2.0
2026-01-07 13:44:10,895 [WARN] PackLoader:240 - Cannot read IP mode file for STMicroelectronics.FP-SNS-FLIGHT1.5.1.0
2026-01-07 13:44:10,980 [WARN] PackLoader:240 - Cannot read IP mode file for STMicroelectronics.X-CUBE-MEMS1.11.1.0
2026-01-07 13:44:11,240 [INFO] LogOutputStream:77 - [STDOUT_REDIRECT] 1 : Invalid condition id : UX_CORESTACK_Condition cause : null
2026-01-07 13:44:11,244 [INFO] LogOutputStream:77 - [STDOUT_REDIRECT] 1 : Invalid condition id : UX_CORESTACK_Condition cause : null
2026-01-07 13:44:11,246 [INFO] LogOutputStream:77 - [STDOUT_REDIRECT] 1 : Invalid condition id : UX_CORESTACK_Condition cause : null
2026-01-07 13:44:11,247 [INFO] LogOutputStream:77 - [STDOUT_REDIRECT] 1 : Invalid condition id : UX_CORESTACK_Condition cause : null
2026-01-07 13:44:11,249 [INFO] LogOutputStream:77 - [STDOUT_REDIRECT] 1 : Invalid condition id : UX_CORESTACK_Condition cause : null
2026-01-07 13:44:11,253 [WARN] PackLoader:240 - Cannot read IP mode file for STMicroelectronics.X-CUBE-AZRTOS-WL.2.0.0
2026-01-07 13:44:11,261 [WARN] PackLoader:240 - Cannot read IP mode file for STMicroelectronics.FP-SNS-MOTENV1.5.0.0
2026-01-07 13:44:11,334 [WARN] PackLoader:240 - Cannot read IP mode file for STMicroelectronics.X-CUBE-AZRTOS-H7RS.1.2.0
2026-01-07 13:44:11,356 [WARN] PackLoader:240 - Cannot read IP mode file for WES.I-CUBE-Cesium.1.3.0
2026-01-07 13:44:11,367 [WARN] PackLoader:240 - Cannot read IP mode file for STMicroelectronics.X-CUBE-BLE2.3.3.0
2026-01-07 13:44:11,430 [WARN] PackLoader:240 - Cannot read IP mode file for STMicroelectronics.X-CUBE-NFC9.1.0.0
2026-01-07 13:44:11,446 [WARN] PackLoader:240 - Cannot read IP mode file for STMicroelectronics.X-CUBE-BLE1.7.1.0
2026-01-07 13:44:11,461 [WARN] PackLoader:240 - Cannot read IP mode file for wolfSSL.I-CUBE-wolfMQTT.1.19.2
2026-01-07 13:44:11,475 [WARN] PackLoader:240 - Cannot read IP mode file for STMicroelectronics.X-CUBE-FREERTOS.1.4.0
2026-01-07 13:44:11,484 [WARN] PackLoader:240 - Cannot read IP mode file for STMicroelectronics.X-CUBE-EEPRMA1.5.2.0
2026-01-07 13:44:11,494 [WARN] PackLoader:240 - Cannot read IP mode file for STMicroelectronics.X-CUBE-ST67W61.1.1.0
2026-01-07 13:44:11,565 [WARN] PackLoader:240 - Cannot read IP mode file for STMicroelectronics.X-CUBE-MEMS1.12.0.0
2026-01-07 13:44:11,693 [WARN] PackLoader:240 - Cannot read IP mode file for STMicroelectronics.X-CUBE-AZRTOS-G0.1.1.0
2026-01-07 13:44:11,704 [WARN] PackLoader:240 - Cannot read IP mode file for STMicroelectronics.X-CUBE-SAFEA1.1.2.2
2026-01-07 13:44:11,713 [WARN] PackLoader:240 - Cannot read IP mode file for STMicroelectronics.X-CUBE-NFC4.3.0.0
2026-01-07 13:44:11,730 [WARN] PackLoader:240 - Cannot read IP mode file for EmbeddedOffice.I-CUBE-FS-RTOS.1.0.1
2026-01-07 13:44:11,741 [WARN] PackLoader:240 - Cannot read IP mode file for STMicroelectronics.X-CUBE-WB05N.2.0.0
2026-01-07 13:44:11,748 [WARN] PackLoader:240 - Cannot read IP mode file for wolfSSL.I-CUBE-wolfTPM.3.8.0
2026-01-07 13:44:11,766 [WARN] PackLoader:240 - Cannot read IP mode file for STMicroelectronics.X-CUBE-TCPP.4.2.0
2026-01-07 13:44:11,776 [WARN] PackLoader:240 - Cannot read IP mode file for RealThread.X-CUBE-RT-Thread_Nano.4.1.1
2026-01-07 13:44:11,791 [WARN] PackLoader:240 - Cannot read IP mode file for STMicroelectronics.FP-ATR-SIGFOX1.3.2.0
2026-01-07 13:44:11,799 [WARN] PackLoader:240 - Cannot read IP mode file for STMicroelectronics.X-CUBE-EEPRMA1.5.1.0
2026-01-07 13:44:11,814 [WARN] PackLoader:240 - Cannot read IP mode file for wolfSSL.I-CUBE-wolfSSL.5.7.6
2026-01-07 13:44:11,830 [WARN] PackLoader:240 - Cannot read IP mode file for ITTIA_DB.I-CUBE-ITTIADB.8.9.0
2026-01-07 13:44:11,836 [WARN] PackLoader:240 - Cannot read IP mode file for STMicroelectronics.X-CUBE-AI.10.2.0
2026-01-07 13:44:11,890 [WARN] PackLoader:240 - Cannot read IP mode file for SEGGER.I-CUBE-embOS.1.3.1
2026-01-07 13:44:11,951 [WARN] PackLoader:240 - Cannot read IP mode file for STMicroelectronics.X-CUBE-ALGOBUILD.1.4.0
2026-01-07 13:44:11,969 [WARN] PackLoader:240 - Cannot read IP mode file for STMicroelectronics.X-CUBE-PM33A1.1.0.0
2026-01-07 13:44:11,994 [WARN] PackLoader:240 - Cannot read IP mode file for STMicroelectronics.X-CUBE-AZRTOS-F4.1.1.0
2026-01-07 13:44:12,003 [WARN] PackLoader:240 - Cannot read IP mode file for STMicroelectronics.X-CUBE-ISPU.2.1.0
2026-01-07 13:44:12,027 [WARN] PackLoader:240 - Cannot read IP mode file for STMicroelectronics.X-CUBE-IPS.3.2.0
2026-01-07 13:44:12,041 [WARN] PackLoader:240 - Cannot read IP mode file for STMicroelectronics.X-CUBE-NFC12.1.0.0
2026-01-07 13:44:12,068 [WARN] PackLoader:240 - Cannot read IP mode file for STMicroelectronics.X-CUBE-AZRTOS-L5.2.0.0
2026-01-07 13:44:12,080 [WARN] PackLoader:240 - Cannot read IP mode file for STMicroelectronics.X-CUBE-NFC6.3.1.0
2026-01-07 13:44:12,089 [WARN] PackLoader:240 - Cannot read IP mode file for STMicroelectronics.X-CUBE-DPower.1.2.0
2026-01-07 13:44:12,094 [WARN] PackLoader:240 - Cannot read IP mode file for STMicroelectronics.X-CUBE-FREERTOS.1.3.0
2026-01-07 13:44:12,101 [WARN] PackLoader:240 - Cannot read IP mode file for STMicroelectronics.X-CUBE-NFC7.1.0.1
2026-01-07 13:44:12,115 [WARN] PackLoader:240 - Cannot read IP mode file for STMicroelectronics.X-CUBE-TOUCHGFX.4.26.0
2026-01-07 13:44:12,121 [WARN] PackLoader:240 - Cannot read IP mode file for STMicroelectronics.FP-SNS-STAIOTCFT.1.0.0
2026-01-07 13:44:12,127 [WARN] PackLoader:240 - Cannot read IP mode file for STMicroelectronics.X-CUBE-DPower.1.3.0
2026-01-07 13:44:12,157 [WARN] ConditionMgr:438 - getConditionDescription Invalid condition id : LAN8742 Phy interface Condition cause : null
2026-01-07 13:44:12,158 [WARN] PackLoader:240 - Cannot read IP mode file for STMicroelectronics.X-CUBE-AZRTOS-L4.2.0.0
2026-01-07 13:44:12,161 [WARN] ConditionMgr:1044 - genDependencies : Invalid condition id : LAN8742 Phy interface Condition cause : null
2026-01-07 13:44:12,161 [WARN] ConditionMgr:1044 - genDependencies : Invalid condition id : LAN8742 Phy interface Condition cause : null
2026-01-07 13:44:12,162 [WARN] ConditionMgr:1044 - genDependencies : Invalid condition id : LAN8742 Phy interface Condition cause : null
2026-01-07 13:44:12,176 [WARN] PackLoader:240 - Cannot read IP mode file for STMicroelectronics.X-CUBE-SFXS2LP1.4.0.0
2026-01-07 13:44:12,203 [WARN] PackLoader:240 - Cannot read IP mode file for STMicroelectronics.X-CUBE-AZRTOS-H7.3.3.0
2026-01-07 13:44:12,222 [WARN] PackLoader:240 - Cannot read IP mode file for STMicroelectronics.X-CUBE-BLEMGR.4.1.0
2026-01-07 13:44:12,246 [WARN] ConditionMgr:438 - getConditionDescription Invalid condition id : UX DEVICE CLASS RTOS Condition cause : null
2026-01-07 13:44:12,246 [WARN] ConditionMgr:438 - getConditionDescription Invalid condition id : UX DEVICE CLASS RTOS Condition cause : null
2026-01-07 13:44:12,250 [WARN] PackLoader:240 - Cannot read IP mode file for STMicroelectronics.X-CUBE-AZRTOS-WB.2.0.0
2026-01-07 13:44:12,251 [WARN] ConditionMgr:1044 - genDependencies : Invalid condition id : UX DEVICE CLASS RTOS Condition cause : null
2026-01-07 13:44:12,251 [WARN] ConditionMgr:1044 - genDependencies : Invalid condition id : UX DEVICE CLASS RTOS Condition cause : null
2026-01-07 13:44:12,252 [WARN] ConditionMgr:1044 - genDependencies : Invalid condition id : UX DEVICE CLASS RTOS Condition cause : null
2026-01-07 13:44:12,252 [WARN] ConditionMgr:1044 - genDependencies : Invalid condition id : UX DEVICE CLASS RTOS Condition cause : null
2026-01-07 13:44:12,252 [WARN] ConditionMgr:1044 - genDependencies : Invalid condition id : UX DEVICE CLASS RTOS Condition cause : null
2026-01-07 13:44:12,260 [WARN] PackLoader:240 - Cannot read IP mode file for STMicroelectronics.X-CUBE-GNSS1.7.0.1
2026-01-07 13:44:12,267 [WARN] PackLoader:240 - Cannot read IP mode file for STMicroelectronics.X-CUBE-TOUCHGFX.4.25.0
2026-01-07 13:44:12,276 [WARN] PackLoader:240 - Cannot read IP mode file for STMicroelectronics.FP-SNS-STBOX1.2.0.0
2026-01-07 13:44:12,294 [WARN] PackLoader:240 - Cannot read IP mode file for STMicroelectronics.X-CUBE-SUBG2.5.0.0
2026-01-07 13:44:12,331 [WARN] PackLoader:240 - Cannot read IP mode file for STMicroelectronics.X-CUBE-AZRTOS-H7RS.1.1.0
2026-01-07 13:44:12,348 [WARN] PackLoader:240 - Cannot read IP mode file for Cesanta.I-CUBE-Mongoose.7.13.0
2026-01-07 13:44:12,370 [WARN] PackLoader:240 - Cannot read IP mode file for STMicroelectronics.X-CUBE-AZRTOS-G4.2.0.0
2026-01-07 13:44:12,381 [WARN] PackLoader:240 - Cannot read IP mode file for wolfSSL.I-CUBE-wolfSSH.1.4.20
2026-01-07 13:44:12,392 [WARN] PackLoader:240 - Cannot read IP mode file for STMicroelectronics.X-CUBE-NFC7.2.0.0
2026-01-07 13:44:12,421 [WARN] PackLoader:240 - Cannot read IP mode file for STMicroelectronics.X-CUBE-IPS.3.1.0
2026-01-07 13:44:12,461 [WARN] PackLoader:240 - Cannot read IP mode file for STMicroelectronics.X-CUBE-ALS.1.0.2
2026-01-07 13:44:12,477 [WARN] PackLoader:240 - Cannot read IP mode file for STMicroelectronics.X-CUBE-STSE01.1.0.0
2026-01-07 13:44:12,489 [WARN] PackLoader:240 - Cannot read IP mode file for portGmbH.I-Cube-SoM-uGOAL.1.1.0
2026-01-07 13:44:12,506 [WARN] PackLoader:240 - Cannot read IP mode file for STMicroelectronics.X-CUBE-TOF1.3.4.2
2026-01-07 13:44:12,532 [WARN] PackLoader:240 - Cannot read IP mode file for STMicroelectronics.X-CUBE-TOF1.3.4.3
2026-01-07 13:44:12,544 [INFO] ThirdParty:978 - Integrity check success = true
2026-01-07 13:44:12,544 [INFO] IntegrityCheckThread:100 - exiting critical section [integrity check]
2026-01-07 13:44:12,544 [INFO] IntegrityCheckThread:103 - End integrity checks thread
2026-01-07 13:44:13,034 [INFO] WebApp:463 - Apply proxy settings
2026-01-07 13:44:13,035 [INFO] WebApp:548 - Chromium requires no authentication
2026-01-07 13:44:13,106 [INFO] WebApp:491 - Direct internet connection detected
2026-01-07 13:44:13,171 [INFO] WebApp:900 - Register for checkConnection events
2026-01-07 13:44:13,171 [INFO] WebApp:463 - Apply proxy settings
2026-01-07 13:44:13,171 [INFO] WebApp:548 - Chromium requires no authentication
2026-01-07 13:44:13,172 [INFO] WebApp:491 - Direct internet connection detected
2026-01-07 13:44:13,672 [INFO] WebApp:225 - Starting web application
2026-01-07 13:44:13,673 [INFO] WebApp:593 - Web application path used D:\installs\STM32CubeIDE_1.19.0\STM32CubeIDE\plugins\com.st.stm32cube.common.mx_6.15.0.202507011659\db\plugins\mcufinder\reactClient1\index.html
2026-01-07 13:44:14,634 [INFO] WebApp:191 - Connection restablished
2026-01-07 13:44:16,663 [INFO] ApiDb:240 - Found 880 in-development CPN: [B-G473E-ZEST1S, B-WB1M-WPAN1, B-WBA5M-WPAN, B-WL5M-SUBG1, NUCLEO-C031C6, NUCLEO-C051C8, NUCLEO-C071RB, NUCLEO-C092RC, NUCLEO-H503RB, NUCLEO-H533RE, NUCLEO-H563ZI, NUCLEO-H7S3L8, NUCLEO-N657X0-Q, NUCLEO-U031R8, NUCLEO-U083RC, NUCLEO-U385RG-Q, NUCLEO-U545RE-Q, NUCLEO-U5A5ZJ-Q, NUCLEO-WB05KZ, NUCLEO-WB07CC, NUCLEO-WB09KE, NUCLEO-WBA52CG, NUCLEO-WBA55CG, NUCLEO-WL33CC1, NUCLEO-WL33CC2, STEVAL-PROTEUS1, STEVAL-SMARTAG2, STEVAL-STWINBX1, STM320518-EVAL, STM32C0116-DK, STM32C011D6Y3TR, STM32C011D6Y6TR, STM32C011F4P3, STM32C011F4P6, STM32C011F4U3, STM32C011F4U6TR, STM32C011F6P3, STM32C011F6P6, STM32C011F6U3, STM32C011F6U6TR, STM32C011J4M3, STM32C011J4M6, STM32C011J6M3, STM32C011J6M6, STM32C0316-DK, STM32C031C4T3, STM32C031C4T6, STM32C031C4U3, STM32C031C4U6, STM32C031C6T3, STM32C031C6T6, STM32C031C6U3, STM32C031C6U6, STM32C031F4P3, STM32C031F4P6, STM32C031F6P3, STM32C031F6P6, STM32C031G4U3, STM32C031G4U6, STM32C031G6U3, STM32C031G6U6, STM32C031K4T3, STM32C031K4T6, STM32C031K4U3, STM32C031K4U6, STM32C031K6T3, STM32C031K6T6, STM32C031K6U3, STM32C031K6U6, STM32C051C6T6, STM32C051C6U6, STM32C051C8T6, STM32C051C8U6, STM32C051D8Y6TR, STM32C051F6P6, STM32C051F8P6, STM32C051G6U6, STM32C051G8U6, STM32C051K6T6, STM32C051K6U6, STM32C051K8T6, STM32C071C8T6, STM32C071C8T6N, STM32C071C8U6, STM32C071C8U6N, STM32C071CBT6, STM32C071CBT6N, STM32C071CBU6, STM32C071CBU6N, STM32C071F8P6, STM32C071F8P6N, STM32C071FBP6, STM32C071FBP6N, STM32C071FBY6TR, STM32C071G8U6, STM32C071G8U6N, STM32C071GBU6, STM32C071GBU6N, STM32C071K8T6, STM32C071K8T6N, STM32C071K8U6, STM32C071K8U6N, STM32C071KBT6, STM32C071KBT6N, STM32C071KBU6, STM32C071KBU6N, STM32C071R8T6, STM32C071R8T6N, STM32C071RBI6N, STM32C071RBT6, STM32C071RBT6N, STM32C091CBT6, STM32C091CBU6, STM32C091CCT6, STM32C091CCU6, STM32C091ECY6TR, STM32C091FBP6, STM32C091FCP6, STM32C091GBU6, STM32C091GCU6, STM32C091KBT6, STM32C091KBU6, STM32C091KCT6, STM32C091KCU6, STM32C091RBT6, STM32C091RCI6, STM32C091RCT6, STM32C092CBT6, STM32C092CBU6, STM32C092CCT6, STM32C092CCU6, STM32C092ECY6TR, STM32C092FBP6, STM32C092FCP6, STM32C092GBU6, STM32C092GCU6, STM32C092KBT6, STM32C092KBU6, STM32C092KCT6, STM32C092KCU6, STM32C092RBT6, STM32C092RCI6, STM32C092RCT6, STM32G071K8TXN, STM32G071K8UXN, STM32G081GBU6N, STM32G081KBT6N, STM32G081KBUXN, STM32G0B1CCT6N, STM32G0B1KCT6, STM32G0B1NEY6TR, STM32G0B1RCT6N, STM32G0C1CCT6, STM32G0C1CCT6N, STM32G0C1CCU6N, STM32G0C1CET6N, STM32G0C1CEU6N, STM32G0C1KCT6, STM32G0C1NEY6TR, STM32G0C1RCI6N, STM32G0C1RCT6N, STM32G0C1REI6N, STM32G0C1RET6N, STM32G0C1VCI6, STM32G0C1VEI6, STM32G411C6T3, STM32G411C6T6, STM32G411C6U3, STM32G411C6U6, STM32G411C8T3, STM32G411C8T6, STM32G411C8U3, STM32G411C8U6, STM32G411CBT3, STM32G411CBT6, STM32G411CBU3, STM32G411CBU6, STM32G411K6T3, STM32G411K6T6, STM32G411K6U3, STM32G411K6U6, STM32G411K8T3, STM32G411K8T6, STM32G411K8U3, STM32G411K8U6, STM32G411KBT3, STM32G411KBT6, STM32G411KBU3, STM32G411KBU6, STM32G411M6T3, STM32G411M6T6, STM32G411M8T3, STM32G411M8T6, STM32G411MBT3, STM32G411MBT6, STM32G411R6T3, STM32G411R6T6, STM32G411R8T3, STM32G411R8T6, STM32G411RBT3, STM32G411RBT6, STM32G414CBT3, STM32G414CBT6, STM32G414CBU3, STM32G414CBU6, STM32G414CCT3, STM32G414CCT6, STM32G414CCU3, STM32G414CCU6, STM32G414MBT3, STM32G414MBT6, STM32G414MCT3, STM32G414MCT6, STM32G414RBT3, STM32G414RBT6, STM32G414RCT3, STM32G414RCT6, STM32G414VBT3, STM32G414VBT6, STM32G414VCT3, STM32G414VCT6, STM32G431CBT3Z, STM32G431RBT3Z, STM32G471CCT6, STM32G471CCU6, STM32G471CET3, STM32G471CET6, STM32G471CEU3, STM32G471CEU6, STM32G471MCT6, STM32G471MET3, STM32G471MET6, STM32G471MEY6TR, STM32G471QCT6, STM32G471QET3, STM32G471RCT6, STM32G471RET3, STM32G471RET6, STM32G471VCH6, STM32G471VCI6, STM32G471VCT6, STM32G471VEH3, STM32G471VEH6, STM32G471VEI3, STM32G471VEI6, STM32G471VET3, STM32G471VET6, STM32G473QET3Z, STM32G473RET3Z, STM32G474CCT6, STM32G491RET3Z, STM32H503CBT6, STM32H503CBU6, STM32H503EBY6TR, STM32H503KBU6, STM32H503RBT6, STM32H523CCT6, STM32H523CCU6, STM32H523CET6, STM32H523CEU6, STM32H523HEY6TR, STM32H523RCT6, STM32H523RET6, STM32H523VCI6, STM32H523VCT6, STM32H523VEI6, STM32H523VET6, STM32H523ZCJ6, STM32H523ZCT6, STM32H523ZEJ6, STM32H523ZET6, STM32H533CET6, STM32H533CEU6, STM32H533HEY6TR, STM32H533RET6, STM32H533VEI6, STM32H533VET6, STM32H533ZEJ6, STM32H533ZET6, STM32H562AGI6, STM32H562AII6, STM32H562IGK6, STM32H562IGT6, STM32H562IIK6, STM32H562IIT6, STM32H562RGT6, STM32H562RGV6, STM32H562RIT6, STM32H562RIV6, STM32H562VGT6, STM32H562VIT6, STM32H562ZGT6, STM32H562ZIT6, STM32H563AGI6, STM32H563AII3Q, STM32H563AII6, STM32H563IGK6, STM32H563IGT6, STM32H563IIK3Q, STM32H563IIK6, STM32H563IIT3Q, STM32H563IIT6, STM32H563MIY3QTR, STM32H563RGT6, STM32H563RGV6, STM32H563RIT6, STM32H563RIV6, STM32H563VGT6, STM32H563VIT3Q, STM32H563VIT6, STM32H563ZGT6, STM32H563ZIT3Q, STM32H563ZIT6, STM32H573AII3Q, STM32H573AII6, STM32H573I-DK, STM32H573IIK3Q, STM32H573IIK6, STM32H573IIT3Q, STM32H573IIT6, STM32H573MIY3QTR, STM32H573RIT6, STM32H573RIV6, STM32H573VIT3Q, STM32H573VIT6, STM32H573ZIT3Q, STM32H573ZIT6, STM32H7R3A8I6, STM32H7R3I8K6, STM32H7R3I8T6, STM32H7R3L8H6, STM32H7R3L8H6H, STM32H7R3R8V6, STM32H7R3V8H6, STM32H7R3V8T6, STM32H7R3V8Y6TR, STM32H7R3Z8J6, STM32H7R3Z8T6, STM32H7R7A8I6, STM32H7R7I8K6, STM32H7R7I8T6, STM32H7R7L8H6, STM32H7R7L8H6H, STM32H7R7Z8J6, STM32H7S3A8I6, STM32H7S3I8K6, STM32H7S3I8T6, STM32H7S3L8H6, STM32H7S3L8H6H, STM32H7S3R8V6, STM32H7S3V8H6, STM32H7S3V8T6, STM32H7S3V8Y6TR, STM32H7S3Z8J6, STM32H7S3Z8T6, STM32H7S78-DK, STM32H7S7A8I6, STM32H7S7I8K6, STM32H7S7I8T6, STM32H7S7L8H6, STM32H7S7L8H6H, STM32H7S7Z8J6, STM32L4R5QGI6STR, STM32MP131AAE3, STM32MP131AAF3, STM32MP131AAG3, STM32MP131CAE3, STM32MP131CAF3, STM32MP131CAG3, STM32MP131DAE7, STM32MP131DAF7, STM32MP131DAG7, STM32MP131FAE7, STM32MP131FAF7, STM32MP131FAG7, STM32MP133AAE3, STM32MP133AAF3, STM32MP133AAG3, STM32MP133CAE3, STM32MP133CAF3, STM32MP133CAG3, STM32MP133DAE7, STM32MP133DAF7, STM32MP133DAG7, STM32MP133FAE7, STM32MP133FAF7, STM32MP133FAG7, STM32MP135AAE3, STM32MP135AAF3, STM32MP135AAG3, STM32MP135CAE3, STM32MP135CAF3, STM32MP135CAG3, STM32MP135DAE7, STM32MP135DAF7, STM32MP135DAG7, STM32MP135F-DK, STM32MP135FAE7, STM32MP135FAF7, STM32MP135FAF7T, STM32MP135FAF7U, STM32MP135FAG7, STM32MP211AAL3, STM32MP211AAM3, STM32MP211AAN3, STM32MP211AAO3, STM32MP211CAL3, STM32MP211CAM3, STM32MP211CAN3, STM32MP211CAO3, STM32MP211DAL3, STM32MP211DAM3, STM32MP211DAN3, STM32MP211DAO3, STM32MP211FAL3, STM32MP211FAM3, STM32MP211FAN3, STM32MP211FAO3, STM32MP213AAL3, STM32MP213AAM3, STM32MP213AAN3, STM32MP213AAO3, STM32MP213CAL3, STM32MP213CAM3, STM32MP213CAN3, STM32MP213CAO3, STM32MP213DAL3, STM32MP213DAM3, STM32MP213DAN3, STM32MP213DAO3, STM32MP213FAL3, STM32MP213FAM3, STM32MP213FAN3, STM32MP213FAO3, STM32MP215AAL3, STM32MP215AAM3, STM32MP215AAN3, STM32MP215AAO3, STM32MP215CAL3, STM32MP215CAM3, STM32MP215CAN3, STM32MP215CAO3, STM32MP215DAL3, STM32MP215DAM3, STM32MP215DAN3, STM32MP215DAO3, STM32MP215F-DK, STM32MP215FAL3, STM32MP215FAM3, STM32MP215FAN3, STM32MP215FAO3, STM32MP231AAJ3, STM32MP231AAK3, STM32MP231AAL3, STM32MP231CAJ3, STM32MP231CAK3, STM32MP231CAL3, STM32MP231DAJ3, STM32MP231DAK3, STM32MP231DAL3, STM32MP231FAJ3, STM32MP231FAK3, STM32MP231FAL3, STM32MP233AAJ3, STM32MP233AAK3, STM32MP233AAL3, STM32MP233CAJ3, STM32MP233CAK3, STM32MP233CAL3, STM32MP233DAJ3, STM32MP233DAK3, STM32MP233DAL3, STM32MP233FAJ3, STM32MP233FAK3, STM32MP233FAL3, STM32MP235AAJ3, STM32MP235AAK3, STM32MP235AAL3, STM32MP235CAJ3, STM32MP235CAK3, STM32MP235CAL3, STM32MP235DAJ3, STM32MP235DAK3, STM32MP235DAL3, STM32MP235FAJ3, STM32MP235FAK3, STM32MP235FAL3, STM32MP251AAI3, STM32MP251AAK3, STM32MP251AAL3, STM32MP251CAI3, STM32MP251CAK3, STM32MP251CAL3, STM32MP251DAI3, STM32MP251DAK3, STM32MP251DAL3, STM32MP251FAI3, STM32MP251FAK3, STM32MP251FAL3, STM32MP253AAI3, STM32MP253AAK3, STM32MP253AAL3, STM32MP253CAI3, STM32MP253CAK3, STM32MP253CAL3, STM32MP253DAI3, STM32MP253DAK3, STM32MP253DAL3, STM32MP253FAI3, STM32MP253FAK3, STM32MP253FAL3, STM32MP255AAI3, STM32MP255AAK3, STM32MP255AAL3, STM32MP255CAI3, STM32MP255CAK3, STM32MP255CAL3, STM32MP255DAI3, STM32MP255DAK3, STM32MP255DAL3, STM32MP255FAI3, STM32MP255FAK3, STM32MP255FAL3, STM32MP257AAI3, STM32MP257AAK3, STM32MP257AAL3, STM32MP257CAI3, STM32MP257CAK3, STM32MP257CAL3, STM32MP257DAI3, STM32MP257DAK3, STM32MP257DAL3, STM32MP257F-DK, STM32MP257F-EV1, STM32MP257FAI3, STM32MP257FAK3, STM32MP257FAL3, STM32N645A0H3Q, STM32N645B0H3Q, STM32N645I0H3Q, STM32N645L0H3Q, STM32N645X0H3Q, STM32N645Z0H3Q, STM32N647A0H3Q, STM32N647B0H3Q, STM32N647I0H3Q, STM32N647L0H3Q, STM32N647X0H3Q, STM32N647Z0H3Q, STM32N655A0H3Q, STM32N655B0H3Q, STM32N655I0H3Q, STM32N655L0H3Q, STM32N655X0H3Q, STM32N655Z0H3Q, STM32N6570-DK, STM32N657A0H3Q, STM32N657B0H3Q, STM32N657I0H3Q, STM32N657L0H3Q, STM32N657X0H3Q, STM32N657Z0H3Q, STM32U031C6T6, STM32U031C6U6, STM32U031C8T6, STM32U031C8U6, STM32U031F4P6, STM32U031F6P6, STM32U031F8P6, STM32U031G6Y6TR, STM32U031G8Y6TR, STM32U031K4U6, STM32U031K6U6, STM32U031K8U6, STM32U031R6I6, STM32U031R6T6, STM32U031R8I6, STM32U031R8T6, STM32U073C8T6, STM32U073C8U6, STM32U073CBT6, STM32U073CBU6, STM32U073CCT6, STM32U073CCU6, STM32U073H8Y6TR, STM32U073HBY6TR, STM32U073HCY6TR, STM32U073K8U6, STM32U073KBU6, STM32U073KCU6, STM32U073M8I6, STM32U073M8T6, STM32U073MBI6, STM32U073MBT6, STM32U073MCI6, STM32U073MCT6, STM32U073R8I6, STM32U073R8T6, STM32U073RBI6, STM32U073RBT6, STM32U073RCI6, STM32U073RCT6, STM32U083C-DK, STM32U083CCT6, STM32U083CCU6, STM32U083HCY6TR, STM32U083KCU6, STM32U083MCI6, STM32U083MCT6, STM32U083RCI6, STM32U083RCT6, STM32U375CET6, STM32U375CET6Q, STM32U375CEU6, STM32U375CEU6Q, STM32U375CEY6QTR, STM32U375CGT6, STM32U375CGT6Q, STM32U375CGU6, STM32U375CGU6Q, STM32U375CGY6QTR, STM32U375KEU6, STM32U375KGU6, STM32U375REI6, STM32U375REI6Q, STM32U375RET6, STM32U375RET6Q, STM32U375REY6GTR, STM32U375REY6QTR, STM32U375RGI6, STM32U375RGI6Q, STM32U375RGT6, STM32U375RGT6Q, STM32U375RGY6GTR, STM32U375RGY6QTR, STM32U375VEI6, STM32U375VEI6Q, STM32U375VET6, STM32U375VET6Q, STM32U375VGI6, STM32U375VGI6Q, STM32U375VGT6, STM32U375VGT6Q, STM32U385CGT6, STM32U385CGT6Q, STM32U385CGU6, STM32U385CGU6Q, STM32U385CGY6QTR, STM32U385KGU6, STM32U385RGI6, STM32U385RGI6Q, STM32U385RGT6, STM32U385RGT6Q, STM32U385RGY6GTR, STM32U385RGY6QTR, STM32U385VGI6, STM32U385VGI6Q, STM32U385VGT6, STM32U385VGT6Q, STM32U535CBT6, STM32U535CBT6Q, STM32U535CBU6, STM32U535CBU6Q, STM32U535CCT6, STM32U535CCT6Q, STM32U535CCU6, STM32U535CCU6Q, STM32U535CET6, STM32U535CET6Q, STM32U535CEU6, STM32U535CEU6Q, STM32U535JEY6QTR, STM32U535NCY6QTR, STM32U535NEY6QTR, STM32U535RBI6, STM32U535RBI6Q, STM32U535RBT6, STM32U535RBT6Q, STM32U535RCI6, STM32U535RCI6Q, STM32U535RCT6, STM32U535RCT6Q, STM32U535REI6, STM32U535REI6Q, STM32U535RET6, STM32U535RET6Q, STM32U535VCI6, STM32U535VCI6Q, STM32U535VCT6, STM32U535VCT6Q, STM32U535VEI6, STM32U535VEI6Q, STM32U535VET6, STM32U535VET6Q, STM32U545CET6, STM32U545CET6Q, STM32U545CEU6, STM32U545CEU6Q, STM32U545JEY6QTR, STM32U545NEY6QTR, STM32U545REI6, STM32U545REI6Q, STM32U545RET6, STM32U545RET6Q, STM32U545VEI6, STM32U545VEI6Q, STM32U545VET6, STM32U545VET6Q, STM32U595AIH6, STM32U595AIH6Q, STM32U595AJH6, STM32U595AJH6Q, STM32U595QII6, STM32U595QII6Q, STM32U595QJI6, STM32U595QJI6Q, STM32U595RIT6, STM32U595RIT6Q, STM32U595RJT6, STM32U595RJT6Q, STM32U595VIT6, STM32U595VIT6Q, STM32U595VJT6, STM32U595VJT6Q, STM32U595ZIT6, STM32U595ZIT6Q, STM32U595ZIY6QTR, STM32U595ZJT6, STM32U595ZJT6Q, STM32U595ZJY6QTR, STM32U599BJY6QTR, STM32U599NIH6Q, STM32U599NJH6Q, STM32U599VIT6Q, STM32U599VJT6, STM32U599VJT6Q, STM32U599ZIT6Q, STM32U599ZIY6QTR, STM32U599ZJT6Q, STM32U599ZJY6QTR, STM32U5A5AJH6, STM32U5A5AJH6Q, STM32U5A5QII3Q , STM32U5A5QJI6, STM32U5A5QJI6Q, STM32U5A5RJT6, STM32U5A5RJT6Q, STM32U5A5VJT6, STM32U5A5VJT6Q, STM32U5A5ZJT6, STM32U5A5ZJT6Q, STM32U5A5ZJY6QTR, STM32U5A9BJY6QTR, STM32U5A9J-DK, STM32U5A9NJH6Q, STM32U5A9VJT6Q, STM32U5A9ZJT6Q, STM32U5A9ZJY6QTR, STM32U5F7VIT6, STM32U5F7VIT6Q, STM32U5F7VJT6, STM32U5F7VJT6Q, STM32U5F9BJY6QTR, STM32U5F9NJH6Q, STM32U5F9VIT6Q, STM32U5F9VJT6Q, STM32U5F9ZIJ6QTR, STM32U5F9ZIT6Q, STM32U5F9ZJJ6QTR, STM32U5F9ZJT6Q, STM32U5G7VJT6, STM32U5G7VJT6Q, STM32U5G9BJY6QTR, STM32U5G9J-DK1, STM32U5G9J-DK2, STM32U5G9NJH6Q, STM32U5G9VJT6Q, STM32U5G9ZJJ6QTR, STM32U5G9ZJT6Q, STM32WB05KZV6TR, STM32WB05KZV7TR, STM32WB05TZF6TR, STM32WB05TZF7TR, STM32WB06CCF6TR, STM32WB06CCF7TR, STM32WB06CCV6TR, STM32WB06CCV7TR, STM32WB06KCV6TR, STM32WB06KCV7TR, STM32WB07CCF6TR, STM32WB07CCF7TR, STM32WB07CCV6TR, STM32WB07CCV7TR, STM32WB07KCV6TR, STM32WB07KCV7TR, STM32WB09KEV6TR, STM32WB09KEV7TR, STM32WB09TEF6TR, STM32WB09TEF7TR, STM32WB1MMCH6, STM32WBA50KGU6, STM32WBA50KGU6TR, STM32WBA52CEU6, STM32WBA52CEU6TR, STM32WBA52CEU7, STM32WBA52CEU7TR, STM32WBA52CGU6, STM32WBA52CGU6TR, STM32WBA52CGU6U, STM32WBA52CGU7, STM32WBA52CGU7TR, STM32WBA52KEU6, STM32WBA52KEU6TR, STM32WBA52KGU6, STM32WBA52KGU6TR, STM32WBA54CEU6, STM32WBA54CEU6TR, STM32WBA54CEU7, STM32WBA54CEU7TR, STM32WBA54CGU6, STM32WBA54CGU6TR, STM32WBA54CGU7, STM32WBA54CGU7TR, STM32WBA54KEU6, STM32WBA54KEU6TR, STM32WBA54KEU7, STM32WBA54KEU7TR, STM32WBA54KGU6, STM32WBA54KGU6TR, STM32WBA54KGU7, STM32WBA54KGU7TR, STM32WBA55CEU6, STM32WBA55CEU6TR, STM32WBA55CEU7, STM32WBA55CEU7TR, STM32WBA55CGU6, STM32WBA55CGU6TR, STM32WBA55CGU6U, STM32WBA55CGU7, STM32WBA55CGU7TR, STM32WBA55G-DK1, STM32WBA55HEF6, STM32WBA55HEF7, STM32WBA55HGF6, STM32WBA55HGF7, STM32WBA55UEI6, STM32WBA55UEI6TR, STM32WBA55UEI7, STM32WBA55UEI7TR, STM32WBA55UGI6, STM32WBA55UGI6TR, STM32WBA55UGI7, STM32WBA55UGI7TR, STM32WBA5MMGH6TR, STM32WBA62MGF6, STM32WBA62MIF6, STM32WBA65MGF7, STM32WBA65MIF6, STM32WBA65MIF7, STM32WL30K8V6, STM32WL30KBV6, STM32WL31C8V6, STM32WL31CBV6, STM32WL31K8V6, STM32WL31KBV6, STM32WL33C8V6, STM32WL33C8V6X, STM32WL33CBV6, STM32WL33CBV6X, STM32WL33CCV6, STM32WL33CCV6A, STM32WL33CCV6X, STM32WL33K8V7, STM32WL33K8V7X, STM32WL33KBV7 , STM32WL33KBV7X, STM32WL33KCV7, STM32WL33KCV7X, STM32WL5MOCH6, STM32WL5MOCH6TR]
2026-01-07 13:44:16,670 [INFO] DbMcus:218 - Found 4876 MCUs, 4876 are supported
2026-01-07 13:44:16,702 [INFO] ApiDb:423 - Load user favorites file C:\Users\22142/.stm32cubeide/favorites.mcus.txt: 0 item(s)
2026-01-07 13:44:16,703 [INFO] ApiDb:427 - User favorites MCUs=[]
2026-01-07 13:44:16,703 [INFO] DbMcus:224 - Set 0 / 0 favorites MCUs
2026-01-07 13:44:17,334 [INFO] ApiDb:668 - CubeFinder database Data Model version=2.1
2026-01-07 13:44:17,335 [INFO] ApiDb:669 - CubeFinder database Configuration version=3.0.39
2026-01-07 13:44:17,335 [INFO] ApiDb:670 - CubeFinder database generation date=2025-12-22 (1766407740)
2026-01-07 13:44:17,335 [INFO] ApiDb:671 - CubeFinder database FW Pack versions=[FP-ATR-ASTRA1_V2.0.0, FP-SNS-FLIGHT1_V5.1.0, FP-SNS-MOTENV1_V5.1.0, FP-SNS-MOTENVWB1_V1.4.0, FP-SNS-SMARTAG2_V1.2.0, FP-SNS-STBOX1_V2.1.0, STM32Cube_FW_C0_V1.4.0, STM32Cube_FW_F4_V1.28.3, STM32Cube_FW_F7_V1.17.4, STM32Cube_FW_G0_V1.6.2, STM32Cube_FW_G4_V1.6.1, STM32Cube_FW_H5_V1.5.1, STM32Cube_FW_H7RS_V1.3.0, STM32Cube_FW_H7_V1.12.1, STM32Cube_FW_L0_V1.12.2, STM32Cube_FW_L4_V1.18.1, STM32Cube_FW_L5_V1.6.0, STM32Cube_FW_N6_V1.3.0, STM32Cube_FW_U0_V1.3.0, STM32Cube_FW_U3_V1.2.1, STM32Cube_FW_U5_V1.8.0, STM32Cube_FW_WB0_V1.4.0, STM32Cube_FW_WBA_V1.8.0, STM32Cube_FW_WB_V1.24.0, STM32Cube_FW_WL3_V1.3.0, STM32Cube_FW_WL_V1.4.0, X-CUBE-ALGOBUILD_V1.4.0, X-CUBE-ALS_V1.0.2, X-CUBE-AZRTOS-F4_V1.1.0, X-CUBE-AZRTOS-F7_V1.1.0, X-CUBE-AZRTOS-G0_V1.1.0, X-CUBE-AZRTOS-G4_V2.0.0, X-CUBE-AZRTOS-H7RS_V1.1.0, X-CUBE-AZRTOS-H7_V3.4.0, X-CUBE-AZRTOS-L4_V2.0.0, X-CUBE-AZRTOS-L5_V2.0.0, X-CUBE-AZRTOS-WB_V2.0.0, X-CUBE-AZRTOS-WL_V2.0.0, X-CUBE-BLE1_V7.1.0, X-CUBE-BLE2_V3.3.0, X-CUBE-BLEMGR_V4.1.0, X-CUBE-EEPRMA1_V5.2.0, X-CUBE-FREERTOS_V1.3.1, X-CUBE-GNSS1_V6.0.0, X-CUBE-MEMS1_V12.0.0, X-CUBE-NFC4_V3.0.0, X-CUBE-NFC7_V2.0.0, X-CUBE-SFXS2LP1_V4.0.0, X-CUBE-ST67W61_V1.1.0, X-CUBE-SUBG2_V5.0.0, X-CUBE-TOF1_V3.4.3]
2026-01-07 13:44:17,460 [INFO] DbBoardsSqlite:226 - include board P-NUCLEO-WB55-NUCLEO as a kit item of type 'Nucleo-64'
2026-01-07 13:44:17,461 [INFO] DbBoardsSqlite:226 - include board P-NUCLEO-WB55-USBDONGLE as a kit item of type 'Nucleo USB Dongle'
2026-01-07 13:44:17,461 [INFO] DbBoardsSqlite:226 - include board STEVAL-IDP005V1 as a kit item of type 'Evaluation Board'
2026-01-07 13:44:17,462 [INFO] DbBoardsSqlite:226 - include board STEVAL-IDP005V2 as a kit item of type 'Evaluation Board'
2026-01-07 13:44:17,619 [INFO] ApiDb:240 - Found 880 in-development CPN: [B-G473E-ZEST1S, B-WB1M-WPAN1, B-WBA5M-WPAN, B-WL5M-SUBG1, NUCLEO-C031C6, NUCLEO-C051C8, NUCLEO-C071RB, NUCLEO-C092RC, NUCLEO-H503RB, NUCLEO-H533RE, NUCLEO-H563ZI, NUCLEO-H7S3L8, NUCLEO-N657X0-Q, NUCLEO-U031R8, NUCLEO-U083RC, NUCLEO-U385RG-Q, NUCLEO-U545RE-Q, NUCLEO-U5A5ZJ-Q, NUCLEO-WB05KZ, NUCLEO-WB07CC, NUCLEO-WB09KE, NUCLEO-WBA52CG, NUCLEO-WBA55CG, NUCLEO-WL33CC1, NUCLEO-WL33CC2, STEVAL-PROTEUS1, STEVAL-SMARTAG2, STEVAL-STWINBX1, STM320518-EVAL, STM32C0116-DK, STM32C011D6Y3TR, STM32C011D6Y6TR, STM32C011F4P3, STM32C011F4P6, STM32C011F4U3, STM32C011F4U6TR, STM32C011F6P3, STM32C011F6P6, STM32C011F6U3, STM32C011F6U6TR, STM32C011J4M3, STM32C011J4M6, STM32C011J6M3, STM32C011J6M6, STM32C0316-DK, STM32C031C4T3, STM32C031C4T6, STM32C031C4U3, STM32C031C4U6, STM32C031C6T3, STM32C031C6T6, STM32C031C6U3, STM32C031C6U6, STM32C031F4P3, STM32C031F4P6, STM32C031F6P3, STM32C031F6P6, STM32C031G4U3, STM32C031G4U6, STM32C031G6U3, STM32C031G6U6, STM32C031K4T3, STM32C031K4T6, STM32C031K4U3, STM32C031K4U6, STM32C031K6T3, STM32C031K6T6, STM32C031K6U3, STM32C031K6U6, STM32C051C6T6, STM32C051C6U6, STM32C051C8T6, STM32C051C8U6, STM32C051D8Y6TR, STM32C051F6P6, STM32C051F8P6, STM32C051G6U6, STM32C051G8U6, STM32C051K6T6, STM32C051K6U6, STM32C051K8T6, STM32C071C8T6, STM32C071C8T6N, STM32C071C8U6, STM32C071C8U6N, STM32C071CBT6, STM32C071CBT6N, STM32C071CBU6, STM32C071CBU6N, STM32C071F8P6, STM32C071F8P6N, STM32C071FBP6, STM32C071FBP6N, STM32C071FBY6TR, STM32C071G8U6, STM32C071G8U6N, STM32C071GBU6, STM32C071GBU6N, STM32C071K8T6, STM32C071K8T6N, STM32C071K8U6, STM32C071K8U6N, STM32C071KBT6, STM32C071KBT6N, STM32C071KBU6, STM32C071KBU6N, STM32C071R8T6, STM32C071R8T6N, STM32C071RBI6N, STM32C071RBT6, STM32C071RBT6N, STM32C091CBT6, STM32C091CBU6, STM32C091CCT6, STM32C091CCU6, STM32C091ECY6TR, STM32C091FBP6, STM32C091FCP6, STM32C091GBU6, STM32C091GCU6, STM32C091KBT6, STM32C091KBU6, STM32C091KCT6, STM32C091KCU6, STM32C091RBT6, STM32C091RCI6, STM32C091RCT6, STM32C092CBT6, STM32C092CBU6, STM32C092CCT6, STM32C092CCU6, STM32C092ECY6TR, STM32C092FBP6, STM32C092FCP6, STM32C092GBU6, STM32C092GCU6, STM32C092KBT6, STM32C092KBU6, STM32C092KCT6, STM32C092KCU6, STM32C092RBT6, STM32C092RCI6, STM32C092RCT6, STM32G071K8TXN, STM32G071K8UXN, STM32G081GBU6N, STM32G081KBT6N, STM32G081KBUXN, STM32G0B1CCT6N, STM32G0B1KCT6, STM32G0B1NEY6TR, STM32G0B1RCT6N, STM32G0C1CCT6, STM32G0C1CCT6N, STM32G0C1CCU6N, STM32G0C1CET6N, STM32G0C1CEU6N, STM32G0C1KCT6, STM32G0C1NEY6TR, STM32G0C1RCI6N, STM32G0C1RCT6N, STM32G0C1REI6N, STM32G0C1RET6N, STM32G0C1VCI6, STM32G0C1VEI6, STM32G411C6T3, STM32G411C6T6, STM32G411C6U3, STM32G411C6U6, STM32G411C8T3, STM32G411C8T6, STM32G411C8U3, STM32G411C8U6, STM32G411CBT3, STM32G411CBT6, STM32G411CBU3, STM32G411CBU6, STM32G411K6T3, STM32G411K6T6, STM32G411K6U3, STM32G411K6U6, STM32G411K8T3, STM32G411K8T6, STM32G411K8U3, STM32G411K8U6, STM32G411KBT3, STM32G411KBT6, STM32G411KBU3, STM32G411KBU6, STM32G411M6T3, STM32G411M6T6, STM32G411M8T3, STM32G411M8T6, STM32G411MBT3, STM32G411MBT6, STM32G411R6T3, STM32G411R6T6, STM32G411R8T3, STM32G411R8T6, STM32G411RBT3, STM32G411RBT6, STM32G414CBT3, STM32G414CBT6, STM32G414CBU3, STM32G414CBU6, STM32G414CCT3, STM32G414CCT6, STM32G414CCU3, STM32G414CCU6, STM32G414MBT3, STM32G414MBT6, STM32G414MCT3, STM32G414MCT6, STM32G414RBT3, STM32G414RBT6, STM32G414RCT3, STM32G414RCT6, STM32G414VBT3, STM32G414VBT6, STM32G414VCT3, STM32G414VCT6, STM32G431CBT3Z, STM32G431RBT3Z, STM32G471CCT6, STM32G471CCU6, STM32G471CET3, STM32G471CET6, STM32G471CEU3, STM32G471CEU6, STM32G471MCT6, STM32G471MET3, STM32G471MET6, STM32G471MEY6TR, STM32G471QCT6, STM32G471QET3, STM32G471RCT6, STM32G471RET3, STM32G471RET6, STM32G471VCH6, STM32G471VCI6, STM32G471VCT6, STM32G471VEH3, STM32G471VEH6, STM32G471VEI3, STM32G471VEI6, STM32G471VET3, STM32G471VET6, STM32G473QET3Z, STM32G473RET3Z, STM32G474CCT6, STM32G491RET3Z, STM32H503CBT6, STM32H503CBU6, STM32H503EBY6TR, STM32H503KBU6, STM32H503RBT6, STM32H523CCT6, STM32H523CCU6, STM32H523CET6, STM32H523CEU6, STM32H523HEY6TR, STM32H523RCT6, STM32H523RET6, STM32H523VCI6, STM32H523VCT6, STM32H523VEI6, STM32H523VET6, STM32H523ZCJ6, STM32H523ZCT6, STM32H523ZEJ6, STM32H523ZET6, STM32H533CET6, STM32H533CEU6, STM32H533HEY6TR, STM32H533RET6, STM32H533VEI6, STM32H533VET6, STM32H533ZEJ6, STM32H533ZET6, STM32H562AGI6, STM32H562AII6, STM32H562IGK6, STM32H562IGT6, STM32H562IIK6, STM32H562IIT6, STM32H562RGT6, STM32H562RGV6, STM32H562RIT6, STM32H562RIV6, STM32H562VGT6, STM32H562VIT6, STM32H562ZGT6, STM32H562ZIT6, STM32H563AGI6, STM32H563AII3Q, STM32H563AII6, STM32H563IGK6, STM32H563IGT6, STM32H563IIK3Q, STM32H563IIK6, STM32H563IIT3Q, STM32H563IIT6, STM32H563MIY3QTR, STM32H563RGT6, STM32H563RGV6, STM32H563RIT6, STM32H563RIV6, STM32H563VGT6, STM32H563VIT3Q, STM32H563VIT6, STM32H563ZGT6, STM32H563ZIT3Q, STM32H563ZIT6, STM32H573AII3Q, STM32H573AII6, STM32H573I-DK, STM32H573IIK3Q, STM32H573IIK6, STM32H573IIT3Q, STM32H573IIT6, STM32H573MIY3QTR, STM32H573RIT6, STM32H573RIV6, STM32H573VIT3Q, STM32H573VIT6, STM32H573ZIT3Q, STM32H573ZIT6, STM32H7R3A8I6, STM32H7R3I8K6, STM32H7R3I8T6, STM32H7R3L8H6, STM32H7R3L8H6H, STM32H7R3R8V6, STM32H7R3V8H6, STM32H7R3V8T6, STM32H7R3V8Y6TR, STM32H7R3Z8J6, STM32H7R3Z8T6, STM32H7R7A8I6, STM32H7R7I8K6, STM32H7R7I8T6, STM32H7R7L8H6, STM32H7R7L8H6H, STM32H7R7Z8J6, STM32H7S3A8I6, STM32H7S3I8K6, STM32H7S3I8T6, STM32H7S3L8H6, STM32H7S3L8H6H, STM32H7S3R8V6, STM32H7S3V8H6, STM32H7S3V8T6, STM32H7S3V8Y6TR, STM32H7S3Z8J6, STM32H7S3Z8T6, STM32H7S78-DK, STM32H7S7A8I6, STM32H7S7I8K6, STM32H7S7I8T6, STM32H7S7L8H6, STM32H7S7L8H6H, STM32H7S7Z8J6, STM32L4R5QGI6STR, STM32MP131AAE3, STM32MP131AAF3, STM32MP131AAG3, STM32MP131CAE3, STM32MP131CAF3, STM32MP131CAG3, STM32MP131DAE7, STM32MP131DAF7, STM32MP131DAG7, STM32MP131FAE7, STM32MP131FAF7, STM32MP131FAG7, STM32MP133AAE3, STM32MP133AAF3, STM32MP133AAG3, STM32MP133CAE3, STM32MP133CAF3, STM32MP133CAG3, STM32MP133DAE7, STM32MP133DAF7, STM32MP133DAG7, STM32MP133FAE7, STM32MP133FAF7, STM32MP133FAG7, STM32MP135AAE3, STM32MP135AAF3, STM32MP135AAG3, STM32MP135CAE3, STM32MP135CAF3, STM32MP135CAG3, STM32MP135DAE7, STM32MP135DAF7, STM32MP135DAG7, STM32MP135F-DK, STM32MP135FAE7, STM32MP135FAF7, STM32MP135FAF7T, STM32MP135FAF7U, STM32MP135FAG7, STM32MP211AAL3, STM32MP211AAM3, STM32MP211AAN3, STM32MP211AAO3, STM32MP211CAL3, STM32MP211CAM3, STM32MP211CAN3, STM32MP211CAO3, STM32MP211DAL3, STM32MP211DAM3, STM32MP211DAN3, STM32MP211DAO3, STM32MP211FAL3, STM32MP211FAM3, STM32MP211FAN3, STM32MP211FAO3, STM32MP213AAL3, STM32MP213AAM3, STM32MP213AAN3, STM32MP213AAO3, STM32MP213CAL3, STM32MP213CAM3, STM32MP213CAN3, STM32MP213CAO3, STM32MP213DAL3, STM32MP213DAM3, STM32MP213DAN3, STM32MP213DAO3, STM32MP213FAL3, STM32MP213FAM3, STM32MP213FAN3, STM32MP213FAO3, STM32MP215AAL3, STM32MP215AAM3, STM32MP215AAN3, STM32MP215AAO3, STM32MP215CAL3, STM32MP215CAM3, STM32MP215CAN3, STM32MP215CAO3, STM32MP215DAL3, STM32MP215DAM3, STM32MP215DAN3, STM32MP215DAO3, STM32MP215F-DK, STM32MP215FAL3, STM32MP215FAM3, STM32MP215FAN3, STM32MP215FAO3, STM32MP231AAJ3, STM32MP231AAK3, STM32MP231AAL3, STM32MP231CAJ3, STM32MP231CAK3, STM32MP231CAL3, STM32MP231DAJ3, STM32MP231DAK3, STM32MP231DAL3, STM32MP231FAJ3, STM32MP231FAK3, STM32MP231FAL3, STM32MP233AAJ3, STM32MP233AAK3, STM32MP233AAL3, STM32MP233CAJ3, STM32MP233CAK3, STM32MP233CAL3, STM32MP233DAJ3, STM32MP233DAK3, STM32MP233DAL3, STM32MP233FAJ3, STM32MP233FAK3, STM32MP233FAL3, STM32MP235AAJ3, STM32MP235AAK3, STM32MP235AAL3, STM32MP235CAJ3, STM32MP235CAK3, STM32MP235CAL3, STM32MP235DAJ3, STM32MP235DAK3, STM32MP235DAL3, STM32MP235FAJ3, STM32MP235FAK3, STM32MP235FAL3, STM32MP251AAI3, STM32MP251AAK3, STM32MP251AAL3, STM32MP251CAI3, STM32MP251CAK3, STM32MP251CAL3, STM32MP251DAI3, STM32MP251DAK3, STM32MP251DAL3, STM32MP251FAI3, STM32MP251FAK3, STM32MP251FAL3, STM32MP253AAI3, STM32MP253AAK3, STM32MP253AAL3, STM32MP253CAI3, STM32MP253CAK3, STM32MP253CAL3, STM32MP253DAI3, STM32MP253DAK3, STM32MP253DAL3, STM32MP253FAI3, STM32MP253FAK3, STM32MP253FAL3, STM32MP255AAI3, STM32MP255AAK3, STM32MP255AAL3, STM32MP255CAI3, STM32MP255CAK3, STM32MP255CAL3, STM32MP255DAI3, STM32MP255DAK3, STM32MP255DAL3, STM32MP255FAI3, STM32MP255FAK3, STM32MP255FAL3, STM32MP257AAI3, STM32MP257AAK3, STM32MP257AAL3, STM32MP257CAI3, STM32MP257CAK3, STM32MP257CAL3, STM32MP257DAI3, STM32MP257DAK3, STM32MP257DAL3, STM32MP257F-DK, STM32MP257F-EV1, STM32MP257FAI3, STM32MP257FAK3, STM32MP257FAL3, STM32N645A0H3Q, STM32N645B0H3Q, STM32N645I0H3Q, STM32N645L0H3Q, STM32N645X0H3Q, STM32N645Z0H3Q, STM32N647A0H3Q, STM32N647B0H3Q, STM32N647I0H3Q, STM32N647L0H3Q, STM32N647X0H3Q, STM32N647Z0H3Q, STM32N655A0H3Q, STM32N655B0H3Q, STM32N655I0H3Q, STM32N655L0H3Q, STM32N655X0H3Q, STM32N655Z0H3Q, STM32N6570-DK, STM32N657A0H3Q, STM32N657B0H3Q, STM32N657I0H3Q, STM32N657L0H3Q, STM32N657X0H3Q, STM32N657Z0H3Q, STM32U031C6T6, STM32U031C6U6, STM32U031C8T6, STM32U031C8U6, STM32U031F4P6, STM32U031F6P6, STM32U031F8P6, STM32U031G6Y6TR, STM32U031G8Y6TR, STM32U031K4U6, STM32U031K6U6, STM32U031K8U6, STM32U031R6I6, STM32U031R6T6, STM32U031R8I6, STM32U031R8T6, STM32U073C8T6, STM32U073C8U6, STM32U073CBT6, STM32U073CBU6, STM32U073CCT6, STM32U073CCU6, STM32U073H8Y6TR, STM32U073HBY6TR, STM32U073HCY6TR, STM32U073K8U6, STM32U073KBU6, STM32U073KCU6, STM32U073M8I6, STM32U073M8T6, STM32U073MBI6, STM32U073MBT6, STM32U073MCI6, STM32U073MCT6, STM32U073R8I6, STM32U073R8T6, STM32U073RBI6, STM32U073RBT6, STM32U073RCI6, STM32U073RCT6, STM32U083C-DK, STM32U083CCT6, STM32U083CCU6, STM32U083HCY6TR, STM32U083KCU6, STM32U083MCI6, STM32U083MCT6, STM32U083RCI6, STM32U083RCT6, STM32U375CET6, STM32U375CET6Q, STM32U375CEU6, STM32U375CEU6Q, STM32U375CEY6QTR, STM32U375CGT6, STM32U375CGT6Q, STM32U375CGU6, STM32U375CGU6Q, STM32U375CGY6QTR, STM32U375KEU6, STM32U375KGU6, STM32U375REI6, STM32U375REI6Q, STM32U375RET6, STM32U375RET6Q, STM32U375REY6GTR, STM32U375REY6QTR, STM32U375RGI6, STM32U375RGI6Q, STM32U375RGT6, STM32U375RGT6Q, STM32U375RGY6GTR, STM32U375RGY6QTR, STM32U375VEI6, STM32U375VEI6Q, STM32U375VET6, STM32U375VET6Q, STM32U375VGI6, STM32U375VGI6Q, STM32U375VGT6, STM32U375VGT6Q, STM32U385CGT6, STM32U385CGT6Q, STM32U385CGU6, STM32U385CGU6Q, STM32U385CGY6QTR, STM32U385KGU6, STM32U385RGI6, STM32U385RGI6Q, STM32U385RGT6, STM32U385RGT6Q, STM32U385RGY6GTR, STM32U385RGY6QTR, STM32U385VGI6, STM32U385VGI6Q, STM32U385VGT6, STM32U385VGT6Q, STM32U535CBT6, STM32U535CBT6Q, STM32U535CBU6, STM32U535CBU6Q, STM32U535CCT6, STM32U535CCT6Q, STM32U535CCU6, STM32U535CCU6Q, STM32U535CET6, STM32U535CET6Q, STM32U535CEU6, STM32U535CEU6Q, STM32U535JEY6QTR, STM32U535NCY6QTR, STM32U535NEY6QTR, STM32U535RBI6, STM32U535RBI6Q, STM32U535RBT6, STM32U535RBT6Q, STM32U535RCI6, STM32U535RCI6Q, STM32U535RCT6, STM32U535RCT6Q, STM32U535REI6, STM32U535REI6Q, STM32U535RET6, STM32U535RET6Q, STM32U535VCI6, STM32U535VCI6Q, STM32U535VCT6, STM32U535VCT6Q, STM32U535VEI6, STM32U535VEI6Q, STM32U535VET6, STM32U535VET6Q, STM32U545CET6, STM32U545CET6Q, STM32U545CEU6, STM32U545CEU6Q, STM32U545JEY6QTR, STM32U545NEY6QTR, STM32U545REI6, STM32U545REI6Q, STM32U545RET6, STM32U545RET6Q, STM32U545VEI6, STM32U545VEI6Q, STM32U545VET6, STM32U545VET6Q, STM32U595AIH6, STM32U595AIH6Q, STM32U595AJH6, STM32U595AJH6Q, STM32U595QII6, STM32U595QII6Q, STM32U595QJI6, STM32U595QJI6Q, STM32U595RIT6, STM32U595RIT6Q, STM32U595RJT6, STM32U595RJT6Q, STM32U595VIT6, STM32U595VIT6Q, STM32U595VJT6, STM32U595VJT6Q, STM32U595ZIT6, STM32U595ZIT6Q, STM32U595ZIY6QTR, STM32U595ZJT6, STM32U595ZJT6Q, STM32U595ZJY6QTR, STM32U599BJY6QTR, STM32U599NIH6Q, STM32U599NJH6Q, STM32U599VIT6Q, STM32U599VJT6, STM32U599VJT6Q, STM32U599ZIT6Q, STM32U599ZIY6QTR, STM32U599ZJT6Q, STM32U599ZJY6QTR, STM32U5A5AJH6, STM32U5A5AJH6Q, STM32U5A5QII3Q , STM32U5A5QJI6, STM32U5A5QJI6Q, STM32U5A5RJT6, STM32U5A5RJT6Q, STM32U5A5VJT6, STM32U5A5VJT6Q, STM32U5A5ZJT6, STM32U5A5ZJT6Q, STM32U5A5ZJY6QTR, STM32U5A9BJY6QTR, STM32U5A9J-DK, STM32U5A9NJH6Q, STM32U5A9VJT6Q, STM32U5A9ZJT6Q, STM32U5A9ZJY6QTR, STM32U5F7VIT6, STM32U5F7VIT6Q, STM32U5F7VJT6, STM32U5F7VJT6Q, STM32U5F9BJY6QTR, STM32U5F9NJH6Q, STM32U5F9VIT6Q, STM32U5F9VJT6Q, STM32U5F9ZIJ6QTR, STM32U5F9ZIT6Q, STM32U5F9ZJJ6QTR, STM32U5F9ZJT6Q, STM32U5G7VJT6, STM32U5G7VJT6Q, STM32U5G9BJY6QTR, STM32U5G9J-DK1, STM32U5G9J-DK2, STM32U5G9NJH6Q, STM32U5G9VJT6Q, STM32U5G9ZJJ6QTR, STM32U5G9ZJT6Q, STM32WB05KZV6TR, STM32WB05KZV7TR, STM32WB05TZF6TR, STM32WB05TZF7TR, STM32WB06CCF6TR, STM32WB06CCF7TR, STM32WB06CCV6TR, STM32WB06CCV7TR, STM32WB06KCV6TR, STM32WB06KCV7TR, STM32WB07CCF6TR, STM32WB07CCF7TR, STM32WB07CCV6TR, STM32WB07CCV7TR, STM32WB07KCV6TR, STM32WB07KCV7TR, STM32WB09KEV6TR, STM32WB09KEV7TR, STM32WB09TEF6TR, STM32WB09TEF7TR, STM32WB1MMCH6, STM32WBA50KGU6, STM32WBA50KGU6TR, STM32WBA52CEU6, STM32WBA52CEU6TR, STM32WBA52CEU7, STM32WBA52CEU7TR, STM32WBA52CGU6, STM32WBA52CGU6TR, STM32WBA52CGU6U, STM32WBA52CGU7, STM32WBA52CGU7TR, STM32WBA52KEU6, STM32WBA52KEU6TR, STM32WBA52KGU6, STM32WBA52KGU6TR, STM32WBA54CEU6, STM32WBA54CEU6TR, STM32WBA54CEU7, STM32WBA54CEU7TR, STM32WBA54CGU6, STM32WBA54CGU6TR, STM32WBA54CGU7, STM32WBA54CGU7TR, STM32WBA54KEU6, STM32WBA54KEU6TR, STM32WBA54KEU7, STM32WBA54KEU7TR, STM32WBA54KGU6, STM32WBA54KGU6TR, STM32WBA54KGU7, STM32WBA54KGU7TR, STM32WBA55CEU6, STM32WBA55CEU6TR, STM32WBA55CEU7, STM32WBA55CEU7TR, STM32WBA55CGU6, STM32WBA55CGU6TR, STM32WBA55CGU6U, STM32WBA55CGU7, STM32WBA55CGU7TR, STM32WBA55G-DK1, STM32WBA55HEF6, STM32WBA55HEF7, STM32WBA55HGF6, STM32WBA55HGF7, STM32WBA55UEI6, STM32WBA55UEI6TR, STM32WBA55UEI7, STM32WBA55UEI7TR, STM32WBA55UGI6, STM32WBA55UGI6TR, STM32WBA55UGI7, STM32WBA55UGI7TR, STM32WBA5MMGH6TR, STM32WBA62MGF6, STM32WBA62MIF6, STM32WBA65MGF7, STM32WBA65MIF6, STM32WBA65MIF7, STM32WL30K8V6, STM32WL30KBV6, STM32WL31C8V6, STM32WL31CBV6, STM32WL31K8V6, STM32WL31KBV6, STM32WL33C8V6, STM32WL33C8V6X, STM32WL33CBV6, STM32WL33CBV6X, STM32WL33CCV6, STM32WL33CCV6A, STM32WL33CCV6X, STM32WL33K8V7, STM32WL33K8V7X, STM32WL33KBV7 , STM32WL33KBV7X, STM32WL33KCV7, STM32WL33KCV7X, STM32WL5MOCH6, STM32WL5MOCH6TR]
2026-01-07 13:44:18,080 [INFO] BoardInfo:889 - No configuration file found for board P-NUCLEO-WB55
2026-01-07 13:44:18,081 [INFO] DbBoards:161 - Kit is not supported: P-NUCLEO-WB55
2026-01-07 13:44:18,090 [INFO] BoardInfo:889 - No configuration file found for board STEVAL-BFA001V1B
2026-01-07 13:44:18,091 [INFO] DbBoards:161 - Kit is not supported: STEVAL-BFA001V1B
2026-01-07 13:44:18,092 [INFO] BoardInfo:889 - No configuration file found for board STEVAL-BFA001V2B
2026-01-07 13:44:18,093 [INFO] DbBoards:161 - Kit is not supported: STEVAL-BFA001V2B
2026-01-07 13:44:18,348 [INFO] DbBoards:168 - Found 212 boards, 209 are supported
2026-01-07 13:44:18,349 [INFO] DbBoards:169 - Found 212 boards, 43 of them is supported for  Bsp
2026-01-07 13:44:18,352 [INFO] ApiDb:414 - User favorites file not found: C:\Users\22142/.stm32cubeide/favorites.boards.txt
2026-01-07 13:44:18,352 [INFO] DbBoards:198 - Set 0 / 0 favorites Boards
2026-01-07 13:44:18,353 [INFO] McuFinderGlobals:76 - Set McuFinderConnectedMode to true
2026-01-07 13:44:18,434 [INFO] MultiScanPanel:200 - Auto-refresh data requested => check proxy status ongoing
2026-01-07 13:44:18,447 [INFO] FinderPluginLoader:96 - Searching for filters in installed packs
2026-01-07 13:44:20,963 [INFO] LoadUrlFilesThread:185 - End of LoadServerUrlFiles without Thread
2026-01-07 13:44:21,011 [INFO] DetailPanel:341 - Set advertising image to C:/Users/22142/STM32Cube/Repository/\en.prom-st67w-expansion-board.png
2026-01-07 13:44:58,021 [INFO] MainUpdater:2872 - connection check result : 10
2026-01-07 13:44:58,022 [INFO] MainUpdater:2872 - connection check result : 10
2026-01-07 13:44:58,142 [INFO] MicroXplorer:468 - Change Database Path : 
2026-01-07 13:44:58,142 [INFO] MicroXplorer:498 - Change Database Version : DB.6.0.150
2026-01-07 13:44:58,151 [WARN] ThirdParty:871 - waiting for thirdparty lock release [close project]
2026-01-07 13:44:58,151 [INFO] ThirdParty:873 - entering critical section [close project]
2026-01-07 13:44:58,164 [INFO] ThirdParty:883 - exiting critical section [close project]
2026-01-07 13:44:58,167 [INFO] PinOutPanel:1589 - setPackage(No Configuration,No Configuration)
2026-01-07 13:44:58,169 [INFO] UtilMem:75 - Begin LoadConfig() Used Memory: 367540936 Bytes (628097024)
2026-01-07 13:44:58,171 [INFO] MicroXplorer:468 - Change Database Path : 
2026-01-07 13:44:58,171 [INFO] MicroXplorer:498 - Change Database Version : DB.6.0.150
2026-01-07 13:44:58,171 [INFO] OpenFileManager:355 - Change cursor
2026-01-07 13:44:58,331 [INFO] Mcu:2029 - Initializing MCU STM32F103C8Tx STM32F103C8Tx STM32F103C8T6
2026-01-07 13:45:00,077 [INFO] Context:786 - Trying to add GPIOservice into a context  which must be forbidden
2026-01-07 13:45:00,617 [INFO] ImportTextPane:234 - (OptionalMessage_ERROR) Unable to find key (Mcu.ThirdPartyNb) in loaded IOC file
2026-01-07 13:45:00,618 [INFO] ImportTextPane:234 - (OptionalMessage_ERROR) Unable to find key (Mcu.PinsNb) in loaded IOC file
2026-01-07 13:45:00,619 [INFO] ImportTextPane:234 - (OptionalMessage_ERROR) Pin0 (VP_RIF_VS_RIF1) cannot be retrieved for this MCU
2026-01-07 13:45:00,619 [INFO] ImportTextPane:234 - (OptionalMessage_ERROR) Unable to find key (Mcu.IPNb) in loaded IOC file
2026-01-07 13:45:00,773 [INFO] RtosManager:558 - Registered RTOS mode: class=CMSIS, group=RTOS, mode=CMSIS_V1, owner=FREERTOS
2026-01-07 13:45:00,773 [INFO] RtosManager:558 - Registered RTOS mode: class=CMSIS, group=RTOS2, mode=CMSIS_V2, owner=FREERTOS
2026-01-07 13:45:00,773 [INFO] RtosManager:558 - Registered RTOS mode: class=RTOS, group=Core, mode=CMSIS_V1, owner=FREERTOS
2026-01-07 13:45:00,773 [INFO] RtosManager:558 - Registered RTOS mode: class=RTOS, group=Core, mode=CMSIS_V2, owner=FREERTOS
2026-01-07 13:45:00,774 [WARN] ModelIntegratedComponent:184 - Missing modes for component STMicroelectronics:FreeRTOS:0.0.1:STMicroelectronics:RTOS:FreeRTOS:Core:::10.2.0:
2026-01-07 13:45:00,790 [WARN] ModelIntegratedComponent:63 - No mode defined for component null
2026-01-07 13:45:00,790 [WARN] ModelIntegratedComponent:63 - No mode defined for component null
2026-01-07 13:45:00,790 [WARN] ModelIntegratedComponent:63 - No mode defined for component null
2026-01-07 13:45:00,790 [WARN] ModelIntegratedComponent:63 - No mode defined for component null
2026-01-07 13:45:00,790 [WARN] ModelIntegratedComponent:63 - No mode defined for component null
2026-01-07 13:45:00,791 [WARN] ModelIntegratedComponent:63 - No mode defined for component null
2026-01-07 13:45:00,791 [WARN] ModelIntegratedComponent:63 - No mode defined for component null
2026-01-07 13:45:00,791 [WARN] ModelIntegratedComponent:63 - No mode defined for component null
2026-01-07 13:45:00,791 [WARN] ModelIntegratedComponent:63 - No mode defined for component null
2026-01-07 13:45:00,791 [WARN] ModelIntegratedComponent:63 - No mode defined for component null
2026-01-07 13:45:00,791 [WARN] ModelIntegratedComponent:63 - No mode defined for component null
2026-01-07 13:45:00,791 [WARN] ModelIntegratedComponent:63 - No mode defined for component null
2026-01-07 13:45:00,791 [WARN] ModelIntegratedComponent:63 - No mode defined for component null
2026-01-07 13:45:00,792 [WARN] ModelIntegratedComponent:63 - No mode defined for component null
2026-01-07 13:45:00,792 [WARN] ModelIntegratedComponent:63 - No mode defined for component null
2026-01-07 13:45:00,792 [WARN] ModelIntegratedComponent:63 - No mode defined for component null
2026-01-07 13:45:00,792 [WARN] ModelIntegratedComponent:63 - No mode defined for component null
2026-01-07 13:45:00,792 [WARN] ModelIntegratedComponent:63 - No mode defined for component null
2026-01-07 13:45:00,792 [WARN] ModelIntegratedComponent:63 - No mode defined for component null
2026-01-07 13:45:00,792 [WARN] ModelIntegratedComponent:63 - No mode defined for component null
2026-01-07 13:45:00,792 [WARN] ModelIntegratedComponent:63 - No mode defined for component null
2026-01-07 13:45:00,792 [WARN] ModelIntegratedComponent:63 - No mode defined for component null
2026-01-07 13:45:00,792 [WARN] ModelIntegratedComponent:63 - No mode defined for component null
2026-01-07 13:45:00,793 [WARN] ModelIntegratedComponent:63 - No mode defined for component null
2026-01-07 13:45:00,793 [WARN] ModelIntegratedComponent:63 - No mode defined for component null
2026-01-07 13:45:00,793 [WARN] ModelIntegratedComponent:63 - No mode defined for component null
2026-01-07 13:45:00,793 [WARN] ModelIntegratedComponent:63 - No mode defined for component null
2026-01-07 13:45:00,793 [WARN] ModelIntegratedComponent:63 - No mode defined for component null
2026-01-07 13:45:00,793 [WARN] ModelIntegratedComponent:63 - No mode defined for component null
2026-01-07 13:45:00,793 [WARN] ModelIntegratedComponent:63 - No mode defined for component null
2026-01-07 13:45:00,793 [WARN] ModelIntegratedComponent:63 - No mode defined for component null
2026-01-07 13:45:00,793 [WARN] ModelIntegratedComponent:63 - No mode defined for component null
2026-01-07 13:45:00,793 [WARN] ModelIntegratedComponent:63 - No mode defined for component null
2026-01-07 13:45:00,793 [WARN] ModelIntegratedComponent:63 - No mode defined for component null
2026-01-07 13:45:00,793 [WARN] ModelIntegratedComponent:63 - No mode defined for component null
2026-01-07 13:45:00,794 [WARN] ModelPack:524 - Component already loaded: STMicroelectronics:HAL Drivers:0.0.0:STMicroelectronics:Device:STMicro_Driver:XSPI:HAL::0.0.1:HAL_XSPI
2026-01-07 13:45:01,114 [INFO] ThirdPartyModel:298 - Start build external matchings
2026-01-07 13:45:03,199 [INFO] ThirdPartyModel:316 - End build external matchings
2026-01-07 13:45:03,549 [INFO] UtilMem:75 - End LoadConfig() Used Memory: 730776768 Bytes (804257792)
2026-01-07 13:45:03,610 [WARN] ThirdParty:833 - waiting for thirdparty lock release [change project]
2026-01-07 13:45:03,610 [INFO] ThirdParty:835 - entering critical section [change project]
2026-01-07 13:45:03,611 [INFO] ThirdParty:1030 - CMSIS Pack Vendor :STMicroelectronics X-CUBE-PM33A1 1.0.0
2026-01-07 13:45:03,611 [INFO] ThirdParty:1030 - CMSIS Pack Vendor :STMicroelectronics USBPD 4.1
2026-01-07 13:45:03,611 [INFO] ThirdParty:1030 - CMSIS Pack Vendor :STMicroelectronics USB_HOST 2.0.0
2026-01-07 13:45:03,611 [INFO] ThirdParty:1030 - CMSIS Pack Vendor :STMicroelectronics FP-SNS-MOTENVWB1 1.4.0
2026-01-07 13:45:03,611 [INFO] ThirdParty:1030 - CMSIS Pack Vendor :STMicroelectronics X-CUBE-AZRTOS-F4 1.1.0
2026-01-07 13:45:03,611 [INFO] ThirdParty:1030 - CMSIS Pack Vendor :STMicroelectronics LIBJPEG 8.0.0
2026-01-07 13:45:03,611 [INFO] ThirdParty:1030 - CMSIS Pack Vendor :STMicroelectronics FP-ATR-ASTRA1 2.0.2
2026-01-07 13:45:03,611 [INFO] ThirdParty:1030 - CMSIS Pack Vendor :STMicroelectronics X-CUBE-SMBUS 2.1.0
2026-01-07 13:45:03,611 [INFO] ThirdParty:1030 - CMSIS Pack Vendor :STMicroelectronics X-CUBE-WB05N 1.1.0
2026-01-07 13:45:03,611 [INFO] ThirdParty:1030 - CMSIS Pack Vendor :STMicroelectronics X-CUBE-ISPU 2.1.0
2026-01-07 13:45:03,612 [INFO] ThirdParty:1030 - CMSIS Pack Vendor :STMicroelectronics X-CUBE-IPS 3.2.0
2026-01-07 13:45:03,612 [INFO] ThirdParty:1030 - CMSIS Pack Vendor :STMicroelectronics X-CUBE-NFC12 1.0.0
2026-01-07 13:45:03,612 [INFO] ThirdParty:1030 - CMSIS Pack Vendor :STMicroelectronics X-CUBE-AZRTOS-F7 1.1.0
2026-01-07 13:45:03,612 [INFO] ThirdParty:1030 - CMSIS Pack Vendor :STMicroelectronics X-CUBE-AZRTOS-L5 2.0.0
2026-01-07 13:45:03,612 [INFO] ThirdParty:1030 - CMSIS Pack Vendor :STMicroelectronics USB_DEVICE 2.0.0
2026-01-07 13:45:03,612 [INFO] ThirdParty:1030 - CMSIS Pack Vendor :STMicroelectronics X-CUBE-NFC6 3.1.0
2026-01-07 13:45:03,612 [INFO] ThirdParty:1030 - CMSIS Pack Vendor :STMicroelectronics FP-SNS-MOTENV1 5.1.0
2026-01-07 13:45:03,612 [INFO] ThirdParty:1030 - CMSIS Pack Vendor :STMicroelectronics FreeRTOS 0.0.1
2026-01-07 13:45:03,612 [INFO] ThirdParty:1030 - CMSIS Pack Vendor :STMicroelectronics X-CUBE-DPower 1.2.0
2026-01-07 13:45:03,612 [INFO] ThirdParty:1030 - CMSIS Pack Vendor :Infineon AIROC-Wi-Fi-Bluetooth-STM32 1.7.0
2026-01-07 13:45:03,612 [INFO] ThirdParty:1030 - CMSIS Pack Vendor :STMicroelectronics PDM2PCM 3.3.0
2026-01-07 13:45:03,612 [INFO] ThirdParty:1030 - CMSIS Pack Vendor :STMicroelectronics X-CUBE-AZRTOS-H7 3.4.0
2026-01-07 13:45:03,612 [INFO] ThirdParty:1030 - CMSIS Pack Vendor :STMicroelectronics X-CUBE-DISPLAY 3.0.0
2026-01-07 13:45:03,612 [INFO] ThirdParty:1030 - CMSIS Pack Vendor :STMicroelectronics X-CUBE-NFC10 1.0.0
2026-01-07 13:45:03,613 [INFO] ThirdParty:1030 - CMSIS Pack Vendor :STMicroelectronics X-CUBE-BLEMGR 4.0.0
2026-01-07 13:45:03,613 [INFO] ThirdParty:1030 - CMSIS Pack Vendor :STMicroelectronics HAL Drivers 0.0.0
2026-01-07 13:45:03,613 [INFO] ThirdParty:1030 - CMSIS Pack Vendor :STMicroelectronics X-CUBE-ST60 1.1.0
2026-01-07 13:45:03,613 [INFO] ThirdParty:1030 - CMSIS Pack Vendor :emotas I-CUBE-CANOPEN 1.3.0
2026-01-07 13:45:03,613 [INFO] ThirdParty:1030 - CMSIS Pack Vendor :STMicroelectronics X-CUBE-FREERTOS 1.3.0
2026-01-07 13:45:03,613 [INFO] ThirdParty:1030 - CMSIS Pack Vendor :STMicroelectronics X-CUBE-NFC7 1.0.1
2026-01-07 13:45:03,613 [INFO] ThirdParty:1030 - CMSIS Pack Vendor :STMicroelectronics MBEDTLS 2.14.1
2026-01-07 13:45:03,613 [INFO] ThirdParty:1030 - CMSIS Pack Vendor :STMicroelectronics X-CUBE-GNSS1 7.1.0
2026-01-07 13:45:03,613 [INFO] ThirdParty:1030 - CMSIS Pack Vendor :STMicroelectronics X-CUBE-TOUCHGFX 4.26.0
2026-01-07 13:45:03,613 [INFO] ThirdParty:1030 - CMSIS Pack Vendor :quantropi X-CUBE-qispace-sdk-base 2.0.0
2026-01-07 13:45:03,613 [INFO] ThirdParty:1030 - CMSIS Pack Vendor :STMicroelectronics X-CUBE-AI 10.0.0
2026-01-07 13:45:03,613 [INFO] ThirdParty:1030 - CMSIS Pack Vendor :STMicroelectronics FP-SNS-STBOX1 2.1.0
2026-01-07 13:45:03,613 [INFO] ThirdParty:1030 - CMSIS Pack Vendor :STMicroelectronics FP-SNS-STAIOTCFT 1.0.0
2026-01-07 13:45:03,614 [INFO] ThirdParty:1030 - CMSIS Pack Vendor :STMicroelectronics FP-SNS-SMARTAG2 1.2.0
2026-01-07 13:45:03,614 [INFO] ThirdParty:1030 - CMSIS Pack Vendor :STMicroelectronics FP-SNS-FLIGHT1 5.1.0
2026-01-07 13:45:03,614 [INFO] ThirdParty:1030 - CMSIS Pack Vendor :STMicroelectronics X-CUBE-MEMS1 11.1.0
2026-01-07 13:45:03,614 [INFO] ThirdParty:1030 - CMSIS Pack Vendor :STMicroelectronics X-CUBE-AZRTOS-WL 2.0.0
2026-01-07 13:45:03,614 [INFO] ThirdParty:1030 - CMSIS Pack Vendor :STMicroelectronics X-CUBE-DPower 1.3.0
2026-01-07 13:45:03,614 [INFO] ThirdParty:1030 - CMSIS Pack Vendor :STMicroelectronics FP-SNS-MOTENV1 5.0.0
2026-01-07 13:45:03,614 [INFO] ThirdParty:1030 - CMSIS Pack Vendor :STMicroelectronics USB_DEVICE 1.0.0
2026-01-07 13:45:03,614 [INFO] ThirdParty:1030 - CMSIS Pack Vendor :STMicroelectronics X-CUBE-AZRTOS-H7RS 1.2.0
2026-01-07 13:45:03,614 [INFO] ThirdParty:1030 - CMSIS Pack Vendor :STMicroelectronics X-CUBE-AZRTOS-L4 2.0.0
2026-01-07 13:45:03,614 [INFO] ThirdParty:1030 - CMSIS Pack Vendor :STMicroelectronics ThreadX 0.0.2
2026-01-07 13:45:03,614 [INFO] ThirdParty:1030 - CMSIS Pack Vendor :WES I-CUBE-Cesium 1.3.0
2026-01-07 13:45:03,614 [INFO] ThirdParty:1030 - CMSIS Pack Vendor :STMicroelectronics lwIP 2.1.2
2026-01-07 13:45:03,615 [INFO] ThirdParty:1030 - CMSIS Pack Vendor :STMicroelectronics X-CUBE-SFXS2LP1 4.0.0
2026-01-07 13:45:03,615 [INFO] ThirdParty:1030 - CMSIS Pack Vendor :STMicroelectronics X-CUBE-BLE2 3.3.0
2026-01-07 13:45:03,615 [INFO] ThirdParty:1030 - CMSIS Pack Vendor :Avnet-IOTCONNECT X-CUBE-iotc-st67-sdk 1.0.0
2026-01-07 13:45:03,615 [INFO] ThirdParty:1030 - CMSIS Pack Vendor :STMicroelectronics PDM2PCM 3.2.0
2026-01-07 13:45:03,615 [INFO] ThirdParty:1030 - CMSIS Pack Vendor :STMicroelectronics X-CUBE-AZRTOS-H7 3.3.0
2026-01-07 13:45:03,615 [INFO] ThirdParty:1030 - CMSIS Pack Vendor :STMicroelectronics X-CUBE-NFC9 1.0.0
2026-01-07 13:45:03,615 [INFO] ThirdParty:1030 - CMSIS Pack Vendor :STMicroelectronics X-CUBE-BLE1 7.1.0
2026-01-07 13:45:03,615 [INFO] ThirdParty:1030 - CMSIS Pack Vendor :wolfSSL I-CUBE-wolfMQTT 1.19.2
2026-01-07 13:45:03,615 [INFO] ThirdParty:1030 - CMSIS Pack Vendor :STMicroelectronics USB_DEVICE 3.0.0
2026-01-07 13:45:03,615 [INFO] ThirdParty:1030 - CMSIS Pack Vendor :STMicroelectronics X-CUBE-FREERTOS 1.4.0
2026-01-07 13:45:03,615 [INFO] ThirdParty:1030 - CMSIS Pack Vendor :STMicroelectronics X-CUBE-EEPRMA1 5.2.0
2026-01-07 13:45:03,615 [INFO] ThirdParty:1030 - CMSIS Pack Vendor :STMicroelectronics X-CUBE-BLEMGR 4.1.0
2026-01-07 13:45:03,615 [INFO] ThirdParty:1030 - CMSIS Pack Vendor :STMicroelectronics X-CUBE-AZRTOS-WB 2.0.0
2026-01-07 13:45:03,615 [INFO] ThirdParty:1030 - CMSIS Pack Vendor :STMicroelectronics X-CUBE-GNSS1 7.0.1
2026-01-07 13:45:03,616 [INFO] ThirdParty:1030 - CMSIS Pack Vendor :STMicroelectronics X-CUBE-TOUCHGFX 4.25.0
2026-01-07 13:45:03,616 [INFO] ThirdParty:1030 - CMSIS Pack Vendor :STMicroelectronics X-CUBE-ST67W61 1.1.0
2026-01-07 13:45:03,616 [INFO] ThirdParty:1030 - CMSIS Pack Vendor :STMicroelectronics FP-SNS-STBOX1 2.0.0
2026-01-07 13:45:03,616 [INFO] ThirdParty:1030 - CMSIS Pack Vendor :STMicroelectronics X-CUBE-MEMS1 12.0.0
2026-01-07 13:45:03,616 [INFO] ThirdParty:1030 - CMSIS Pack Vendor :STMicroelectronics X-CUBE-AZRTOS-G0 1.1.0
2026-01-07 13:45:03,616 [INFO] ThirdParty:1030 - CMSIS Pack Vendor :STMicroelectronics X-CUBE-SAFEA1 1.2.2
2026-01-07 13:45:03,616 [INFO] ThirdParty:1030 - CMSIS Pack Vendor :STMicroelectronics X-CUBE-NFC4 3.0.0
2026-01-07 13:45:03,616 [INFO] ThirdParty:1030 - CMSIS Pack Vendor :STMicroelectronics X-CUBE-SUBG2 5.0.0
2026-01-07 13:45:03,616 [INFO] ThirdParty:1030 - CMSIS Pack Vendor :STMicroelectronics X-CUBE-AZRTOS-H7RS 1.1.0
2026-01-07 13:45:03,616 [INFO] ThirdParty:1030 - CMSIS Pack Vendor :STMicroelectronics STM32_WPAN 1.0.0
2026-01-07 13:45:03,616 [INFO] ThirdParty:1030 - CMSIS Pack Vendor :EmbeddedOffice I-CUBE-FS-RTOS 1.0.1
2026-01-07 13:45:03,616 [INFO] ThirdParty:1030 - CMSIS Pack Vendor :STMicroelectronics lwIP 2.0.3
2026-01-07 13:45:03,616 [INFO] ThirdParty:1030 - CMSIS Pack Vendor :Cesanta I-CUBE-Mongoose 7.13.0
2026-01-07 13:45:03,616 [INFO] ThirdParty:1030 - CMSIS Pack Vendor :STMicroelectronics USB_HOST 1.0.0
2026-01-07 13:45:03,617 [INFO] ThirdParty:1030 - CMSIS Pack Vendor :STMicroelectronics X-CUBE-AZRTOS-G4 2.0.0
2026-01-07 13:45:03,617 [INFO] ThirdParty:1030 - CMSIS Pack Vendor :STMicroelectronics X-CUBE-WB05N 2.0.0
2026-01-07 13:45:03,617 [INFO] ThirdParty:1030 - CMSIS Pack Vendor :STMicroelectronics PDM2PCM 3.1.0
2026-01-07 13:45:03,617 [INFO] ThirdParty:1030 - CMSIS Pack Vendor :wolfSSL I-CUBE-wolfTPM 3.8.0
2026-01-07 13:45:03,617 [INFO] ThirdParty:1030 - CMSIS Pack Vendor :wolfSSL I-CUBE-wolfSSH 1.4.20
2026-01-07 13:45:03,617 [INFO] ThirdParty:1030 - CMSIS Pack Vendor :STMicroelectronics X-CUBE-NFC7 2.0.0
2026-01-07 13:45:03,617 [INFO] ThirdParty:1030 - CMSIS Pack Vendor :STMicroelectronics X-CUBE-TCPP 4.2.0
2026-01-07 13:45:03,617 [INFO] ThirdParty:1030 - CMSIS Pack Vendor :RealThread X-CUBE-RT-Thread_Nano 4.1.1
2026-01-07 13:45:03,617 [INFO] ThirdParty:1030 - CMSIS Pack Vendor :STMicroelectronics FP-ATR-SIGFOX1 3.2.0
2026-01-07 13:45:03,617 [INFO] ThirdParty:1030 - CMSIS Pack Vendor :STMicroelectronics X-CUBE-EEPRMA1 5.1.0
2026-01-07 13:45:03,617 [INFO] ThirdParty:1030 - CMSIS Pack Vendor :STMicroelectronics MBEDTLS 2.16.2
2026-01-07 13:45:03,617 [INFO] ThirdParty:1030 - CMSIS Pack Vendor :STMicroelectronics X-CUBE-IPS 3.1.0
2026-01-07 13:45:03,617 [INFO] ThirdParty:1030 - CMSIS Pack Vendor :STMicroelectronics X-CUBE-ALS 1.0.2
2026-01-07 13:45:03,617 [INFO] ThirdParty:1030 - CMSIS Pack Vendor :wolfSSL I-CUBE-wolfSSL 5.7.6
2026-01-07 13:45:03,619 [INFO] ThirdParty:1030 - CMSIS Pack Vendor :ITTIA_DB I-CUBE-ITTIADB 8.9.0
2026-01-07 13:45:03,619 [INFO] ThirdParty:1030 - CMSIS Pack Vendor :STMicroelectronics X-CUBE-STSE01 1.0.0
2026-01-07 13:45:03,619 [INFO] ThirdParty:1030 - CMSIS Pack Vendor :portGmbH I-Cube-SoM-uGOAL 1.1.0
2026-01-07 13:45:03,619 [INFO] ThirdParty:1030 - CMSIS Pack Vendor :STMicroelectronics X-CUBE-AI 10.2.0
2026-01-07 13:45:03,619 [INFO] ThirdParty:1030 - CMSIS Pack Vendor :STMicroelectronics ThreadX 1.0.0
2026-01-07 13:45:03,619 [INFO] ThirdParty:1030 - CMSIS Pack Vendor :SEGGER I-CUBE-embOS 1.3.1
2026-01-07 13:45:03,619 [INFO] ThirdParty:1030 - CMSIS Pack Vendor :STMicroelectronics X-CUBE-ALGOBUILD 1.4.0
2026-01-07 13:45:03,620 [INFO] ThirdParty:1030 - CMSIS Pack Vendor :STMicroelectronics X-CUBE-TOF1 3.4.2
2026-01-07 13:45:03,620 [INFO] ThirdParty:1030 - CMSIS Pack Vendor :STMicroelectronics X-CUBE-TOF1 3.4.3
2026-01-07 13:45:03,642 [INFO] ThirdParty:841 - exiting critical section [change project]
2026-01-07 13:45:04,315 [INFO] PinOutPanel:1589 - setPackage(No Configuration,No Configuration)
2026-01-07 13:45:04,317 [INFO] PinOutPanel:1589 - setPackage(STM32F103C8Tx,LQFP48)
2026-01-07 13:45:05,088 [INFO] UtilMem:75 - Before build in PCC Used Memory: 550522512 Bytes (804257792)
2026-01-07 13:45:06,802 [INFO] UtilMem:75 - After build in PCC Used Memory: 667763776 Bytes (804257792)
2026-01-07 13:45:06,845 [INFO] IPUIPlugin:80 - create IPUIPlugin
2026-01-07 13:45:06,845 [INFO] IPUIPlugin:80 - create IPUIPlugin
2026-01-07 13:45:06,845 [INFO] IPUIPlugin:80 - create IPUIPlugin
2026-01-07 13:45:06,846 [INFO] IPUIPlugin:80 - create IPUIPlugin
2026-01-07 13:45:06,846 [INFO] IPUIPlugin:80 - create IPUIPlugin
2026-01-07 13:45:06,846 [INFO] IPUIPlugin:80 - create IPUIPlugin
2026-01-07 13:45:06,846 [INFO] IPUIPlugin:80 - create IPUIPlugin
2026-01-07 13:45:06,847 [INFO] IPUIPlugin:80 - create IPUIPlugin
2026-01-07 13:45:06,847 [INFO] IPUIPlugin:80 - create IPUIPlugin
2026-01-07 13:45:06,848 [INFO] IPUIPlugin:80 - create IPUIPlugin
2026-01-07 13:45:06,848 [INFO] IPUIPlugin:80 - create IPUIPlugin
2026-01-07 13:45:06,848 [INFO] IPUIPlugin:80 - create IPUIPlugin
2026-01-07 13:45:06,848 [INFO] IPUIPlugin:80 - create IPUIPlugin
2026-01-07 13:45:06,849 [INFO] IPUIPlugin:80 - create IPUIPlugin
2026-01-07 13:45:06,849 [INFO] IPUIPlugin:80 - create IPUIPlugin
2026-01-07 13:45:06,849 [INFO] IPUIPlugin:80 - create IPUIPlugin
2026-01-07 13:45:06,849 [INFO] IPUIPlugin:80 - create IPUIPlugin
2026-01-07 13:45:06,849 [INFO] IPUIPlugin:80 - create IPUIPlugin
2026-01-07 13:45:06,851 [INFO] IPUIPlugin:80 - create IPUIPlugin
2026-01-07 13:45:06,851 [INFO] IPUIPlugin:80 - create IPUIPlugin
2026-01-07 13:45:06,851 [INFO] IPUIPlugin:80 - create IPUIPlugin
2026-01-07 13:45:06,852 [INFO] IPUIPlugin:80 - create IPUIPlugin
2026-01-07 13:45:06,852 [INFO] IPUIPlugin:80 - create IPUIPlugin
2026-01-07 13:45:06,852 [INFO] IPUIPlugin:80 - create IPUIPlugin
2026-01-07 13:45:06,852 [INFO] IPUIPlugin:80 - create IPUIPlugin
2026-01-07 13:45:06,853 [INFO] IPUIPlugin:80 - create IPUIPlugin
2026-01-07 13:45:06,853 [INFO] IPUIPlugin:80 - create IPUIPlugin
2026-01-07 13:45:07,236 [INFO] CADModel:165 - CPN selected for project levelSTM32F103C8T6
2026-01-07 13:45:07,237 [INFO] CADModel:114 - Register for checkConnection events
2026-01-07 13:45:07,301 [INFO] OpenFileManager:386 - Restore cursor
2026-01-07 13:45:08,812 [INFO] UtilMem:75 - End SaveConfig() Used Memory: 692867880 Bytes (804257792)
2026-01-07 13:45:08,911 [INFO] UtilMem:75 - End SaveConfig() Used Memory: 717028880 Bytes (804257792)
2026-01-07 13:45:09,698 [INFO] BlockDiagram:2775 - set Specific Code input for plugin: NVIC
2026-01-07 13:45:09,698 [INFO] BlockDiagram:2775 - set Specific Code input for plugin: RCC
2026-01-07 13:45:09,700 [INFO] CodeGenerator:892 - code generatio: config db path: D:\installs\STM32CubeIDE_1.19.0\STM32CubeIDE\plugins\com.st.stm32cube.common.mx_6.15.0.202507011659\\db\
2026-01-07 13:45:10,240 [INFO] CodeEngine:265 - oldGeneratedFile, D:\projects\stm32_cube_ide\lora\MXTmpFiles\license.tmp_save
2026-01-07 13:45:11,201 [INFO] CodeEngine:289 - Generated code: D:\projects\stm32_cube_ide\lora\MXTmpFiles\license.tmp
2026-01-07 13:45:11,286 [INFO] CodeEngine:265 - oldGeneratedFile, D:\projects\stm32_cube_ide\lora\Core\Src\stm32f1xx_it.c_save
2026-01-07 13:45:11,524 [INFO] CodeEngine:289 - Generated code: D:\projects\stm32_cube_ide\lora\Core\Src\stm32f1xx_it.c
2026-01-07 13:45:11,531 [INFO] CodeEngine:265 - oldGeneratedFile, D:\projects\stm32_cube_ide\lora\Core\Inc\stm32f1xx_it.h_save
2026-01-07 13:45:11,687 [INFO] CodeEngine:289 - Generated code: D:\projects\stm32_cube_ide\lora\Core\Inc\stm32f1xx_it.h
2026-01-07 13:45:12,041 [INFO] CodeEngine:265 - oldGeneratedFile, D:\projects\stm32_cube_ide\lora\Core\Src\stm32f1xx_hal_msp.c_save
2026-01-07 13:45:12,249 [INFO] CodeEngine:289 - Generated code: D:\projects\stm32_cube_ide\lora\Core\Src\stm32f1xx_hal_msp.c
2026-01-07 13:45:12,256 [INFO] CodeEngine:265 - oldGeneratedFile, D:\projects\stm32_cube_ide\lora\MXTmpFiles\system.tmp_save
2026-01-07 13:45:12,366 [INFO] CodeEngine:289 - Generated code: D:\projects\stm32_cube_ide\lora\MXTmpFiles\system.tmp
2026-01-07 13:45:12,396 [INFO] CodeEngine:321 - oldGeneratedFile, D:\projects\stm32_cube_ide\lora\Core\Inc\stm32f1xx_hal_conf.h_save
2026-01-07 13:45:12,570 [INFO] CodeEngine:345 - Generated code: D:\projects\stm32_cube_ide\lora\Core\Inc\stm32f1xx_hal_conf.h
2026-01-07 13:45:12,723 [INFO] ApiDbMcu:532 - Load IP Config File for RCC
2026-01-07 13:45:12,768 [INFO] CodeEngine:265 - oldGeneratedFile, D:\projects\stm32_cube_ide\lora\Core\Inc\main.h_save
2026-01-07 13:45:12,962 [INFO] CodeEngine:289 - Generated code: D:\projects\stm32_cube_ide\lora\Core\Inc\main.h
2026-01-07 13:45:12,970 [INFO] CodeEngine:265 - oldGeneratedFile, D:\projects\stm32_cube_ide\lora\Core\Src\main.c_save
2026-01-07 13:45:13,177 [INFO] CodeEngine:289 - Generated code: D:\projects\stm32_cube_ide\lora\Core\Src\main.c
2026-01-07 13:45:13,761 [INFO] ProjectBuilder:3606 - Time for Copy HAL[1] : 238mS.
2026-01-07 13:45:13,770 [INFO] ProjectBuilder:5216 - Project Generator version: 4.7.0-B52
2026-01-07 13:45:14,052 [INFO] ConfigFileManager:1595 - The Die is : DIE410
2026-01-07 13:45:14,228 [INFO] ApiDbMcu:532 - Load IP Config File for FATFS
2026-01-07 13:45:14,312 [INFO] ApiDbMcu:532 - Load IP Config File for FREERTOS
2026-01-07 13:45:14,396 [INFO] ApiDbMcu:532 - Load IP Config File for USB_DEVICE
2026-01-07 13:45:15,120 [INFO] LogOutputStream:77 - [STDOUT_REDIRECT] 
2026-01-07 13:45:21,030 [INFO] ProjectBuilder:5496 - Time for Generating toolchain IDE Files: 7259mS.
2026-01-07 13:45:21,032 [INFO] ProjectBuilder:3463 - Time for Copy CMSIS : 1mS.
2026-01-07 13:45:21,035 [INFO] ProjectBuilder:3463 - Time for Copy CMSIS : 0mS.
2026-01-07 13:45:22,234 [INFO] McuFinderGlobals:76 - Set McuFinderConnectedMode to true
2026-01-07 13:45:22,239 [INFO] ApiDb:448 - Save user favorites file C:\Users\22142/.stm32cubeide/favorites.mcus.txt: 0 item(s)
2026-01-07 13:45:22,240 [INFO] ApiDb:452 - User favorites MCUs=[]
2026-01-07 13:51:24,241 [INFO] Gpio:278 - dependency for GPIO [RCC, SPI1, SYS]
2026-01-07 13:53:35,590 [INFO] UtilMem:75 - End SaveConfig() Used Memory: 943978536 Bytes (1073741824)
2026-01-07 13:53:37,281 [INFO] UtilMem:75 - End SaveConfig() Used Memory: 963778984 Bytes (1073741824)
2026-01-07 13:53:39,598 [INFO] UtilMem:75 - End SaveConfig() Used Memory: 1029122264 Bytes (1073741824)
2026-01-07 13:53:40,081 [INFO] BlockDiagram:2775 - set Specific Code input for plugin: SPI
2026-01-07 13:53:40,081 [INFO] BlockDiagram:2775 - set Specific Code input for plugin: NVIC
2026-01-07 13:53:40,081 [INFO] BlockDiagram:2775 - set Specific Code input for plugin: SYS
2026-01-07 13:53:40,081 [INFO] BlockDiagram:2775 - set Specific Code input for plugin: GPIO
2026-01-07 13:53:40,081 [INFO] BlockDiagram:2775 - set Specific Code input for plugin: RCC
2026-01-07 13:53:40,082 [INFO] CodeGenerator:892 - code generatio: config db path: D:\installs\STM32CubeIDE_1.19.0\STM32CubeIDE\plugins\com.st.stm32cube.common.mx_6.15.0.202507011659\\db\
2026-01-07 13:53:40,208 [INFO] CodeEngine:265 - oldGeneratedFile, D:\projects\stm32_cube_ide\lora\MXTmpFiles\license.tmp_save
2026-01-07 13:53:40,543 [INFO] CodeEngine:289 - Generated code: D:\projects\stm32_cube_ide\lora\MXTmpFiles\license.tmp
2026-01-07 13:53:40,683 [INFO] CodeEngine:265 - oldGeneratedFile, D:\projects\stm32_cube_ide\lora\Core\Src\gpio.c_save
2026-01-07 13:53:40,848 [INFO] CodeEngine:289 - Generated code: D:\projects\stm32_cube_ide\lora\Core\Src\gpio.c
2026-01-07 13:53:40,855 [INFO] CodeEngine:265 - oldGeneratedFile, D:\projects\stm32_cube_ide\lora\Core\Inc\gpio.h_save
2026-01-07 13:53:40,979 [INFO] CodeEngine:289 - Generated code: D:\projects\stm32_cube_ide\lora\Core\Inc\gpio.h
2026-01-07 13:53:41,192 [INFO] CodeEngine:265 - oldGeneratedFile, D:\projects\stm32_cube_ide\lora\Core\Src\spi.c_save
2026-01-07 13:53:41,414 [INFO] CodeEngine:289 - Generated code: D:\projects\stm32_cube_ide\lora\Core\Src\spi.c
2026-01-07 13:53:41,421 [INFO] CodeEngine:265 - oldGeneratedFile, D:\projects\stm32_cube_ide\lora\Core\Inc\spi.h_save
2026-01-07 13:53:41,545 [INFO] CodeEngine:289 - Generated code: D:\projects\stm32_cube_ide\lora\Core\Inc\spi.h
2026-01-07 13:53:41,561 [INFO] CodeEngine:265 - oldGeneratedFile, D:\projects\stm32_cube_ide\lora\Core\Src\stm32f1xx_it.c_save
2026-01-07 13:53:41,930 [INFO] CodeEngine:289 - Generated code: D:\projects\stm32_cube_ide\lora\Core\Src\stm32f1xx_it.c
2026-01-07 13:53:41,939 [INFO] CodeEngine:265 - oldGeneratedFile, D:\projects\stm32_cube_ide\lora\Core\Inc\stm32f1xx_it.h_save
2026-01-07 13:53:42,054 [INFO] CodeEngine:289 - Generated code: D:\projects\stm32_cube_ide\lora\Core\Inc\stm32f1xx_it.h
2026-01-07 13:53:42,074 [INFO] CodeEngine:265 - oldGeneratedFile, D:\projects\stm32_cube_ide\lora\Core\Src\stm32f1xx_hal_msp.c_save
2026-01-07 13:53:42,249 [INFO] CodeEngine:289 - Generated code: D:\projects\stm32_cube_ide\lora\Core\Src\stm32f1xx_hal_msp.c
2026-01-07 13:53:42,255 [INFO] CodeEngine:265 - oldGeneratedFile, D:\projects\stm32_cube_ide\lora\MXTmpFiles\system.tmp_save
2026-01-07 13:53:42,362 [INFO] CodeEngine:289 - Generated code: D:\projects\stm32_cube_ide\lora\MXTmpFiles\system.tmp
2026-01-07 13:53:42,375 [INFO] CodeEngine:321 - oldGeneratedFile, D:\projects\stm32_cube_ide\lora\Core\Inc\stm32f1xx_hal_conf.h_save
2026-01-07 13:53:42,496 [INFO] CodeEngine:345 - Generated code: D:\projects\stm32_cube_ide\lora\Core\Inc\stm32f1xx_hal_conf.h
2026-01-07 13:53:42,528 [INFO] ApiDbMcu:532 - Load IP Config File for SPI1
2026-01-07 13:53:42,539 [INFO] CodeEngine:265 - oldGeneratedFile, D:\projects\stm32_cube_ide\lora\Core\Inc\main.h_save
2026-01-07 13:53:42,728 [INFO] CodeEngine:289 - Generated code: D:\projects\stm32_cube_ide\lora\Core\Inc\main.h
2026-01-07 13:53:42,736 [INFO] CodeEngine:265 - oldGeneratedFile, D:\projects\stm32_cube_ide\lora\Core\Src\main.c_save
2026-01-07 13:53:42,893 [INFO] CodeEngine:289 - Generated code: D:\projects\stm32_cube_ide\lora\Core\Src\main.c
2026-01-07 13:53:43,580 [INFO] ProjectBuilder:3606 - Time for Copy HAL[1] : 246mS.
2026-01-07 13:53:43,625 [INFO] ProjectBuilder:5216 - Project Generator version: 4.7.0-B52
2026-01-07 13:53:43,781 [INFO] ConfigFileManager:1595 - The Die is : DIE410
2026-01-07 13:53:45,729 [INFO] ProjectBuilder:5496 - Time for Generating toolchain IDE Files: 2105mS.
2026-01-07 13:53:45,730 [INFO] ProjectBuilder:3463 - Time for Copy CMSIS : 1mS.
2026-01-07 13:53:45,732 [INFO] ProjectBuilder:3463 - Time for Copy CMSIS : 0mS.
2026-01-07 14:48:49,676 [INFO] MainUpdater:2872 - connection check result : 10
2026-01-07 14:48:49,676 [INFO] MainUpdater:2872 - connection check result : 10
2026-01-07 14:48:49,724 [INFO] MicroXplorer:468 - Change Database Path : 
2026-01-07 14:48:49,724 [INFO] MicroXplorer:498 - Change Database Version : DB.6.0.150
2026-01-07 14:48:49,752 [ERROR] ProjectManagerView:395 - 
java.lang.NullPointerException: Cannot invoke "javax.swing.JTextField.getText()" because the return value of "java.util.List.get(int)" is null
	at com.st.microxplorer.plugins.projectmanager.gui.ProjectChoiceTab$9.caretUpdate(ProjectChoiceTab.java:2706) ~[filemanager.jar:?]
	at javax.swing.text.JTextComponent.fireCaretUpdate(JTextComponent.java:408) ~[?:?]
	at javax.swing.text.JTextComponent$MutableCaretEvent.fire(JTextComponent.java:4484) ~[?:?]
	at javax.swing.text.JTextComponent$MutableCaretEvent.stateChanged(JTextComponent.java:4506) ~[?:?]
	at javax.swing.text.DefaultCaret.fireStateChanged(DefaultCaret.java:857) ~[?:?]
	at javax.swing.text.DefaultCaret.changeCaretPosition(DefaultCaret.java:1343) ~[?:?]
	at javax.swing.text.DefaultCaret.handleSetDot(DefaultCaret.java:1242) ~[?:?]
	at javax.swing.text.DefaultCaret.setDot(DefaultCaret.java:1223) ~[?:?]
	at javax.swing.text.DefaultCaret$Handler.insertUpdate(DefaultCaret.java:1819) ~[?:?]
	at javax.swing.text.AbstractDocument.fireInsertUpdate(AbstractDocument.java:227) ~[?:?]
	at javax.swing.text.AbstractDocument.handleInsertString(AbstractDocument.java:781) ~[?:?]
	at javax.swing.text.AbstractDocument.insertString(AbstractDocument.java:740) ~[?:?]
	at javax.swing.text.PlainDocument.insertString(PlainDocument.java:131) ~[?:?]
	at javax.swing.text.AbstractDocument.replace(AbstractDocument.java:699) ~[?:?]
	at javax.swing.text.JTextComponent.setText(JTextComponent.java:1725) ~[?:?]
	at com.st.microxplorer.plugins.projectmanager.gui.ProjectChoiceTab.createHeapStackFields(ProjectChoiceTab.java:993) ~[filemanager.jar:?]
	at com.st.microxplorer.plugins.projectmanager.gui.ProjectChoiceTab.buildLinkSettingsPanel(ProjectChoiceTab.java:3813) ~[filemanager.jar:?]
	at com.st.microxplorer.plugins.projectmanager.gui.ProjectChoiceTab.defineWindowsFields(ProjectChoiceTab.java:1987) ~[filemanager.jar:?]
	at com.st.microxplorer.plugins.projectmanager.gui.ProjectChoiceTab.updateSettings(ProjectChoiceTab.java:558) ~[filemanager.jar:?]
	at com.st.microxplorer.plugins.projectmanager.gui.ProjectSettingsPanel.UpdateDialog(ProjectSettingsPanel.java:247) ~[filemanager.jar:?]
	at com.st.microxplorer.plugins.projectmanager.ProjectManagerView.propertyChange(ProjectManagerView.java:392) ~[filemanager.jar:?]
	at java.beans.PropertyChangeSupport.fire(PropertyChangeSupport.java:343) ~[?:?]
	at java.beans.PropertyChangeSupport.firePropertyChange(PropertyChangeSupport.java:335) ~[?:?]
	at java.beans.PropertyChangeSupport.firePropertyChange(PropertyChangeSupport.java:268) ~[?:?]
	at com.st.microxplorer.util.MXPropertyChangeSupport.firePropertyChange(MXPropertyChangeSupport.java:54) ~[STM32CubeMX.jar:?]
	at com.st.microxplorer.mxsystem.MxSystem.closeConfig(MxSystem.java:899) ~[STM32CubeMX.jar:?]
	at com.st.microxplorer.maingui.MainPanel.closeConfig(MainPanel.java:792) ~[STM32CubeMX.jar:?]
	at com.st.microxplorer.plugins.filemanager.engine.OpenFileManager.loadConfigurationFile(OpenFileManager.java:288) ~[filemanager.jar:?]
	at com.st.microxplorer.plugins.filemanager.engine.MainFileManager.userLoadConfig(MainFileManager.java:364) ~[filemanager.jar:?]
	at com.st.microxplorer.plugins.filemanager.engine.MainFileManager.userLoadConfig(MainFileManager.java:342) ~[filemanager.jar:?]
	at com.st.microxplorer.plugins.filemanager.FileManagerView.getSpecificTask(FileManagerView.java:264) ~[filemanager.jar:?]
	at com.st.stm32cube.common.mx.editor.CubeMxEditor.getMxTabbedPaneInstance(CubeMxEditor.java:1198) ~[com.st.stm32cube.common.mx_6.15.0.202507011659/:?]
	at com.st.stm32cube.common.mx.editor.CubeMxEditor$12$1.createSwingComponent(CubeMxEditor.java:1068) ~[com.st.stm32cube.common.mx_6.15.0.202507011659/:?]
	at com.st.stm32cube.common.mx.oss.core.awtswtbridge.EmbeddedSwingComposite.doComponentCreation(EmbeddedSwingComposite.java:492) ~[com.st.stm32cube.common.mx.oss_6.15.0.202507011659/:?]
	at com.st.stm32cube.common.mx.oss.core.awtswtbridge.EmbeddedSwingComposite$4.run(EmbeddedSwingComposite.java:291) ~[com.st.stm32cube.common.mx.oss_6.15.0.202507011659/:?]
	at com.st.stm32cube.common.mx.oss.core.awtswtbridge.AwtEnvironment$2.run(AwtEnvironment.java:166) ~[com.st.stm32cube.common.mx.oss_6.15.0.202507011659/:?]
	at java.awt.event.InvocationEvent.dispatch(InvocationEvent.java:318) ~[?:?]
	at java.awt.EventQueue.dispatchEventImpl(EventQueue.java:773) ~[?:?]
	at java.awt.EventQueue$4.run(EventQueue.java:720) ~[?:?]
	at java.awt.EventQueue$4.run(EventQueue.java:714) ~[?:?]
	at java.security.AccessController.doPrivileged(AccessController.java:400) ~[?:?]
	at java.security.ProtectionDomain$JavaSecurityAccessImpl.doIntersectionPrivilege(ProtectionDomain.java:87) ~[?:?]
	at java.awt.EventQueue.dispatchEvent(EventQueue.java:742) ~[?:?]
	at java.awt.EventDispatchThread.pumpOneEventForFilters(EventDispatchThread.java:203) ~[?:?]
	at java.awt.EventDispatchThread.pumpEventsForFilter(EventDispatchThread.java:124) ~[?:?]
	at java.awt.EventDispatchThread.pumpEventsForHierarchy(EventDispatchThread.java:113) ~[?:?]
	at java.awt.EventDispatchThread.pumpEvents(EventDispatchThread.java:109) ~[?:?]
	at java.awt.EventDispatchThread.pumpEvents(EventDispatchThread.java:101) ~[?:?]
	at java.awt.EventDispatchThread.run(EventDispatchThread.java:90) ~[?:?]
2026-01-07 14:48:49,850 [WARN] ThirdParty:871 - waiting for thirdparty lock release [close project]
2026-01-07 14:48:49,850 [INFO] ThirdParty:873 - entering critical section [close project]
2026-01-07 14:48:49,850 [INFO] ThirdParty:883 - exiting critical section [close project]
2026-01-07 14:48:49,852 [INFO] PinOutPanel:1589 - setPackage(No Configuration,No Configuration)
2026-01-07 14:48:49,870 [INFO] UtilMem:75 - Begin LoadConfig() Used Memory: 926158072 Bytes (1073741824)
2026-01-07 14:48:49,871 [INFO] MicroXplorer:468 - Change Database Path : 
2026-01-07 14:48:49,871 [INFO] MicroXplorer:498 - Change Database Version : DB.6.0.150
2026-01-07 14:48:49,871 [INFO] OpenFileManager:355 - Change cursor
2026-01-07 14:48:49,894 [INFO] RulesReader:64 - Compatibility file has been processed (317 Rules)
2026-01-07 14:48:49,897 [INFO] Mcu:2029 - Initializing MCU STM32F103C(8-B)Tx STM32F103C8Tx STM32F103C8T6
2026-01-07 14:48:50,448 [INFO] Context:786 - Trying to add GPIOservice into a context  which must be forbidden
2026-01-07 14:48:50,585 [INFO] ImportTextPane:234 - (OptionalMessage_ERROR) Pin11 (VP_RIF_VS_RIF1) cannot be retrieved for this MCU
2026-01-07 14:48:50,620 [INFO] RtosManager:558 - Registered RTOS mode: class=CMSIS, group=RTOS, mode=CMSIS_V1, owner=FREERTOS
2026-01-07 14:48:50,620 [INFO] RtosManager:558 - Registered RTOS mode: class=CMSIS, group=RTOS2, mode=CMSIS_V2, owner=FREERTOS
2026-01-07 14:48:50,620 [INFO] RtosManager:558 - Registered RTOS mode: class=RTOS, group=Core, mode=CMSIS_V1, owner=FREERTOS
2026-01-07 14:48:50,620 [INFO] RtosManager:558 - Registered RTOS mode: class=RTOS, group=Core, mode=CMSIS_V2, owner=FREERTOS
2026-01-07 14:48:50,620 [WARN] ModelIntegratedComponent:184 - Missing modes for component STMicroelectronics:FreeRTOS:0.0.1:STMicroelectronics:RTOS:FreeRTOS:Core:::10.2.0:
2026-01-07 14:48:50,632 [WARN] ModelIntegratedComponent:63 - No mode defined for component null
2026-01-07 14:48:50,632 [WARN] ModelIntegratedComponent:63 - No mode defined for component null
2026-01-07 14:48:50,633 [WARN] ModelIntegratedComponent:63 - No mode defined for component null
2026-01-07 14:48:50,633 [WARN] ModelIntegratedComponent:63 - No mode defined for component null
2026-01-07 14:48:50,633 [WARN] ModelIntegratedComponent:63 - No mode defined for component null
2026-01-07 14:48:50,633 [WARN] ModelIntegratedComponent:63 - No mode defined for component null
2026-01-07 14:48:50,633 [WARN] ModelIntegratedComponent:63 - No mode defined for component null
2026-01-07 14:48:50,633 [WARN] ModelIntegratedComponent:63 - No mode defined for component null
2026-01-07 14:48:50,633 [WARN] ModelIntegratedComponent:63 - No mode defined for component null
2026-01-07 14:48:50,633 [WARN] ModelIntegratedComponent:63 - No mode defined for component null
2026-01-07 14:48:50,633 [WARN] ModelIntegratedComponent:63 - No mode defined for component null
2026-01-07 14:48:50,633 [WARN] ModelIntegratedComponent:63 - No mode defined for component null
2026-01-07 14:48:50,634 [WARN] ModelIntegratedComponent:63 - No mode defined for component null
2026-01-07 14:48:50,634 [WARN] ModelIntegratedComponent:63 - No mode defined for component null
2026-01-07 14:48:50,634 [WARN] ModelIntegratedComponent:63 - No mode defined for component null
2026-01-07 14:48:50,634 [WARN] ModelIntegratedComponent:63 - No mode defined for component null
2026-01-07 14:48:50,634 [WARN] ModelIntegratedComponent:63 - No mode defined for component null
2026-01-07 14:48:50,634 [WARN] ModelIntegratedComponent:63 - No mode defined for component null
2026-01-07 14:48:50,634 [WARN] ModelIntegratedComponent:63 - No mode defined for component null
2026-01-07 14:48:50,634 [WARN] ModelIntegratedComponent:63 - No mode defined for component null
2026-01-07 14:48:50,634 [WARN] ModelIntegratedComponent:63 - No mode defined for component null
2026-01-07 14:48:50,634 [WARN] ModelIntegratedComponent:63 - No mode defined for component null
2026-01-07 14:48:50,634 [WARN] ModelIntegratedComponent:63 - No mode defined for component null
2026-01-07 14:48:50,635 [WARN] ModelIntegratedComponent:63 - No mode defined for component null
2026-01-07 14:48:50,635 [WARN] ModelIntegratedComponent:63 - No mode defined for component null
2026-01-07 14:48:50,635 [WARN] ModelIntegratedComponent:63 - No mode defined for component null
2026-01-07 14:48:50,635 [WARN] ModelIntegratedComponent:63 - No mode defined for component null
2026-01-07 14:48:50,635 [WARN] ModelIntegratedComponent:63 - No mode defined for component null
2026-01-07 14:48:50,635 [WARN] ModelIntegratedComponent:63 - No mode defined for component null
2026-01-07 14:48:50,635 [WARN] ModelIntegratedComponent:63 - No mode defined for component null
2026-01-07 14:48:50,635 [WARN] ModelIntegratedComponent:63 - No mode defined for component null
2026-01-07 14:48:50,635 [WARN] ModelIntegratedComponent:63 - No mode defined for component null
2026-01-07 14:48:50,635 [WARN] ModelIntegratedComponent:63 - No mode defined for component null
2026-01-07 14:48:50,635 [WARN] ModelIntegratedComponent:63 - No mode defined for component null
2026-01-07 14:48:50,635 [WARN] ModelIntegratedComponent:63 - No mode defined for component null
2026-01-07 14:48:50,635 [WARN] ModelPack:524 - Component already loaded: STMicroelectronics:HAL Drivers:0.0.0:STMicroelectronics:Device:STMicro_Driver:XSPI:HAL::0.0.1:HAL_XSPI
2026-01-07 14:48:50,810 [INFO] ThirdPartyModel:298 - Start build external matchings
2026-01-07 14:48:51,792 [INFO] ThirdPartyModel:316 - End build external matchings
2026-01-07 14:48:51,827 [INFO] ImportTextPane:234 - (OptionalMessage_ERROR) IP (RCC) : Parameter (ADCFreqValue) has invalid value (36000000)
2026-01-07 14:48:51,827 [INFO] ImportTextPane:234 - (OptionalMessage_ERROR) IP (RCC) : Invalid parameter (FamilyName)
2026-01-07 14:48:51,827 [INFO] ImportTextPane:234 - (OptionalMessage_ERROR) IP (RCC) : Parameter (MCOFreq_Value) has invalid value (72000000)
2026-01-07 14:48:51,827 [INFO] ImportTextPane:234 - (OptionalMessage_ERROR) IP (RCC) : Parameter (USBFreq_Value) has invalid value (72000000)
2026-01-07 14:48:52,082 [INFO] UtilMem:75 - End LoadConfig() Used Memory: 759231560 Bytes (1073741824)
2026-01-07 14:48:52,147 [WARN] ThirdParty:833 - waiting for thirdparty lock release [change project]
2026-01-07 14:48:52,147 [INFO] ThirdParty:835 - entering critical section [change project]
2026-01-07 14:48:52,148 [INFO] ThirdParty:1030 - CMSIS Pack Vendor :STMicroelectronics X-CUBE-PM33A1 1.0.0
2026-01-07 14:48:52,148 [INFO] ThirdParty:1030 - CMSIS Pack Vendor :STMicroelectronics USBPD 4.1
2026-01-07 14:48:52,148 [INFO] ThirdParty:1030 - CMSIS Pack Vendor :STMicroelectronics USB_HOST 2.0.0
2026-01-07 14:48:52,148 [INFO] ThirdParty:1030 - CMSIS Pack Vendor :STMicroelectronics FP-SNS-MOTENVWB1 1.4.0
2026-01-07 14:48:52,148 [INFO] ThirdParty:1030 - CMSIS Pack Vendor :STMicroelectronics X-CUBE-AZRTOS-F4 1.1.0
2026-01-07 14:48:52,148 [INFO] ThirdParty:1030 - CMSIS Pack Vendor :STMicroelectronics LIBJPEG 8.0.0
2026-01-07 14:48:52,148 [INFO] ThirdParty:1030 - CMSIS Pack Vendor :STMicroelectronics FP-ATR-ASTRA1 2.0.2
2026-01-07 14:48:52,148 [INFO] ThirdParty:1030 - CMSIS Pack Vendor :STMicroelectronics X-CUBE-SMBUS 2.1.0
2026-01-07 14:48:52,148 [INFO] ThirdParty:1030 - CMSIS Pack Vendor :STMicroelectronics X-CUBE-WB05N 1.1.0
2026-01-07 14:48:52,148 [INFO] ThirdParty:1030 - CMSIS Pack Vendor :STMicroelectronics X-CUBE-ISPU 2.1.0
2026-01-07 14:48:52,148 [INFO] ThirdParty:1030 - CMSIS Pack Vendor :STMicroelectronics X-CUBE-IPS 3.2.0
2026-01-07 14:48:52,148 [INFO] ThirdParty:1030 - CMSIS Pack Vendor :STMicroelectronics X-CUBE-NFC12 1.0.0
2026-01-07 14:48:52,148 [INFO] ThirdParty:1030 - CMSIS Pack Vendor :STMicroelectronics X-CUBE-AZRTOS-F7 1.1.0
2026-01-07 14:48:52,148 [INFO] ThirdParty:1030 - CMSIS Pack Vendor :STMicroelectronics X-CUBE-AZRTOS-L5 2.0.0
2026-01-07 14:48:52,148 [INFO] ThirdParty:1030 - CMSIS Pack Vendor :STMicroelectronics USB_DEVICE 2.0.0
2026-01-07 14:48:52,148 [INFO] ThirdParty:1030 - CMSIS Pack Vendor :STMicroelectronics X-CUBE-NFC6 3.1.0
2026-01-07 14:48:52,148 [INFO] ThirdParty:1030 - CMSIS Pack Vendor :STMicroelectronics FP-SNS-MOTENV1 5.1.0
2026-01-07 14:48:52,148 [INFO] ThirdParty:1030 - CMSIS Pack Vendor :STMicroelectronics FreeRTOS 0.0.1
2026-01-07 14:48:52,148 [INFO] ThirdParty:1030 - CMSIS Pack Vendor :STMicroelectronics X-CUBE-DPower 1.2.0
2026-01-07 14:48:52,149 [INFO] ThirdParty:1030 - CMSIS Pack Vendor :Infineon AIROC-Wi-Fi-Bluetooth-STM32 1.7.0
2026-01-07 14:48:52,149 [INFO] ThirdParty:1030 - CMSIS Pack Vendor :STMicroelectronics PDM2PCM 3.3.0
2026-01-07 14:48:52,149 [INFO] ThirdParty:1030 - CMSIS Pack Vendor :STMicroelectronics X-CUBE-AZRTOS-H7 3.4.0
2026-01-07 14:48:52,149 [INFO] ThirdParty:1030 - CMSIS Pack Vendor :STMicroelectronics X-CUBE-DISPLAY 3.0.0
2026-01-07 14:48:52,149 [INFO] ThirdParty:1030 - CMSIS Pack Vendor :STMicroelectronics X-CUBE-NFC10 1.0.0
2026-01-07 14:48:52,149 [INFO] ThirdParty:1030 - CMSIS Pack Vendor :STMicroelectronics X-CUBE-BLEMGR 4.0.0
2026-01-07 14:48:52,149 [INFO] ThirdParty:1030 - CMSIS Pack Vendor :STMicroelectronics HAL Drivers 0.0.0
2026-01-07 14:48:52,149 [INFO] ThirdParty:1030 - CMSIS Pack Vendor :STMicroelectronics X-CUBE-ST60 1.1.0
2026-01-07 14:48:52,149 [INFO] ThirdParty:1030 - CMSIS Pack Vendor :emotas I-CUBE-CANOPEN 1.3.0
2026-01-07 14:48:52,149 [INFO] ThirdParty:1030 - CMSIS Pack Vendor :STMicroelectronics X-CUBE-FREERTOS 1.3.0
2026-01-07 14:48:52,149 [INFO] ThirdParty:1030 - CMSIS Pack Vendor :STMicroelectronics X-CUBE-NFC7 1.0.1
2026-01-07 14:48:52,149 [INFO] ThirdParty:1030 - CMSIS Pack Vendor :STMicroelectronics MBEDTLS 2.14.1
2026-01-07 14:48:52,149 [INFO] ThirdParty:1030 - CMSIS Pack Vendor :STMicroelectronics X-CUBE-GNSS1 7.1.0
2026-01-07 14:48:52,150 [INFO] ThirdParty:1030 - CMSIS Pack Vendor :STMicroelectronics X-CUBE-TOUCHGFX 4.26.0
2026-01-07 14:48:52,150 [INFO] ThirdParty:1030 - CMSIS Pack Vendor :quantropi X-CUBE-qispace-sdk-base 2.0.0
2026-01-07 14:48:52,150 [INFO] ThirdParty:1030 - CMSIS Pack Vendor :STMicroelectronics X-CUBE-AI 10.0.0
2026-01-07 14:48:52,150 [INFO] ThirdParty:1030 - CMSIS Pack Vendor :STMicroelectronics FP-SNS-STBOX1 2.1.0
2026-01-07 14:48:52,150 [INFO] ThirdParty:1030 - CMSIS Pack Vendor :STMicroelectronics FP-SNS-STAIOTCFT 1.0.0
2026-01-07 14:48:52,150 [INFO] ThirdParty:1030 - CMSIS Pack Vendor :STMicroelectronics FP-SNS-SMARTAG2 1.2.0
2026-01-07 14:48:52,150 [INFO] ThirdParty:1030 - CMSIS Pack Vendor :STMicroelectronics FP-SNS-FLIGHT1 5.1.0
2026-01-07 14:48:52,150 [INFO] ThirdParty:1030 - CMSIS Pack Vendor :STMicroelectronics X-CUBE-MEMS1 11.1.0
2026-01-07 14:48:52,150 [INFO] ThirdParty:1030 - CMSIS Pack Vendor :STMicroelectronics X-CUBE-AZRTOS-WL 2.0.0
2026-01-07 14:48:52,150 [INFO] ThirdParty:1030 - CMSIS Pack Vendor :STMicroelectronics X-CUBE-DPower 1.3.0
2026-01-07 14:48:52,150 [INFO] ThirdParty:1030 - CMSIS Pack Vendor :STMicroelectronics FP-SNS-MOTENV1 5.0.0
2026-01-07 14:48:52,150 [INFO] ThirdParty:1030 - CMSIS Pack Vendor :STMicroelectronics USB_DEVICE 1.0.0
2026-01-07 14:48:52,150 [INFO] ThirdParty:1030 - CMSIS Pack Vendor :STMicroelectronics X-CUBE-AZRTOS-H7RS 1.2.0
2026-01-07 14:48:52,152 [INFO] ThirdParty:1030 - CMSIS Pack Vendor :STMicroelectronics X-CUBE-AZRTOS-L4 2.0.0
2026-01-07 14:48:52,152 [INFO] ThirdParty:1030 - CMSIS Pack Vendor :STMicroelectronics ThreadX 0.0.2
2026-01-07 14:48:52,153 [INFO] ThirdParty:1030 - CMSIS Pack Vendor :WES I-CUBE-Cesium 1.3.0
2026-01-07 14:48:52,153 [INFO] ThirdParty:1030 - CMSIS Pack Vendor :STMicroelectronics lwIP 2.1.2
2026-01-07 14:48:52,153 [INFO] ThirdParty:1030 - CMSIS Pack Vendor :STMicroelectronics X-CUBE-SFXS2LP1 4.0.0
2026-01-07 14:48:52,153 [INFO] ThirdParty:1030 - CMSIS Pack Vendor :STMicroelectronics X-CUBE-BLE2 3.3.0
2026-01-07 14:48:52,153 [INFO] ThirdParty:1030 - CMSIS Pack Vendor :Avnet-IOTCONNECT X-CUBE-iotc-st67-sdk 1.0.0
2026-01-07 14:48:52,153 [INFO] ThirdParty:1030 - CMSIS Pack Vendor :STMicroelectronics PDM2PCM 3.2.0
2026-01-07 14:48:52,153 [INFO] ThirdParty:1030 - CMSIS Pack Vendor :STMicroelectronics X-CUBE-AZRTOS-H7 3.3.0
2026-01-07 14:48:52,153 [INFO] ThirdParty:1030 - CMSIS Pack Vendor :STMicroelectronics X-CUBE-NFC9 1.0.0
2026-01-07 14:48:52,153 [INFO] ThirdParty:1030 - CMSIS Pack Vendor :STMicroelectronics X-CUBE-BLE1 7.1.0
2026-01-07 14:48:52,153 [INFO] ThirdParty:1030 - CMSIS Pack Vendor :wolfSSL I-CUBE-wolfMQTT 1.19.2
2026-01-07 14:48:52,153 [INFO] ThirdParty:1030 - CMSIS Pack Vendor :STMicroelectronics USB_DEVICE 3.0.0
2026-01-07 14:48:52,153 [INFO] ThirdParty:1030 - CMSIS Pack Vendor :STMicroelectronics X-CUBE-FREERTOS 1.4.0
2026-01-07 14:48:52,154 [INFO] ThirdParty:1030 - CMSIS Pack Vendor :STMicroelectronics X-CUBE-EEPRMA1 5.2.0
2026-01-07 14:48:52,154 [INFO] ThirdParty:1030 - CMSIS Pack Vendor :STMicroelectronics X-CUBE-BLEMGR 4.1.0
2026-01-07 14:48:52,154 [INFO] ThirdParty:1030 - CMSIS Pack Vendor :STMicroelectronics X-CUBE-AZRTOS-WB 2.0.0
2026-01-07 14:48:52,154 [INFO] ThirdParty:1030 - CMSIS Pack Vendor :STMicroelectronics X-CUBE-GNSS1 7.0.1
2026-01-07 14:48:52,154 [INFO] ThirdParty:1030 - CMSIS Pack Vendor :STMicroelectronics X-CUBE-TOUCHGFX 4.25.0
2026-01-07 14:48:52,154 [INFO] ThirdParty:1030 - CMSIS Pack Vendor :STMicroelectronics X-CUBE-ST67W61 1.1.0
2026-01-07 14:48:52,154 [INFO] ThirdParty:1030 - CMSIS Pack Vendor :STMicroelectronics FP-SNS-STBOX1 2.0.0
2026-01-07 14:48:52,154 [INFO] ThirdParty:1030 - CMSIS Pack Vendor :STMicroelectronics X-CUBE-MEMS1 12.0.0
2026-01-07 14:48:52,154 [INFO] ThirdParty:1030 - CMSIS Pack Vendor :STMicroelectronics X-CUBE-AZRTOS-G0 1.1.0
2026-01-07 14:48:52,154 [INFO] ThirdParty:1030 - CMSIS Pack Vendor :STMicroelectronics X-CUBE-SAFEA1 1.2.2
2026-01-07 14:48:52,154 [INFO] ThirdParty:1030 - CMSIS Pack Vendor :STMicroelectronics X-CUBE-NFC4 3.0.0
2026-01-07 14:48:52,154 [INFO] ThirdParty:1030 - CMSIS Pack Vendor :STMicroelectronics X-CUBE-SUBG2 5.0.0
2026-01-07 14:48:52,154 [INFO] ThirdParty:1030 - CMSIS Pack Vendor :STMicroelectronics X-CUBE-AZRTOS-H7RS 1.1.0
2026-01-07 14:48:52,154 [INFO] ThirdParty:1030 - CMSIS Pack Vendor :STMicroelectronics STM32_WPAN 1.0.0
2026-01-07 14:48:52,155 [INFO] ThirdParty:1030 - CMSIS Pack Vendor :EmbeddedOffice I-CUBE-FS-RTOS 1.0.1
2026-01-07 14:48:52,155 [INFO] ThirdParty:1030 - CMSIS Pack Vendor :STMicroelectronics lwIP 2.0.3
2026-01-07 14:48:52,155 [INFO] ThirdParty:1030 - CMSIS Pack Vendor :Cesanta I-CUBE-Mongoose 7.13.0
2026-01-07 14:48:52,155 [INFO] ThirdParty:1030 - CMSIS Pack Vendor :STMicroelectronics USB_HOST 1.0.0
2026-01-07 14:48:52,155 [INFO] ThirdParty:1030 - CMSIS Pack Vendor :STMicroelectronics X-CUBE-AZRTOS-G4 2.0.0
2026-01-07 14:48:52,155 [INFO] ThirdParty:1030 - CMSIS Pack Vendor :STMicroelectronics X-CUBE-WB05N 2.0.0
2026-01-07 14:48:52,155 [INFO] ThirdParty:1030 - CMSIS Pack Vendor :STMicroelectronics PDM2PCM 3.1.0
2026-01-07 14:48:52,155 [INFO] ThirdParty:1030 - CMSIS Pack Vendor :wolfSSL I-CUBE-wolfTPM 3.8.0
2026-01-07 14:48:52,155 [INFO] ThirdParty:1030 - CMSIS Pack Vendor :wolfSSL I-CUBE-wolfSSH 1.4.20
2026-01-07 14:48:52,155 [INFO] ThirdParty:1030 - CMSIS Pack Vendor :STMicroelectronics X-CUBE-NFC7 2.0.0
2026-01-07 14:48:52,155 [INFO] ThirdParty:1030 - CMSIS Pack Vendor :STMicroelectronics X-CUBE-TCPP 4.2.0
2026-01-07 14:48:52,155 [INFO] ThirdParty:1030 - CMSIS Pack Vendor :RealThread X-CUBE-RT-Thread_Nano 4.1.1
2026-01-07 14:48:52,155 [INFO] ThirdParty:1030 - CMSIS Pack Vendor :STMicroelectronics FP-ATR-SIGFOX1 3.2.0
2026-01-07 14:48:52,155 [INFO] ThirdParty:1030 - CMSIS Pack Vendor :STMicroelectronics X-CUBE-EEPRMA1 5.1.0
2026-01-07 14:48:52,155 [INFO] ThirdParty:1030 - CMSIS Pack Vendor :STMicroelectronics MBEDTLS 2.16.2
2026-01-07 14:48:52,155 [INFO] ThirdParty:1030 - CMSIS Pack Vendor :STMicroelectronics X-CUBE-IPS 3.1.0
2026-01-07 14:48:52,155 [INFO] ThirdParty:1030 - CMSIS Pack Vendor :STMicroelectronics X-CUBE-ALS 1.0.2
2026-01-07 14:48:52,155 [INFO] ThirdParty:1030 - CMSIS Pack Vendor :wolfSSL I-CUBE-wolfSSL 5.7.6
2026-01-07 14:48:52,155 [INFO] ThirdParty:1030 - CMSIS Pack Vendor :ITTIA_DB I-CUBE-ITTIADB 8.9.0
2026-01-07 14:48:52,155 [INFO] ThirdParty:1030 - CMSIS Pack Vendor :STMicroelectronics X-CUBE-STSE01 1.0.0
2026-01-07 14:48:52,155 [INFO] ThirdParty:1030 - CMSIS Pack Vendor :portGmbH I-Cube-SoM-uGOAL 1.1.0
2026-01-07 14:48:52,155 [INFO] ThirdParty:1030 - CMSIS Pack Vendor :STMicroelectronics X-CUBE-AI 10.2.0
2026-01-07 14:48:52,156 [INFO] ThirdParty:1030 - CMSIS Pack Vendor :STMicroelectronics ThreadX 1.0.0
2026-01-07 14:48:52,156 [INFO] ThirdParty:1030 - CMSIS Pack Vendor :SEGGER I-CUBE-embOS 1.3.1
2026-01-07 14:48:52,156 [INFO] ThirdParty:1030 - CMSIS Pack Vendor :STMicroelectronics X-CUBE-ALGOBUILD 1.4.0
2026-01-07 14:48:52,156 [INFO] ThirdParty:1030 - CMSIS Pack Vendor :STMicroelectronics X-CUBE-TOF1 3.4.2
2026-01-07 14:48:52,156 [INFO] ThirdParty:1030 - CMSIS Pack Vendor :STMicroelectronics X-CUBE-TOF1 3.4.3
2026-01-07 14:48:52,156 [INFO] ThirdParty:841 - exiting critical section [change project]
2026-01-07 14:48:52,401 [INFO] PinOutPanel:1589 - setPackage(No Configuration,No Configuration)
2026-01-07 14:48:52,403 [INFO] PinOutPanel:1589 - setPackage(STM32F103C8Tx,LQFP48)
2026-01-07 14:48:52,755 [INFO] UtilMem:75 - Before build in PCC Used Memory: 880186424 Bytes (1073741824)
2026-01-07 14:48:52,992 [INFO] UtilMem:75 - After build in PCC Used Memory: 925265840 Bytes (1073741824)
2026-01-07 14:48:53,009 [INFO] IPUIPlugin:80 - create IPUIPlugin
2026-01-07 14:48:53,009 [INFO] IPUIPlugin:80 - create IPUIPlugin
2026-01-07 14:48:53,010 [INFO] IPUIPlugin:80 - create IPUIPlugin
2026-01-07 14:48:53,010 [INFO] IPUIPlugin:80 - create IPUIPlugin
2026-01-07 14:48:53,010 [INFO] IPUIPlugin:80 - create IPUIPlugin
2026-01-07 14:48:53,010 [INFO] IPUIPlugin:80 - create IPUIPlugin
2026-01-07 14:48:53,010 [INFO] IPUIPlugin:80 - create IPUIPlugin
2026-01-07 14:48:53,010 [INFO] IPUIPlugin:80 - create IPUIPlugin
2026-01-07 14:48:53,011 [INFO] IPUIPlugin:80 - create IPUIPlugin
2026-01-07 14:48:53,011 [INFO] IPUIPlugin:80 - create IPUIPlugin
2026-01-07 14:48:53,011 [INFO] IPUIPlugin:80 - create IPUIPlugin
2026-01-07 14:48:53,011 [INFO] IPUIPlugin:80 - create IPUIPlugin
2026-01-07 14:48:53,011 [INFO] IPUIPlugin:80 - create IPUIPlugin
2026-01-07 14:48:53,011 [INFO] IPUIPlugin:80 - create IPUIPlugin
2026-01-07 14:48:53,012 [INFO] IPUIPlugin:80 - create IPUIPlugin
2026-01-07 14:48:53,012 [INFO] IPUIPlugin:80 - create IPUIPlugin
2026-01-07 14:48:53,012 [INFO] IPUIPlugin:80 - create IPUIPlugin
2026-01-07 14:48:53,012 [INFO] IPUIPlugin:80 - create IPUIPlugin
2026-01-07 14:48:53,012 [INFO] IPUIPlugin:80 - create IPUIPlugin
2026-01-07 14:48:53,012 [INFO] IPUIPlugin:80 - create IPUIPlugin
2026-01-07 14:48:53,012 [INFO] IPUIPlugin:80 - create IPUIPlugin
2026-01-07 14:48:53,013 [INFO] IPUIPlugin:80 - create IPUIPlugin
2026-01-07 14:48:53,013 [INFO] IPUIPlugin:80 - create IPUIPlugin
2026-01-07 14:48:53,013 [INFO] IPUIPlugin:80 - create IPUIPlugin
2026-01-07 14:48:53,013 [INFO] IPUIPlugin:80 - create IPUIPlugin
2026-01-07 14:48:53,013 [INFO] IPUIPlugin:80 - create IPUIPlugin
2026-01-07 14:48:53,013 [INFO] IPUIPlugin:80 - create IPUIPlugin
2026-01-07 14:48:53,054 [INFO] CADModel:165 - CPN selected for project levelSTM32F103C8T6
2026-01-07 14:48:53,054 [INFO] CADModel:114 - Register for checkConnection events
2026-01-07 14:48:53,114 [INFO] OpenFileManager:386 - Restore cursor
2026-01-07 14:51:22,554 [INFO] UtilMem:75 - End SaveConfig() Used Memory: 944623120 Bytes (1073741824)
2026-01-07 14:51:23,506 [INFO] UtilMem:75 - End SaveConfig() Used Memory: 964342744 Bytes (1073741824)
2026-01-07 14:51:25,530 [INFO] UtilMem:75 - End SaveConfig() Used Memory: 700886816 Bytes (1073741824)
2026-01-07 14:51:25,641 [INFO] BlockDiagram:2775 - set Specific Code input for plugin: SPI
2026-01-07 14:51:25,641 [INFO] BlockDiagram:2775 - set Specific Code input for plugin: NVIC
2026-01-07 14:51:25,642 [INFO] BlockDiagram:2775 - set Specific Code input for plugin: USART
2026-01-07 14:51:25,642 [INFO] BlockDiagram:2775 - set Specific Code input for plugin: SYS
2026-01-07 14:51:25,642 [INFO] BlockDiagram:2775 - set Specific Code input for plugin: GPIO
2026-01-07 14:51:25,642 [INFO] BlockDiagram:2775 - set Specific Code input for plugin: RCC
2026-01-07 14:51:25,642 [INFO] CodeGenerator:892 - code generatio: config db path: D:\installs\STM32CubeIDE_1.19.0\STM32CubeIDE\plugins\com.st.stm32cube.common.mx_6.15.0.202507011659\\db\
2026-01-07 14:51:25,726 [INFO] CodeEngine:265 - oldGeneratedFile, D:\projects\stm32_cube_ide\lora\MXTmpFiles\license.tmp_save
2026-01-07 14:51:25,929 [INFO] CodeEngine:289 - Generated code: D:\projects\stm32_cube_ide\lora\MXTmpFiles\license.tmp
2026-01-07 14:51:25,960 [INFO] CodeEngine:265 - oldGeneratedFile, D:\projects\stm32_cube_ide\lora\Core\Src\gpio.c_save
2026-01-07 14:51:26,076 [INFO] CodeEngine:289 - Generated code: D:\projects\stm32_cube_ide\lora\Core\Src\gpio.c
2026-01-07 14:51:26,081 [INFO] CodeEngine:265 - oldGeneratedFile, D:\projects\stm32_cube_ide\lora\Core\Inc\gpio.h_save
2026-01-07 14:51:26,168 [INFO] CodeEngine:289 - Generated code: D:\projects\stm32_cube_ide\lora\Core\Inc\gpio.h
2026-01-07 14:51:26,300 [INFO] CodeEngine:265 - oldGeneratedFile, D:\projects\stm32_cube_ide\lora\Core\Src\spi.c_save
2026-01-07 14:51:26,455 [INFO] CodeEngine:289 - Generated code: D:\projects\stm32_cube_ide\lora\Core\Src\spi.c
2026-01-07 14:51:26,460 [INFO] CodeEngine:265 - oldGeneratedFile, D:\projects\stm32_cube_ide\lora\Core\Inc\spi.h_save
2026-01-07 14:51:26,539 [INFO] CodeEngine:289 - Generated code: D:\projects\stm32_cube_ide\lora\Core\Inc\spi.h
2026-01-07 14:51:26,548 [INFO] CodeEngine:265 - oldGeneratedFile, D:\projects\stm32_cube_ide\lora\Core\Src\usart.c_save
2026-01-07 14:51:26,661 [INFO] CodeEngine:289 - Generated code: D:\projects\stm32_cube_ide\lora\Core\Src\usart.c
2026-01-07 14:51:26,664 [INFO] CodeEngine:265 - oldGeneratedFile, D:\projects\stm32_cube_ide\lora\Core\Inc\usart.h_save
2026-01-07 14:51:26,724 [INFO] CodeEngine:289 - Generated code: D:\projects\stm32_cube_ide\lora\Core\Inc\usart.h
2026-01-07 14:51:26,732 [INFO] CodeEngine:265 - oldGeneratedFile, D:\projects\stm32_cube_ide\lora\Core\Src\stm32f1xx_it.c_save
2026-01-07 14:51:26,901 [INFO] CodeEngine:289 - Generated code: D:\projects\stm32_cube_ide\lora\Core\Src\stm32f1xx_it.c
2026-01-07 14:51:26,906 [INFO] CodeEngine:265 - oldGeneratedFile, D:\projects\stm32_cube_ide\lora\Core\Inc\stm32f1xx_it.h_save
2026-01-07 14:51:26,960 [INFO] CodeEngine:289 - Generated code: D:\projects\stm32_cube_ide\lora\Core\Inc\stm32f1xx_it.h
2026-01-07 14:51:26,970 [INFO] CodeEngine:265 - oldGeneratedFile, D:\projects\stm32_cube_ide\lora\Core\Src\stm32f1xx_hal_msp.c_save
2026-01-07 14:51:27,049 [INFO] CodeEngine:289 - Generated code: D:\projects\stm32_cube_ide\lora\Core\Src\stm32f1xx_hal_msp.c
2026-01-07 14:51:27,052 [INFO] CodeEngine:265 - oldGeneratedFile, D:\projects\stm32_cube_ide\lora\MXTmpFiles\system.tmp_save
2026-01-07 14:51:27,103 [INFO] CodeEngine:289 - Generated code: D:\projects\stm32_cube_ide\lora\MXTmpFiles\system.tmp
2026-01-07 14:51:27,112 [INFO] CodeEngine:321 - oldGeneratedFile, D:\projects\stm32_cube_ide\lora\Core\Inc\stm32f1xx_hal_conf.h_save
2026-01-07 14:51:27,172 [INFO] CodeEngine:345 - Generated code: D:\projects\stm32_cube_ide\lora\Core\Inc\stm32f1xx_hal_conf.h
2026-01-07 14:51:27,185 [INFO] ApiDbMcu:532 - Load IP Config File for SPI1
2026-01-07 14:51:27,187 [INFO] ApiDbMcu:532 - Load IP Config File for USART1
2026-01-07 14:51:27,189 [INFO] ApiDbMcu:532 - Load IP Config File for RCC
2026-01-07 14:51:27,195 [INFO] CodeEngine:265 - oldGeneratedFile, D:\projects\stm32_cube_ide\lora\Core\Inc\main.h_save
2026-01-07 14:51:27,261 [INFO] CodeEngine:289 - Generated code: D:\projects\stm32_cube_ide\lora\Core\Inc\main.h
2026-01-07 14:51:27,264 [INFO] CodeEngine:265 - oldGeneratedFile, D:\projects\stm32_cube_ide\lora\Core\Src\main.c_save
2026-01-07 14:51:27,347 [INFO] CodeEngine:289 - Generated code: D:\projects\stm32_cube_ide\lora\Core\Src\main.c
2026-01-07 14:51:27,603 [INFO] ProjectBuilder:3606 - Time for Copy HAL[1] : 111mS.
2026-01-07 14:51:27,605 [INFO] ProjectBuilder:5216 - Project Generator version: 4.7.0-B52
2026-01-07 14:51:27,667 [INFO] ConfigFileManager:1595 - The Die is : DIE410
2026-01-07 14:51:27,669 [INFO] ApiDbMcu:532 - Load IP Config File for FATFS
2026-01-07 14:51:27,671 [INFO] ApiDbMcu:532 - Load IP Config File for FREERTOS
2026-01-07 14:51:27,674 [INFO] ApiDbMcu:532 - Load IP Config File for USB_DEVICE
2026-01-07 14:51:28,376 [INFO] ProjectBuilder:5496 - Time for Generating toolchain IDE Files: 771mS.
2026-01-07 14:51:28,378 [INFO] ProjectBuilder:3463 - Time for Copy CMSIS : 0mS.
2026-01-07 14:51:28,379 [INFO] ProjectBuilder:3463 - Time for Copy CMSIS : 0mS.
2026-01-07 15:09:07,484 [INFO] MainUpdater:2872 - connection check result : 10
2026-01-07 15:09:07,484 [INFO] MainUpdater:2872 - connection check result : 10
2026-01-07 15:09:07,520 [INFO] MicroXplorer:468 - Change Database Path : 
2026-01-07 15:09:07,520 [INFO] MicroXplorer:498 - Change Database Version : DB.6.0.150
2026-01-07 15:09:07,530 [ERROR] ProjectManagerView:395 - 
java.lang.NullPointerException: Cannot invoke "javax.swing.JTextField.getText()" because the return value of "java.util.List.get(int)" is null
	at com.st.microxplorer.plugins.projectmanager.gui.ProjectChoiceTab$9.caretUpdate(ProjectChoiceTab.java:2706) ~[filemanager.jar:?]
	at javax.swing.text.JTextComponent.fireCaretUpdate(JTextComponent.java:408) ~[?:?]
	at javax.swing.text.JTextComponent$MutableCaretEvent.fire(JTextComponent.java:4484) ~[?:?]
	at javax.swing.text.JTextComponent$MutableCaretEvent.stateChanged(JTextComponent.java:4506) ~[?:?]
	at javax.swing.text.DefaultCaret.fireStateChanged(DefaultCaret.java:857) ~[?:?]
	at javax.swing.text.DefaultCaret.changeCaretPosition(DefaultCaret.java:1343) ~[?:?]
	at javax.swing.text.DefaultCaret.handleSetDot(DefaultCaret.java:1242) ~[?:?]
	at javax.swing.text.DefaultCaret.setDot(DefaultCaret.java:1223) ~[?:?]
	at javax.swing.text.DefaultCaret$Handler.insertUpdate(DefaultCaret.java:1819) ~[?:?]
	at javax.swing.text.AbstractDocument.fireInsertUpdate(AbstractDocument.java:227) ~[?:?]
	at javax.swing.text.AbstractDocument.handleInsertString(AbstractDocument.java:781) ~[?:?]
	at javax.swing.text.AbstractDocument.insertString(AbstractDocument.java:740) ~[?:?]
	at javax.swing.text.PlainDocument.insertString(PlainDocument.java:131) ~[?:?]
	at javax.swing.text.AbstractDocument.replace(AbstractDocument.java:699) ~[?:?]
	at javax.swing.text.JTextComponent.setText(JTextComponent.java:1725) ~[?:?]
	at com.st.microxplorer.plugins.projectmanager.gui.ProjectChoiceTab.createHeapStackFields(ProjectChoiceTab.java:993) ~[filemanager.jar:?]
	at com.st.microxplorer.plugins.projectmanager.gui.ProjectChoiceTab.buildLinkSettingsPanel(ProjectChoiceTab.java:3813) ~[filemanager.jar:?]
	at com.st.microxplorer.plugins.projectmanager.gui.ProjectChoiceTab.defineWindowsFields(ProjectChoiceTab.java:1987) ~[filemanager.jar:?]
	at com.st.microxplorer.plugins.projectmanager.gui.ProjectChoiceTab.updateSettings(ProjectChoiceTab.java:558) ~[filemanager.jar:?]
	at com.st.microxplorer.plugins.projectmanager.gui.ProjectSettingsPanel.UpdateDialog(ProjectSettingsPanel.java:247) ~[filemanager.jar:?]
	at com.st.microxplorer.plugins.projectmanager.ProjectManagerView.propertyChange(ProjectManagerView.java:392) ~[filemanager.jar:?]
	at java.beans.PropertyChangeSupport.fire(PropertyChangeSupport.java:343) ~[?:?]
	at java.beans.PropertyChangeSupport.firePropertyChange(PropertyChangeSupport.java:335) ~[?:?]
	at java.beans.PropertyChangeSupport.firePropertyChange(PropertyChangeSupport.java:268) ~[?:?]
	at com.st.microxplorer.util.MXPropertyChangeSupport.firePropertyChange(MXPropertyChangeSupport.java:54) ~[STM32CubeMX.jar:?]
	at com.st.microxplorer.mxsystem.MxSystem.closeConfig(MxSystem.java:899) ~[STM32CubeMX.jar:?]
	at com.st.microxplorer.maingui.MainPanel.closeConfig(MainPanel.java:792) ~[STM32CubeMX.jar:?]
	at com.st.microxplorer.plugins.filemanager.engine.OpenFileManager.loadConfigurationFile(OpenFileManager.java:288) ~[filemanager.jar:?]
	at com.st.microxplorer.plugins.filemanager.engine.MainFileManager.userLoadConfig(MainFileManager.java:364) ~[filemanager.jar:?]
	at com.st.microxplorer.plugins.filemanager.engine.MainFileManager.userLoadConfig(MainFileManager.java:342) ~[filemanager.jar:?]
	at com.st.microxplorer.plugins.filemanager.FileManagerView.getSpecificTask(FileManagerView.java:264) ~[filemanager.jar:?]
	at com.st.stm32cube.common.mx.editor.CubeMxEditor.getMxTabbedPaneInstance(CubeMxEditor.java:1198) ~[com.st.stm32cube.common.mx_6.15.0.202507011659/:?]
	at com.st.stm32cube.common.mx.editor.CubeMxEditor$12$1.createSwingComponent(CubeMxEditor.java:1068) ~[com.st.stm32cube.common.mx_6.15.0.202507011659/:?]
	at com.st.stm32cube.common.mx.oss.core.awtswtbridge.EmbeddedSwingComposite.doComponentCreation(EmbeddedSwingComposite.java:492) ~[com.st.stm32cube.common.mx.oss_6.15.0.202507011659/:?]
	at com.st.stm32cube.common.mx.oss.core.awtswtbridge.EmbeddedSwingComposite$4.run(EmbeddedSwingComposite.java:291) ~[com.st.stm32cube.common.mx.oss_6.15.0.202507011659/:?]
	at com.st.stm32cube.common.mx.oss.core.awtswtbridge.AwtEnvironment$2.run(AwtEnvironment.java:166) ~[com.st.stm32cube.common.mx.oss_6.15.0.202507011659/:?]
	at java.awt.event.InvocationEvent.dispatch(InvocationEvent.java:318) ~[?:?]
	at java.awt.EventQueue.dispatchEventImpl(EventQueue.java:773) ~[?:?]
	at java.awt.EventQueue$4.run(EventQueue.java:720) ~[?:?]
	at java.awt.EventQueue$4.run(EventQueue.java:714) ~[?:?]
	at java.security.AccessController.doPrivileged(AccessController.java:400) ~[?:?]
	at java.security.ProtectionDomain$JavaSecurityAccessImpl.doIntersectionPrivilege(ProtectionDomain.java:87) ~[?:?]
	at java.awt.EventQueue.dispatchEvent(EventQueue.java:742) ~[?:?]
	at java.awt.EventDispatchThread.pumpOneEventForFilters(EventDispatchThread.java:203) ~[?:?]
	at java.awt.EventDispatchThread.pumpEventsForFilter(EventDispatchThread.java:124) ~[?:?]
	at java.awt.EventDispatchThread.pumpEventsForHierarchy(EventDispatchThread.java:113) ~[?:?]
	at java.awt.EventDispatchThread.pumpEvents(EventDispatchThread.java:109) ~[?:?]
	at java.awt.EventDispatchThread.pumpEvents(EventDispatchThread.java:101) ~[?:?]
	at java.awt.EventDispatchThread.run(EventDispatchThread.java:90) ~[?:?]
2026-01-07 15:09:07,532 [WARN] ThirdParty:871 - waiting for thirdparty lock release [close project]
2026-01-07 15:09:07,532 [INFO] ThirdParty:873 - entering critical section [close project]
2026-01-07 15:09:07,532 [INFO] ThirdParty:883 - exiting critical section [close project]
2026-01-07 15:09:07,532 [INFO] PinOutPanel:1589 - setPackage(No Configuration,No Configuration)
2026-01-07 15:09:07,534 [INFO] UtilMem:75 - Begin LoadConfig() Used Memory: 903791400 Bytes (1073741824)
2026-01-07 15:09:07,534 [INFO] MicroXplorer:468 - Change Database Path : 
2026-01-07 15:09:07,534 [INFO] MicroXplorer:498 - Change Database Version : DB.6.0.150
2026-01-07 15:09:07,534 [INFO] OpenFileManager:355 - Change cursor
2026-01-07 15:09:07,546 [INFO] RulesReader:64 - Compatibility file has been processed (317 Rules)
2026-01-07 15:09:07,547 [INFO] Mcu:2029 - Initializing MCU STM32F103C(8-B)Tx STM32F103C8Tx STM32F103C8T6
2026-01-07 15:09:07,935 [INFO] Context:786 - Trying to add GPIOservice into a context  which must be forbidden
2026-01-07 15:09:08,061 [INFO] ImportTextPane:234 - (OptionalMessage_ERROR) Pin13 (VP_RIF_VS_RIF1) cannot be retrieved for this MCU
2026-01-07 15:09:08,094 [INFO] RtosManager:558 - Registered RTOS mode: class=CMSIS, group=RTOS, mode=CMSIS_V1, owner=FREERTOS
2026-01-07 15:09:08,094 [INFO] RtosManager:558 - Registered RTOS mode: class=CMSIS, group=RTOS2, mode=CMSIS_V2, owner=FREERTOS
2026-01-07 15:09:08,094 [INFO] RtosManager:558 - Registered RTOS mode: class=RTOS, group=Core, mode=CMSIS_V1, owner=FREERTOS
2026-01-07 15:09:08,094 [INFO] RtosManager:558 - Registered RTOS mode: class=RTOS, group=Core, mode=CMSIS_V2, owner=FREERTOS
2026-01-07 15:09:08,094 [WARN] ModelIntegratedComponent:184 - Missing modes for component STMicroelectronics:FreeRTOS:0.0.1:STMicroelectronics:RTOS:FreeRTOS:Core:::10.2.0:
2026-01-07 15:09:08,101 [WARN] ModelIntegratedComponent:63 - No mode defined for component null
2026-01-07 15:09:08,102 [WARN] ModelIntegratedComponent:63 - No mode defined for component null
2026-01-07 15:09:08,102 [WARN] ModelIntegratedComponent:63 - No mode defined for component null
2026-01-07 15:09:08,102 [WARN] ModelIntegratedComponent:63 - No mode defined for component null
2026-01-07 15:09:08,102 [WARN] ModelIntegratedComponent:63 - No mode defined for component null
2026-01-07 15:09:08,102 [WARN] ModelIntegratedComponent:63 - No mode defined for component null
2026-01-07 15:09:08,102 [WARN] ModelIntegratedComponent:63 - No mode defined for component null
2026-01-07 15:09:08,102 [WARN] ModelIntegratedComponent:63 - No mode defined for component null
2026-01-07 15:09:08,102 [WARN] ModelIntegratedComponent:63 - No mode defined for component null
2026-01-07 15:09:08,102 [WARN] ModelIntegratedComponent:63 - No mode defined for component null
2026-01-07 15:09:08,102 [WARN] ModelIntegratedComponent:63 - No mode defined for component null
2026-01-07 15:09:08,102 [WARN] ModelIntegratedComponent:63 - No mode defined for component null
2026-01-07 15:09:08,102 [WARN] ModelIntegratedComponent:63 - No mode defined for component null
2026-01-07 15:09:08,102 [WARN] ModelIntegratedComponent:63 - No mode defined for component null
2026-01-07 15:09:08,102 [WARN] ModelIntegratedComponent:63 - No mode defined for component null
2026-01-07 15:09:08,102 [WARN] ModelIntegratedComponent:63 - No mode defined for component null
2026-01-07 15:09:08,102 [WARN] ModelIntegratedComponent:63 - No mode defined for component null
2026-01-07 15:09:08,102 [WARN] ModelIntegratedComponent:63 - No mode defined for component null
2026-01-07 15:09:08,102 [WARN] ModelIntegratedComponent:63 - No mode defined for component null
2026-01-07 15:09:08,102 [WARN] ModelIntegratedComponent:63 - No mode defined for component null
2026-01-07 15:09:08,102 [WARN] ModelIntegratedComponent:63 - No mode defined for component null
2026-01-07 15:09:08,102 [WARN] ModelIntegratedComponent:63 - No mode defined for component null
2026-01-07 15:09:08,102 [WARN] ModelIntegratedComponent:63 - No mode defined for component null
2026-01-07 15:09:08,102 [WARN] ModelIntegratedComponent:63 - No mode defined for component null
2026-01-07 15:09:08,103 [WARN] ModelIntegratedComponent:63 - No mode defined for component null
2026-01-07 15:09:08,103 [WARN] ModelIntegratedComponent:63 - No mode defined for component null
2026-01-07 15:09:08,103 [WARN] ModelIntegratedComponent:63 - No mode defined for component null
2026-01-07 15:09:08,103 [WARN] ModelIntegratedComponent:63 - No mode defined for component null
2026-01-07 15:09:08,103 [WARN] ModelIntegratedComponent:63 - No mode defined for component null
2026-01-07 15:09:08,103 [WARN] ModelIntegratedComponent:63 - No mode defined for component null
2026-01-07 15:09:08,103 [WARN] ModelIntegratedComponent:63 - No mode defined for component null
2026-01-07 15:09:08,103 [WARN] ModelIntegratedComponent:63 - No mode defined for component null
2026-01-07 15:09:08,103 [WARN] ModelIntegratedComponent:63 - No mode defined for component null
2026-01-07 15:09:08,103 [WARN] ModelIntegratedComponent:63 - No mode defined for component null
2026-01-07 15:09:08,103 [WARN] ModelIntegratedComponent:63 - No mode defined for component null
2026-01-07 15:09:08,103 [WARN] ModelPack:524 - Component already loaded: STMicroelectronics:HAL Drivers:0.0.0:STMicroelectronics:Device:STMicro_Driver:XSPI:HAL::0.0.1:HAL_XSPI
2026-01-07 15:09:08,306 [INFO] ThirdPartyModel:298 - Start build external matchings
2026-01-07 15:09:09,239 [INFO] ThirdPartyModel:316 - End build external matchings
2026-01-07 15:09:09,258 [INFO] ImportTextPane:234 - (OptionalMessage_ERROR) IP (RCC) : Parameter (ADCFreqValue) has invalid value (36000000)
2026-01-07 15:09:09,259 [INFO] ImportTextPane:234 - (OptionalMessage_ERROR) IP (RCC) : Invalid parameter (FamilyName)
2026-01-07 15:09:09,259 [INFO] ImportTextPane:234 - (OptionalMessage_ERROR) IP (RCC) : Parameter (MCOFreq_Value) has invalid value (72000000)
2026-01-07 15:09:09,259 [INFO] ImportTextPane:234 - (OptionalMessage_ERROR) IP (RCC) : Parameter (USBFreq_Value) has invalid value (72000000)
2026-01-07 15:09:09,426 [INFO] UtilMem:75 - End LoadConfig() Used Memory: 750143040 Bytes (1073741824)
2026-01-07 15:09:09,464 [WARN] ThirdParty:833 - waiting for thirdparty lock release [change project]
2026-01-07 15:09:09,465 [INFO] ThirdParty:835 - entering critical section [change project]
2026-01-07 15:09:09,465 [INFO] ThirdParty:1030 - CMSIS Pack Vendor :STMicroelectronics X-CUBE-PM33A1 1.0.0
2026-01-07 15:09:09,465 [INFO] ThirdParty:1030 - CMSIS Pack Vendor :STMicroelectronics USBPD 4.1
2026-01-07 15:09:09,465 [INFO] ThirdParty:1030 - CMSIS Pack Vendor :STMicroelectronics USB_HOST 2.0.0
2026-01-07 15:09:09,465 [INFO] ThirdParty:1030 - CMSIS Pack Vendor :STMicroelectronics FP-SNS-MOTENVWB1 1.4.0
2026-01-07 15:09:09,465 [INFO] ThirdParty:1030 - CMSIS Pack Vendor :STMicroelectronics X-CUBE-AZRTOS-F4 1.1.0
2026-01-07 15:09:09,465 [INFO] ThirdParty:1030 - CMSIS Pack Vendor :STMicroelectronics LIBJPEG 8.0.0
2026-01-07 15:09:09,465 [INFO] ThirdParty:1030 - CMSIS Pack Vendor :STMicroelectronics FP-ATR-ASTRA1 2.0.2
2026-01-07 15:09:09,465 [INFO] ThirdParty:1030 - CMSIS Pack Vendor :STMicroelectronics X-CUBE-SMBUS 2.1.0
2026-01-07 15:09:09,465 [INFO] ThirdParty:1030 - CMSIS Pack Vendor :STMicroelectronics X-CUBE-WB05N 1.1.0
2026-01-07 15:09:09,465 [INFO] ThirdParty:1030 - CMSIS Pack Vendor :STMicroelectronics X-CUBE-ISPU 2.1.0
2026-01-07 15:09:09,465 [INFO] ThirdParty:1030 - CMSIS Pack Vendor :STMicroelectronics X-CUBE-IPS 3.2.0
2026-01-07 15:09:09,465 [INFO] ThirdParty:1030 - CMSIS Pack Vendor :STMicroelectronics X-CUBE-NFC12 1.0.0
2026-01-07 15:09:09,465 [INFO] ThirdParty:1030 - CMSIS Pack Vendor :STMicroelectronics X-CUBE-AZRTOS-F7 1.1.0
2026-01-07 15:09:09,465 [INFO] ThirdParty:1030 - CMSIS Pack Vendor :STMicroelectronics X-CUBE-AZRTOS-L5 2.0.0
2026-01-07 15:09:09,465 [INFO] ThirdParty:1030 - CMSIS Pack Vendor :STMicroelectronics USB_DEVICE 2.0.0
2026-01-07 15:09:09,465 [INFO] ThirdParty:1030 - CMSIS Pack Vendor :STMicroelectronics X-CUBE-NFC6 3.1.0
2026-01-07 15:09:09,465 [INFO] ThirdParty:1030 - CMSIS Pack Vendor :STMicroelectronics FP-SNS-MOTENV1 5.1.0
2026-01-07 15:09:09,465 [INFO] ThirdParty:1030 - CMSIS Pack Vendor :STMicroelectronics FreeRTOS 0.0.1
2026-01-07 15:09:09,465 [INFO] ThirdParty:1030 - CMSIS Pack Vendor :STMicroelectronics X-CUBE-DPower 1.2.0
2026-01-07 15:09:09,465 [INFO] ThirdParty:1030 - CMSIS Pack Vendor :Infineon AIROC-Wi-Fi-Bluetooth-STM32 1.7.0
2026-01-07 15:09:09,465 [INFO] ThirdParty:1030 - CMSIS Pack Vendor :STMicroelectronics PDM2PCM 3.3.0
2026-01-07 15:09:09,465 [INFO] ThirdParty:1030 - CMSIS Pack Vendor :STMicroelectronics X-CUBE-AZRTOS-H7 3.4.0
2026-01-07 15:09:09,465 [INFO] ThirdParty:1030 - CMSIS Pack Vendor :STMicroelectronics X-CUBE-DISPLAY 3.0.0
2026-01-07 15:09:09,465 [INFO] ThirdParty:1030 - CMSIS Pack Vendor :STMicroelectronics X-CUBE-NFC10 1.0.0
2026-01-07 15:09:09,465 [INFO] ThirdParty:1030 - CMSIS Pack Vendor :STMicroelectronics X-CUBE-BLEMGR 4.0.0
2026-01-07 15:09:09,465 [INFO] ThirdParty:1030 - CMSIS Pack Vendor :STMicroelectronics HAL Drivers 0.0.0
2026-01-07 15:09:09,465 [INFO] ThirdParty:1030 - CMSIS Pack Vendor :STMicroelectronics X-CUBE-ST60 1.1.0
2026-01-07 15:09:09,465 [INFO] ThirdParty:1030 - CMSIS Pack Vendor :emotas I-CUBE-CANOPEN 1.3.0
2026-01-07 15:09:09,465 [INFO] ThirdParty:1030 - CMSIS Pack Vendor :STMicroelectronics X-CUBE-FREERTOS 1.3.0
2026-01-07 15:09:09,465 [INFO] ThirdParty:1030 - CMSIS Pack Vendor :STMicroelectronics X-CUBE-NFC7 1.0.1
2026-01-07 15:09:09,465 [INFO] ThirdParty:1030 - CMSIS Pack Vendor :STMicroelectronics MBEDTLS 2.14.1
2026-01-07 15:09:09,465 [INFO] ThirdParty:1030 - CMSIS Pack Vendor :STMicroelectronics X-CUBE-GNSS1 7.1.0
2026-01-07 15:09:09,465 [INFO] ThirdParty:1030 - CMSIS Pack Vendor :STMicroelectronics X-CUBE-TOUCHGFX 4.26.0
2026-01-07 15:09:09,466 [INFO] ThirdParty:1030 - CMSIS Pack Vendor :quantropi X-CUBE-qispace-sdk-base 2.0.0
2026-01-07 15:09:09,466 [INFO] ThirdParty:1030 - CMSIS Pack Vendor :STMicroelectronics X-CUBE-AI 10.0.0
2026-01-07 15:09:09,466 [INFO] ThirdParty:1030 - CMSIS Pack Vendor :STMicroelectronics FP-SNS-STBOX1 2.1.0
2026-01-07 15:09:09,466 [INFO] ThirdParty:1030 - CMSIS Pack Vendor :STMicroelectronics FP-SNS-STAIOTCFT 1.0.0
2026-01-07 15:09:09,466 [INFO] ThirdParty:1030 - CMSIS Pack Vendor :STMicroelectronics FP-SNS-SMARTAG2 1.2.0
2026-01-07 15:09:09,466 [INFO] ThirdParty:1030 - CMSIS Pack Vendor :STMicroelectronics FP-SNS-FLIGHT1 5.1.0
2026-01-07 15:09:09,466 [INFO] ThirdParty:1030 - CMSIS Pack Vendor :STMicroelectronics X-CUBE-MEMS1 11.1.0
2026-01-07 15:09:09,466 [INFO] ThirdParty:1030 - CMSIS Pack Vendor :STMicroelectronics X-CUBE-AZRTOS-WL 2.0.0
2026-01-07 15:09:09,466 [INFO] ThirdParty:1030 - CMSIS Pack Vendor :STMicroelectronics X-CUBE-DPower 1.3.0
2026-01-07 15:09:09,466 [INFO] ThirdParty:1030 - CMSIS Pack Vendor :STMicroelectronics FP-SNS-MOTENV1 5.0.0
2026-01-07 15:09:09,466 [INFO] ThirdParty:1030 - CMSIS Pack Vendor :STMicroelectronics USB_DEVICE 1.0.0
2026-01-07 15:09:09,466 [INFO] ThirdParty:1030 - CMSIS Pack Vendor :STMicroelectronics X-CUBE-AZRTOS-H7RS 1.2.0
2026-01-07 15:09:09,466 [INFO] ThirdParty:1030 - CMSIS Pack Vendor :STMicroelectronics X-CUBE-AZRTOS-L4 2.0.0
2026-01-07 15:09:09,466 [INFO] ThirdParty:1030 - CMSIS Pack Vendor :STMicroelectronics ThreadX 0.0.2
2026-01-07 15:09:09,466 [INFO] ThirdParty:1030 - CMSIS Pack Vendor :WES I-CUBE-Cesium 1.3.0
2026-01-07 15:09:09,466 [INFO] ThirdParty:1030 - CMSIS Pack Vendor :STMicroelectronics lwIP 2.1.2
2026-01-07 15:09:09,466 [INFO] ThirdParty:1030 - CMSIS Pack Vendor :STMicroelectronics X-CUBE-SFXS2LP1 4.0.0
2026-01-07 15:09:09,466 [INFO] ThirdParty:1030 - CMSIS Pack Vendor :STMicroelectronics X-CUBE-BLE2 3.3.0
2026-01-07 15:09:09,466 [INFO] ThirdParty:1030 - CMSIS Pack Vendor :Avnet-IOTCONNECT X-CUBE-iotc-st67-sdk 1.0.0
2026-01-07 15:09:09,466 [INFO] ThirdParty:1030 - CMSIS Pack Vendor :STMicroelectronics PDM2PCM 3.2.0
2026-01-07 15:09:09,466 [INFO] ThirdParty:1030 - CMSIS Pack Vendor :STMicroelectronics X-CUBE-AZRTOS-H7 3.3.0
2026-01-07 15:09:09,466 [INFO] ThirdParty:1030 - CMSIS Pack Vendor :STMicroelectronics X-CUBE-NFC9 1.0.0
2026-01-07 15:09:09,466 [INFO] ThirdParty:1030 - CMSIS Pack Vendor :STMicroelectronics X-CUBE-BLE1 7.1.0
2026-01-07 15:09:09,466 [INFO] ThirdParty:1030 - CMSIS Pack Vendor :wolfSSL I-CUBE-wolfMQTT 1.19.2
2026-01-07 15:09:09,466 [INFO] ThirdParty:1030 - CMSIS Pack Vendor :STMicroelectronics USB_DEVICE 3.0.0
2026-01-07 15:09:09,466 [INFO] ThirdParty:1030 - CMSIS Pack Vendor :STMicroelectronics X-CUBE-FREERTOS 1.4.0
2026-01-07 15:09:09,466 [INFO] ThirdParty:1030 - CMSIS Pack Vendor :STMicroelectronics X-CUBE-EEPRMA1 5.2.0
2026-01-07 15:09:09,466 [INFO] ThirdParty:1030 - CMSIS Pack Vendor :STMicroelectronics X-CUBE-BLEMGR 4.1.0
2026-01-07 15:09:09,466 [INFO] ThirdParty:1030 - CMSIS Pack Vendor :STMicroelectronics X-CUBE-AZRTOS-WB 2.0.0
2026-01-07 15:09:09,466 [INFO] ThirdParty:1030 - CMSIS Pack Vendor :STMicroelectronics X-CUBE-GNSS1 7.0.1
2026-01-07 15:09:09,466 [INFO] ThirdParty:1030 - CMSIS Pack Vendor :STMicroelectronics X-CUBE-TOUCHGFX 4.25.0
2026-01-07 15:09:09,466 [INFO] ThirdParty:1030 - CMSIS Pack Vendor :STMicroelectronics X-CUBE-ST67W61 1.1.0
2026-01-07 15:09:09,466 [INFO] ThirdParty:1030 - CMSIS Pack Vendor :STMicroelectronics FP-SNS-STBOX1 2.0.0
2026-01-07 15:09:09,466 [INFO] ThirdParty:1030 - CMSIS Pack Vendor :STMicroelectronics X-CUBE-MEMS1 12.0.0
2026-01-07 15:09:09,466 [INFO] ThirdParty:1030 - CMSIS Pack Vendor :STMicroelectronics X-CUBE-AZRTOS-G0 1.1.0
2026-01-07 15:09:09,466 [INFO] ThirdParty:1030 - CMSIS Pack Vendor :STMicroelectronics X-CUBE-SAFEA1 1.2.2
2026-01-07 15:09:09,466 [INFO] ThirdParty:1030 - CMSIS Pack Vendor :STMicroelectronics X-CUBE-NFC4 3.0.0
2026-01-07 15:09:09,466 [INFO] ThirdParty:1030 - CMSIS Pack Vendor :STMicroelectronics X-CUBE-SUBG2 5.0.0
2026-01-07 15:09:09,466 [INFO] ThirdParty:1030 - CMSIS Pack Vendor :STMicroelectronics X-CUBE-AZRTOS-H7RS 1.1.0
2026-01-07 15:09:09,466 [INFO] ThirdParty:1030 - CMSIS Pack Vendor :STMicroelectronics STM32_WPAN 1.0.0
2026-01-07 15:09:09,466 [INFO] ThirdParty:1030 - CMSIS Pack Vendor :EmbeddedOffice I-CUBE-FS-RTOS 1.0.1
2026-01-07 15:09:09,466 [INFO] ThirdParty:1030 - CMSIS Pack Vendor :STMicroelectronics lwIP 2.0.3
2026-01-07 15:09:09,466 [INFO] ThirdParty:1030 - CMSIS Pack Vendor :Cesanta I-CUBE-Mongoose 7.13.0
2026-01-07 15:09:09,466 [INFO] ThirdParty:1030 - CMSIS Pack Vendor :STMicroelectronics USB_HOST 1.0.0
2026-01-07 15:09:09,466 [INFO] ThirdParty:1030 - CMSIS Pack Vendor :STMicroelectronics X-CUBE-AZRTOS-G4 2.0.0
2026-01-07 15:09:09,466 [INFO] ThirdParty:1030 - CMSIS Pack Vendor :STMicroelectronics X-CUBE-WB05N 2.0.0
2026-01-07 15:09:09,466 [INFO] ThirdParty:1030 - CMSIS Pack Vendor :STMicroelectronics PDM2PCM 3.1.0
2026-01-07 15:09:09,467 [INFO] ThirdParty:1030 - CMSIS Pack Vendor :wolfSSL I-CUBE-wolfTPM 3.8.0
2026-01-07 15:09:09,467 [INFO] ThirdParty:1030 - CMSIS Pack Vendor :wolfSSL I-CUBE-wolfSSH 1.4.20
2026-01-07 15:09:09,467 [INFO] ThirdParty:1030 - CMSIS Pack Vendor :STMicroelectronics X-CUBE-NFC7 2.0.0
2026-01-07 15:09:09,467 [INFO] ThirdParty:1030 - CMSIS Pack Vendor :STMicroelectronics X-CUBE-TCPP 4.2.0
2026-01-07 15:09:09,467 [INFO] ThirdParty:1030 - CMSIS Pack Vendor :RealThread X-CUBE-RT-Thread_Nano 4.1.1
2026-01-07 15:09:09,467 [INFO] ThirdParty:1030 - CMSIS Pack Vendor :STMicroelectronics FP-ATR-SIGFOX1 3.2.0
2026-01-07 15:09:09,467 [INFO] ThirdParty:1030 - CMSIS Pack Vendor :STMicroelectronics X-CUBE-EEPRMA1 5.1.0
2026-01-07 15:09:09,467 [INFO] ThirdParty:1030 - CMSIS Pack Vendor :STMicroelectronics MBEDTLS 2.16.2
2026-01-07 15:09:09,467 [INFO] ThirdParty:1030 - CMSIS Pack Vendor :STMicroelectronics X-CUBE-IPS 3.1.0
2026-01-07 15:09:09,467 [INFO] ThirdParty:1030 - CMSIS Pack Vendor :STMicroelectronics X-CUBE-ALS 1.0.2
2026-01-07 15:09:09,467 [INFO] ThirdParty:1030 - CMSIS Pack Vendor :wolfSSL I-CUBE-wolfSSL 5.7.6
2026-01-07 15:09:09,467 [INFO] ThirdParty:1030 - CMSIS Pack Vendor :ITTIA_DB I-CUBE-ITTIADB 8.9.0
2026-01-07 15:09:09,467 [INFO] ThirdParty:1030 - CMSIS Pack Vendor :STMicroelectronics X-CUBE-STSE01 1.0.0
2026-01-07 15:09:09,467 [INFO] ThirdParty:1030 - CMSIS Pack Vendor :portGmbH I-Cube-SoM-uGOAL 1.1.0
2026-01-07 15:09:09,467 [INFO] ThirdParty:1030 - CMSIS Pack Vendor :STMicroelectronics X-CUBE-AI 10.2.0
2026-01-07 15:09:09,467 [INFO] ThirdParty:1030 - CMSIS Pack Vendor :STMicroelectronics ThreadX 1.0.0
2026-01-07 15:09:09,467 [INFO] ThirdParty:1030 - CMSIS Pack Vendor :SEGGER I-CUBE-embOS 1.3.1
2026-01-07 15:09:09,467 [INFO] ThirdParty:1030 - CMSIS Pack Vendor :STMicroelectronics X-CUBE-ALGOBUILD 1.4.0
2026-01-07 15:09:09,467 [INFO] ThirdParty:1030 - CMSIS Pack Vendor :STMicroelectronics X-CUBE-TOF1 3.4.2
2026-01-07 15:09:09,467 [INFO] ThirdParty:1030 - CMSIS Pack Vendor :STMicroelectronics X-CUBE-TOF1 3.4.3
2026-01-07 15:09:09,467 [INFO] ThirdParty:841 - exiting critical section [change project]
2026-01-07 15:09:09,553 [INFO] PinOutPanel:1589 - setPackage(No Configuration,No Configuration)
2026-01-07 15:09:09,554 [INFO] PinOutPanel:1589 - setPackage(STM32F103C8Tx,LQFP48)
2026-01-07 15:09:09,853 [INFO] UtilMem:75 - Before build in PCC Used Memory: 730382984 Bytes (1073741824)
2026-01-07 15:09:10,198 [INFO] UtilMem:75 - After build in PCC Used Memory: 774423176 Bytes (1073741824)
2026-01-07 15:09:10,212 [INFO] IPUIPlugin:80 - create IPUIPlugin
2026-01-07 15:09:10,213 [INFO] IPUIPlugin:80 - create IPUIPlugin
2026-01-07 15:09:10,213 [INFO] IPUIPlugin:80 - create IPUIPlugin
2026-01-07 15:09:10,213 [INFO] IPUIPlugin:80 - create IPUIPlugin
2026-01-07 15:09:10,213 [INFO] IPUIPlugin:80 - create IPUIPlugin
2026-01-07 15:09:10,213 [INFO] IPUIPlugin:80 - create IPUIPlugin
2026-01-07 15:09:10,213 [INFO] IPUIPlugin:80 - create IPUIPlugin
2026-01-07 15:09:10,213 [INFO] IPUIPlugin:80 - create IPUIPlugin
2026-01-07 15:09:10,213 [INFO] IPUIPlugin:80 - create IPUIPlugin
2026-01-07 15:09:10,213 [INFO] IPUIPlugin:80 - create IPUIPlugin
2026-01-07 15:09:10,213 [INFO] IPUIPlugin:80 - create IPUIPlugin
2026-01-07 15:09:10,213 [INFO] IPUIPlugin:80 - create IPUIPlugin
2026-01-07 15:09:10,214 [INFO] IPUIPlugin:80 - create IPUIPlugin
2026-01-07 15:09:10,214 [INFO] IPUIPlugin:80 - create IPUIPlugin
2026-01-07 15:09:10,214 [INFO] IPUIPlugin:80 - create IPUIPlugin
2026-01-07 15:09:10,214 [INFO] IPUIPlugin:80 - create IPUIPlugin
2026-01-07 15:09:10,214 [INFO] IPUIPlugin:80 - create IPUIPlugin
2026-01-07 15:09:10,214 [INFO] IPUIPlugin:80 - create IPUIPlugin
2026-01-07 15:09:10,214 [INFO] IPUIPlugin:80 - create IPUIPlugin
2026-01-07 15:09:10,214 [INFO] IPUIPlugin:80 - create IPUIPlugin
2026-01-07 15:09:10,214 [INFO] IPUIPlugin:80 - create IPUIPlugin
2026-01-07 15:09:10,215 [INFO] IPUIPlugin:80 - create IPUIPlugin
2026-01-07 15:09:10,215 [INFO] IPUIPlugin:80 - create IPUIPlugin
2026-01-07 15:09:10,215 [INFO] IPUIPlugin:80 - create IPUIPlugin
2026-01-07 15:09:10,215 [INFO] IPUIPlugin:80 - create IPUIPlugin
2026-01-07 15:09:10,215 [INFO] IPUIPlugin:80 - create IPUIPlugin
2026-01-07 15:09:10,215 [INFO] IPUIPlugin:80 - create IPUIPlugin
2026-01-07 15:09:10,253 [INFO] CADModel:165 - CPN selected for project levelSTM32F103C8T6
2026-01-07 15:09:10,253 [INFO] CADModel:114 - Register for checkConnection events
2026-01-07 15:09:10,310 [INFO] OpenFileManager:386 - Restore cursor
2026-01-07 15:09:35,049 [INFO] UtilMem:75 - End SaveConfig() Used Memory: 827860624 Bytes (1073741824)
2026-01-07 15:09:36,361 [INFO] UtilMem:75 - End SaveConfig() Used Memory: 847965672 Bytes (1073741824)
2026-01-07 15:09:37,774 [INFO] UtilMem:75 - End SaveConfig() Used Memory: 892683288 Bytes (1073741824)
2026-01-07 15:09:37,847 [INFO] BlockDiagram:2775 - set Specific Code input for plugin: SPI
2026-01-07 15:09:37,849 [INFO] BlockDiagram:2775 - set Specific Code input for plugin: NVIC
2026-01-07 15:09:37,849 [INFO] BlockDiagram:2775 - set Specific Code input for plugin: USART
2026-01-07 15:09:37,849 [INFO] BlockDiagram:2775 - set Specific Code input for plugin: SYS
2026-01-07 15:09:37,849 [INFO] BlockDiagram:2775 - set Specific Code input for plugin: GPIO
2026-01-07 15:09:37,849 [INFO] BlockDiagram:2775 - set Specific Code input for plugin: RCC
2026-01-07 15:09:37,850 [INFO] CodeGenerator:892 - code generatio: config db path: D:\installs\STM32CubeIDE_1.19.0\STM32CubeIDE\plugins\com.st.stm32cube.common.mx_6.15.0.202507011659\\db\
2026-01-07 15:09:37,911 [INFO] CodeEngine:265 - oldGeneratedFile, D:\projects\stm32_cube_ide\lora\MXTmpFiles\license.tmp_save
2026-01-07 15:09:38,145 [INFO] CodeEngine:289 - Generated code: D:\projects\stm32_cube_ide\lora\MXTmpFiles\license.tmp
2026-01-07 15:09:38,171 [INFO] CodeEngine:265 - oldGeneratedFile, D:\projects\stm32_cube_ide\lora\Core\Src\gpio.c_save
2026-01-07 15:09:38,299 [INFO] CodeEngine:289 - Generated code: D:\projects\stm32_cube_ide\lora\Core\Src\gpio.c
2026-01-07 15:09:38,303 [INFO] CodeEngine:265 - oldGeneratedFile, D:\projects\stm32_cube_ide\lora\Core\Inc\gpio.h_save
2026-01-07 15:09:38,387 [INFO] CodeEngine:289 - Generated code: D:\projects\stm32_cube_ide\lora\Core\Inc\gpio.h
2026-01-07 15:09:38,433 [INFO] CodeEngine:265 - oldGeneratedFile, D:\projects\stm32_cube_ide\lora\Core\Src\spi.c_save
2026-01-07 15:09:38,571 [INFO] CodeEngine:289 - Generated code: D:\projects\stm32_cube_ide\lora\Core\Src\spi.c
2026-01-07 15:09:38,575 [INFO] CodeEngine:265 - oldGeneratedFile, D:\projects\stm32_cube_ide\lora\Core\Inc\spi.h_save
2026-01-07 15:09:38,653 [INFO] CodeEngine:289 - Generated code: D:\projects\stm32_cube_ide\lora\Core\Inc\spi.h
2026-01-07 15:09:38,660 [INFO] CodeEngine:265 - oldGeneratedFile, D:\projects\stm32_cube_ide\lora\Core\Src\usart.c_save
2026-01-07 15:09:38,752 [INFO] CodeEngine:289 - Generated code: D:\projects\stm32_cube_ide\lora\Core\Src\usart.c
2026-01-07 15:09:38,756 [INFO] CodeEngine:265 - oldGeneratedFile, D:\projects\stm32_cube_ide\lora\Core\Inc\usart.h_save
2026-01-07 15:09:38,816 [INFO] CodeEngine:289 - Generated code: D:\projects\stm32_cube_ide\lora\Core\Inc\usart.h
2026-01-07 15:09:38,823 [INFO] CodeEngine:265 - oldGeneratedFile, D:\projects\stm32_cube_ide\lora\Core\Src\stm32f1xx_it.c_save
2026-01-07 15:09:38,956 [INFO] CodeEngine:289 - Generated code: D:\projects\stm32_cube_ide\lora\Core\Src\stm32f1xx_it.c
2026-01-07 15:09:38,960 [INFO] CodeEngine:265 - oldGeneratedFile, D:\projects\stm32_cube_ide\lora\Core\Inc\stm32f1xx_it.h_save
2026-01-07 15:09:39,015 [INFO] CodeEngine:289 - Generated code: D:\projects\stm32_cube_ide\lora\Core\Inc\stm32f1xx_it.h
2026-01-07 15:09:39,023 [INFO] CodeEngine:265 - oldGeneratedFile, D:\projects\stm32_cube_ide\lora\Core\Src\stm32f1xx_hal_msp.c_save
2026-01-07 15:09:39,094 [INFO] CodeEngine:289 - Generated code: D:\projects\stm32_cube_ide\lora\Core\Src\stm32f1xx_hal_msp.c
2026-01-07 15:09:39,098 [INFO] CodeEngine:265 - oldGeneratedFile, D:\projects\stm32_cube_ide\lora\MXTmpFiles\system.tmp_save
2026-01-07 15:09:39,144 [INFO] CodeEngine:289 - Generated code: D:\projects\stm32_cube_ide\lora\MXTmpFiles\system.tmp
2026-01-07 15:09:39,150 [INFO] CodeEngine:321 - oldGeneratedFile, D:\projects\stm32_cube_ide\lora\Core\Inc\stm32f1xx_hal_conf.h_save
2026-01-07 15:09:39,204 [INFO] CodeEngine:345 - Generated code: D:\projects\stm32_cube_ide\lora\Core\Inc\stm32f1xx_hal_conf.h
2026-01-07 15:09:39,217 [INFO] ApiDbMcu:532 - Load IP Config File for SPI1
2026-01-07 15:09:39,219 [INFO] ApiDbMcu:532 - Load IP Config File for USART1
2026-01-07 15:09:39,221 [INFO] ApiDbMcu:532 - Load IP Config File for RCC
2026-01-07 15:09:39,226 [INFO] CodeEngine:265 - oldGeneratedFile, D:\projects\stm32_cube_ide\lora\Core\Inc\main.h_save
2026-01-07 15:09:39,294 [INFO] CodeEngine:289 - Generated code: D:\projects\stm32_cube_ide\lora\Core\Inc\main.h
2026-01-07 15:09:39,298 [INFO] CodeEngine:265 - oldGeneratedFile, D:\projects\stm32_cube_ide\lora\Core\Src\main.c_save
2026-01-07 15:09:39,389 [INFO] CodeEngine:289 - Generated code: D:\projects\stm32_cube_ide\lora\Core\Src\main.c
2026-01-07 15:09:39,655 [INFO] ProjectBuilder:3606 - Time for Copy HAL[1] : 93mS.
2026-01-07 15:09:39,657 [INFO] ProjectBuilder:5216 - Project Generator version: 4.7.0-B52
2026-01-07 15:09:39,737 [INFO] ConfigFileManager:1595 - The Die is : DIE410
2026-01-07 15:09:39,739 [INFO] ApiDbMcu:532 - Load IP Config File for FATFS
2026-01-07 15:09:39,741 [INFO] ApiDbMcu:532 - Load IP Config File for FREERTOS
2026-01-07 15:09:39,746 [INFO] ApiDbMcu:532 - Load IP Config File for USB_DEVICE
2026-01-07 15:09:40,335 [INFO] ProjectBuilder:5496 - Time for Generating toolchain IDE Files: 678mS.
2026-01-07 15:09:40,336 [INFO] ProjectBuilder:3463 - Time for Copy CMSIS : 1mS.
2026-01-07 15:09:40,337 [INFO] ProjectBuilder:3463 - Time for Copy CMSIS : 0mS.
2026-01-07 15:10:05,386 [INFO] UtilMem:75 - End SaveConfig() Used Memory: 898562784 Bytes (1073741824)
2026-01-07 15:10:05,461 [INFO] BlockDiagram:2775 - set Specific Code input for plugin: SPI
2026-01-07 15:10:05,461 [INFO] BlockDiagram:2775 - set Specific Code input for plugin: NVIC
2026-01-07 15:10:05,461 [INFO] BlockDiagram:2775 - set Specific Code input for plugin: USART
2026-01-07 15:10:05,461 [INFO] BlockDiagram:2775 - set Specific Code input for plugin: SYS
2026-01-07 15:10:05,461 [INFO] BlockDiagram:2775 - set Specific Code input for plugin: GPIO
2026-01-07 15:10:05,461 [INFO] BlockDiagram:2775 - set Specific Code input for plugin: RCC
2026-01-07 15:10:05,462 [INFO] CodeGenerator:892 - code generatio: config db path: D:\installs\STM32CubeIDE_1.19.0\STM32CubeIDE\plugins\com.st.stm32cube.common.mx_6.15.0.202507011659\\db\
2026-01-07 15:10:05,515 [INFO] CodeEngine:265 - oldGeneratedFile, D:\projects\stm32_cube_ide\lora\MXTmpFiles\license.tmp_save
2026-01-07 15:10:05,576 [INFO] CodeEngine:289 - Generated code: D:\projects\stm32_cube_ide\lora\MXTmpFiles\license.tmp
2026-01-07 15:10:05,591 [INFO] CodeEngine:265 - oldGeneratedFile, D:\projects\stm32_cube_ide\lora\Core\Src\gpio.c_save
2026-01-07 15:10:05,645 [INFO] CodeEngine:289 - Generated code: D:\projects\stm32_cube_ide\lora\Core\Src\gpio.c
2026-01-07 15:10:05,649 [INFO] CodeEngine:265 - oldGeneratedFile, D:\projects\stm32_cube_ide\lora\Core\Inc\gpio.h_save
2026-01-07 15:10:05,698 [INFO] CodeEngine:289 - Generated code: D:\projects\stm32_cube_ide\lora\Core\Inc\gpio.h
2026-01-07 15:10:05,734 [INFO] CodeEngine:265 - oldGeneratedFile, D:\projects\stm32_cube_ide\lora\Core\Src\spi.c_save
2026-01-07 15:10:05,802 [INFO] CodeEngine:289 - Generated code: D:\projects\stm32_cube_ide\lora\Core\Src\spi.c
2026-01-07 15:10:05,806 [INFO] CodeEngine:265 - oldGeneratedFile, D:\projects\stm32_cube_ide\lora\Core\Inc\spi.h_save
2026-01-07 15:10:05,855 [INFO] CodeEngine:289 - Generated code: D:\projects\stm32_cube_ide\lora\Core\Inc\spi.h
2026-01-07 15:10:05,862 [INFO] CodeEngine:265 - oldGeneratedFile, D:\projects\stm32_cube_ide\lora\Core\Src\usart.c_save
2026-01-07 15:10:05,930 [INFO] CodeEngine:289 - Generated code: D:\projects\stm32_cube_ide\lora\Core\Src\usart.c
2026-01-07 15:10:05,934 [INFO] CodeEngine:265 - oldGeneratedFile, D:\projects\stm32_cube_ide\lora\Core\Inc\usart.h_save
2026-01-07 15:10:05,982 [INFO] CodeEngine:289 - Generated code: D:\projects\stm32_cube_ide\lora\Core\Inc\usart.h
2026-01-07 15:10:05,991 [INFO] CodeEngine:265 - oldGeneratedFile, D:\projects\stm32_cube_ide\lora\Core\Src\stm32f1xx_it.c_save
2026-01-07 15:10:06,047 [INFO] CodeEngine:289 - Generated code: D:\projects\stm32_cube_ide\lora\Core\Src\stm32f1xx_it.c
2026-01-07 15:10:06,050 [INFO] CodeEngine:265 - oldGeneratedFile, D:\projects\stm32_cube_ide\lora\Core\Inc\stm32f1xx_it.h_save
2026-01-07 15:10:06,097 [INFO] CodeEngine:289 - Generated code: D:\projects\stm32_cube_ide\lora\Core\Inc\stm32f1xx_it.h
2026-01-07 15:10:06,104 [INFO] CodeEngine:265 - oldGeneratedFile, D:\projects\stm32_cube_ide\lora\Core\Src\stm32f1xx_hal_msp.c_save
2026-01-07 15:10:06,169 [INFO] CodeEngine:289 - Generated code: D:\projects\stm32_cube_ide\lora\Core\Src\stm32f1xx_hal_msp.c
2026-01-07 15:10:06,171 [INFO] CodeEngine:265 - oldGeneratedFile, D:\projects\stm32_cube_ide\lora\MXTmpFiles\system.tmp_save
2026-01-07 15:10:06,216 [INFO] CodeEngine:289 - Generated code: D:\projects\stm32_cube_ide\lora\MXTmpFiles\system.tmp
2026-01-07 15:10:06,222 [INFO] CodeEngine:321 - oldGeneratedFile, D:\projects\stm32_cube_ide\lora\Core\Inc\stm32f1xx_hal_conf.h_save
2026-01-07 15:10:06,271 [INFO] CodeEngine:345 - Generated code: D:\projects\stm32_cube_ide\lora\Core\Inc\stm32f1xx_hal_conf.h
2026-01-07 15:10:06,285 [INFO] CodeEngine:265 - oldGeneratedFile, D:\projects\stm32_cube_ide\lora\Core\Inc\main.h_save
2026-01-07 15:10:06,334 [INFO] CodeEngine:289 - Generated code: D:\projects\stm32_cube_ide\lora\Core\Inc\main.h
2026-01-07 15:10:06,338 [INFO] CodeEngine:265 - oldGeneratedFile, D:\projects\stm32_cube_ide\lora\Core\Src\main.c_save
2026-01-07 15:10:06,404 [INFO] CodeEngine:289 - Generated code: D:\projects\stm32_cube_ide\lora\Core\Src\main.c
2026-01-07 15:10:06,611 [INFO] ProjectBuilder:3606 - Time for Copy HAL[1] : 84mS.
2026-01-07 15:10:06,613 [INFO] ProjectBuilder:5216 - Project Generator version: 4.7.0-B52
2026-01-07 15:10:06,674 [INFO] ConfigFileManager:1595 - The Die is : DIE410
2026-01-07 15:10:07,185 [INFO] ProjectBuilder:5496 - Time for Generating toolchain IDE Files: 572mS.
2026-01-07 15:10:07,186 [INFO] ProjectBuilder:3463 - Time for Copy CMSIS : 1mS.
2026-01-07 15:10:07,188 [INFO] ProjectBuilder:3463 - Time for Copy CMSIS : 0mS.
2026-01-07 15:10:32,510 [INFO] MainUpdater:2872 - connection check result : 10
2026-01-07 15:10:32,609 [INFO] McuFinderGlobals:76 - Set McuFinderConnectedMode to true
2026-01-07 15:10:32,609 [INFO] MultiScanPanel:200 - Auto-refresh data requested => check proxy status ongoing
2026-01-07 15:10:32,609 [INFO] FinderPluginLoader:96 - Searching for filters in installed packs
2026-01-07 15:10:34,177 [INFO] LoadUrlFilesThread:185 - End of LoadServerUrlFiles without Thread
2026-01-07 15:10:34,177 [INFO] DetailPanel:341 - Set advertising image to C:/Users/22142/STM32Cube/Repository/\en.prom-st67w-expansion-board.png
2026-01-07 15:11:22,112 [INFO] MainUpdater:2872 - connection check result : 10
2026-01-07 15:11:22,112 [INFO] MainUpdater:2872 - connection check result : 10
2026-01-07 15:11:22,119 [ERROR] IocParser:57 - IOException caught: D:\projects\stm32_cube_ide\lora\lora.ioc (The system cannot find the path specified)
2026-01-07 15:11:22,120 [ERROR] PeripheralListParser:95 - Something went wrong with ioc file reading: D:\projects\stm32_cube_ide\lora\lora.ioc (The system cannot find the path specified)
2026-01-07 15:11:22,120 [ERROR] RegexParser:59 - Issue caught when parsing regex: D:\projects\stm32_cube_ide\lora\lora.ioc (The system cannot find the path specified)
2026-01-07 15:11:22,148 [INFO] MicroXplorer:468 - Change Database Path : 
2026-01-07 15:11:22,148 [INFO] MicroXplorer:498 - Change Database Version : DB.6.0.150
2026-01-07 15:11:22,157 [ERROR] ProjectManagerView:395 - 
java.lang.NullPointerException: Cannot invoke "javax.swing.JTextField.getText()" because the return value of "java.util.List.get(int)" is null
	at com.st.microxplorer.plugins.projectmanager.gui.ProjectChoiceTab$9.caretUpdate(ProjectChoiceTab.java:2706) ~[filemanager.jar:?]
	at javax.swing.text.JTextComponent.fireCaretUpdate(JTextComponent.java:408) ~[?:?]
	at javax.swing.text.JTextComponent$MutableCaretEvent.fire(JTextComponent.java:4484) ~[?:?]
	at javax.swing.text.JTextComponent$MutableCaretEvent.stateChanged(JTextComponent.java:4506) ~[?:?]
	at javax.swing.text.DefaultCaret.fireStateChanged(DefaultCaret.java:857) ~[?:?]
	at javax.swing.text.DefaultCaret.changeCaretPosition(DefaultCaret.java:1343) ~[?:?]
	at javax.swing.text.DefaultCaret.handleSetDot(DefaultCaret.java:1242) ~[?:?]
	at javax.swing.text.DefaultCaret.setDot(DefaultCaret.java:1223) ~[?:?]
	at javax.swing.text.DefaultCaret$Handler.insertUpdate(DefaultCaret.java:1819) ~[?:?]
	at javax.swing.text.AbstractDocument.fireInsertUpdate(AbstractDocument.java:227) ~[?:?]
	at javax.swing.text.AbstractDocument.handleInsertString(AbstractDocument.java:781) ~[?:?]
	at javax.swing.text.AbstractDocument.insertString(AbstractDocument.java:740) ~[?:?]
	at javax.swing.text.PlainDocument.insertString(PlainDocument.java:131) ~[?:?]
	at javax.swing.text.AbstractDocument.replace(AbstractDocument.java:699) ~[?:?]
	at javax.swing.text.JTextComponent.setText(JTextComponent.java:1725) ~[?:?]
	at com.st.microxplorer.plugins.projectmanager.gui.ProjectChoiceTab.createHeapStackFields(ProjectChoiceTab.java:993) ~[filemanager.jar:?]
	at com.st.microxplorer.plugins.projectmanager.gui.ProjectChoiceTab.buildLinkSettingsPanel(ProjectChoiceTab.java:3813) ~[filemanager.jar:?]
	at com.st.microxplorer.plugins.projectmanager.gui.ProjectChoiceTab.defineWindowsFields(ProjectChoiceTab.java:1987) ~[filemanager.jar:?]
	at com.st.microxplorer.plugins.projectmanager.gui.ProjectChoiceTab.updateSettings(ProjectChoiceTab.java:558) ~[filemanager.jar:?]
	at com.st.microxplorer.plugins.projectmanager.gui.ProjectSettingsPanel.UpdateDialog(ProjectSettingsPanel.java:247) ~[filemanager.jar:?]
	at com.st.microxplorer.plugins.projectmanager.ProjectManagerView.propertyChange(ProjectManagerView.java:392) ~[filemanager.jar:?]
	at java.beans.PropertyChangeSupport.fire(PropertyChangeSupport.java:343) ~[?:?]
	at java.beans.PropertyChangeSupport.firePropertyChange(PropertyChangeSupport.java:335) ~[?:?]
	at java.beans.PropertyChangeSupport.firePropertyChange(PropertyChangeSupport.java:268) ~[?:?]
	at com.st.microxplorer.util.MXPropertyChangeSupport.firePropertyChange(MXPropertyChangeSupport.java:54) ~[STM32CubeMX.jar:?]
	at com.st.microxplorer.mxsystem.MxSystem.closeConfig(MxSystem.java:899) ~[STM32CubeMX.jar:?]
	at com.st.microxplorer.maingui.MainPanel.closeConfig(MainPanel.java:792) ~[STM32CubeMX.jar:?]
	at com.st.microxplorer.plugins.filemanager.engine.OpenFileManager.loadConfigurationFile(OpenFileManager.java:288) ~[filemanager.jar:?]
	at com.st.microxplorer.plugins.filemanager.engine.MainFileManager.userLoadConfig(MainFileManager.java:364) ~[filemanager.jar:?]
	at com.st.microxplorer.plugins.filemanager.engine.MainFileManager.userLoadConfig(MainFileManager.java:342) ~[filemanager.jar:?]
	at com.st.microxplorer.plugins.filemanager.FileManagerView.getSpecificTask(FileManagerView.java:264) ~[filemanager.jar:?]
	at com.st.stm32cube.common.mx.editor.CubeMxEditor.getMxTabbedPaneInstance(CubeMxEditor.java:1198) ~[com.st.stm32cube.common.mx_6.15.0.202507011659/:?]
	at com.st.stm32cube.common.mx.editor.CubeMxEditor$12$1.createSwingComponent(CubeMxEditor.java:1068) ~[com.st.stm32cube.common.mx_6.15.0.202507011659/:?]
	at com.st.stm32cube.common.mx.oss.core.awtswtbridge.EmbeddedSwingComposite.doComponentCreation(EmbeddedSwingComposite.java:492) ~[com.st.stm32cube.common.mx.oss_6.15.0.202507011659/:?]
	at com.st.stm32cube.common.mx.oss.core.awtswtbridge.EmbeddedSwingComposite$4.run(EmbeddedSwingComposite.java:291) ~[com.st.stm32cube.common.mx.oss_6.15.0.202507011659/:?]
	at com.st.stm32cube.common.mx.oss.core.awtswtbridge.AwtEnvironment$2.run(AwtEnvironment.java:166) ~[com.st.stm32cube.common.mx.oss_6.15.0.202507011659/:?]
	at java.awt.event.InvocationEvent.dispatch(InvocationEvent.java:318) ~[?:?]
	at java.awt.EventQueue.dispatchEventImpl(EventQueue.java:773) ~[?:?]
	at java.awt.EventQueue$4.run(EventQueue.java:720) ~[?:?]
	at java.awt.EventQueue$4.run(EventQueue.java:714) ~[?:?]
	at java.security.AccessController.doPrivileged(AccessController.java:400) ~[?:?]
	at java.security.ProtectionDomain$JavaSecurityAccessImpl.doIntersectionPrivilege(ProtectionDomain.java:87) ~[?:?]
	at java.awt.EventQueue.dispatchEvent(EventQueue.java:742) ~[?:?]
	at java.awt.EventDispatchThread.pumpOneEventForFilters(EventDispatchThread.java:203) ~[?:?]
	at java.awt.EventDispatchThread.pumpEventsForFilter(EventDispatchThread.java:124) ~[?:?]
	at java.awt.EventDispatchThread.pumpEventsForHierarchy(EventDispatchThread.java:113) ~[?:?]
	at java.awt.EventDispatchThread.pumpEvents(EventDispatchThread.java:109) ~[?:?]
	at java.awt.EventDispatchThread.pumpEvents(EventDispatchThread.java:101) ~[?:?]
	at java.awt.EventDispatchThread.run(EventDispatchThread.java:90) ~[?:?]
2026-01-07 15:11:22,158 [WARN] ThirdParty:871 - waiting for thirdparty lock release [close project]
2026-01-07 15:11:22,158 [INFO] ThirdParty:873 - entering critical section [close project]
2026-01-07 15:11:22,158 [INFO] ThirdParty:883 - exiting critical section [close project]
2026-01-07 15:11:22,159 [INFO] PinOutPanel:1589 - setPackage(No Configuration,No Configuration)
2026-01-07 15:11:22,160 [INFO] UtilMem:75 - Begin LoadConfig() Used Memory: 726071776 Bytes (1073741824)
2026-01-07 15:11:22,161 [INFO] MicroXplorer:468 - Change Database Path : 
2026-01-07 15:11:22,161 [INFO] MicroXplorer:498 - Change Database Version : DB.6.0.150
2026-01-07 15:11:22,161 [INFO] OpenFileManager:355 - Change cursor
2026-01-07 15:11:22,173 [INFO] RulesReader:64 - Compatibility file has been processed (317 Rules)
2026-01-07 15:11:22,175 [INFO] Mcu:2029 - Initializing MCU STM32F103C8Tx STM32F103C8Tx STM32F103C8T6
2026-01-07 15:11:22,607 [INFO] Context:786 - Trying to add GPIOservice into a context  which must be forbidden
2026-01-07 15:11:22,770 [INFO] ImportTextPane:234 - (OptionalMessage_ERROR) Unable to find key (Mcu.ThirdPartyNb) in loaded IOC file
2026-01-07 15:11:22,770 [INFO] ImportTextPane:234 - (OptionalMessage_ERROR) Unable to find key (Mcu.PinsNb) in loaded IOC file
2026-01-07 15:11:22,770 [INFO] ImportTextPane:234 - (OptionalMessage_ERROR) Pin0 (VP_RIF_VS_RIF1) cannot be retrieved for this MCU
2026-01-07 15:11:22,770 [INFO] ImportTextPane:234 - (OptionalMessage_ERROR) Unable to find key (Mcu.IPNb) in loaded IOC file
2026-01-07 15:11:22,817 [INFO] RtosManager:558 - Registered RTOS mode: class=CMSIS, group=RTOS, mode=CMSIS_V1, owner=FREERTOS
2026-01-07 15:11:22,818 [INFO] RtosManager:558 - Registered RTOS mode: class=CMSIS, group=RTOS2, mode=CMSIS_V2, owner=FREERTOS
2026-01-07 15:11:22,818 [INFO] RtosManager:558 - Registered RTOS mode: class=RTOS, group=Core, mode=CMSIS_V1, owner=FREERTOS
2026-01-07 15:11:22,818 [INFO] RtosManager:558 - Registered RTOS mode: class=RTOS, group=Core, mode=CMSIS_V2, owner=FREERTOS
2026-01-07 15:11:22,818 [WARN] ModelIntegratedComponent:184 - Missing modes for component STMicroelectronics:FreeRTOS:0.0.1:STMicroelectronics:RTOS:FreeRTOS:Core:::10.2.0:
2026-01-07 15:11:22,827 [WARN] ModelIntegratedComponent:63 - No mode defined for component null
2026-01-07 15:11:22,828 [WARN] ModelIntegratedComponent:63 - No mode defined for component null
2026-01-07 15:11:22,828 [WARN] ModelIntegratedComponent:63 - No mode defined for component null
2026-01-07 15:11:22,828 [WARN] ModelIntegratedComponent:63 - No mode defined for component null
2026-01-07 15:11:22,828 [WARN] ModelIntegratedComponent:63 - No mode defined for component null
2026-01-07 15:11:22,828 [WARN] ModelIntegratedComponent:63 - No mode defined for component null
2026-01-07 15:11:22,828 [WARN] ModelIntegratedComponent:63 - No mode defined for component null
2026-01-07 15:11:22,828 [WARN] ModelIntegratedComponent:63 - No mode defined for component null
2026-01-07 15:11:22,828 [WARN] ModelIntegratedComponent:63 - No mode defined for component null
2026-01-07 15:11:22,828 [WARN] ModelIntegratedComponent:63 - No mode defined for component null
2026-01-07 15:11:22,828 [WARN] ModelIntegratedComponent:63 - No mode defined for component null
2026-01-07 15:11:22,828 [WARN] ModelIntegratedComponent:63 - No mode defined for component null
2026-01-07 15:11:22,828 [WARN] ModelIntegratedComponent:63 - No mode defined for component null
2026-01-07 15:11:22,828 [WARN] ModelIntegratedComponent:63 - No mode defined for component null
2026-01-07 15:11:22,828 [WARN] ModelIntegratedComponent:63 - No mode defined for component null
2026-01-07 15:11:22,828 [WARN] ModelIntegratedComponent:63 - No mode defined for component null
2026-01-07 15:11:22,828 [WARN] ModelIntegratedComponent:63 - No mode defined for component null
2026-01-07 15:11:22,828 [WARN] ModelIntegratedComponent:63 - No mode defined for component null
2026-01-07 15:11:22,828 [WARN] ModelIntegratedComponent:63 - No mode defined for component null
2026-01-07 15:11:22,828 [WARN] ModelIntegratedComponent:63 - No mode defined for component null
2026-01-07 15:11:22,828 [WARN] ModelIntegratedComponent:63 - No mode defined for component null
2026-01-07 15:11:22,828 [WARN] ModelIntegratedComponent:63 - No mode defined for component null
2026-01-07 15:11:22,828 [WARN] ModelIntegratedComponent:63 - No mode defined for component null
2026-01-07 15:11:22,828 [WARN] ModelIntegratedComponent:63 - No mode defined for component null
2026-01-07 15:11:22,828 [WARN] ModelIntegratedComponent:63 - No mode defined for component null
2026-01-07 15:11:22,828 [WARN] ModelIntegratedComponent:63 - No mode defined for component null
2026-01-07 15:11:22,829 [WARN] ModelIntegratedComponent:63 - No mode defined for component null
2026-01-07 15:11:22,829 [WARN] ModelIntegratedComponent:63 - No mode defined for component null
2026-01-07 15:11:22,829 [WARN] ModelIntegratedComponent:63 - No mode defined for component null
2026-01-07 15:11:22,829 [WARN] ModelIntegratedComponent:63 - No mode defined for component null
2026-01-07 15:11:22,829 [WARN] ModelIntegratedComponent:63 - No mode defined for component null
2026-01-07 15:11:22,829 [WARN] ModelIntegratedComponent:63 - No mode defined for component null
2026-01-07 15:11:22,829 [WARN] ModelIntegratedComponent:63 - No mode defined for component null
2026-01-07 15:11:22,829 [WARN] ModelIntegratedComponent:63 - No mode defined for component null
2026-01-07 15:11:22,829 [WARN] ModelIntegratedComponent:63 - No mode defined for component null
2026-01-07 15:11:22,829 [WARN] ModelPack:524 - Component already loaded: STMicroelectronics:HAL Drivers:0.0.0:STMicroelectronics:Device:STMicro_Driver:XSPI:HAL::0.0.1:HAL_XSPI
2026-01-07 15:11:23,041 [INFO] ThirdPartyModel:298 - Start build external matchings
2026-01-07 15:11:23,997 [INFO] ThirdPartyModel:316 - End build external matchings
2026-01-07 15:11:24,174 [INFO] UtilMem:75 - End LoadConfig() Used Memory: 712030288 Bytes (1073741824)
2026-01-07 15:11:24,197 [WARN] ThirdParty:833 - waiting for thirdparty lock release [change project]
2026-01-07 15:11:24,198 [INFO] ThirdParty:835 - entering critical section [change project]
2026-01-07 15:11:24,198 [INFO] ThirdParty:1030 - CMSIS Pack Vendor :STMicroelectronics X-CUBE-PM33A1 1.0.0
2026-01-07 15:11:24,198 [INFO] ThirdParty:1030 - CMSIS Pack Vendor :STMicroelectronics USBPD 4.1
2026-01-07 15:11:24,198 [INFO] ThirdParty:1030 - CMSIS Pack Vendor :STMicroelectronics USB_HOST 2.0.0
2026-01-07 15:11:24,198 [INFO] ThirdParty:1030 - CMSIS Pack Vendor :STMicroelectronics FP-SNS-MOTENVWB1 1.4.0
2026-01-07 15:11:24,198 [INFO] ThirdParty:1030 - CMSIS Pack Vendor :STMicroelectronics X-CUBE-AZRTOS-F4 1.1.0
2026-01-07 15:11:24,198 [INFO] ThirdParty:1030 - CMSIS Pack Vendor :STMicroelectronics LIBJPEG 8.0.0
2026-01-07 15:11:24,198 [INFO] ThirdParty:1030 - CMSIS Pack Vendor :STMicroelectronics FP-ATR-ASTRA1 2.0.2
2026-01-07 15:11:24,198 [INFO] ThirdParty:1030 - CMSIS Pack Vendor :STMicroelectronics X-CUBE-SMBUS 2.1.0
2026-01-07 15:11:24,198 [INFO] ThirdParty:1030 - CMSIS Pack Vendor :STMicroelectronics X-CUBE-WB05N 1.1.0
2026-01-07 15:11:24,198 [INFO] ThirdParty:1030 - CMSIS Pack Vendor :STMicroelectronics X-CUBE-ISPU 2.1.0
2026-01-07 15:11:24,198 [INFO] ThirdParty:1030 - CMSIS Pack Vendor :STMicroelectronics X-CUBE-IPS 3.2.0
2026-01-07 15:11:24,198 [INFO] ThirdParty:1030 - CMSIS Pack Vendor :STMicroelectronics X-CUBE-NFC12 1.0.0
2026-01-07 15:11:24,198 [INFO] ThirdParty:1030 - CMSIS Pack Vendor :STMicroelectronics X-CUBE-AZRTOS-F7 1.1.0
2026-01-07 15:11:24,198 [INFO] ThirdParty:1030 - CMSIS Pack Vendor :STMicroelectronics X-CUBE-AZRTOS-L5 2.0.0
2026-01-07 15:11:24,198 [INFO] ThirdParty:1030 - CMSIS Pack Vendor :STMicroelectronics USB_DEVICE 2.0.0
2026-01-07 15:11:24,198 [INFO] ThirdParty:1030 - CMSIS Pack Vendor :STMicroelectronics X-CUBE-NFC6 3.1.0
2026-01-07 15:11:24,198 [INFO] ThirdParty:1030 - CMSIS Pack Vendor :STMicroelectronics FP-SNS-MOTENV1 5.1.0
2026-01-07 15:11:24,198 [INFO] ThirdParty:1030 - CMSIS Pack Vendor :STMicroelectronics FreeRTOS 0.0.1
2026-01-07 15:11:24,198 [INFO] ThirdParty:1030 - CMSIS Pack Vendor :STMicroelectronics X-CUBE-DPower 1.2.0
2026-01-07 15:11:24,198 [INFO] ThirdParty:1030 - CMSIS Pack Vendor :Infineon AIROC-Wi-Fi-Bluetooth-STM32 1.7.0
2026-01-07 15:11:24,198 [INFO] ThirdParty:1030 - CMSIS Pack Vendor :STMicroelectronics PDM2PCM 3.3.0
2026-01-07 15:11:24,198 [INFO] ThirdParty:1030 - CMSIS Pack Vendor :STMicroelectronics X-CUBE-AZRTOS-H7 3.4.0
2026-01-07 15:11:24,198 [INFO] ThirdParty:1030 - CMSIS Pack Vendor :STMicroelectronics X-CUBE-DISPLAY 3.0.0
2026-01-07 15:11:24,198 [INFO] ThirdParty:1030 - CMSIS Pack Vendor :STMicroelectronics X-CUBE-NFC10 1.0.0
2026-01-07 15:11:24,198 [INFO] ThirdParty:1030 - CMSIS Pack Vendor :STMicroelectronics X-CUBE-BLEMGR 4.0.0
2026-01-07 15:11:24,198 [INFO] ThirdParty:1030 - CMSIS Pack Vendor :STMicroelectronics HAL Drivers 0.0.0
2026-01-07 15:11:24,198 [INFO] ThirdParty:1030 - CMSIS Pack Vendor :STMicroelectronics X-CUBE-ST60 1.1.0
2026-01-07 15:11:24,198 [INFO] ThirdParty:1030 - CMSIS Pack Vendor :emotas I-CUBE-CANOPEN 1.3.0
2026-01-07 15:11:24,198 [INFO] ThirdParty:1030 - CMSIS Pack Vendor :STMicroelectronics X-CUBE-FREERTOS 1.3.0
2026-01-07 15:11:24,198 [INFO] ThirdParty:1030 - CMSIS Pack Vendor :STMicroelectronics X-CUBE-NFC7 1.0.1
2026-01-07 15:11:24,198 [INFO] ThirdParty:1030 - CMSIS Pack Vendor :STMicroelectronics MBEDTLS 2.14.1
2026-01-07 15:11:24,198 [INFO] ThirdParty:1030 - CMSIS Pack Vendor :STMicroelectronics X-CUBE-GNSS1 7.1.0
2026-01-07 15:11:24,198 [INFO] ThirdParty:1030 - CMSIS Pack Vendor :STMicroelectronics X-CUBE-TOUCHGFX 4.26.0
2026-01-07 15:11:24,198 [INFO] ThirdParty:1030 - CMSIS Pack Vendor :quantropi X-CUBE-qispace-sdk-base 2.0.0
2026-01-07 15:11:24,198 [INFO] ThirdParty:1030 - CMSIS Pack Vendor :STMicroelectronics X-CUBE-AI 10.0.0
2026-01-07 15:11:24,198 [INFO] ThirdParty:1030 - CMSIS Pack Vendor :STMicroelectronics FP-SNS-STBOX1 2.1.0
2026-01-07 15:11:24,198 [INFO] ThirdParty:1030 - CMSIS Pack Vendor :STMicroelectronics FP-SNS-STAIOTCFT 1.0.0
2026-01-07 15:11:24,198 [INFO] ThirdParty:1030 - CMSIS Pack Vendor :STMicroelectronics FP-SNS-SMARTAG2 1.2.0
2026-01-07 15:11:24,198 [INFO] ThirdParty:1030 - CMSIS Pack Vendor :STMicroelectronics FP-SNS-FLIGHT1 5.1.0
2026-01-07 15:11:24,198 [INFO] ThirdParty:1030 - CMSIS Pack Vendor :STMicroelectronics X-CUBE-MEMS1 11.1.0
2026-01-07 15:11:24,198 [INFO] ThirdParty:1030 - CMSIS Pack Vendor :STMicroelectronics X-CUBE-AZRTOS-WL 2.0.0
2026-01-07 15:11:24,198 [INFO] ThirdParty:1030 - CMSIS Pack Vendor :STMicroelectronics X-CUBE-DPower 1.3.0
2026-01-07 15:11:24,198 [INFO] ThirdParty:1030 - CMSIS Pack Vendor :STMicroelectronics FP-SNS-MOTENV1 5.0.0
2026-01-07 15:11:24,199 [INFO] ThirdParty:1030 - CMSIS Pack Vendor :STMicroelectronics USB_DEVICE 1.0.0
2026-01-07 15:11:24,199 [INFO] ThirdParty:1030 - CMSIS Pack Vendor :STMicroelectronics X-CUBE-AZRTOS-H7RS 1.2.0
2026-01-07 15:11:24,199 [INFO] ThirdParty:1030 - CMSIS Pack Vendor :STMicroelectronics X-CUBE-AZRTOS-L4 2.0.0
2026-01-07 15:11:24,199 [INFO] ThirdParty:1030 - CMSIS Pack Vendor :STMicroelectronics ThreadX 0.0.2
2026-01-07 15:11:24,199 [INFO] ThirdParty:1030 - CMSIS Pack Vendor :WES I-CUBE-Cesium 1.3.0
2026-01-07 15:11:24,199 [INFO] ThirdParty:1030 - CMSIS Pack Vendor :STMicroelectronics lwIP 2.1.2
2026-01-07 15:11:24,199 [INFO] ThirdParty:1030 - CMSIS Pack Vendor :STMicroelectronics X-CUBE-SFXS2LP1 4.0.0
2026-01-07 15:11:24,199 [INFO] ThirdParty:1030 - CMSIS Pack Vendor :STMicroelectronics X-CUBE-BLE2 3.3.0
2026-01-07 15:11:24,199 [INFO] ThirdParty:1030 - CMSIS Pack Vendor :Avnet-IOTCONNECT X-CUBE-iotc-st67-sdk 1.0.0
2026-01-07 15:11:24,199 [INFO] ThirdParty:1030 - CMSIS Pack Vendor :STMicroelectronics PDM2PCM 3.2.0
2026-01-07 15:11:24,199 [INFO] ThirdParty:1030 - CMSIS Pack Vendor :STMicroelectronics X-CUBE-AZRTOS-H7 3.3.0
2026-01-07 15:11:24,199 [INFO] ThirdParty:1030 - CMSIS Pack Vendor :STMicroelectronics X-CUBE-NFC9 1.0.0
2026-01-07 15:11:24,199 [INFO] ThirdParty:1030 - CMSIS Pack Vendor :STMicroelectronics X-CUBE-BLE1 7.1.0
2026-01-07 15:11:24,199 [INFO] ThirdParty:1030 - CMSIS Pack Vendor :wolfSSL I-CUBE-wolfMQTT 1.19.2
2026-01-07 15:11:24,199 [INFO] ThirdParty:1030 - CMSIS Pack Vendor :STMicroelectronics USB_DEVICE 3.0.0
2026-01-07 15:11:24,199 [INFO] ThirdParty:1030 - CMSIS Pack Vendor :STMicroelectronics X-CUBE-FREERTOS 1.4.0
2026-01-07 15:11:24,199 [INFO] ThirdParty:1030 - CMSIS Pack Vendor :STMicroelectronics X-CUBE-EEPRMA1 5.2.0
2026-01-07 15:11:24,199 [INFO] ThirdParty:1030 - CMSIS Pack Vendor :STMicroelectronics X-CUBE-BLEMGR 4.1.0
2026-01-07 15:11:24,199 [INFO] ThirdParty:1030 - CMSIS Pack Vendor :STMicroelectronics X-CUBE-AZRTOS-WB 2.0.0
2026-01-07 15:11:24,199 [INFO] ThirdParty:1030 - CMSIS Pack Vendor :STMicroelectronics X-CUBE-GNSS1 7.0.1
2026-01-07 15:11:24,199 [INFO] ThirdParty:1030 - CMSIS Pack Vendor :STMicroelectronics X-CUBE-TOUCHGFX 4.25.0
2026-01-07 15:11:24,199 [INFO] ThirdParty:1030 - CMSIS Pack Vendor :STMicroelectronics X-CUBE-ST67W61 1.1.0
2026-01-07 15:11:24,199 [INFO] ThirdParty:1030 - CMSIS Pack Vendor :STMicroelectronics FP-SNS-STBOX1 2.0.0
2026-01-07 15:11:24,199 [INFO] ThirdParty:1030 - CMSIS Pack Vendor :STMicroelectronics X-CUBE-MEMS1 12.0.0
2026-01-07 15:11:24,199 [INFO] ThirdParty:1030 - CMSIS Pack Vendor :STMicroelectronics X-CUBE-AZRTOS-G0 1.1.0
2026-01-07 15:11:24,199 [INFO] ThirdParty:1030 - CMSIS Pack Vendor :STMicroelectronics X-CUBE-SAFEA1 1.2.2
2026-01-07 15:11:24,199 [INFO] ThirdParty:1030 - CMSIS Pack Vendor :STMicroelectronics X-CUBE-NFC4 3.0.0
2026-01-07 15:11:24,199 [INFO] ThirdParty:1030 - CMSIS Pack Vendor :STMicroelectronics X-CUBE-SUBG2 5.0.0
2026-01-07 15:11:24,199 [INFO] ThirdParty:1030 - CMSIS Pack Vendor :STMicroelectronics X-CUBE-AZRTOS-H7RS 1.1.0
2026-01-07 15:11:24,199 [INFO] ThirdParty:1030 - CMSIS Pack Vendor :STMicroelectronics STM32_WPAN 1.0.0
2026-01-07 15:11:24,199 [INFO] ThirdParty:1030 - CMSIS Pack Vendor :EmbeddedOffice I-CUBE-FS-RTOS 1.0.1
2026-01-07 15:11:24,199 [INFO] ThirdParty:1030 - CMSIS Pack Vendor :STMicroelectronics lwIP 2.0.3
2026-01-07 15:11:24,199 [INFO] ThirdParty:1030 - CMSIS Pack Vendor :Cesanta I-CUBE-Mongoose 7.13.0
2026-01-07 15:11:24,199 [INFO] ThirdParty:1030 - CMSIS Pack Vendor :STMicroelectronics USB_HOST 1.0.0
2026-01-07 15:11:24,199 [INFO] ThirdParty:1030 - CMSIS Pack Vendor :STMicroelectronics X-CUBE-AZRTOS-G4 2.0.0
2026-01-07 15:11:24,199 [INFO] ThirdParty:1030 - CMSIS Pack Vendor :STMicroelectronics X-CUBE-WB05N 2.0.0
2026-01-07 15:11:24,199 [INFO] ThirdParty:1030 - CMSIS Pack Vendor :STMicroelectronics PDM2PCM 3.1.0
2026-01-07 15:11:24,199 [INFO] ThirdParty:1030 - CMSIS Pack Vendor :wolfSSL I-CUBE-wolfTPM 3.8.0
2026-01-07 15:11:24,199 [INFO] ThirdParty:1030 - CMSIS Pack Vendor :wolfSSL I-CUBE-wolfSSH 1.4.20
2026-01-07 15:11:24,199 [INFO] ThirdParty:1030 - CMSIS Pack Vendor :STMicroelectronics X-CUBE-NFC7 2.0.0
2026-01-07 15:11:24,199 [INFO] ThirdParty:1030 - CMSIS Pack Vendor :STMicroelectronics X-CUBE-TCPP 4.2.0
2026-01-07 15:11:24,199 [INFO] ThirdParty:1030 - CMSIS Pack Vendor :RealThread X-CUBE-RT-Thread_Nano 4.1.1
2026-01-07 15:11:24,199 [INFO] ThirdParty:1030 - CMSIS Pack Vendor :STMicroelectronics FP-ATR-SIGFOX1 3.2.0
2026-01-07 15:11:24,199 [INFO] ThirdParty:1030 - CMSIS Pack Vendor :STMicroelectronics X-CUBE-EEPRMA1 5.1.0
2026-01-07 15:11:24,199 [INFO] ThirdParty:1030 - CMSIS Pack Vendor :STMicroelectronics MBEDTLS 2.16.2
2026-01-07 15:11:24,199 [INFO] ThirdParty:1030 - CMSIS Pack Vendor :STMicroelectronics X-CUBE-IPS 3.1.0
2026-01-07 15:11:24,199 [INFO] ThirdParty:1030 - CMSIS Pack Vendor :STMicroelectronics X-CUBE-ALS 1.0.2
2026-01-07 15:11:24,199 [INFO] ThirdParty:1030 - CMSIS Pack Vendor :wolfSSL I-CUBE-wolfSSL 5.7.6
2026-01-07 15:11:24,199 [INFO] ThirdParty:1030 - CMSIS Pack Vendor :ITTIA_DB I-CUBE-ITTIADB 8.9.0
2026-01-07 15:11:24,199 [INFO] ThirdParty:1030 - CMSIS Pack Vendor :STMicroelectronics X-CUBE-STSE01 1.0.0
2026-01-07 15:11:24,199 [INFO] ThirdParty:1030 - CMSIS Pack Vendor :portGmbH I-Cube-SoM-uGOAL 1.1.0
2026-01-07 15:11:24,199 [INFO] ThirdParty:1030 - CMSIS Pack Vendor :STMicroelectronics X-CUBE-AI 10.2.0
2026-01-07 15:11:24,199 [INFO] ThirdParty:1030 - CMSIS Pack Vendor :STMicroelectronics ThreadX 1.0.0
2026-01-07 15:11:24,199 [INFO] ThirdParty:1030 - CMSIS Pack Vendor :SEGGER I-CUBE-embOS 1.3.1
2026-01-07 15:11:24,199 [INFO] ThirdParty:1030 - CMSIS Pack Vendor :STMicroelectronics X-CUBE-ALGOBUILD 1.4.0
2026-01-07 15:11:24,199 [INFO] ThirdParty:1030 - CMSIS Pack Vendor :STMicroelectronics X-CUBE-TOF1 3.4.2
2026-01-07 15:11:24,199 [INFO] ThirdParty:1030 - CMSIS Pack Vendor :STMicroelectronics X-CUBE-TOF1 3.4.3
2026-01-07 15:11:24,199 [INFO] ThirdParty:841 - exiting critical section [change project]
2026-01-07 15:11:24,269 [INFO] PinOutPanel:1589 - setPackage(No Configuration,No Configuration)
2026-01-07 15:11:24,269 [INFO] PinOutPanel:1589 - setPackage(STM32F103C8Tx,LQFP48)
2026-01-07 15:11:24,474 [INFO] UtilMem:75 - Before build in PCC Used Memory: 798484000 Bytes (1073741824)
2026-01-07 15:11:24,650 [INFO] UtilMem:75 - After build in PCC Used Memory: 841475616 Bytes (1073741824)
2026-01-07 15:11:24,660 [INFO] IPUIPlugin:80 - create IPUIPlugin
2026-01-07 15:11:24,660 [INFO] IPUIPlugin:80 - create IPUIPlugin
2026-01-07 15:11:24,660 [INFO] IPUIPlugin:80 - create IPUIPlugin
2026-01-07 15:11:24,660 [INFO] IPUIPlugin:80 - create IPUIPlugin
2026-01-07 15:11:24,660 [INFO] IPUIPlugin:80 - create IPUIPlugin
2026-01-07 15:11:24,661 [INFO] IPUIPlugin:80 - create IPUIPlugin
2026-01-07 15:11:24,661 [INFO] IPUIPlugin:80 - create IPUIPlugin
2026-01-07 15:11:24,661 [INFO] IPUIPlugin:80 - create IPUIPlugin
2026-01-07 15:11:24,661 [INFO] IPUIPlugin:80 - create IPUIPlugin
2026-01-07 15:11:24,661 [INFO] IPUIPlugin:80 - create IPUIPlugin
2026-01-07 15:11:24,661 [INFO] IPUIPlugin:80 - create IPUIPlugin
2026-01-07 15:11:24,661 [INFO] IPUIPlugin:80 - create IPUIPlugin
2026-01-07 15:11:24,661 [INFO] IPUIPlugin:80 - create IPUIPlugin
2026-01-07 15:11:24,661 [INFO] IPUIPlugin:80 - create IPUIPlugin
2026-01-07 15:11:24,662 [INFO] IPUIPlugin:80 - create IPUIPlugin
2026-01-07 15:11:24,662 [INFO] IPUIPlugin:80 - create IPUIPlugin
2026-01-07 15:11:24,662 [INFO] IPUIPlugin:80 - create IPUIPlugin
2026-01-07 15:11:24,662 [INFO] IPUIPlugin:80 - create IPUIPlugin
2026-01-07 15:11:24,662 [INFO] IPUIPlugin:80 - create IPUIPlugin
2026-01-07 15:11:24,662 [INFO] IPUIPlugin:80 - create IPUIPlugin
2026-01-07 15:11:24,663 [INFO] IPUIPlugin:80 - create IPUIPlugin
2026-01-07 15:11:24,663 [INFO] IPUIPlugin:80 - create IPUIPlugin
2026-01-07 15:11:24,663 [INFO] IPUIPlugin:80 - create IPUIPlugin
2026-01-07 15:11:24,663 [INFO] IPUIPlugin:80 - create IPUIPlugin
2026-01-07 15:11:24,663 [INFO] IPUIPlugin:80 - create IPUIPlugin
2026-01-07 15:11:24,663 [INFO] IPUIPlugin:80 - create IPUIPlugin
2026-01-07 15:11:24,664 [INFO] IPUIPlugin:80 - create IPUIPlugin
2026-01-07 15:11:24,681 [INFO] CADModel:165 - CPN selected for project levelSTM32F103C8T6
2026-01-07 15:11:24,681 [INFO] CADModel:114 - Register for checkConnection events
2026-01-07 15:11:24,728 [INFO] OpenFileManager:386 - Restore cursor
2026-01-07 15:11:24,959 [INFO] UtilMem:75 - End SaveConfig() Used Memory: 899535520 Bytes (1073741824)
2026-01-07 15:11:24,984 [INFO] UtilMem:75 - End SaveConfig() Used Memory: 912252448 Bytes (1073741824)
2026-01-07 15:11:25,056 [INFO] BlockDiagram:2775 - set Specific Code input for plugin: NVIC
2026-01-07 15:11:25,057 [INFO] BlockDiagram:2775 - set Specific Code input for plugin: RCC
2026-01-07 15:11:25,057 [INFO] CodeGenerator:892 - code generatio: config db path: D:\installs\STM32CubeIDE_1.19.0\STM32CubeIDE\plugins\com.st.stm32cube.common.mx_6.15.0.202507011659\\db\
2026-01-07 15:11:25,107 [INFO] CodeEngine:265 - oldGeneratedFile, D:\projects\stm32_cube_ide\LoRa_test\MXTmpFiles\license.tmp_save
2026-01-07 15:11:25,263 [INFO] CodeEngine:289 - Generated code: D:\projects\stm32_cube_ide\LoRa_test\MXTmpFiles\license.tmp
2026-01-07 15:11:25,270 [INFO] CodeEngine:265 - oldGeneratedFile, D:\projects\stm32_cube_ide\LoRa_test\Core\Src\stm32f1xx_it.c_save
2026-01-07 15:11:25,384 [INFO] CodeEngine:289 - Generated code: D:\projects\stm32_cube_ide\LoRa_test\Core\Src\stm32f1xx_it.c
2026-01-07 15:11:25,388 [INFO] CodeEngine:265 - oldGeneratedFile, D:\projects\stm32_cube_ide\LoRa_test\Core\Inc\stm32f1xx_it.h_save
2026-01-07 15:11:25,481 [INFO] CodeEngine:289 - Generated code: D:\projects\stm32_cube_ide\LoRa_test\Core\Inc\stm32f1xx_it.h
2026-01-07 15:11:25,502 [INFO] CodeEngine:265 - oldGeneratedFile, D:\projects\stm32_cube_ide\LoRa_test\Core\Src\stm32f1xx_hal_msp.c_save
2026-01-07 15:11:25,651 [INFO] CodeEngine:289 - Generated code: D:\projects\stm32_cube_ide\LoRa_test\Core\Src\stm32f1xx_hal_msp.c
2026-01-07 15:11:25,654 [INFO] CodeEngine:265 - oldGeneratedFile, D:\projects\stm32_cube_ide\LoRa_test\MXTmpFiles\system.tmp_save
2026-01-07 15:11:25,723 [INFO] CodeEngine:289 - Generated code: D:\projects\stm32_cube_ide\LoRa_test\MXTmpFiles\system.tmp
2026-01-07 15:11:25,729 [INFO] CodeEngine:321 - oldGeneratedFile, D:\projects\stm32_cube_ide\LoRa_test\Core\Inc\stm32f1xx_hal_conf.h_save
2026-01-07 15:11:25,798 [INFO] CodeEngine:345 - Generated code: D:\projects\stm32_cube_ide\LoRa_test\Core\Inc\stm32f1xx_hal_conf.h
2026-01-07 15:11:25,811 [INFO] ApiDbMcu:532 - Load IP Config File for RCC
2026-01-07 15:11:25,816 [INFO] CodeEngine:265 - oldGeneratedFile, D:\projects\stm32_cube_ide\LoRa_test\Core\Inc\main.h_save
2026-01-07 15:11:25,877 [INFO] CodeEngine:289 - Generated code: D:\projects\stm32_cube_ide\LoRa_test\Core\Inc\main.h
2026-01-07 15:11:25,880 [INFO] CodeEngine:265 - oldGeneratedFile, D:\projects\stm32_cube_ide\LoRa_test\Core\Src\main.c_save
2026-01-07 15:11:25,961 [INFO] CodeEngine:289 - Generated code: D:\projects\stm32_cube_ide\LoRa_test\Core\Src\main.c
2026-01-07 15:11:26,271 [INFO] ProjectBuilder:3606 - Time for Copy HAL[1] : 133mS.
2026-01-07 15:11:26,275 [INFO] ProjectBuilder:5216 - Project Generator version: 4.7.0-B52
2026-01-07 15:11:26,379 [INFO] ConfigFileManager:1595 - The Die is : DIE410
2026-01-07 15:11:26,381 [INFO] ApiDbMcu:532 - Load IP Config File for FATFS
2026-01-07 15:11:26,385 [INFO] ApiDbMcu:532 - Load IP Config File for FREERTOS
2026-01-07 15:11:26,389 [INFO] ApiDbMcu:532 - Load IP Config File for USB_DEVICE
2026-01-07 15:11:27,248 [INFO] ProjectBuilder:5496 - Time for Generating toolchain IDE Files: 973mS.
2026-01-07 15:11:27,249 [INFO] ProjectBuilder:3463 - Time for Copy CMSIS : 0mS.
2026-01-07 15:11:27,249 [INFO] ProjectBuilder:3463 - Time for Copy CMSIS : 0mS.
2026-01-07 15:11:27,748 [INFO] McuFinderGlobals:76 - Set McuFinderConnectedMode to true
2026-01-07 15:11:27,750 [INFO] ApiDb:448 - Save user favorites file C:\Users\22142/.stm32cubeide/favorites.mcus.txt: 0 item(s)
2026-01-07 15:11:27,750 [INFO] ApiDb:452 - User favorites MCUs=[]
2026-01-07 15:11:40,906 [INFO] Gpio:278 - dependency for GPIO [RCC, SYS]
2026-01-07 15:11:47,351 [INFO] Gpio:278 - dependency for GPIO [RCC, SYS]
2026-01-07 15:12:53,042 [INFO] Gpio:278 - dependency for GPIO [RCC, SPI1, SYS, USART1]
2026-01-07 15:13:17,442 [INFO] Gpio:278 - dependency for GPIO [RCC, SPI1, SYS, USART1]
2026-01-07 15:13:17,496 [INFO] Gpio:278 - dependency for GPIO [RCC, SPI1, SYS, USART1]
2026-01-07 15:13:17,586 [INFO] Gpio:278 - dependency for GPIO [RCC, SPI1, SYS, USART1]
2026-01-07 15:13:19,022 [INFO] Gpio:278 - dependency for GPIO [RCC, SPI1, SYS, USART1]
2026-01-07 15:13:24,479 [INFO] Gpio:278 - dependency for GPIO [RCC, SPI1, SYS, USART1]
2026-01-07 15:13:24,506 [INFO] NvicIntPanel:101 - NVIC parent = com.st.microxplorer.plugins.ip.nvic.MultiNvicIntPanel[,0,0,0x0,invalid,layout=javax.swing.BoxLayout,alignmentX=0.0,alignmentY=0.0,border=,flags=9,maximumSize=,minimumSize=,preferredSize=]
2026-01-07 15:13:26,075 [INFO] UtilMem:75 - End SaveConfig() Used Memory: 743036576 Bytes (1073741824)
2026-01-07 15:13:27,166 [INFO] UtilMem:75 - End SaveConfig() Used Memory: 775034912 Bytes (1073741824)
2026-01-07 15:13:28,970 [INFO] UtilMem:75 - End SaveConfig() Used Memory: 855158904 Bytes (1073741824)
2026-01-07 15:13:29,308 [INFO] BlockDiagram:2775 - set Specific Code input for plugin: SPI
2026-01-07 15:13:29,310 [INFO] BlockDiagram:2775 - set Specific Code input for plugin: NVIC
2026-01-07 15:13:29,310 [INFO] BlockDiagram:2775 - set Specific Code input for plugin: USART
2026-01-07 15:13:29,310 [INFO] BlockDiagram:2775 - set Specific Code input for plugin: SYS
2026-01-07 15:13:29,310 [INFO] BlockDiagram:2775 - set Specific Code input for plugin: GPIO
2026-01-07 15:13:29,310 [INFO] BlockDiagram:2775 - set Specific Code input for plugin: RCC
2026-01-07 15:13:29,310 [INFO] CodeGenerator:892 - code generatio: config db path: D:\installs\STM32CubeIDE_1.19.0\STM32CubeIDE\plugins\com.st.stm32cube.common.mx_6.15.0.202507011659\\db\
2026-01-07 15:13:29,371 [INFO] CodeEngine:265 - oldGeneratedFile, D:\projects\stm32_cube_ide\LoRa_test\MXTmpFiles\license.tmp_save
2026-01-07 15:13:29,507 [INFO] CodeEngine:289 - Generated code: D:\projects\stm32_cube_ide\LoRa_test\MXTmpFiles\license.tmp
2026-01-07 15:13:29,569 [INFO] CodeEngine:265 - oldGeneratedFile, D:\projects\stm32_cube_ide\LoRa_test\MXTmpFiles\gpio.tmp_save
2026-01-07 15:13:29,660 [INFO] CodeEngine:289 - Generated code: D:\projects\stm32_cube_ide\LoRa_test\MXTmpFiles\gpio.tmp
2026-01-07 15:13:29,726 [INFO] CodeEngine:265 - oldGeneratedFile, D:\projects\stm32_cube_ide\LoRa_test\Core\Src\stm32f1xx_it.c_save
2026-01-07 15:13:29,818 [INFO] CodeEngine:289 - Generated code: D:\projects\stm32_cube_ide\LoRa_test\Core\Src\stm32f1xx_it.c
2026-01-07 15:13:29,823 [INFO] CodeEngine:265 - oldGeneratedFile, D:\projects\stm32_cube_ide\LoRa_test\Core\Inc\stm32f1xx_it.h_save
2026-01-07 15:13:29,903 [INFO] CodeEngine:289 - Generated code: D:\projects\stm32_cube_ide\LoRa_test\Core\Inc\stm32f1xx_it.h
2026-01-07 15:13:29,911 [INFO] CodeEngine:265 - oldGeneratedFile, D:\projects\stm32_cube_ide\LoRa_test\Core\Src\stm32f1xx_hal_msp.c_save
2026-01-07 15:13:30,018 [INFO] CodeEngine:289 - Generated code: D:\projects\stm32_cube_ide\LoRa_test\Core\Src\stm32f1xx_hal_msp.c
2026-01-07 15:13:30,040 [INFO] CodeEngine:265 - oldGeneratedFile, D:\projects\stm32_cube_ide\LoRa_test\MXTmpFiles\system.tmp_save
2026-01-07 15:13:30,094 [INFO] CodeEngine:289 - Generated code: D:\projects\stm32_cube_ide\LoRa_test\MXTmpFiles\system.tmp
2026-01-07 15:13:30,101 [INFO] CodeEngine:321 - oldGeneratedFile, D:\projects\stm32_cube_ide\LoRa_test\Core\Inc\stm32f1xx_hal_conf.h_save
2026-01-07 15:13:30,160 [INFO] CodeEngine:345 - Generated code: D:\projects\stm32_cube_ide\LoRa_test\Core\Inc\stm32f1xx_hal_conf.h
2026-01-07 15:13:30,185 [INFO] ApiDbMcu:532 - Load IP Config File for SPI1
2026-01-07 15:13:30,188 [INFO] ApiDbMcu:532 - Load IP Config File for USART1
2026-01-07 15:13:30,193 [INFO] CodeEngine:265 - oldGeneratedFile, D:\projects\stm32_cube_ide\LoRa_test\Core\Inc\main.h_save
2026-01-07 15:13:30,254 [INFO] CodeEngine:289 - Generated code: D:\projects\stm32_cube_ide\LoRa_test\Core\Inc\main.h
2026-01-07 15:13:30,259 [INFO] CodeEngine:265 - oldGeneratedFile, D:\projects\stm32_cube_ide\LoRa_test\Core\Src\main.c_save
2026-01-07 15:13:30,341 [INFO] CodeEngine:289 - Generated code: D:\projects\stm32_cube_ide\LoRa_test\Core\Src\main.c
2026-01-07 15:13:30,638 [INFO] ProjectBuilder:3606 - Time for Copy HAL[1] : 107mS.
2026-01-07 15:13:30,641 [INFO] ProjectBuilder:5216 - Project Generator version: 4.7.0-B52
2026-01-07 15:13:30,735 [INFO] ConfigFileManager:1595 - The Die is : DIE410
2026-01-07 15:13:31,510 [INFO] ProjectBuilder:5496 - Time for Generating toolchain IDE Files: 869mS.
2026-01-07 15:13:31,511 [INFO] ProjectBuilder:3463 - Time for Copy CMSIS : 0mS.
2026-01-07 15:13:31,512 [INFO] ProjectBuilder:3463 - Time for Copy CMSIS : 0mS.
2026-01-07 15:28:12,634 [INFO] UtilMem:75 - End SaveConfig() Used Memory: 987150720 Bytes (1073741824)
2026-01-07 15:28:13,708 [INFO] UtilMem:75 - End SaveConfig() Used Memory: 675447392 Bytes (1073741824)
2026-01-07 15:28:14,744 [INFO] UtilMem:75 - End SaveConfig() Used Memory: 710229920 Bytes (1073741824)
2026-01-07 15:28:15,036 [INFO] BlockDiagram:2775 - set Specific Code input for plugin: SPI
2026-01-07 15:28:15,036 [INFO] BlockDiagram:2775 - set Specific Code input for plugin: NVIC
2026-01-07 15:28:15,036 [INFO] BlockDiagram:2775 - set Specific Code input for plugin: USART
2026-01-07 15:28:15,037 [INFO] BlockDiagram:2775 - set Specific Code input for plugin: SYS
2026-01-07 15:28:15,037 [INFO] BlockDiagram:2775 - set Specific Code input for plugin: GPIO
2026-01-07 15:28:15,037 [INFO] BlockDiagram:2775 - set Specific Code input for plugin: RCC
2026-01-07 15:28:15,037 [INFO] CodeGenerator:892 - code generatio: config db path: D:\installs\STM32CubeIDE_1.19.0\STM32CubeIDE\plugins\com.st.stm32cube.common.mx_6.15.0.202507011659\\db\
2026-01-07 15:28:15,105 [INFO] CodeEngine:265 - oldGeneratedFile, D:\projects\stm32_cube_ide\LoRa_test\MXTmpFiles\license.tmp_save
2026-01-07 15:28:15,329 [INFO] CodeEngine:289 - Generated code: D:\projects\stm32_cube_ide\LoRa_test\MXTmpFiles\license.tmp
2026-01-07 15:28:15,355 [INFO] CodeEngine:265 - oldGeneratedFile, D:\projects\stm32_cube_ide\LoRa_test\MXTmpFiles\gpio.tmp_save
2026-01-07 15:28:15,491 [INFO] CodeEngine:289 - Generated code: D:\projects\stm32_cube_ide\LoRa_test\MXTmpFiles\gpio.tmp
2026-01-07 15:28:15,562 [INFO] CodeEngine:265 - oldGeneratedFile, D:\projects\stm32_cube_ide\LoRa_test\Core\Src\stm32f1xx_it.c_save
2026-01-07 15:28:15,881 [INFO] CodeEngine:289 - Generated code: D:\projects\stm32_cube_ide\LoRa_test\Core\Src\stm32f1xx_it.c
2026-01-07 15:28:15,885 [INFO] CodeEngine:265 - oldGeneratedFile, D:\projects\stm32_cube_ide\LoRa_test\Core\Inc\stm32f1xx_it.h_save
2026-01-07 15:28:15,976 [INFO] CodeEngine:289 - Generated code: D:\projects\stm32_cube_ide\LoRa_test\Core\Inc\stm32f1xx_it.h
2026-01-07 15:28:15,985 [INFO] CodeEngine:265 - oldGeneratedFile, D:\projects\stm32_cube_ide\LoRa_test\Core\Src\stm32f1xx_hal_msp.c_save
2026-01-07 15:28:16,140 [INFO] CodeEngine:289 - Generated code: D:\projects\stm32_cube_ide\LoRa_test\Core\Src\stm32f1xx_hal_msp.c
2026-01-07 15:28:16,143 [INFO] CodeEngine:265 - oldGeneratedFile, D:\projects\stm32_cube_ide\LoRa_test\MXTmpFiles\system.tmp_save
2026-01-07 15:28:16,228 [INFO] CodeEngine:289 - Generated code: D:\projects\stm32_cube_ide\LoRa_test\MXTmpFiles\system.tmp
2026-01-07 15:28:16,235 [INFO] CodeEngine:321 - oldGeneratedFile, D:\projects\stm32_cube_ide\LoRa_test\Core\Inc\stm32f1xx_hal_conf.h_save
2026-01-07 15:28:16,329 [INFO] CodeEngine:345 - Generated code: D:\projects\stm32_cube_ide\LoRa_test\Core\Inc\stm32f1xx_hal_conf.h
2026-01-07 15:28:16,352 [INFO] CodeEngine:265 - oldGeneratedFile, D:\projects\stm32_cube_ide\LoRa_test\Core\Inc\main.h_save
2026-01-07 15:28:16,449 [INFO] CodeEngine:289 - Generated code: D:\projects\stm32_cube_ide\LoRa_test\Core\Inc\main.h
2026-01-07 15:28:16,454 [INFO] CodeEngine:265 - oldGeneratedFile, D:\projects\stm32_cube_ide\LoRa_test\Core\Src\main.c_save
2026-01-07 15:28:16,547 [INFO] CodeEngine:289 - Generated code: D:\projects\stm32_cube_ide\LoRa_test\Core\Src\main.c
2026-01-07 15:28:16,836 [INFO] ProjectBuilder:3606 - Time for Copy HAL[1] : 118mS.
2026-01-07 15:28:16,839 [INFO] ProjectBuilder:5216 - Project Generator version: 4.7.0-B52
2026-01-07 15:28:16,948 [INFO] ConfigFileManager:1595 - The Die is : DIE410
2026-01-07 15:28:17,562 [INFO] ProjectBuilder:5496 - Time for Generating toolchain IDE Files: 723mS.
2026-01-07 15:28:17,563 [INFO] ProjectBuilder:3463 - Time for Copy CMSIS : 1mS.
2026-01-07 15:28:17,565 [INFO] ProjectBuilder:3463 - Time for Copy CMSIS : 0mS.
2026-01-07 15:51:28,370 [ERROR] LogOutputStream:75 - [STDERR_REDIRECT] 
2026-01-07 17:19:19,874 [INFO] Activator:176 - 


2026-01-07 17:19:19,876 [INFO] Activator:177 - !SESSION log4j initialized
2026-01-07 17:19:25,678 [INFO] LogOutputStream:77 - [STDOUT_REDIRECT] 
2026-01-07 17:19:26,679 [INFO] ApplicationProperties:184 - Using Application install path: D:\installs\STM32CubeIDE_1.19.0\STM32CubeIDE\plugins\com.st.stm32cube.common.mx_6.15.0.202507011659
2026-01-07 17:19:26,693 [INFO] DbMcusXml:78 - Set database path to: D:\installs\STM32CubeIDE_1.19.0\STM32CubeIDE\plugins\com.st.stm32cube.common.mx_6.15.0.202507011659\\db\/mcu/
2026-01-07 17:19:26,694 [INFO] ApiDb:274 - Set plugin database path to: D:\installs\STM32CubeIDE_1.19.0\STM32CubeIDE\plugins\com.st.stm32cube.common.mx_6.15.0.202507011659\\db\/plugins/boardmanager/
2026-01-07 17:19:26,694 [WARN] ApiDb:259 - Overriding images path with different value:  => D:\installs\STM32CubeIDE_1.19.0\STM32CubeIDE\plugins\com.st.stm32cube.common.mx_6.15.0.202507011659\\db\/plugins/mcufinder/images/
2026-01-07 17:19:26,714 [INFO] ApiDb:250 - Set database path to: C:\Users\22142\.stmcufinder\plugins\mcufinder//mcu/
2026-01-07 17:19:26,715 [INFO] DbMcusAds:125 - Set database path to: C:\Users\22142\.stmcufinder\plugins\mcufinder//mcu/
2026-01-07 17:19:26,717 [INFO] CrossReferenceDbSqlite:203 - Set database path to: C:\Users\22142\.stmcufinder\plugins\mcufinder//mcu/cs/
2026-01-07 17:19:26,837 [INFO] RulesReader:64 - Compatibility file has been processed (317 Rules)
2026-01-07 17:19:26,917 [INFO] DbMcusXml:78 - Set database path to: D:\installs\STM32CubeIDE_1.19.0\STM32CubeIDE\plugins\com.st.stm32cube.common.mx_6.15.0.202507011659\\db\/mcu/
2026-01-07 17:19:26,918 [INFO] ApiDb:274 - Set plugin database path to: D:\installs\STM32CubeIDE_1.19.0\STM32CubeIDE\plugins\com.st.stm32cube.common.mx_6.15.0.202507011659\\db\/plugins/boardmanager/
2026-01-07 17:19:26,918 [INFO] ApiDb:261 - Set plugin images path to: D:\installs\STM32CubeIDE_1.19.0\STM32CubeIDE\plugins\com.st.stm32cube.common.mx_6.15.0.202507011659\\db\/plugins/mcufinder/images/
2026-01-07 17:19:26,918 [WARN] DbFile:41 - Overriding database path with different value: C:\Users\22142\.stmcufinder\plugins\mcufinder/ => C:\Users\22142\.stmcufinder\plugins\mcufinder
2026-01-07 17:19:26,918 [INFO] ApiDb:250 - Set database path to: C:\Users\22142\.stmcufinder\plugins\mcufinder//mcu/
2026-01-07 17:19:26,918 [WARN] DbFile:41 - Overriding database path with different value: C:\Users\22142\.stmcufinder\plugins\mcufinder/ => C:\Users\22142\.stmcufinder\plugins\mcufinder
2026-01-07 17:19:26,918 [INFO] DbMcusAds:125 - Set database path to: C:\Users\22142\.stmcufinder\plugins\mcufinder//mcu/
2026-01-07 17:19:26,918 [WARN] DbFile:41 - Overriding database path with different value: C:\Users\22142\.stmcufinder\plugins\mcufinder/ => C:\Users\22142\.stmcufinder\plugins\mcufinder
2026-01-07 17:19:26,919 [WARN] DbFile:41 - Overriding database path with different value: C:\Users\22142\.stmcufinder\plugins\mcufinder/ => C:\Users\22142\.stmcufinder\plugins\mcufinder
2026-01-07 17:19:26,919 [INFO] CrossReferenceDbSqlite:203 - Set database path to: C:\Users\22142\.stmcufinder\plugins\mcufinder//mcu/cs/
2026-01-07 17:19:26,987 [INFO] MainPanel:274 - HeapMemory: 268435456
2026-01-07 17:19:27,068 [INFO] DbMcusXml:78 - Set database path to: D:\installs\STM32CubeIDE_1.19.0\STM32CubeIDE\plugins\com.st.stm32cube.common.mx_6.15.0.202507011659\\db\/mcu/
2026-01-07 17:19:27,068 [INFO] ApiDb:274 - Set plugin database path to: D:\installs\STM32CubeIDE_1.19.0\STM32CubeIDE\plugins\com.st.stm32cube.common.mx_6.15.0.202507011659\\db\/plugins/boardmanager/
2026-01-07 17:19:27,068 [INFO] ApiDb:261 - Set plugin images path to: D:\installs\STM32CubeIDE_1.19.0\STM32CubeIDE\plugins\com.st.stm32cube.common.mx_6.15.0.202507011659\\db\/plugins/mcufinder/images/
2026-01-07 17:19:27,069 [WARN] DbFile:41 - Overriding database path with different value: C:\Users\22142\.stmcufinder\plugins\mcufinder/ => C:\Users\22142\.stmcufinder\plugins\mcufinder
2026-01-07 17:19:27,069 [INFO] ApiDb:250 - Set database path to: C:\Users\22142\.stmcufinder\plugins\mcufinder//mcu/
2026-01-07 17:19:27,069 [WARN] DbFile:41 - Overriding database path with different value: C:\Users\22142\.stmcufinder\plugins\mcufinder/ => C:\Users\22142\.stmcufinder\plugins\mcufinder
2026-01-07 17:19:27,069 [INFO] DbMcusAds:125 - Set database path to: C:\Users\22142\.stmcufinder\plugins\mcufinder//mcu/
2026-01-07 17:19:27,069 [WARN] DbFile:41 - Overriding database path with different value: C:\Users\22142\.stmcufinder\plugins\mcufinder/ => C:\Users\22142\.stmcufinder\plugins\mcufinder
2026-01-07 17:19:27,069 [WARN] DbFile:41 - Overriding database path with different value: C:\Users\22142\.stmcufinder\plugins\mcufinder/ => C:\Users\22142\.stmcufinder\plugins\mcufinder
2026-01-07 17:19:27,069 [INFO] CrossReferenceDbSqlite:203 - Set database path to: C:\Users\22142\.stmcufinder\plugins\mcufinder//mcu/cs/
2026-01-07 17:19:27,088 [INFO] ApplicationProperties:184 - Using Application install path: D:\installs\STM32CubeIDE_1.19.0\STM32CubeIDE\plugins\com.st.stm32cube.common.mx_6.15.0.202507011659
2026-01-07 17:19:27,089 [INFO] PluginManage:196 - Search for loadable plugins [exclusion list=, ]
2026-01-07 17:19:27,090 [INFO] PluginManage:310 - Check plugin analytics
2026-01-07 17:19:27,300 [INFO] AnalyticsPlugin:253 - Accepted Software Licenses: STM32CubeMX.6.16.1
2026-01-07 17:19:27,301 [INFO] AnalyticsPlugin:255 - Accepted CMSIS Pack Licenses: 
2026-01-07 17:19:27,301 [INFO] AnalyticsPlugin:257 - Accepted Firmware Licenses: 
2026-01-07 17:19:27,303 [INFO] PluginManage:359 - Loaded plugin analytics (category:tool,tabindex:-1)
2026-01-07 17:19:27,304 [INFO] PluginManage:310 - Check plugin cadmodel
2026-01-07 17:19:27,307 [INFO] CADModel:105 - Init CAD model plugin
2026-01-07 17:19:27,307 [INFO] PluginManage:359 - Loaded plugin cadmodel (category:power,tabindex:5)
2026-01-07 17:19:27,307 [INFO] PluginManage:310 - Check plugin clock
2026-01-07 17:19:27,315 [INFO] PluginManage:359 - Loaded plugin clock (category:base,tabindex:2)
2026-01-07 17:19:27,316 [INFO] PluginManage:310 - Check plugin ddr
2026-01-07 17:19:27,317 [INFO] PluginManage:359 - Loaded plugin ddr (category:tool,tabindex:6)
2026-01-07 17:19:27,318 [INFO] PluginManage:310 - Check plugin filemanager
2026-01-07 17:19:27,464 [INFO] PluginManage:359 - Loaded plugin filemanager (category:base,tabindex:10)
2026-01-07 17:19:27,464 [INFO] PluginManage:310 - Check plugin ipmanager
2026-01-07 17:19:27,471 [INFO] PluginManage:359 - Loaded plugin ipmanager (category:base,tabindex:5)
2026-01-07 17:19:27,471 [INFO] PluginManage:310 - Check plugin lpbam
2026-01-07 17:19:27,479 [INFO] PluginManage:359 - Loaded plugin lpbam (category:base,tabindex:0)
2026-01-07 17:19:27,479 [INFO] PluginManage:310 - Check plugin memorymap
2026-01-07 17:19:27,488 [INFO] PluginManage:359 - Loaded plugin memorymap (category:base,tabindex:4)
2026-01-07 17:19:27,489 [INFO] PluginManage:310 - Check plugin pinoutandconfiguration
2026-01-07 17:19:27,496 [INFO] PluginManage:359 - Loaded plugin pinoutandconfiguration (category:base,tabindex:1)
2026-01-07 17:19:27,496 [INFO] PluginManage:310 - Check plugin pinoutconfig
2026-01-07 17:19:27,590 [WARN] SupportedApi:132 - Cannot load RTOS API schema: s4s-elt-must-match.1: The content of 'definitions' must match (annotation?, (simpleType | complexType)?, (unique | key | keyref)*)). A problem was found starting at: attribute.
2026-01-07 17:19:27,728 [INFO] PluginManage:359 - Loaded plugin pinoutconfig (category:base,tabindex:0)
2026-01-07 17:19:27,728 [INFO] PluginManage:310 - Check plugin power
2026-01-07 17:19:27,737 [INFO] PluginManage:359 - Loaded plugin power (category:power,tabindex:4)
2026-01-07 17:19:27,737 [INFO] PluginManage:310 - Check plugin projectmanager
2026-01-07 17:19:27,754 [INFO] PluginManage:359 - Loaded plugin projectmanager (category:projectmanager,tabindex:4)
2026-01-07 17:19:27,755 [INFO] PluginManage:310 - Check plugin rif
2026-01-07 17:19:27,762 [INFO] PluginManage:359 - Loaded plugin rif (category:base,tabindex:3)
2026-01-07 17:19:27,763 [INFO] PluginManage:310 - Check plugin thirdparty
2026-01-07 17:19:27,891 [INFO] PluginManage:359 - Loaded plugin thirdparty (category:base,tabindex:-1)
2026-01-07 17:19:27,891 [WARN] IntegrityCheckThread:84 - waiting for thirdparty lock release [integrity check]
2026-01-07 17:19:27,891 [INFO] PluginManage:310 - Check plugin tools
2026-01-07 17:19:27,891 [INFO] IntegrityCheckThread:86 - entering critical section [integrity check]
2026-01-07 17:19:27,891 [INFO] ThirdPartyUpdaterWithRetryManager:70 - Updater plugin not ready yet. [1/15]
2026-01-07 17:19:27,894 [INFO] PluginManage:359 - Loaded plugin tools (category:base,tabindex:7)
2026-01-07 17:19:27,894 [INFO] PluginManage:310 - Check plugin tutovideos
2026-01-07 17:19:28,068 [INFO] PluginManage:359 - Loaded plugin tutovideos (category:base,tabindex:-1)
2026-01-07 17:19:28,068 [INFO] PluginManage:310 - Check plugin updater
2026-01-07 17:19:28,088 [INFO] PluginManage:359 - Loaded plugin updater (category:base,tabindex:12)
2026-01-07 17:19:28,088 [INFO] PluginManage:310 - Check plugin userauth
2026-01-07 17:19:28,092 [INFO] UserAuth:118 - Init User Auth plugin
2026-01-07 17:19:28,093 [INFO] PluginManage:359 - Loaded plugin userauth (category:base,tabindex:14)
2026-01-07 17:19:28,094 [INFO] PluginManage:283 - PluginManage : Loaded plugins [18]
2026-01-07 17:19:28,294 [INFO] PinOutPanel:1589 - setPackage(No Configuration,No Configuration)
2026-01-07 17:19:28,378 [INFO] CADModel:165 - CPN selected for project level
2026-01-07 17:19:28,378 [INFO] CADModel:114 - Register for checkConnection events
2026-01-07 17:19:28,393 [INFO] IPUIPlugin:80 - create IPUIPlugin
2026-01-07 17:19:28,393 [INFO] PluginManager:220 - loadIPPluginJar : add adc
2026-01-07 17:19:28,395 [INFO] IPUIPlugin:80 - create IPUIPlugin
2026-01-07 17:19:28,396 [INFO] PluginManager:220 - loadIPPluginJar : add aes
2026-01-07 17:19:28,397 [INFO] IPUIPlugin:80 - create IPUIPlugin
2026-01-07 17:19:28,398 [INFO] PluginManager:220 - loadIPPluginJar : add can
2026-01-07 17:19:28,399 [INFO] IPUIPlugin:80 - create IPUIPlugin
2026-01-07 17:19:28,399 [INFO] PluginManager:220 - loadIPPluginJar : add comp
2026-01-07 17:19:28,401 [INFO] IPUIPlugin:80 - create IPUIPlugin
2026-01-07 17:19:28,401 [INFO] PluginManager:220 - loadIPPluginJar : add cryp
2026-01-07 17:19:28,404 [INFO] IPUIPlugin:80 - create IPUIPlugin
2026-01-07 17:19:28,404 [INFO] PluginManager:220 - loadIPPluginJar : add ddr_ctrl_phy
2026-01-07 17:19:28,406 [INFO] IPUIPlugin:80 - create IPUIPlugin
2026-01-07 17:19:28,406 [INFO] PluginManager:220 - loadIPPluginJar : add dfsdm
2026-01-07 17:19:28,411 [INFO] IPUIPlugin:80 - create IPUIPlugin
2026-01-07 17:19:28,411 [INFO] PluginManager:220 - loadIPPluginJar : add dma
2026-01-07 17:19:28,413 [INFO] IPUIPlugin:80 - create IPUIPlugin
2026-01-07 17:19:28,413 [INFO] PluginManager:220 - loadIPPluginJar : add dma3
2026-01-07 17:19:28,415 [INFO] IPUIPlugin:80 - create IPUIPlugin
2026-01-07 17:19:28,415 [INFO] PluginManager:220 - loadIPPluginJar : add extmemmanager
2026-01-07 17:19:28,416 [INFO] IPUIPlugin:80 - create IPUIPlugin
2026-01-07 17:19:28,416 [INFO] PluginManager:220 - loadIPPluginJar : add fatfs
2026-01-07 17:19:28,419 [INFO] IPUIPlugin:80 - create IPUIPlugin
2026-01-07 17:19:28,419 [INFO] PluginManager:220 - loadIPPluginJar : add fmc
2026-01-07 17:19:28,424 [INFO] IPUIPlugin:80 - create IPUIPlugin
2026-01-07 17:19:28,424 [INFO] PluginManager:220 - loadIPPluginJar : add freertos
2026-01-07 17:19:28,425 [INFO] IPUIPlugin:80 - create IPUIPlugin
2026-01-07 17:19:28,425 [INFO] PluginManager:220 - loadIPPluginJar : add genericplugin
2026-01-07 17:19:28,427 [INFO] IPUIPlugin:80 - create IPUIPlugin
2026-01-07 17:19:28,427 [INFO] PluginManager:220 - loadIPPluginJar : add gfxmmu
2026-01-07 17:19:28,431 [INFO] IPUIPlugin:80 - create IPUIPlugin
2026-01-07 17:19:28,431 [INFO] PluginManager:220 - loadIPPluginJar : add gic
2026-01-07 17:19:28,434 [INFO] IPUIPlugin:80 - create IPUIPlugin
2026-01-07 17:19:28,434 [INFO] PluginManager:220 - loadIPPluginJar : add gpio
2026-01-07 17:19:28,436 [INFO] IPUIPlugin:80 - create IPUIPlugin
2026-01-07 17:19:28,436 [INFO] PluginManager:220 - loadIPPluginJar : add gtzc
2026-01-07 17:19:28,437 [INFO] IPUIPlugin:80 - create IPUIPlugin
2026-01-07 17:19:28,438 [INFO] PluginManager:220 - loadIPPluginJar : add hash
2026-01-07 17:19:28,439 [INFO] IPUIPlugin:80 - create IPUIPlugin
2026-01-07 17:19:28,440 [INFO] PluginManager:220 - loadIPPluginJar : add i2c
2026-01-07 17:19:28,441 [INFO] IPUIPlugin:80 - create IPUIPlugin
2026-01-07 17:19:28,442 [INFO] PluginManager:220 - loadIPPluginJar : add i2s
2026-01-07 17:19:28,444 [INFO] IPUIPlugin:80 - create IPUIPlugin
2026-01-07 17:19:28,444 [INFO] PluginManager:220 - loadIPPluginJar : add i3c
2026-01-07 17:19:28,446 [INFO] IPUIPlugin:80 - create IPUIPlugin
2026-01-07 17:19:28,446 [INFO] PluginManager:220 - loadIPPluginJar : add ipddr
2026-01-07 17:19:28,452 [INFO] IPUIPlugin:80 - create IPUIPlugin
2026-01-07 17:19:28,452 [INFO] PluginManager:220 - loadIPPluginJar : add linkedlist
2026-01-07 17:19:28,455 [INFO] IPUIPlugin:80 - create IPUIPlugin
2026-01-07 17:19:28,455 [INFO] PluginManager:220 - loadIPPluginJar : add lorawan
2026-01-07 17:19:28,457 [INFO] IPUIPlugin:80 - create IPUIPlugin
2026-01-07 17:19:28,457 [INFO] PluginManager:220 - loadIPPluginJar : add ltdc
2026-01-07 17:19:28,461 [INFO] IPUIPlugin:80 - create IPUIPlugin
2026-01-07 17:19:28,462 [INFO] PluginManager:220 - loadIPPluginJar : add mdma
2026-01-07 17:19:28,465 [INFO] IPUIPlugin:80 - create IPUIPlugin
2026-01-07 17:19:28,465 [INFO] PluginManager:220 - loadIPPluginJar : add nvic
2026-01-07 17:19:28,468 [INFO] IPUIPlugin:80 - create IPUIPlugin
2026-01-07 17:19:28,468 [INFO] PluginManager:220 - loadIPPluginJar : add opamp
2026-01-07 17:19:28,471 [INFO] IPUIPlugin:80 - create IPUIPlugin
2026-01-07 17:19:28,471 [INFO] PluginManager:220 - loadIPPluginJar : add openamp
2026-01-07 17:19:28,474 [INFO] IPUIPlugin:80 - create IPUIPlugin
2026-01-07 17:19:28,475 [INFO] PluginManager:220 - loadIPPluginJar : add pdm2pcm
2026-01-07 17:19:28,480 [INFO] IPUIPlugin:80 - create IPUIPlugin
2026-01-07 17:19:28,484 [INFO] PluginManager:220 - loadIPPluginJar : add plateformsettings
2026-01-07 17:19:28,486 [INFO] IPUIPlugin:80 - create IPUIPlugin
2026-01-07 17:19:28,486 [INFO] PluginManager:220 - loadIPPluginJar : add quadspi
2026-01-07 17:19:28,488 [INFO] IPUIPlugin:80 - create IPUIPlugin
2026-01-07 17:19:28,489 [INFO] PluginManager:220 - loadIPPluginJar : add radio
2026-01-07 17:19:28,492 [INFO] IPUIPlugin:80 - create IPUIPlugin
2026-01-07 17:19:28,492 [INFO] PluginManager:220 - loadIPPluginJar : add resmgrutility
2026-01-07 17:19:28,495 [INFO] IPUIPlugin:80 - create IPUIPlugin
2026-01-07 17:19:28,495 [INFO] PluginManager:220 - loadIPPluginJar : add sai
2026-01-07 17:19:28,497 [INFO] IPUIPlugin:80 - create IPUIPlugin
2026-01-07 17:19:28,497 [INFO] PluginManager:220 - loadIPPluginJar : add spi
2026-01-07 17:19:28,503 [INFO] IPUIPlugin:80 - create IPUIPlugin
2026-01-07 17:19:28,503 [INFO] PluginManager:220 - loadIPPluginJar : add stm32_wpan
2026-01-07 17:19:28,505 [INFO] IPUIPlugin:80 - create IPUIPlugin
2026-01-07 17:19:28,505 [INFO] PluginManager:220 - loadIPPluginJar : add tim
2026-01-07 17:19:28,507 [INFO] IPUIPlugin:80 - create IPUIPlugin
2026-01-07 17:19:28,508 [INFO] PluginManager:220 - loadIPPluginJar : add touchsensing
2026-01-07 17:19:28,509 [INFO] IPUIPlugin:80 - create IPUIPlugin
2026-01-07 17:19:28,509 [INFO] PluginManager:220 - loadIPPluginJar : add tracer_emb
2026-01-07 17:19:28,511 [INFO] IPUIPlugin:80 - create IPUIPlugin
2026-01-07 17:19:28,511 [INFO] PluginManager:220 - loadIPPluginJar : add ts
2026-01-07 17:19:28,512 [INFO] IPUIPlugin:80 - create IPUIPlugin
2026-01-07 17:19:28,512 [INFO] PluginManager:220 - loadIPPluginJar : add tsc
2026-01-07 17:19:28,513 [INFO] IPUIPlugin:80 - create IPUIPlugin
2026-01-07 17:19:28,513 [INFO] PluginManager:220 - loadIPPluginJar : add ucpd
2026-01-07 17:19:28,515 [INFO] IPUIPlugin:80 - create IPUIPlugin
2026-01-07 17:19:28,515 [INFO] PluginManager:220 - loadIPPluginJar : add usart
2026-01-07 17:19:28,518 [INFO] IPUIPlugin:80 - create IPUIPlugin
2026-01-07 17:19:28,518 [INFO] PluginManager:220 - loadIPPluginJar : add usbx
2026-01-07 17:19:28,656 [FATAL] Updater:351 - Updater called before beeing initialized
2026-01-07 17:19:28,680 [INFO] RulesReader:64 - Compatibility file has been processed (317 Rules)
2026-01-07 17:19:28,690 [INFO] RulesReader:64 - Compatibility file has been processed (317 Rules)
2026-01-07 17:19:28,699 [INFO] CADModel:165 - CPN selected for project level
2026-01-07 17:19:28,699 [INFO] CADModel:114 - Register for checkConnection events
2026-01-07 17:19:28,699 [FATAL] Updater:351 - Updater called before beeing initialized
2026-01-07 17:19:28,699 [ERROR] CADModel:125 - Updater not yet initialized, retry later 
2026-01-07 17:19:28,862 [FATAL] Updater:351 - Updater called before beeing initialized
2026-01-07 17:19:28,863 [INFO] CADModel:165 - CPN selected for project level
2026-01-07 17:19:28,863 [INFO] CADModel:114 - Register for checkConnection events
2026-01-07 17:19:28,863 [FATAL] Updater:351 - Updater called before beeing initialized
2026-01-07 17:19:28,863 [ERROR] CADModel:125 - Updater not yet initialized, retry later 
2026-01-07 17:19:28,866 [FATAL] Updater:351 - Updater called before beeing initialized
2026-01-07 17:19:28,964 [FATAL] Updater:351 - Updater called before beeing initialized
2026-01-07 17:19:28,968 [INFO] DbMcusAds:53 - JSON generation date=Tue Dec 16 04:41:46 IST 2025 (1765840306612)
2026-01-07 17:19:28,968 [FATAL] Updater:351 - Updater called before beeing initialized
2026-01-07 17:19:28,999 [WARN] DetailPanel:346 - Failed to get advertising image, set to default
2026-01-07 17:19:29,106 [FATAL] Updater:351 - Updater called before beeing initialized
2026-01-07 17:19:29,109 [FATAL] Updater:351 - Updater called before beeing initialized
2026-01-07 17:19:29,109 [FATAL] Updater:351 - Updater called before beeing initialized
2026-01-07 17:19:29,109 [WARN] DetailPanel:346 - Failed to get advertising image, set to default
2026-01-07 17:19:29,110 [FATAL] Updater:351 - Updater called before beeing initialized
2026-01-07 17:19:29,183 [ERROR] Updater:1198 - MainUpdater not yet initialized. External WinMGr cannot be set.
2026-01-07 17:19:29,185 [INFO] Updater:1134 - Updater Version found : 6.15.0
2026-01-07 17:19:29,199 [INFO] ApplicationProperties:184 - Using Application install path: D:\installs\STM32CubeIDE_1.19.0\STM32CubeIDE\plugins\com.st.stm32cube.common.mx_6.15.0.202507011659
2026-01-07 17:19:29,448 [INFO] MainUpdater:2872 - connection check result : 10
2026-01-07 17:19:29,449 [INFO] MainUpdater:289 - Updater Check For Update Now.
2026-01-07 17:19:29,449 [INFO] MicroXplorer:498 - Change Database Version : DB.6.0.150
2026-01-07 17:19:29,457 [INFO] McuFinderGlobals:63 - Set McuFinder mode to 2 (CubeIDE integrated)
2026-01-07 17:19:29,457 [INFO] UserAuth:171 - activating auth plugin
2026-01-07 17:19:29,460 [INFO] UserAuth:487 - Internet connection configuration mode: 1
2026-01-07 17:19:29,477 [INFO] JxBrowserEngine:152 - Initiate JxBrowser Engine with user profile folder
2026-01-07 17:19:29,618 [INFO] CheckServerUpdateThread:120 - End of CheckServer Thread
2026-01-07 17:19:31,109 [INFO] WebApp:169 - Instantiating new browser for Auth
2026-01-07 17:19:31,213 [WARN] PackLoader:240 - Cannot read IP mode file for STMicroelectronics.FP-SNS-MOTENVWB1.1.4.0
2026-01-07 17:19:31,228 [WARN] PackLoader:240 - Cannot read IP mode file for STMicroelectronics.FP-ATR-ASTRA1.2.0.2
2026-01-07 17:19:31,248 [WARN] PackLoader:240 - Cannot read IP mode file for STMicroelectronics.X-CUBE-SMBUS.2.1.0
2026-01-07 17:19:31,259 [WARN] PackLoader:240 - Cannot read IP mode file for STMicroelectronics.X-CUBE-WB05N.1.1.0
2026-01-07 17:19:31,296 [WARN] PackLoader:240 - Cannot read IP mode file for STMicroelectronics.X-CUBE-AZRTOS-F7.1.1.0
2026-01-07 17:19:31,304 [WARN] PackLoader:240 - Cannot read IP mode file for STMicroelectronics.FP-SNS-MOTENV1.5.1.0
2026-01-07 17:19:31,332 [WARN] PackLoader:240 - Cannot read IP mode file for Infineon.AIROC-Wi-Fi-Bluetooth-STM32.1.7.0
2026-01-07 17:19:31,365 [WARN] PackLoader:240 - Cannot read IP mode file for STMicroelectronics.X-CUBE-AZRTOS-H7.3.4.0
2026-01-07 17:19:31,377 [WARN] PackLoader:240 - Cannot read IP mode file for STMicroelectronics.X-CUBE-DISPLAY.3.0.0
2026-01-07 17:19:31,387 [WARN] PackLoader:240 - Cannot read IP mode file for STMicroelectronics.X-CUBE-NFC10.1.0.0
2026-01-07 17:19:31,403 [WARN] PackLoader:240 - Cannot read IP mode file for STMicroelectronics.X-CUBE-BLEMGR.4.0.0
2026-01-07 17:19:31,412 [WARN] PackLoader:240 - Cannot read IP mode file for STMicroelectronics.X-CUBE-ST60.1.1.0
2026-01-07 17:19:31,419 [WARN] PackLoader:240 - Cannot read IP mode file for emotas.I-CUBE-CANOPEN.1.3.0
2026-01-07 17:19:31,426 [WARN] PackLoader:240 - Cannot read IP mode file for STMicroelectronics.X-CUBE-GNSS1.7.1.0
2026-01-07 17:19:31,432 [WARN] ConditionMgr:438 - getConditionDescription Invalid condition id : Cortex-A Device cause : null
2026-01-07 17:19:31,467 [WARN] ConditionMgr:1044 - genDependencies : Invalid condition id : Cortex-A Device cause : null
2026-01-07 17:19:31,467 [WARN] ConditionMgr:1044 - genDependencies : Invalid condition id : Cortex-A Device cause : null
2026-01-07 17:19:31,467 [WARN] ConditionMgr:1044 - genDependencies : Invalid condition id : Cortex-A Device cause : null
2026-01-07 17:19:31,473 [WARN] PackLoader:240 - Cannot read IP mode file for STMicroelectronics.X-CUBE-AI.10.0.0
2026-01-07 17:19:31,480 [WARN] PackLoader:240 - Cannot read IP mode file for STMicroelectronics.FP-SNS-STBOX1.2.1.0
2026-01-07 17:19:31,487 [WARN] PackLoader:240 - Cannot read IP mode file for STMicroelectronics.FP-SNS-SMARTAG2.1.2.0
2026-01-07 17:19:31,493 [WARN] PackLoader:240 - Cannot read IP mode file for STMicroelectronics.FP-SNS-FLIGHT1.5.1.0
2026-01-07 17:19:31,537 [WARN] PackLoader:240 - Cannot read IP mode file for STMicroelectronics.X-CUBE-MEMS1.11.1.0
2026-01-07 17:19:31,652 [INFO] LogOutputStream:77 - [STDOUT_REDIRECT] 1 : Invalid condition id : UX_CORESTACK_Condition cause : null
2026-01-07 17:19:31,653 [INFO] LogOutputStream:77 - [STDOUT_REDIRECT] 1 : Invalid condition id : UX_CORESTACK_Condition cause : null
2026-01-07 17:19:31,654 [INFO] LogOutputStream:77 - [STDOUT_REDIRECT] 1 : Invalid condition id : UX_CORESTACK_Condition cause : null
2026-01-07 17:19:31,655 [INFO] LogOutputStream:77 - [STDOUT_REDIRECT] 1 : Invalid condition id : UX_CORESTACK_Condition cause : null
2026-01-07 17:19:31,656 [INFO] LogOutputStream:77 - [STDOUT_REDIRECT] 1 : Invalid condition id : UX_CORESTACK_Condition cause : null
2026-01-07 17:19:31,658 [WARN] PackLoader:240 - Cannot read IP mode file for STMicroelectronics.X-CUBE-AZRTOS-WL.2.0.0
2026-01-07 17:19:31,664 [WARN] PackLoader:240 - Cannot read IP mode file for STMicroelectronics.FP-SNS-MOTENV1.5.0.0
2026-01-07 17:19:31,689 [WARN] PackLoader:240 - Cannot read IP mode file for STMicroelectronics.X-CUBE-AZRTOS-H7RS.1.2.0
2026-01-07 17:19:31,701 [WARN] PackLoader:240 - Cannot read IP mode file for WES.I-CUBE-Cesium.1.3.0
2026-01-07 17:19:31,707 [WARN] PackLoader:240 - Cannot read IP mode file for STMicroelectronics.X-CUBE-BLE2.3.3.0
2026-01-07 17:19:31,726 [WARN] PackLoader:240 - Cannot read IP mode file for STMicroelectronics.X-CUBE-NFC9.1.0.0
2026-01-07 17:19:31,735 [WARN] PackLoader:240 - Cannot read IP mode file for STMicroelectronics.X-CUBE-BLE1.7.1.0
2026-01-07 17:19:31,740 [WARN] PackLoader:240 - Cannot read IP mode file for wolfSSL.I-CUBE-wolfMQTT.1.19.2
2026-01-07 17:19:31,747 [WARN] PackLoader:240 - Cannot read IP mode file for STMicroelectronics.X-CUBE-FREERTOS.1.4.0
2026-01-07 17:19:31,755 [WARN] PackLoader:240 - Cannot read IP mode file for STMicroelectronics.X-CUBE-EEPRMA1.5.2.0
2026-01-07 17:19:31,765 [WARN] PackLoader:240 - Cannot read IP mode file for STMicroelectronics.X-CUBE-ST67W61.1.1.0
2026-01-07 17:19:31,807 [WARN] PackLoader:240 - Cannot read IP mode file for STMicroelectronics.X-CUBE-MEMS1.12.0.0
2026-01-07 17:19:31,926 [WARN] PackLoader:240 - Cannot read IP mode file for STMicroelectronics.X-CUBE-AZRTOS-G0.1.1.0
2026-01-07 17:19:31,959 [WARN] PackLoader:240 - Cannot read IP mode file for STMicroelectronics.X-CUBE-SAFEA1.1.2.2
2026-01-07 17:19:31,969 [WARN] PackLoader:240 - Cannot read IP mode file for STMicroelectronics.X-CUBE-NFC4.3.0.0
2026-01-07 17:19:31,980 [WARN] PackLoader:240 - Cannot read IP mode file for EmbeddedOffice.I-CUBE-FS-RTOS.1.0.1
2026-01-07 17:19:31,987 [WARN] PackLoader:240 - Cannot read IP mode file for STMicroelectronics.X-CUBE-WB05N.2.0.0
2026-01-07 17:19:31,993 [WARN] PackLoader:240 - Cannot read IP mode file for wolfSSL.I-CUBE-wolfTPM.3.8.0
2026-01-07 17:19:32,000 [WARN] PackLoader:240 - Cannot read IP mode file for STMicroelectronics.X-CUBE-TCPP.4.2.0
2026-01-07 17:19:32,011 [WARN] PackLoader:240 - Cannot read IP mode file for RealThread.X-CUBE-RT-Thread_Nano.4.1.1
2026-01-07 17:19:32,019 [WARN] PackLoader:240 - Cannot read IP mode file for STMicroelectronics.FP-ATR-SIGFOX1.3.2.0
2026-01-07 17:19:32,028 [WARN] PackLoader:240 - Cannot read IP mode file for STMicroelectronics.X-CUBE-EEPRMA1.5.1.0
2026-01-07 17:19:32,037 [WARN] PackLoader:240 - Cannot read IP mode file for wolfSSL.I-CUBE-wolfSSL.5.7.6
2026-01-07 17:19:32,046 [WARN] PackLoader:240 - Cannot read IP mode file for ITTIA_DB.I-CUBE-ITTIADB.8.9.0
2026-01-07 17:19:32,056 [WARN] PackLoader:240 - Cannot read IP mode file for STMicroelectronics.X-CUBE-AI.10.2.0
2026-01-07 17:19:32,096 [WARN] PackLoader:240 - Cannot read IP mode file for SEGGER.I-CUBE-embOS.1.3.1
2026-01-07 17:19:32,149 [WARN] PackLoader:240 - Cannot read IP mode file for STMicroelectronics.X-CUBE-ALGOBUILD.1.4.0
2026-01-07 17:19:32,155 [WARN] PackLoader:240 - Cannot read IP mode file for STMicroelectronics.X-CUBE-PM33A1.1.0.0
2026-01-07 17:19:32,174 [WARN] PackLoader:240 - Cannot read IP mode file for STMicroelectronics.X-CUBE-AZRTOS-F4.1.1.0
2026-01-07 17:19:32,182 [WARN] PackLoader:240 - Cannot read IP mode file for STMicroelectronics.X-CUBE-ISPU.2.1.0
2026-01-07 17:19:32,194 [WARN] PackLoader:240 - Cannot read IP mode file for STMicroelectronics.X-CUBE-IPS.3.2.0
2026-01-07 17:19:32,195 [INFO] WebApp:463 - Apply proxy settings
2026-01-07 17:19:32,198 [INFO] WebApp:548 - Chromium requires no authentication
2026-01-07 17:19:32,208 [WARN] PackLoader:240 - Cannot read IP mode file for STMicroelectronics.X-CUBE-NFC12.1.0.0
2026-01-07 17:19:32,211 [INFO] WebApp:491 - Direct internet connection detected
2026-01-07 17:19:32,223 [WARN] PackLoader:240 - Cannot read IP mode file for STMicroelectronics.X-CUBE-AZRTOS-L5.2.0.0
2026-01-07 17:19:32,231 [WARN] PackLoader:240 - Cannot read IP mode file for STMicroelectronics.X-CUBE-NFC6.3.1.0
2026-01-07 17:19:32,238 [WARN] PackLoader:240 - Cannot read IP mode file for STMicroelectronics.X-CUBE-DPower.1.2.0
2026-01-07 17:19:32,242 [WARN] PackLoader:240 - Cannot read IP mode file for STMicroelectronics.X-CUBE-FREERTOS.1.3.0
2026-01-07 17:19:32,248 [WARN] PackLoader:240 - Cannot read IP mode file for STMicroelectronics.X-CUBE-NFC7.1.0.1
2026-01-07 17:19:32,254 [WARN] PackLoader:240 - Cannot read IP mode file for STMicroelectronics.X-CUBE-TOUCHGFX.4.26.0
2026-01-07 17:19:32,255 [INFO] WebApp:900 - Register for checkConnection events
2026-01-07 17:19:32,255 [INFO] WebApp:463 - Apply proxy settings
2026-01-07 17:19:32,255 [INFO] WebApp:548 - Chromium requires no authentication
2026-01-07 17:19:32,255 [INFO] WebApp:491 - Direct internet connection detected
2026-01-07 17:19:32,259 [WARN] PackLoader:240 - Cannot read IP mode file for STMicroelectronics.FP-SNS-STAIOTCFT.1.0.0
2026-01-07 17:19:32,263 [WARN] PackLoader:240 - Cannot read IP mode file for STMicroelectronics.X-CUBE-DPower.1.3.0
2026-01-07 17:19:32,278 [WARN] ConditionMgr:438 - getConditionDescription Invalid condition id : LAN8742 Phy interface Condition cause : null
2026-01-07 17:19:32,279 [WARN] PackLoader:240 - Cannot read IP mode file for STMicroelectronics.X-CUBE-AZRTOS-L4.2.0.0
2026-01-07 17:19:32,280 [WARN] ConditionMgr:1044 - genDependencies : Invalid condition id : LAN8742 Phy interface Condition cause : null
2026-01-07 17:19:32,280 [WARN] ConditionMgr:1044 - genDependencies : Invalid condition id : LAN8742 Phy interface Condition cause : null
2026-01-07 17:19:32,280 [WARN] ConditionMgr:1044 - genDependencies : Invalid condition id : LAN8742 Phy interface Condition cause : null
2026-01-07 17:19:32,286 [WARN] PackLoader:240 - Cannot read IP mode file for STMicroelectronics.X-CUBE-SFXS2LP1.4.0.0
2026-01-07 17:19:32,298 [WARN] PackLoader:240 - Cannot read IP mode file for STMicroelectronics.X-CUBE-AZRTOS-H7.3.3.0
2026-01-07 17:19:32,306 [WARN] PackLoader:240 - Cannot read IP mode file for STMicroelectronics.X-CUBE-BLEMGR.4.1.0
2026-01-07 17:19:32,316 [WARN] ConditionMgr:438 - getConditionDescription Invalid condition id : UX DEVICE CLASS RTOS Condition cause : null
2026-01-07 17:19:32,316 [WARN] ConditionMgr:438 - getConditionDescription Invalid condition id : UX DEVICE CLASS RTOS Condition cause : null
2026-01-07 17:19:32,318 [WARN] PackLoader:240 - Cannot read IP mode file for STMicroelectronics.X-CUBE-AZRTOS-WB.2.0.0
2026-01-07 17:19:32,318 [WARN] ConditionMgr:1044 - genDependencies : Invalid condition id : UX DEVICE CLASS RTOS Condition cause : null
2026-01-07 17:19:32,318 [WARN] ConditionMgr:1044 - genDependencies : Invalid condition id : UX DEVICE CLASS RTOS Condition cause : null
2026-01-07 17:19:32,318 [WARN] ConditionMgr:1044 - genDependencies : Invalid condition id : UX DEVICE CLASS RTOS Condition cause : null
2026-01-07 17:19:32,319 [WARN] ConditionMgr:1044 - genDependencies : Invalid condition id : UX DEVICE CLASS RTOS Condition cause : null
2026-01-07 17:19:32,319 [WARN] ConditionMgr:1044 - genDependencies : Invalid condition id : UX DEVICE CLASS RTOS Condition cause : null
2026-01-07 17:19:32,323 [WARN] PackLoader:240 - Cannot read IP mode file for STMicroelectronics.X-CUBE-GNSS1.7.0.1
2026-01-07 17:19:32,326 [WARN] PackLoader:240 - Cannot read IP mode file for STMicroelectronics.X-CUBE-TOUCHGFX.4.25.0
2026-01-07 17:19:32,330 [WARN] PackLoader:240 - Cannot read IP mode file for STMicroelectronics.FP-SNS-STBOX1.2.0.0
2026-01-07 17:19:32,339 [WARN] PackLoader:240 - Cannot read IP mode file for STMicroelectronics.X-CUBE-SUBG2.5.0.0
2026-01-07 17:19:32,352 [WARN] PackLoader:240 - Cannot read IP mode file for STMicroelectronics.X-CUBE-AZRTOS-H7RS.1.1.0
2026-01-07 17:19:32,364 [WARN] PackLoader:240 - Cannot read IP mode file for Cesanta.I-CUBE-Mongoose.7.13.0
2026-01-07 17:19:32,373 [WARN] PackLoader:240 - Cannot read IP mode file for STMicroelectronics.X-CUBE-AZRTOS-G4.2.0.0
2026-01-07 17:19:32,413 [WARN] PackLoader:240 - Cannot read IP mode file for wolfSSL.I-CUBE-wolfSSH.1.4.20
2026-01-07 17:19:32,416 [WARN] PackLoader:240 - Cannot read IP mode file for STMicroelectronics.X-CUBE-NFC7.2.0.0
2026-01-07 17:19:32,425 [WARN] PackLoader:240 - Cannot read IP mode file for STMicroelectronics.X-CUBE-IPS.3.1.0
2026-01-07 17:19:32,431 [WARN] PackLoader:240 - Cannot read IP mode file for STMicroelectronics.X-CUBE-ALS.1.0.2
2026-01-07 17:19:32,436 [WARN] PackLoader:240 - Cannot read IP mode file for STMicroelectronics.X-CUBE-STSE01.1.0.0
2026-01-07 17:19:32,441 [WARN] PackLoader:240 - Cannot read IP mode file for portGmbH.I-Cube-SoM-uGOAL.1.1.0
2026-01-07 17:19:32,448 [WARN] PackLoader:240 - Cannot read IP mode file for STMicroelectronics.X-CUBE-TOF1.3.4.2
2026-01-07 17:19:32,459 [WARN] PackLoader:240 - Cannot read IP mode file for STMicroelectronics.X-CUBE-TOF1.3.4.3
2026-01-07 17:19:32,465 [INFO] ThirdParty:978 - Integrity check success = true
2026-01-07 17:19:32,465 [INFO] IntegrityCheckThread:100 - exiting critical section [integrity check]
2026-01-07 17:19:32,465 [INFO] IntegrityCheckThread:103 - End integrity checks thread
2026-01-07 17:19:32,536 [INFO] WebApp:225 - Starting web application
2026-01-07 17:19:32,536 [INFO] WebApp:593 - Web application path used D:\installs\STM32CubeIDE_1.19.0\STM32CubeIDE\plugins\com.st.stm32cube.common.mx_6.15.0.202507011659\db\plugins\mcufinder\reactClient1\index.html
2026-01-07 17:19:32,554 [INFO] WebApp:191 - Connection restablished
2026-01-07 17:19:38,513 [INFO] McuFinderGlobals:63 - Set McuFinder mode to 2 (CubeIDE integrated)
2026-01-07 17:19:38,519 [INFO] MainUpdater:2872 - connection check result : 10
2026-01-07 17:19:38,520 [INFO] MainUpdater:2872 - connection check result : 10
2026-01-07 17:19:38,554 [INFO] MicroXplorer:468 - Change Database Path : 
2026-01-07 17:19:38,554 [INFO] MicroXplorer:498 - Change Database Version : DB.6.0.150
2026-01-07 17:19:38,563 [WARN] ThirdParty:871 - waiting for thirdparty lock release [close project]
2026-01-07 17:19:38,563 [INFO] ThirdParty:873 - entering critical section [close project]
2026-01-07 17:19:38,564 [INFO] ThirdParty:883 - exiting critical section [close project]
2026-01-07 17:19:38,566 [INFO] PinOutPanel:1589 - setPackage(No Configuration,No Configuration)
2026-01-07 17:19:38,568 [INFO] UtilMem:75 - Begin LoadConfig() Used Memory: 227705736 Bytes (330301440)
2026-01-07 17:19:38,571 [INFO] MicroXplorer:468 - Change Database Path : 
2026-01-07 17:19:38,571 [INFO] MicroXplorer:498 - Change Database Version : DB.6.0.150
2026-01-07 17:19:38,571 [INFO] OpenFileManager:355 - Change cursor
2026-01-07 17:19:38,597 [INFO] Mcu:2029 - Initializing MCU STM32F103C(8-B)Tx STM32F103C8Tx STM32F103C8T6
2026-01-07 17:19:39,554 [INFO] Context:786 - Trying to add GPIOservice into a context  which must be forbidden
2026-01-07 17:19:39,780 [INFO] ImportTextPane:234 - (OptionalMessage_ERROR) Pin13 (VP_RIF_VS_RIF1) cannot be retrieved for this MCU
2026-01-07 17:19:39,863 [INFO] RtosManager:558 - Registered RTOS mode: class=CMSIS, group=RTOS, mode=CMSIS_V1, owner=FREERTOS
2026-01-07 17:19:39,864 [INFO] RtosManager:558 - Registered RTOS mode: class=CMSIS, group=RTOS2, mode=CMSIS_V2, owner=FREERTOS
2026-01-07 17:19:39,864 [INFO] RtosManager:558 - Registered RTOS mode: class=RTOS, group=Core, mode=CMSIS_V1, owner=FREERTOS
2026-01-07 17:19:39,864 [INFO] RtosManager:558 - Registered RTOS mode: class=RTOS, group=Core, mode=CMSIS_V2, owner=FREERTOS
2026-01-07 17:19:39,864 [WARN] ModelIntegratedComponent:184 - Missing modes for component STMicroelectronics:FreeRTOS:0.0.1:STMicroelectronics:RTOS:FreeRTOS:Core:::10.2.0:
2026-01-07 17:19:39,874 [WARN] ModelIntegratedComponent:63 - No mode defined for component null
2026-01-07 17:19:39,874 [WARN] ModelIntegratedComponent:63 - No mode defined for component null
2026-01-07 17:19:39,874 [WARN] ModelIntegratedComponent:63 - No mode defined for component null
2026-01-07 17:19:39,874 [WARN] ModelIntegratedComponent:63 - No mode defined for component null
2026-01-07 17:19:39,874 [WARN] ModelIntegratedComponent:63 - No mode defined for component null
2026-01-07 17:19:39,874 [WARN] ModelIntegratedComponent:63 - No mode defined for component null
2026-01-07 17:19:39,874 [WARN] ModelIntegratedComponent:63 - No mode defined for component null
2026-01-07 17:19:39,874 [WARN] ModelIntegratedComponent:63 - No mode defined for component null
2026-01-07 17:19:39,874 [WARN] ModelIntegratedComponent:63 - No mode defined for component null
2026-01-07 17:19:39,874 [WARN] ModelIntegratedComponent:63 - No mode defined for component null
2026-01-07 17:19:39,874 [WARN] ModelIntegratedComponent:63 - No mode defined for component null
2026-01-07 17:19:39,874 [WARN] ModelIntegratedComponent:63 - No mode defined for component null
2026-01-07 17:19:39,874 [WARN] ModelIntegratedComponent:63 - No mode defined for component null
2026-01-07 17:19:39,874 [WARN] ModelIntegratedComponent:63 - No mode defined for component null
2026-01-07 17:19:39,874 [WARN] ModelIntegratedComponent:63 - No mode defined for component null
2026-01-07 17:19:39,874 [WARN] ModelIntegratedComponent:63 - No mode defined for component null
2026-01-07 17:19:39,875 [WARN] ModelIntegratedComponent:63 - No mode defined for component null
2026-01-07 17:19:39,875 [WARN] ModelIntegratedComponent:63 - No mode defined for component null
2026-01-07 17:19:39,875 [WARN] ModelIntegratedComponent:63 - No mode defined for component null
2026-01-07 17:19:39,875 [WARN] ModelIntegratedComponent:63 - No mode defined for component null
2026-01-07 17:19:39,875 [WARN] ModelIntegratedComponent:63 - No mode defined for component null
2026-01-07 17:19:39,875 [WARN] ModelIntegratedComponent:63 - No mode defined for component null
2026-01-07 17:19:39,875 [WARN] ModelIntegratedComponent:63 - No mode defined for component null
2026-01-07 17:19:39,875 [WARN] ModelIntegratedComponent:63 - No mode defined for component null
2026-01-07 17:19:39,875 [WARN] ModelIntegratedComponent:63 - No mode defined for component null
2026-01-07 17:19:39,875 [WARN] ModelIntegratedComponent:63 - No mode defined for component null
2026-01-07 17:19:39,875 [WARN] ModelIntegratedComponent:63 - No mode defined for component null
2026-01-07 17:19:39,875 [WARN] ModelIntegratedComponent:63 - No mode defined for component null
2026-01-07 17:19:39,875 [WARN] ModelIntegratedComponent:63 - No mode defined for component null
2026-01-07 17:19:39,875 [WARN] ModelIntegratedComponent:63 - No mode defined for component null
2026-01-07 17:19:39,875 [WARN] ModelIntegratedComponent:63 - No mode defined for component null
2026-01-07 17:19:39,875 [WARN] ModelIntegratedComponent:63 - No mode defined for component null
2026-01-07 17:19:39,875 [WARN] ModelIntegratedComponent:63 - No mode defined for component null
2026-01-07 17:19:39,875 [WARN] ModelIntegratedComponent:63 - No mode defined for component null
2026-01-07 17:19:39,875 [WARN] ModelIntegratedComponent:63 - No mode defined for component null
2026-01-07 17:19:39,876 [WARN] ModelPack:524 - Component already loaded: STMicroelectronics:HAL Drivers:0.0.0:STMicroelectronics:Device:STMicro_Driver:XSPI:HAL::0.0.1:HAL_XSPI
2026-01-07 17:19:40,050 [INFO] ThirdPartyModel:298 - Start build external matchings
2026-01-07 17:19:40,700 [INFO] ThirdPartyModel:316 - End build external matchings
2026-01-07 17:19:40,742 [INFO] ImportTextPane:234 - (OptionalMessage_ERROR) IP (RCC) : Parameter (ADCFreqValue) has invalid value (36000000)
2026-01-07 17:19:40,743 [INFO] ImportTextPane:234 - (OptionalMessage_ERROR) IP (RCC) : Invalid parameter (FamilyName)
2026-01-07 17:19:40,743 [INFO] ImportTextPane:234 - (OptionalMessage_ERROR) IP (RCC) : Parameter (MCOFreq_Value) has invalid value (72000000)
2026-01-07 17:19:40,744 [INFO] ImportTextPane:234 - (OptionalMessage_ERROR) IP (RCC) : Parameter (USBFreq_Value) has invalid value (72000000)
2026-01-07 17:19:41,029 [INFO] ApiDb:581 - Connected to CubeFinder SQLite database (C:\Users\22142\.stmcufinder\plugins\mcufinder\mcu\cube-finder-db.db)
2026-01-07 17:19:41,115 [INFO] ApiDb:668 - CubeFinder database Data Model version=2.1
2026-01-07 17:19:41,115 [INFO] ApiDb:669 - CubeFinder database Configuration version=3.0.39
2026-01-07 17:19:41,115 [INFO] ApiDb:670 - CubeFinder database generation date=2025-12-22 (1766407740)
2026-01-07 17:19:41,115 [INFO] ApiDb:671 - CubeFinder database FW Pack versions=[FP-ATR-ASTRA1_V2.0.0, FP-SNS-FLIGHT1_V5.1.0, FP-SNS-MOTENV1_V5.1.0, FP-SNS-MOTENVWB1_V1.4.0, FP-SNS-SMARTAG2_V1.2.0, FP-SNS-STBOX1_V2.1.0, STM32Cube_FW_C0_V1.4.0, STM32Cube_FW_F4_V1.28.3, STM32Cube_FW_F7_V1.17.4, STM32Cube_FW_G0_V1.6.2, STM32Cube_FW_G4_V1.6.1, STM32Cube_FW_H5_V1.5.1, STM32Cube_FW_H7RS_V1.3.0, STM32Cube_FW_H7_V1.12.1, STM32Cube_FW_L0_V1.12.2, STM32Cube_FW_L4_V1.18.1, STM32Cube_FW_L5_V1.6.0, STM32Cube_FW_N6_V1.3.0, STM32Cube_FW_U0_V1.3.0, STM32Cube_FW_U3_V1.2.1, STM32Cube_FW_U5_V1.8.0, STM32Cube_FW_WB0_V1.4.0, STM32Cube_FW_WBA_V1.8.0, STM32Cube_FW_WB_V1.24.0, STM32Cube_FW_WL3_V1.3.0, STM32Cube_FW_WL_V1.4.0, X-CUBE-ALGOBUILD_V1.4.0, X-CUBE-ALS_V1.0.2, X-CUBE-AZRTOS-F4_V1.1.0, X-CUBE-AZRTOS-F7_V1.1.0, X-CUBE-AZRTOS-G0_V1.1.0, X-CUBE-AZRTOS-G4_V2.0.0, X-CUBE-AZRTOS-H7RS_V1.1.0, X-CUBE-AZRTOS-H7_V3.4.0, X-CUBE-AZRTOS-L4_V2.0.0, X-CUBE-AZRTOS-L5_V2.0.0, X-CUBE-AZRTOS-WB_V2.0.0, X-CUBE-AZRTOS-WL_V2.0.0, X-CUBE-BLE1_V7.1.0, X-CUBE-BLE2_V3.3.0, X-CUBE-BLEMGR_V4.1.0, X-CUBE-EEPRMA1_V5.2.0, X-CUBE-FREERTOS_V1.3.1, X-CUBE-GNSS1_V6.0.0, X-CUBE-MEMS1_V12.0.0, X-CUBE-NFC4_V3.0.0, X-CUBE-NFC7_V2.0.0, X-CUBE-SFXS2LP1_V4.0.0, X-CUBE-ST67W61_V1.1.0, X-CUBE-SUBG2_V5.0.0, X-CUBE-TOF1_V3.4.3]
2026-01-07 17:19:41,179 [INFO] DbBoardsSqlite:226 - include board P-NUCLEO-WB55-NUCLEO as a kit item of type 'Nucleo-64'
2026-01-07 17:19:41,180 [INFO] DbBoardsSqlite:226 - include board P-NUCLEO-WB55-USBDONGLE as a kit item of type 'Nucleo USB Dongle'
2026-01-07 17:19:41,180 [INFO] DbBoardsSqlite:226 - include board STEVAL-IDP005V1 as a kit item of type 'Evaluation Board'
2026-01-07 17:19:41,180 [INFO] DbBoardsSqlite:226 - include board STEVAL-IDP005V2 as a kit item of type 'Evaluation Board'
2026-01-07 17:19:41,261 [INFO] ApiDb:240 - Found 880 in-development CPN: [B-G473E-ZEST1S, B-WB1M-WPAN1, B-WBA5M-WPAN, B-WL5M-SUBG1, NUCLEO-C031C6, NUCLEO-C051C8, NUCLEO-C071RB, NUCLEO-C092RC, NUCLEO-H503RB, NUCLEO-H533RE, NUCLEO-H563ZI, NUCLEO-H7S3L8, NUCLEO-N657X0-Q, NUCLEO-U031R8, NUCLEO-U083RC, NUCLEO-U385RG-Q, NUCLEO-U545RE-Q, NUCLEO-U5A5ZJ-Q, NUCLEO-WB05KZ, NUCLEO-WB07CC, NUCLEO-WB09KE, NUCLEO-WBA52CG, NUCLEO-WBA55CG, NUCLEO-WL33CC1, NUCLEO-WL33CC2, STEVAL-PROTEUS1, STEVAL-SMARTAG2, STEVAL-STWINBX1, STM320518-EVAL, STM32C0116-DK, STM32C011D6Y3TR, STM32C011D6Y6TR, STM32C011F4P3, STM32C011F4P6, STM32C011F4U3, STM32C011F4U6TR, STM32C011F6P3, STM32C011F6P6, STM32C011F6U3, STM32C011F6U6TR, STM32C011J4M3, STM32C011J4M6, STM32C011J6M3, STM32C011J6M6, STM32C0316-DK, STM32C031C4T3, STM32C031C4T6, STM32C031C4U3, STM32C031C4U6, STM32C031C6T3, STM32C031C6T6, STM32C031C6U3, STM32C031C6U6, STM32C031F4P3, STM32C031F4P6, STM32C031F6P3, STM32C031F6P6, STM32C031G4U3, STM32C031G4U6, STM32C031G6U3, STM32C031G6U6, STM32C031K4T3, STM32C031K4T6, STM32C031K4U3, STM32C031K4U6, STM32C031K6T3, STM32C031K6T6, STM32C031K6U3, STM32C031K6U6, STM32C051C6T6, STM32C051C6U6, STM32C051C8T6, STM32C051C8U6, STM32C051D8Y6TR, STM32C051F6P6, STM32C051F8P6, STM32C051G6U6, STM32C051G8U6, STM32C051K6T6, STM32C051K6U6, STM32C051K8T6, STM32C071C8T6, STM32C071C8T6N, STM32C071C8U6, STM32C071C8U6N, STM32C071CBT6, STM32C071CBT6N, STM32C071CBU6, STM32C071CBU6N, STM32C071F8P6, STM32C071F8P6N, STM32C071FBP6, STM32C071FBP6N, STM32C071FBY6TR, STM32C071G8U6, STM32C071G8U6N, STM32C071GBU6, STM32C071GBU6N, STM32C071K8T6, STM32C071K8T6N, STM32C071K8U6, STM32C071K8U6N, STM32C071KBT6, STM32C071KBT6N, STM32C071KBU6, STM32C071KBU6N, STM32C071R8T6, STM32C071R8T6N, STM32C071RBI6N, STM32C071RBT6, STM32C071RBT6N, STM32C091CBT6, STM32C091CBU6, STM32C091CCT6, STM32C091CCU6, STM32C091ECY6TR, STM32C091FBP6, STM32C091FCP6, STM32C091GBU6, STM32C091GCU6, STM32C091KBT6, STM32C091KBU6, STM32C091KCT6, STM32C091KCU6, STM32C091RBT6, STM32C091RCI6, STM32C091RCT6, STM32C092CBT6, STM32C092CBU6, STM32C092CCT6, STM32C092CCU6, STM32C092ECY6TR, STM32C092FBP6, STM32C092FCP6, STM32C092GBU6, STM32C092GCU6, STM32C092KBT6, STM32C092KBU6, STM32C092KCT6, STM32C092KCU6, STM32C092RBT6, STM32C092RCI6, STM32C092RCT6, STM32G071K8TXN, STM32G071K8UXN, STM32G081GBU6N, STM32G081KBT6N, STM32G081KBUXN, STM32G0B1CCT6N, STM32G0B1KCT6, STM32G0B1NEY6TR, STM32G0B1RCT6N, STM32G0C1CCT6, STM32G0C1CCT6N, STM32G0C1CCU6N, STM32G0C1CET6N, STM32G0C1CEU6N, STM32G0C1KCT6, STM32G0C1NEY6TR, STM32G0C1RCI6N, STM32G0C1RCT6N, STM32G0C1REI6N, STM32G0C1RET6N, STM32G0C1VCI6, STM32G0C1VEI6, STM32G411C6T3, STM32G411C6T6, STM32G411C6U3, STM32G411C6U6, STM32G411C8T3, STM32G411C8T6, STM32G411C8U3, STM32G411C8U6, STM32G411CBT3, STM32G411CBT6, STM32G411CBU3, STM32G411CBU6, STM32G411K6T3, STM32G411K6T6, STM32G411K6U3, STM32G411K6U6, STM32G411K8T3, STM32G411K8T6, STM32G411K8U3, STM32G411K8U6, STM32G411KBT3, STM32G411KBT6, STM32G411KBU3, STM32G411KBU6, STM32G411M6T3, STM32G411M6T6, STM32G411M8T3, STM32G411M8T6, STM32G411MBT3, STM32G411MBT6, STM32G411R6T3, STM32G411R6T6, STM32G411R8T3, STM32G411R8T6, STM32G411RBT3, STM32G411RBT6, STM32G414CBT3, STM32G414CBT6, STM32G414CBU3, STM32G414CBU6, STM32G414CCT3, STM32G414CCT6, STM32G414CCU3, STM32G414CCU6, STM32G414MBT3, STM32G414MBT6, STM32G414MCT3, STM32G414MCT6, STM32G414RBT3, STM32G414RBT6, STM32G414RCT3, STM32G414RCT6, STM32G414VBT3, STM32G414VBT6, STM32G414VCT3, STM32G414VCT6, STM32G431CBT3Z, STM32G431RBT3Z, STM32G471CCT6, STM32G471CCU6, STM32G471CET3, STM32G471CET6, STM32G471CEU3, STM32G471CEU6, STM32G471MCT6, STM32G471MET3, STM32G471MET6, STM32G471MEY6TR, STM32G471QCT6, STM32G471QET3, STM32G471RCT6, STM32G471RET3, STM32G471RET6, STM32G471VCH6, STM32G471VCI6, STM32G471VCT6, STM32G471VEH3, STM32G471VEH6, STM32G471VEI3, STM32G471VEI6, STM32G471VET3, STM32G471VET6, STM32G473QET3Z, STM32G473RET3Z, STM32G474CCT6, STM32G491RET3Z, STM32H503CBT6, STM32H503CBU6, STM32H503EBY6TR, STM32H503KBU6, STM32H503RBT6, STM32H523CCT6, STM32H523CCU6, STM32H523CET6, STM32H523CEU6, STM32H523HEY6TR, STM32H523RCT6, STM32H523RET6, STM32H523VCI6, STM32H523VCT6, STM32H523VEI6, STM32H523VET6, STM32H523ZCJ6, STM32H523ZCT6, STM32H523ZEJ6, STM32H523ZET6, STM32H533CET6, STM32H533CEU6, STM32H533HEY6TR, STM32H533RET6, STM32H533VEI6, STM32H533VET6, STM32H533ZEJ6, STM32H533ZET6, STM32H562AGI6, STM32H562AII6, STM32H562IGK6, STM32H562IGT6, STM32H562IIK6, STM32H562IIT6, STM32H562RGT6, STM32H562RGV6, STM32H562RIT6, STM32H562RIV6, STM32H562VGT6, STM32H562VIT6, STM32H562ZGT6, STM32H562ZIT6, STM32H563AGI6, STM32H563AII3Q, STM32H563AII6, STM32H563IGK6, STM32H563IGT6, STM32H563IIK3Q, STM32H563IIK6, STM32H563IIT3Q, STM32H563IIT6, STM32H563MIY3QTR, STM32H563RGT6, STM32H563RGV6, STM32H563RIT6, STM32H563RIV6, STM32H563VGT6, STM32H563VIT3Q, STM32H563VIT6, STM32H563ZGT6, STM32H563ZIT3Q, STM32H563ZIT6, STM32H573AII3Q, STM32H573AII6, STM32H573I-DK, STM32H573IIK3Q, STM32H573IIK6, STM32H573IIT3Q, STM32H573IIT6, STM32H573MIY3QTR, STM32H573RIT6, STM32H573RIV6, STM32H573VIT3Q, STM32H573VIT6, STM32H573ZIT3Q, STM32H573ZIT6, STM32H7R3A8I6, STM32H7R3I8K6, STM32H7R3I8T6, STM32H7R3L8H6, STM32H7R3L8H6H, STM32H7R3R8V6, STM32H7R3V8H6, STM32H7R3V8T6, STM32H7R3V8Y6TR, STM32H7R3Z8J6, STM32H7R3Z8T6, STM32H7R7A8I6, STM32H7R7I8K6, STM32H7R7I8T6, STM32H7R7L8H6, STM32H7R7L8H6H, STM32H7R7Z8J6, STM32H7S3A8I6, STM32H7S3I8K6, STM32H7S3I8T6, STM32H7S3L8H6, STM32H7S3L8H6H, STM32H7S3R8V6, STM32H7S3V8H6, STM32H7S3V8T6, STM32H7S3V8Y6TR, STM32H7S3Z8J6, STM32H7S3Z8T6, STM32H7S78-DK, STM32H7S7A8I6, STM32H7S7I8K6, STM32H7S7I8T6, STM32H7S7L8H6, STM32H7S7L8H6H, STM32H7S7Z8J6, STM32L4R5QGI6STR, STM32MP131AAE3, STM32MP131AAF3, STM32MP131AAG3, STM32MP131CAE3, STM32MP131CAF3, STM32MP131CAG3, STM32MP131DAE7, STM32MP131DAF7, STM32MP131DAG7, STM32MP131FAE7, STM32MP131FAF7, STM32MP131FAG7, STM32MP133AAE3, STM32MP133AAF3, STM32MP133AAG3, STM32MP133CAE3, STM32MP133CAF3, STM32MP133CAG3, STM32MP133DAE7, STM32MP133DAF7, STM32MP133DAG7, STM32MP133FAE7, STM32MP133FAF7, STM32MP133FAG7, STM32MP135AAE3, STM32MP135AAF3, STM32MP135AAG3, STM32MP135CAE3, STM32MP135CAF3, STM32MP135CAG3, STM32MP135DAE7, STM32MP135DAF7, STM32MP135DAG7, STM32MP135F-DK, STM32MP135FAE7, STM32MP135FAF7, STM32MP135FAF7T, STM32MP135FAF7U, STM32MP135FAG7, STM32MP211AAL3, STM32MP211AAM3, STM32MP211AAN3, STM32MP211AAO3, STM32MP211CAL3, STM32MP211CAM3, STM32MP211CAN3, STM32MP211CAO3, STM32MP211DAL3, STM32MP211DAM3, STM32MP211DAN3, STM32MP211DAO3, STM32MP211FAL3, STM32MP211FAM3, STM32MP211FAN3, STM32MP211FAO3, STM32MP213AAL3, STM32MP213AAM3, STM32MP213AAN3, STM32MP213AAO3, STM32MP213CAL3, STM32MP213CAM3, STM32MP213CAN3, STM32MP213CAO3, STM32MP213DAL3, STM32MP213DAM3, STM32MP213DAN3, STM32MP213DAO3, STM32MP213FAL3, STM32MP213FAM3, STM32MP213FAN3, STM32MP213FAO3, STM32MP215AAL3, STM32MP215AAM3, STM32MP215AAN3, STM32MP215AAO3, STM32MP215CAL3, STM32MP215CAM3, STM32MP215CAN3, STM32MP215CAO3, STM32MP215DAL3, STM32MP215DAM3, STM32MP215DAN3, STM32MP215DAO3, STM32MP215F-DK, STM32MP215FAL3, STM32MP215FAM3, STM32MP215FAN3, STM32MP215FAO3, STM32MP231AAJ3, STM32MP231AAK3, STM32MP231AAL3, STM32MP231CAJ3, STM32MP231CAK3, STM32MP231CAL3, STM32MP231DAJ3, STM32MP231DAK3, STM32MP231DAL3, STM32MP231FAJ3, STM32MP231FAK3, STM32MP231FAL3, STM32MP233AAJ3, STM32MP233AAK3, STM32MP233AAL3, STM32MP233CAJ3, STM32MP233CAK3, STM32MP233CAL3, STM32MP233DAJ3, STM32MP233DAK3, STM32MP233DAL3, STM32MP233FAJ3, STM32MP233FAK3, STM32MP233FAL3, STM32MP235AAJ3, STM32MP235AAK3, STM32MP235AAL3, STM32MP235CAJ3, STM32MP235CAK3, STM32MP235CAL3, STM32MP235DAJ3, STM32MP235DAK3, STM32MP235DAL3, STM32MP235FAJ3, STM32MP235FAK3, STM32MP235FAL3, STM32MP251AAI3, STM32MP251AAK3, STM32MP251AAL3, STM32MP251CAI3, STM32MP251CAK3, STM32MP251CAL3, STM32MP251DAI3, STM32MP251DAK3, STM32MP251DAL3, STM32MP251FAI3, STM32MP251FAK3, STM32MP251FAL3, STM32MP253AAI3, STM32MP253AAK3, STM32MP253AAL3, STM32MP253CAI3, STM32MP253CAK3, STM32MP253CAL3, STM32MP253DAI3, STM32MP253DAK3, STM32MP253DAL3, STM32MP253FAI3, STM32MP253FAK3, STM32MP253FAL3, STM32MP255AAI3, STM32MP255AAK3, STM32MP255AAL3, STM32MP255CAI3, STM32MP255CAK3, STM32MP255CAL3, STM32MP255DAI3, STM32MP255DAK3, STM32MP255DAL3, STM32MP255FAI3, STM32MP255FAK3, STM32MP255FAL3, STM32MP257AAI3, STM32MP257AAK3, STM32MP257AAL3, STM32MP257CAI3, STM32MP257CAK3, STM32MP257CAL3, STM32MP257DAI3, STM32MP257DAK3, STM32MP257DAL3, STM32MP257F-DK, STM32MP257F-EV1, STM32MP257FAI3, STM32MP257FAK3, STM32MP257FAL3, STM32N645A0H3Q, STM32N645B0H3Q, STM32N645I0H3Q, STM32N645L0H3Q, STM32N645X0H3Q, STM32N645Z0H3Q, STM32N647A0H3Q, STM32N647B0H3Q, STM32N647I0H3Q, STM32N647L0H3Q, STM32N647X0H3Q, STM32N647Z0H3Q, STM32N655A0H3Q, STM32N655B0H3Q, STM32N655I0H3Q, STM32N655L0H3Q, STM32N655X0H3Q, STM32N655Z0H3Q, STM32N6570-DK, STM32N657A0H3Q, STM32N657B0H3Q, STM32N657I0H3Q, STM32N657L0H3Q, STM32N657X0H3Q, STM32N657Z0H3Q, STM32U031C6T6, STM32U031C6U6, STM32U031C8T6, STM32U031C8U6, STM32U031F4P6, STM32U031F6P6, STM32U031F8P6, STM32U031G6Y6TR, STM32U031G8Y6TR, STM32U031K4U6, STM32U031K6U6, STM32U031K8U6, STM32U031R6I6, STM32U031R6T6, STM32U031R8I6, STM32U031R8T6, STM32U073C8T6, STM32U073C8U6, STM32U073CBT6, STM32U073CBU6, STM32U073CCT6, STM32U073CCU6, STM32U073H8Y6TR, STM32U073HBY6TR, STM32U073HCY6TR, STM32U073K8U6, STM32U073KBU6, STM32U073KCU6, STM32U073M8I6, STM32U073M8T6, STM32U073MBI6, STM32U073MBT6, STM32U073MCI6, STM32U073MCT6, STM32U073R8I6, STM32U073R8T6, STM32U073RBI6, STM32U073RBT6, STM32U073RCI6, STM32U073RCT6, STM32U083C-DK, STM32U083CCT6, STM32U083CCU6, STM32U083HCY6TR, STM32U083KCU6, STM32U083MCI6, STM32U083MCT6, STM32U083RCI6, STM32U083RCT6, STM32U375CET6, STM32U375CET6Q, STM32U375CEU6, STM32U375CEU6Q, STM32U375CEY6QTR, STM32U375CGT6, STM32U375CGT6Q, STM32U375CGU6, STM32U375CGU6Q, STM32U375CGY6QTR, STM32U375KEU6, STM32U375KGU6, STM32U375REI6, STM32U375REI6Q, STM32U375RET6, STM32U375RET6Q, STM32U375REY6GTR, STM32U375REY6QTR, STM32U375RGI6, STM32U375RGI6Q, STM32U375RGT6, STM32U375RGT6Q, STM32U375RGY6GTR, STM32U375RGY6QTR, STM32U375VEI6, STM32U375VEI6Q, STM32U375VET6, STM32U375VET6Q, STM32U375VGI6, STM32U375VGI6Q, STM32U375VGT6, STM32U375VGT6Q, STM32U385CGT6, STM32U385CGT6Q, STM32U385CGU6, STM32U385CGU6Q, STM32U385CGY6QTR, STM32U385KGU6, STM32U385RGI6, STM32U385RGI6Q, STM32U385RGT6, STM32U385RGT6Q, STM32U385RGY6GTR, STM32U385RGY6QTR, STM32U385VGI6, STM32U385VGI6Q, STM32U385VGT6, STM32U385VGT6Q, STM32U535CBT6, STM32U535CBT6Q, STM32U535CBU6, STM32U535CBU6Q, STM32U535CCT6, STM32U535CCT6Q, STM32U535CCU6, STM32U535CCU6Q, STM32U535CET6, STM32U535CET6Q, STM32U535CEU6, STM32U535CEU6Q, STM32U535JEY6QTR, STM32U535NCY6QTR, STM32U535NEY6QTR, STM32U535RBI6, STM32U535RBI6Q, STM32U535RBT6, STM32U535RBT6Q, STM32U535RCI6, STM32U535RCI6Q, STM32U535RCT6, STM32U535RCT6Q, STM32U535REI6, STM32U535REI6Q, STM32U535RET6, STM32U535RET6Q, STM32U535VCI6, STM32U535VCI6Q, STM32U535VCT6, STM32U535VCT6Q, STM32U535VEI6, STM32U535VEI6Q, STM32U535VET6, STM32U535VET6Q, STM32U545CET6, STM32U545CET6Q, STM32U545CEU6, STM32U545CEU6Q, STM32U545JEY6QTR, STM32U545NEY6QTR, STM32U545REI6, STM32U545REI6Q, STM32U545RET6, STM32U545RET6Q, STM32U545VEI6, STM32U545VEI6Q, STM32U545VET6, STM32U545VET6Q, STM32U595AIH6, STM32U595AIH6Q, STM32U595AJH6, STM32U595AJH6Q, STM32U595QII6, STM32U595QII6Q, STM32U595QJI6, STM32U595QJI6Q, STM32U595RIT6, STM32U595RIT6Q, STM32U595RJT6, STM32U595RJT6Q, STM32U595VIT6, STM32U595VIT6Q, STM32U595VJT6, STM32U595VJT6Q, STM32U595ZIT6, STM32U595ZIT6Q, STM32U595ZIY6QTR, STM32U595ZJT6, STM32U595ZJT6Q, STM32U595ZJY6QTR, STM32U599BJY6QTR, STM32U599NIH6Q, STM32U599NJH6Q, STM32U599VIT6Q, STM32U599VJT6, STM32U599VJT6Q, STM32U599ZIT6Q, STM32U599ZIY6QTR, STM32U599ZJT6Q, STM32U599ZJY6QTR, STM32U5A5AJH6, STM32U5A5AJH6Q, STM32U5A5QII3Q , STM32U5A5QJI6, STM32U5A5QJI6Q, STM32U5A5RJT6, STM32U5A5RJT6Q, STM32U5A5VJT6, STM32U5A5VJT6Q, STM32U5A5ZJT6, STM32U5A5ZJT6Q, STM32U5A5ZJY6QTR, STM32U5A9BJY6QTR, STM32U5A9J-DK, STM32U5A9NJH6Q, STM32U5A9VJT6Q, STM32U5A9ZJT6Q, STM32U5A9ZJY6QTR, STM32U5F7VIT6, STM32U5F7VIT6Q, STM32U5F7VJT6, STM32U5F7VJT6Q, STM32U5F9BJY6QTR, STM32U5F9NJH6Q, STM32U5F9VIT6Q, STM32U5F9VJT6Q, STM32U5F9ZIJ6QTR, STM32U5F9ZIT6Q, STM32U5F9ZJJ6QTR, STM32U5F9ZJT6Q, STM32U5G7VJT6, STM32U5G7VJT6Q, STM32U5G9BJY6QTR, STM32U5G9J-DK1, STM32U5G9J-DK2, STM32U5G9NJH6Q, STM32U5G9VJT6Q, STM32U5G9ZJJ6QTR, STM32U5G9ZJT6Q, STM32WB05KZV6TR, STM32WB05KZV7TR, STM32WB05TZF6TR, STM32WB05TZF7TR, STM32WB06CCF6TR, STM32WB06CCF7TR, STM32WB06CCV6TR, STM32WB06CCV7TR, STM32WB06KCV6TR, STM32WB06KCV7TR, STM32WB07CCF6TR, STM32WB07CCF7TR, STM32WB07CCV6TR, STM32WB07CCV7TR, STM32WB07KCV6TR, STM32WB07KCV7TR, STM32WB09KEV6TR, STM32WB09KEV7TR, STM32WB09TEF6TR, STM32WB09TEF7TR, STM32WB1MMCH6, STM32WBA50KGU6, STM32WBA50KGU6TR, STM32WBA52CEU6, STM32WBA52CEU6TR, STM32WBA52CEU7, STM32WBA52CEU7TR, STM32WBA52CGU6, STM32WBA52CGU6TR, STM32WBA52CGU6U, STM32WBA52CGU7, STM32WBA52CGU7TR, STM32WBA52KEU6, STM32WBA52KEU6TR, STM32WBA52KGU6, STM32WBA52KGU6TR, STM32WBA54CEU6, STM32WBA54CEU6TR, STM32WBA54CEU7, STM32WBA54CEU7TR, STM32WBA54CGU6, STM32WBA54CGU6TR, STM32WBA54CGU7, STM32WBA54CGU7TR, STM32WBA54KEU6, STM32WBA54KEU6TR, STM32WBA54KEU7, STM32WBA54KEU7TR, STM32WBA54KGU6, STM32WBA54KGU6TR, STM32WBA54KGU7, STM32WBA54KGU7TR, STM32WBA55CEU6, STM32WBA55CEU6TR, STM32WBA55CEU7, STM32WBA55CEU7TR, STM32WBA55CGU6, STM32WBA55CGU6TR, STM32WBA55CGU6U, STM32WBA55CGU7, STM32WBA55CGU7TR, STM32WBA55G-DK1, STM32WBA55HEF6, STM32WBA55HEF7, STM32WBA55HGF6, STM32WBA55HGF7, STM32WBA55UEI6, STM32WBA55UEI6TR, STM32WBA55UEI7, STM32WBA55UEI7TR, STM32WBA55UGI6, STM32WBA55UGI6TR, STM32WBA55UGI7, STM32WBA55UGI7TR, STM32WBA5MMGH6TR, STM32WBA62MGF6, STM32WBA62MIF6, STM32WBA65MGF7, STM32WBA65MIF6, STM32WBA65MIF7, STM32WL30K8V6, STM32WL30KBV6, STM32WL31C8V6, STM32WL31CBV6, STM32WL31K8V6, STM32WL31KBV6, STM32WL33C8V6, STM32WL33C8V6X, STM32WL33CBV6, STM32WL33CBV6X, STM32WL33CCV6, STM32WL33CCV6A, STM32WL33CCV6X, STM32WL33K8V7, STM32WL33K8V7X, STM32WL33KBV7 , STM32WL33KBV7X, STM32WL33KCV7, STM32WL33KCV7X, STM32WL5MOCH6, STM32WL5MOCH6TR]
2026-01-07 17:19:41,265 [INFO] ApiDb:668 - CubeFinder database Data Model version=2.1
2026-01-07 17:19:41,265 [INFO] ApiDb:669 - CubeFinder database Configuration version=3.0.39
2026-01-07 17:19:41,265 [INFO] ApiDb:670 - CubeFinder database generation date=2025-12-22 (1766407740)
2026-01-07 17:19:41,265 [INFO] ApiDb:671 - CubeFinder database FW Pack versions=[FP-ATR-ASTRA1_V2.0.0, FP-SNS-FLIGHT1_V5.1.0, FP-SNS-MOTENV1_V5.1.0, FP-SNS-MOTENVWB1_V1.4.0, FP-SNS-SMARTAG2_V1.2.0, FP-SNS-STBOX1_V2.1.0, STM32Cube_FW_C0_V1.4.0, STM32Cube_FW_F4_V1.28.3, STM32Cube_FW_F7_V1.17.4, STM32Cube_FW_G0_V1.6.2, STM32Cube_FW_G4_V1.6.1, STM32Cube_FW_H5_V1.5.1, STM32Cube_FW_H7RS_V1.3.0, STM32Cube_FW_H7_V1.12.1, STM32Cube_FW_L0_V1.12.2, STM32Cube_FW_L4_V1.18.1, STM32Cube_FW_L5_V1.6.0, STM32Cube_FW_N6_V1.3.0, STM32Cube_FW_U0_V1.3.0, STM32Cube_FW_U3_V1.2.1, STM32Cube_FW_U5_V1.8.0, STM32Cube_FW_WB0_V1.4.0, STM32Cube_FW_WBA_V1.8.0, STM32Cube_FW_WB_V1.24.0, STM32Cube_FW_WL3_V1.3.0, STM32Cube_FW_WL_V1.4.0, X-CUBE-ALGOBUILD_V1.4.0, X-CUBE-ALS_V1.0.2, X-CUBE-AZRTOS-F4_V1.1.0, X-CUBE-AZRTOS-F7_V1.1.0, X-CUBE-AZRTOS-G0_V1.1.0, X-CUBE-AZRTOS-G4_V2.0.0, X-CUBE-AZRTOS-H7RS_V1.1.0, X-CUBE-AZRTOS-H7_V3.4.0, X-CUBE-AZRTOS-L4_V2.0.0, X-CUBE-AZRTOS-L5_V2.0.0, X-CUBE-AZRTOS-WB_V2.0.0, X-CUBE-AZRTOS-WL_V2.0.0, X-CUBE-BLE1_V7.1.0, X-CUBE-BLE2_V3.3.0, X-CUBE-BLEMGR_V4.1.0, X-CUBE-EEPRMA1_V5.2.0, X-CUBE-FREERTOS_V1.3.1, X-CUBE-GNSS1_V6.0.0, X-CUBE-MEMS1_V12.0.0, X-CUBE-NFC4_V3.0.0, X-CUBE-NFC7_V2.0.0, X-CUBE-SFXS2LP1_V4.0.0, X-CUBE-ST67W61_V1.1.0, X-CUBE-SUBG2_V5.0.0, X-CUBE-TOF1_V3.4.3]
2026-01-07 17:19:43,732 [INFO] ApiDb:240 - Found 880 in-development CPN: [B-G473E-ZEST1S, B-WB1M-WPAN1, B-WBA5M-WPAN, B-WL5M-SUBG1, NUCLEO-C031C6, NUCLEO-C051C8, NUCLEO-C071RB, NUCLEO-C092RC, NUCLEO-H503RB, NUCLEO-H533RE, NUCLEO-H563ZI, NUCLEO-H7S3L8, NUCLEO-N657X0-Q, NUCLEO-U031R8, NUCLEO-U083RC, NUCLEO-U385RG-Q, NUCLEO-U545RE-Q, NUCLEO-U5A5ZJ-Q, NUCLEO-WB05KZ, NUCLEO-WB07CC, NUCLEO-WB09KE, NUCLEO-WBA52CG, NUCLEO-WBA55CG, NUCLEO-WL33CC1, NUCLEO-WL33CC2, STEVAL-PROTEUS1, STEVAL-SMARTAG2, STEVAL-STWINBX1, STM320518-EVAL, STM32C0116-DK, STM32C011D6Y3TR, STM32C011D6Y6TR, STM32C011F4P3, STM32C011F4P6, STM32C011F4U3, STM32C011F4U6TR, STM32C011F6P3, STM32C011F6P6, STM32C011F6U3, STM32C011F6U6TR, STM32C011J4M3, STM32C011J4M6, STM32C011J6M3, STM32C011J6M6, STM32C0316-DK, STM32C031C4T3, STM32C031C4T6, STM32C031C4U3, STM32C031C4U6, STM32C031C6T3, STM32C031C6T6, STM32C031C6U3, STM32C031C6U6, STM32C031F4P3, STM32C031F4P6, STM32C031F6P3, STM32C031F6P6, STM32C031G4U3, STM32C031G4U6, STM32C031G6U3, STM32C031G6U6, STM32C031K4T3, STM32C031K4T6, STM32C031K4U3, STM32C031K4U6, STM32C031K6T3, STM32C031K6T6, STM32C031K6U3, STM32C031K6U6, STM32C051C6T6, STM32C051C6U6, STM32C051C8T6, STM32C051C8U6, STM32C051D8Y6TR, STM32C051F6P6, STM32C051F8P6, STM32C051G6U6, STM32C051G8U6, STM32C051K6T6, STM32C051K6U6, STM32C051K8T6, STM32C071C8T6, STM32C071C8T6N, STM32C071C8U6, STM32C071C8U6N, STM32C071CBT6, STM32C071CBT6N, STM32C071CBU6, STM32C071CBU6N, STM32C071F8P6, STM32C071F8P6N, STM32C071FBP6, STM32C071FBP6N, STM32C071FBY6TR, STM32C071G8U6, STM32C071G8U6N, STM32C071GBU6, STM32C071GBU6N, STM32C071K8T6, STM32C071K8T6N, STM32C071K8U6, STM32C071K8U6N, STM32C071KBT6, STM32C071KBT6N, STM32C071KBU6, STM32C071KBU6N, STM32C071R8T6, STM32C071R8T6N, STM32C071RBI6N, STM32C071RBT6, STM32C071RBT6N, STM32C091CBT6, STM32C091CBU6, STM32C091CCT6, STM32C091CCU6, STM32C091ECY6TR, STM32C091FBP6, STM32C091FCP6, STM32C091GBU6, STM32C091GCU6, STM32C091KBT6, STM32C091KBU6, STM32C091KCT6, STM32C091KCU6, STM32C091RBT6, STM32C091RCI6, STM32C091RCT6, STM32C092CBT6, STM32C092CBU6, STM32C092CCT6, STM32C092CCU6, STM32C092ECY6TR, STM32C092FBP6, STM32C092FCP6, STM32C092GBU6, STM32C092GCU6, STM32C092KBT6, STM32C092KBU6, STM32C092KCT6, STM32C092KCU6, STM32C092RBT6, STM32C092RCI6, STM32C092RCT6, STM32G071K8TXN, STM32G071K8UXN, STM32G081GBU6N, STM32G081KBT6N, STM32G081KBUXN, STM32G0B1CCT6N, STM32G0B1KCT6, STM32G0B1NEY6TR, STM32G0B1RCT6N, STM32G0C1CCT6, STM32G0C1CCT6N, STM32G0C1CCU6N, STM32G0C1CET6N, STM32G0C1CEU6N, STM32G0C1KCT6, STM32G0C1NEY6TR, STM32G0C1RCI6N, STM32G0C1RCT6N, STM32G0C1REI6N, STM32G0C1RET6N, STM32G0C1VCI6, STM32G0C1VEI6, STM32G411C6T3, STM32G411C6T6, STM32G411C6U3, STM32G411C6U6, STM32G411C8T3, STM32G411C8T6, STM32G411C8U3, STM32G411C8U6, STM32G411CBT3, STM32G411CBT6, STM32G411CBU3, STM32G411CBU6, STM32G411K6T3, STM32G411K6T6, STM32G411K6U3, STM32G411K6U6, STM32G411K8T3, STM32G411K8T6, STM32G411K8U3, STM32G411K8U6, STM32G411KBT3, STM32G411KBT6, STM32G411KBU3, STM32G411KBU6, STM32G411M6T3, STM32G411M6T6, STM32G411M8T3, STM32G411M8T6, STM32G411MBT3, STM32G411MBT6, STM32G411R6T3, STM32G411R6T6, STM32G411R8T3, STM32G411R8T6, STM32G411RBT3, STM32G411RBT6, STM32G414CBT3, STM32G414CBT6, STM32G414CBU3, STM32G414CBU6, STM32G414CCT3, STM32G414CCT6, STM32G414CCU3, STM32G414CCU6, STM32G414MBT3, STM32G414MBT6, STM32G414MCT3, STM32G414MCT6, STM32G414RBT3, STM32G414RBT6, STM32G414RCT3, STM32G414RCT6, STM32G414VBT3, STM32G414VBT6, STM32G414VCT3, STM32G414VCT6, STM32G431CBT3Z, STM32G431RBT3Z, STM32G471CCT6, STM32G471CCU6, STM32G471CET3, STM32G471CET6, STM32G471CEU3, STM32G471CEU6, STM32G471MCT6, STM32G471MET3, STM32G471MET6, STM32G471MEY6TR, STM32G471QCT6, STM32G471QET3, STM32G471RCT6, STM32G471RET3, STM32G471RET6, STM32G471VCH6, STM32G471VCI6, STM32G471VCT6, STM32G471VEH3, STM32G471VEH6, STM32G471VEI3, STM32G471VEI6, STM32G471VET3, STM32G471VET6, STM32G473QET3Z, STM32G473RET3Z, STM32G474CCT6, STM32G491RET3Z, STM32H503CBT6, STM32H503CBU6, STM32H503EBY6TR, STM32H503KBU6, STM32H503RBT6, STM32H523CCT6, STM32H523CCU6, STM32H523CET6, STM32H523CEU6, STM32H523HEY6TR, STM32H523RCT6, STM32H523RET6, STM32H523VCI6, STM32H523VCT6, STM32H523VEI6, STM32H523VET6, STM32H523ZCJ6, STM32H523ZCT6, STM32H523ZEJ6, STM32H523ZET6, STM32H533CET6, STM32H533CEU6, STM32H533HEY6TR, STM32H533RET6, STM32H533VEI6, STM32H533VET6, STM32H533ZEJ6, STM32H533ZET6, STM32H562AGI6, STM32H562AII6, STM32H562IGK6, STM32H562IGT6, STM32H562IIK6, STM32H562IIT6, STM32H562RGT6, STM32H562RGV6, STM32H562RIT6, STM32H562RIV6, STM32H562VGT6, STM32H562VIT6, STM32H562ZGT6, STM32H562ZIT6, STM32H563AGI6, STM32H563AII3Q, STM32H563AII6, STM32H563IGK6, STM32H563IGT6, STM32H563IIK3Q, STM32H563IIK6, STM32H563IIT3Q, STM32H563IIT6, STM32H563MIY3QTR, STM32H563RGT6, STM32H563RGV6, STM32H563RIT6, STM32H563RIV6, STM32H563VGT6, STM32H563VIT3Q, STM32H563VIT6, STM32H563ZGT6, STM32H563ZIT3Q, STM32H563ZIT6, STM32H573AII3Q, STM32H573AII6, STM32H573I-DK, STM32H573IIK3Q, STM32H573IIK6, STM32H573IIT3Q, STM32H573IIT6, STM32H573MIY3QTR, STM32H573RIT6, STM32H573RIV6, STM32H573VIT3Q, STM32H573VIT6, STM32H573ZIT3Q, STM32H573ZIT6, STM32H7R3A8I6, STM32H7R3I8K6, STM32H7R3I8T6, STM32H7R3L8H6, STM32H7R3L8H6H, STM32H7R3R8V6, STM32H7R3V8H6, STM32H7R3V8T6, STM32H7R3V8Y6TR, STM32H7R3Z8J6, STM32H7R3Z8T6, STM32H7R7A8I6, STM32H7R7I8K6, STM32H7R7I8T6, STM32H7R7L8H6, STM32H7R7L8H6H, STM32H7R7Z8J6, STM32H7S3A8I6, STM32H7S3I8K6, STM32H7S3I8T6, STM32H7S3L8H6, STM32H7S3L8H6H, STM32H7S3R8V6, STM32H7S3V8H6, STM32H7S3V8T6, STM32H7S3V8Y6TR, STM32H7S3Z8J6, STM32H7S3Z8T6, STM32H7S78-DK, STM32H7S7A8I6, STM32H7S7I8K6, STM32H7S7I8T6, STM32H7S7L8H6, STM32H7S7L8H6H, STM32H7S7Z8J6, STM32L4R5QGI6STR, STM32MP131AAE3, STM32MP131AAF3, STM32MP131AAG3, STM32MP131CAE3, STM32MP131CAF3, STM32MP131CAG3, STM32MP131DAE7, STM32MP131DAF7, STM32MP131DAG7, STM32MP131FAE7, STM32MP131FAF7, STM32MP131FAG7, STM32MP133AAE3, STM32MP133AAF3, STM32MP133AAG3, STM32MP133CAE3, STM32MP133CAF3, STM32MP133CAG3, STM32MP133DAE7, STM32MP133DAF7, STM32MP133DAG7, STM32MP133FAE7, STM32MP133FAF7, STM32MP133FAG7, STM32MP135AAE3, STM32MP135AAF3, STM32MP135AAG3, STM32MP135CAE3, STM32MP135CAF3, STM32MP135CAG3, STM32MP135DAE7, STM32MP135DAF7, STM32MP135DAG7, STM32MP135F-DK, STM32MP135FAE7, STM32MP135FAF7, STM32MP135FAF7T, STM32MP135FAF7U, STM32MP135FAG7, STM32MP211AAL3, STM32MP211AAM3, STM32MP211AAN3, STM32MP211AAO3, STM32MP211CAL3, STM32MP211CAM3, STM32MP211CAN3, STM32MP211CAO3, STM32MP211DAL3, STM32MP211DAM3, STM32MP211DAN3, STM32MP211DAO3, STM32MP211FAL3, STM32MP211FAM3, STM32MP211FAN3, STM32MP211FAO3, STM32MP213AAL3, STM32MP213AAM3, STM32MP213AAN3, STM32MP213AAO3, STM32MP213CAL3, STM32MP213CAM3, STM32MP213CAN3, STM32MP213CAO3, STM32MP213DAL3, STM32MP213DAM3, STM32MP213DAN3, STM32MP213DAO3, STM32MP213FAL3, STM32MP213FAM3, STM32MP213FAN3, STM32MP213FAO3, STM32MP215AAL3, STM32MP215AAM3, STM32MP215AAN3, STM32MP215AAO3, STM32MP215CAL3, STM32MP215CAM3, STM32MP215CAN3, STM32MP215CAO3, STM32MP215DAL3, STM32MP215DAM3, STM32MP215DAN3, STM32MP215DAO3, STM32MP215F-DK, STM32MP215FAL3, STM32MP215FAM3, STM32MP215FAN3, STM32MP215FAO3, STM32MP231AAJ3, STM32MP231AAK3, STM32MP231AAL3, STM32MP231CAJ3, STM32MP231CAK3, STM32MP231CAL3, STM32MP231DAJ3, STM32MP231DAK3, STM32MP231DAL3, STM32MP231FAJ3, STM32MP231FAK3, STM32MP231FAL3, STM32MP233AAJ3, STM32MP233AAK3, STM32MP233AAL3, STM32MP233CAJ3, STM32MP233CAK3, STM32MP233CAL3, STM32MP233DAJ3, STM32MP233DAK3, STM32MP233DAL3, STM32MP233FAJ3, STM32MP233FAK3, STM32MP233FAL3, STM32MP235AAJ3, STM32MP235AAK3, STM32MP235AAL3, STM32MP235CAJ3, STM32MP235CAK3, STM32MP235CAL3, STM32MP235DAJ3, STM32MP235DAK3, STM32MP235DAL3, STM32MP235FAJ3, STM32MP235FAK3, STM32MP235FAL3, STM32MP251AAI3, STM32MP251AAK3, STM32MP251AAL3, STM32MP251CAI3, STM32MP251CAK3, STM32MP251CAL3, STM32MP251DAI3, STM32MP251DAK3, STM32MP251DAL3, STM32MP251FAI3, STM32MP251FAK3, STM32MP251FAL3, STM32MP253AAI3, STM32MP253AAK3, STM32MP253AAL3, STM32MP253CAI3, STM32MP253CAK3, STM32MP253CAL3, STM32MP253DAI3, STM32MP253DAK3, STM32MP253DAL3, STM32MP253FAI3, STM32MP253FAK3, STM32MP253FAL3, STM32MP255AAI3, STM32MP255AAK3, STM32MP255AAL3, STM32MP255CAI3, STM32MP255CAK3, STM32MP255CAL3, STM32MP255DAI3, STM32MP255DAK3, STM32MP255DAL3, STM32MP255FAI3, STM32MP255FAK3, STM32MP255FAL3, STM32MP257AAI3, STM32MP257AAK3, STM32MP257AAL3, STM32MP257CAI3, STM32MP257CAK3, STM32MP257CAL3, STM32MP257DAI3, STM32MP257DAK3, STM32MP257DAL3, STM32MP257F-DK, STM32MP257F-EV1, STM32MP257FAI3, STM32MP257FAK3, STM32MP257FAL3, STM32N645A0H3Q, STM32N645B0H3Q, STM32N645I0H3Q, STM32N645L0H3Q, STM32N645X0H3Q, STM32N645Z0H3Q, STM32N647A0H3Q, STM32N647B0H3Q, STM32N647I0H3Q, STM32N647L0H3Q, STM32N647X0H3Q, STM32N647Z0H3Q, STM32N655A0H3Q, STM32N655B0H3Q, STM32N655I0H3Q, STM32N655L0H3Q, STM32N655X0H3Q, STM32N655Z0H3Q, STM32N6570-DK, STM32N657A0H3Q, STM32N657B0H3Q, STM32N657I0H3Q, STM32N657L0H3Q, STM32N657X0H3Q, STM32N657Z0H3Q, STM32U031C6T6, STM32U031C6U6, STM32U031C8T6, STM32U031C8U6, STM32U031F4P6, STM32U031F6P6, STM32U031F8P6, STM32U031G6Y6TR, STM32U031G8Y6TR, STM32U031K4U6, STM32U031K6U6, STM32U031K8U6, STM32U031R6I6, STM32U031R6T6, STM32U031R8I6, STM32U031R8T6, STM32U073C8T6, STM32U073C8U6, STM32U073CBT6, STM32U073CBU6, STM32U073CCT6, STM32U073CCU6, STM32U073H8Y6TR, STM32U073HBY6TR, STM32U073HCY6TR, STM32U073K8U6, STM32U073KBU6, STM32U073KCU6, STM32U073M8I6, STM32U073M8T6, STM32U073MBI6, STM32U073MBT6, STM32U073MCI6, STM32U073MCT6, STM32U073R8I6, STM32U073R8T6, STM32U073RBI6, STM32U073RBT6, STM32U073RCI6, STM32U073RCT6, STM32U083C-DK, STM32U083CCT6, STM32U083CCU6, STM32U083HCY6TR, STM32U083KCU6, STM32U083MCI6, STM32U083MCT6, STM32U083RCI6, STM32U083RCT6, STM32U375CET6, STM32U375CET6Q, STM32U375CEU6, STM32U375CEU6Q, STM32U375CEY6QTR, STM32U375CGT6, STM32U375CGT6Q, STM32U375CGU6, STM32U375CGU6Q, STM32U375CGY6QTR, STM32U375KEU6, STM32U375KGU6, STM32U375REI6, STM32U375REI6Q, STM32U375RET6, STM32U375RET6Q, STM32U375REY6GTR, STM32U375REY6QTR, STM32U375RGI6, STM32U375RGI6Q, STM32U375RGT6, STM32U375RGT6Q, STM32U375RGY6GTR, STM32U375RGY6QTR, STM32U375VEI6, STM32U375VEI6Q, STM32U375VET6, STM32U375VET6Q, STM32U375VGI6, STM32U375VGI6Q, STM32U375VGT6, STM32U375VGT6Q, STM32U385CGT6, STM32U385CGT6Q, STM32U385CGU6, STM32U385CGU6Q, STM32U385CGY6QTR, STM32U385KGU6, STM32U385RGI6, STM32U385RGI6Q, STM32U385RGT6, STM32U385RGT6Q, STM32U385RGY6GTR, STM32U385RGY6QTR, STM32U385VGI6, STM32U385VGI6Q, STM32U385VGT6, STM32U385VGT6Q, STM32U535CBT6, STM32U535CBT6Q, STM32U535CBU6, STM32U535CBU6Q, STM32U535CCT6, STM32U535CCT6Q, STM32U535CCU6, STM32U535CCU6Q, STM32U535CET6, STM32U535CET6Q, STM32U535CEU6, STM32U535CEU6Q, STM32U535JEY6QTR, STM32U535NCY6QTR, STM32U535NEY6QTR, STM32U535RBI6, STM32U535RBI6Q, STM32U535RBT6, STM32U535RBT6Q, STM32U535RCI6, STM32U535RCI6Q, STM32U535RCT6, STM32U535RCT6Q, STM32U535REI6, STM32U535REI6Q, STM32U535RET6, STM32U535RET6Q, STM32U535VCI6, STM32U535VCI6Q, STM32U535VCT6, STM32U535VCT6Q, STM32U535VEI6, STM32U535VEI6Q, STM32U535VET6, STM32U535VET6Q, STM32U545CET6, STM32U545CET6Q, STM32U545CEU6, STM32U545CEU6Q, STM32U545JEY6QTR, STM32U545NEY6QTR, STM32U545REI6, STM32U545REI6Q, STM32U545RET6, STM32U545RET6Q, STM32U545VEI6, STM32U545VEI6Q, STM32U545VET6, STM32U545VET6Q, STM32U595AIH6, STM32U595AIH6Q, STM32U595AJH6, STM32U595AJH6Q, STM32U595QII6, STM32U595QII6Q, STM32U595QJI6, STM32U595QJI6Q, STM32U595RIT6, STM32U595RIT6Q, STM32U595RJT6, STM32U595RJT6Q, STM32U595VIT6, STM32U595VIT6Q, STM32U595VJT6, STM32U595VJT6Q, STM32U595ZIT6, STM32U595ZIT6Q, STM32U595ZIY6QTR, STM32U595ZJT6, STM32U595ZJT6Q, STM32U595ZJY6QTR, STM32U599BJY6QTR, STM32U599NIH6Q, STM32U599NJH6Q, STM32U599VIT6Q, STM32U599VJT6, STM32U599VJT6Q, STM32U599ZIT6Q, STM32U599ZIY6QTR, STM32U599ZJT6Q, STM32U599ZJY6QTR, STM32U5A5AJH6, STM32U5A5AJH6Q, STM32U5A5QII3Q , STM32U5A5QJI6, STM32U5A5QJI6Q, STM32U5A5RJT6, STM32U5A5RJT6Q, STM32U5A5VJT6, STM32U5A5VJT6Q, STM32U5A5ZJT6, STM32U5A5ZJT6Q, STM32U5A5ZJY6QTR, STM32U5A9BJY6QTR, STM32U5A9J-DK, STM32U5A9NJH6Q, STM32U5A9VJT6Q, STM32U5A9ZJT6Q, STM32U5A9ZJY6QTR, STM32U5F7VIT6, STM32U5F7VIT6Q, STM32U5F7VJT6, STM32U5F7VJT6Q, STM32U5F9BJY6QTR, STM32U5F9NJH6Q, STM32U5F9VIT6Q, STM32U5F9VJT6Q, STM32U5F9ZIJ6QTR, STM32U5F9ZIT6Q, STM32U5F9ZJJ6QTR, STM32U5F9ZJT6Q, STM32U5G7VJT6, STM32U5G7VJT6Q, STM32U5G9BJY6QTR, STM32U5G9J-DK1, STM32U5G9J-DK2, STM32U5G9NJH6Q, STM32U5G9VJT6Q, STM32U5G9ZJJ6QTR, STM32U5G9ZJT6Q, STM32WB05KZV6TR, STM32WB05KZV7TR, STM32WB05TZF6TR, STM32WB05TZF7TR, STM32WB06CCF6TR, STM32WB06CCF7TR, STM32WB06CCV6TR, STM32WB06CCV7TR, STM32WB06KCV6TR, STM32WB06KCV7TR, STM32WB07CCF6TR, STM32WB07CCF7TR, STM32WB07CCV6TR, STM32WB07CCV7TR, STM32WB07KCV6TR, STM32WB07KCV7TR, STM32WB09KEV6TR, STM32WB09KEV7TR, STM32WB09TEF6TR, STM32WB09TEF7TR, STM32WB1MMCH6, STM32WBA50KGU6, STM32WBA50KGU6TR, STM32WBA52CEU6, STM32WBA52CEU6TR, STM32WBA52CEU7, STM32WBA52CEU7TR, STM32WBA52CGU6, STM32WBA52CGU6TR, STM32WBA52CGU6U, STM32WBA52CGU7, STM32WBA52CGU7TR, STM32WBA52KEU6, STM32WBA52KEU6TR, STM32WBA52KGU6, STM32WBA52KGU6TR, STM32WBA54CEU6, STM32WBA54CEU6TR, STM32WBA54CEU7, STM32WBA54CEU7TR, STM32WBA54CGU6, STM32WBA54CGU6TR, STM32WBA54CGU7, STM32WBA54CGU7TR, STM32WBA54KEU6, STM32WBA54KEU6TR, STM32WBA54KEU7, STM32WBA54KEU7TR, STM32WBA54KGU6, STM32WBA54KGU6TR, STM32WBA54KGU7, STM32WBA54KGU7TR, STM32WBA55CEU6, STM32WBA55CEU6TR, STM32WBA55CEU7, STM32WBA55CEU7TR, STM32WBA55CGU6, STM32WBA55CGU6TR, STM32WBA55CGU6U, STM32WBA55CGU7, STM32WBA55CGU7TR, STM32WBA55G-DK1, STM32WBA55HEF6, STM32WBA55HEF7, STM32WBA55HGF6, STM32WBA55HGF7, STM32WBA55UEI6, STM32WBA55UEI6TR, STM32WBA55UEI7, STM32WBA55UEI7TR, STM32WBA55UGI6, STM32WBA55UGI6TR, STM32WBA55UGI7, STM32WBA55UGI7TR, STM32WBA5MMGH6TR, STM32WBA62MGF6, STM32WBA62MIF6, STM32WBA65MGF7, STM32WBA65MIF6, STM32WBA65MIF7, STM32WL30K8V6, STM32WL30KBV6, STM32WL31C8V6, STM32WL31CBV6, STM32WL31K8V6, STM32WL31KBV6, STM32WL33C8V6, STM32WL33C8V6X, STM32WL33CBV6, STM32WL33CBV6X, STM32WL33CCV6, STM32WL33CCV6A, STM32WL33CCV6X, STM32WL33K8V7, STM32WL33K8V7X, STM32WL33KBV7 , STM32WL33KBV7X, STM32WL33KCV7, STM32WL33KCV7X, STM32WL5MOCH6, STM32WL5MOCH6TR]
2026-01-07 17:19:43,737 [INFO] DbMcus:218 - Found 4876 MCUs, 4876 are supported
2026-01-07 17:19:43,738 [INFO] ApiDb:423 - Load user favorites file C:\Users\22142/.stm32cubeide/favorites.mcus.txt: 0 item(s)
2026-01-07 17:19:43,738 [INFO] ApiDb:427 - User favorites MCUs=[]
2026-01-07 17:19:43,739 [INFO] DbMcus:224 - Set 0 / 0 favorites MCUs
2026-01-07 17:19:44,237 [INFO] BoardInfo:889 - No configuration file found for board P-NUCLEO-WB55
2026-01-07 17:19:44,237 [INFO] DbBoards:161 - Kit is not supported: P-NUCLEO-WB55
2026-01-07 17:19:44,241 [INFO] BoardInfo:889 - No configuration file found for board STEVAL-BFA001V1B
2026-01-07 17:19:44,241 [INFO] DbBoards:161 - Kit is not supported: STEVAL-BFA001V1B
2026-01-07 17:19:44,242 [INFO] BoardInfo:889 - No configuration file found for board STEVAL-BFA001V2B
2026-01-07 17:19:44,243 [INFO] DbBoards:161 - Kit is not supported: STEVAL-BFA001V2B
2026-01-07 17:19:44,371 [INFO] DbBoards:168 - Found 212 boards, 209 are supported
2026-01-07 17:19:44,371 [INFO] DbBoards:169 - Found 212 boards, 43 of them is supported for  Bsp
2026-01-07 17:19:44,376 [INFO] ApiDb:414 - User favorites file not found: C:\Users\22142/.stm32cubeide/favorites.boards.txt
2026-01-07 17:19:44,376 [INFO] DbBoards:198 - Set 0 / 0 favorites Boards
2026-01-07 17:19:44,443 [INFO] UtilMem:75 - End LoadConfig() Used Memory: 260039440 Bytes (344981504)
2026-01-07 17:19:44,566 [WARN] ThirdParty:833 - waiting for thirdparty lock release [change project]
2026-01-07 17:19:44,566 [INFO] ThirdParty:835 - entering critical section [change project]
2026-01-07 17:19:44,566 [INFO] ThirdParty:1030 - CMSIS Pack Vendor :STMicroelectronics X-CUBE-PM33A1 1.0.0
2026-01-07 17:19:44,566 [INFO] ThirdParty:1030 - CMSIS Pack Vendor :STMicroelectronics USBPD 4.1
2026-01-07 17:19:44,566 [INFO] ThirdParty:1030 - CMSIS Pack Vendor :STMicroelectronics USB_HOST 2.0.0
2026-01-07 17:19:44,567 [INFO] ThirdParty:1030 - CMSIS Pack Vendor :STMicroelectronics FP-SNS-MOTENVWB1 1.4.0
2026-01-07 17:19:44,567 [INFO] ThirdParty:1030 - CMSIS Pack Vendor :STMicroelectronics X-CUBE-AZRTOS-F4 1.1.0
2026-01-07 17:19:44,567 [INFO] ThirdParty:1030 - CMSIS Pack Vendor :STMicroelectronics LIBJPEG 8.0.0
2026-01-07 17:19:44,567 [INFO] ThirdParty:1030 - CMSIS Pack Vendor :STMicroelectronics FP-ATR-ASTRA1 2.0.2
2026-01-07 17:19:44,567 [INFO] ThirdParty:1030 - CMSIS Pack Vendor :STMicroelectronics X-CUBE-SMBUS 2.1.0
2026-01-07 17:19:44,567 [INFO] ThirdParty:1030 - CMSIS Pack Vendor :STMicroelectronics X-CUBE-WB05N 1.1.0
2026-01-07 17:19:44,567 [INFO] ThirdParty:1030 - CMSIS Pack Vendor :STMicroelectronics X-CUBE-ISPU 2.1.0
2026-01-07 17:19:44,567 [INFO] ThirdParty:1030 - CMSIS Pack Vendor :STMicroelectronics X-CUBE-IPS 3.2.0
2026-01-07 17:19:44,567 [INFO] ThirdParty:1030 - CMSIS Pack Vendor :STMicroelectronics X-CUBE-NFC12 1.0.0
2026-01-07 17:19:44,567 [INFO] ThirdParty:1030 - CMSIS Pack Vendor :STMicroelectronics X-CUBE-AZRTOS-F7 1.1.0
2026-01-07 17:19:44,567 [INFO] ThirdParty:1030 - CMSIS Pack Vendor :STMicroelectronics X-CUBE-AZRTOS-L5 2.0.0
2026-01-07 17:19:44,567 [INFO] ThirdParty:1030 - CMSIS Pack Vendor :STMicroelectronics USB_DEVICE 2.0.0
2026-01-07 17:19:44,567 [INFO] ThirdParty:1030 - CMSIS Pack Vendor :STMicroelectronics X-CUBE-NFC6 3.1.0
2026-01-07 17:19:44,567 [INFO] ThirdParty:1030 - CMSIS Pack Vendor :STMicroelectronics FP-SNS-MOTENV1 5.1.0
2026-01-07 17:19:44,567 [INFO] ThirdParty:1030 - CMSIS Pack Vendor :STMicroelectronics FreeRTOS 0.0.1
2026-01-07 17:19:44,567 [INFO] ThirdParty:1030 - CMSIS Pack Vendor :STMicroelectronics X-CUBE-DPower 1.2.0
2026-01-07 17:19:44,567 [INFO] ThirdParty:1030 - CMSIS Pack Vendor :Infineon AIROC-Wi-Fi-Bluetooth-STM32 1.7.0
2026-01-07 17:19:44,567 [INFO] ThirdParty:1030 - CMSIS Pack Vendor :STMicroelectronics PDM2PCM 3.3.0
2026-01-07 17:19:44,567 [INFO] ThirdParty:1030 - CMSIS Pack Vendor :STMicroelectronics X-CUBE-AZRTOS-H7 3.4.0
2026-01-07 17:19:44,567 [INFO] ThirdParty:1030 - CMSIS Pack Vendor :STMicroelectronics X-CUBE-DISPLAY 3.0.0
2026-01-07 17:19:44,567 [INFO] ThirdParty:1030 - CMSIS Pack Vendor :STMicroelectronics X-CUBE-NFC10 1.0.0
2026-01-07 17:19:44,568 [INFO] ThirdParty:1030 - CMSIS Pack Vendor :STMicroelectronics X-CUBE-BLEMGR 4.0.0
2026-01-07 17:19:44,568 [INFO] ThirdParty:1030 - CMSIS Pack Vendor :STMicroelectronics HAL Drivers 0.0.0
2026-01-07 17:19:44,568 [INFO] ThirdParty:1030 - CMSIS Pack Vendor :STMicroelectronics X-CUBE-ST60 1.1.0
2026-01-07 17:19:44,568 [INFO] ThirdParty:1030 - CMSIS Pack Vendor :emotas I-CUBE-CANOPEN 1.3.0
2026-01-07 17:19:44,568 [INFO] ThirdParty:1030 - CMSIS Pack Vendor :STMicroelectronics X-CUBE-FREERTOS 1.3.0
2026-01-07 17:19:44,568 [INFO] ThirdParty:1030 - CMSIS Pack Vendor :STMicroelectronics X-CUBE-NFC7 1.0.1
2026-01-07 17:19:44,568 [INFO] ThirdParty:1030 - CMSIS Pack Vendor :STMicroelectronics MBEDTLS 2.14.1
2026-01-07 17:19:44,568 [INFO] ThirdParty:1030 - CMSIS Pack Vendor :STMicroelectronics X-CUBE-GNSS1 7.1.0
2026-01-07 17:19:44,568 [INFO] ThirdParty:1030 - CMSIS Pack Vendor :STMicroelectronics X-CUBE-TOUCHGFX 4.26.0
2026-01-07 17:19:44,568 [INFO] ThirdParty:1030 - CMSIS Pack Vendor :quantropi X-CUBE-qispace-sdk-base 2.0.0
2026-01-07 17:19:44,568 [INFO] ThirdParty:1030 - CMSIS Pack Vendor :STMicroelectronics X-CUBE-AI 10.0.0
2026-01-07 17:19:44,568 [INFO] ThirdParty:1030 - CMSIS Pack Vendor :STMicroelectronics FP-SNS-STBOX1 2.1.0
2026-01-07 17:19:44,568 [INFO] ThirdParty:1030 - CMSIS Pack Vendor :STMicroelectronics FP-SNS-STAIOTCFT 1.0.0
2026-01-07 17:19:44,568 [INFO] ThirdParty:1030 - CMSIS Pack Vendor :STMicroelectronics FP-SNS-SMARTAG2 1.2.0
2026-01-07 17:19:44,568 [INFO] ThirdParty:1030 - CMSIS Pack Vendor :STMicroelectronics FP-SNS-FLIGHT1 5.1.0
2026-01-07 17:19:44,568 [INFO] ThirdParty:1030 - CMSIS Pack Vendor :STMicroelectronics X-CUBE-MEMS1 11.1.0
2026-01-07 17:19:44,568 [INFO] ThirdParty:1030 - CMSIS Pack Vendor :STMicroelectronics X-CUBE-AZRTOS-WL 2.0.0
2026-01-07 17:19:44,568 [INFO] ThirdParty:1030 - CMSIS Pack Vendor :STMicroelectronics X-CUBE-DPower 1.3.0
2026-01-07 17:19:44,568 [INFO] ThirdParty:1030 - CMSIS Pack Vendor :STMicroelectronics FP-SNS-MOTENV1 5.0.0
2026-01-07 17:19:44,569 [INFO] ThirdParty:1030 - CMSIS Pack Vendor :STMicroelectronics USB_DEVICE 1.0.0
2026-01-07 17:19:44,569 [INFO] ThirdParty:1030 - CMSIS Pack Vendor :STMicroelectronics X-CUBE-AZRTOS-H7RS 1.2.0
2026-01-07 17:19:44,569 [INFO] ThirdParty:1030 - CMSIS Pack Vendor :STMicroelectronics X-CUBE-AZRTOS-L4 2.0.0
2026-01-07 17:19:44,569 [INFO] ThirdParty:1030 - CMSIS Pack Vendor :STMicroelectronics ThreadX 0.0.2
2026-01-07 17:19:44,569 [INFO] ThirdParty:1030 - CMSIS Pack Vendor :WES I-CUBE-Cesium 1.3.0
2026-01-07 17:19:44,569 [INFO] ThirdParty:1030 - CMSIS Pack Vendor :STMicroelectronics lwIP 2.1.2
2026-01-07 17:19:44,569 [INFO] ThirdParty:1030 - CMSIS Pack Vendor :STMicroelectronics X-CUBE-SFXS2LP1 4.0.0
2026-01-07 17:19:44,569 [INFO] ThirdParty:1030 - CMSIS Pack Vendor :STMicroelectronics X-CUBE-BLE2 3.3.0
2026-01-07 17:19:44,569 [INFO] ThirdParty:1030 - CMSIS Pack Vendor :Avnet-IOTCONNECT X-CUBE-iotc-st67-sdk 1.0.0
2026-01-07 17:19:44,569 [INFO] ThirdParty:1030 - CMSIS Pack Vendor :STMicroelectronics PDM2PCM 3.2.0
2026-01-07 17:19:44,569 [INFO] ThirdParty:1030 - CMSIS Pack Vendor :STMicroelectronics X-CUBE-AZRTOS-H7 3.3.0
2026-01-07 17:19:44,569 [INFO] ThirdParty:1030 - CMSIS Pack Vendor :STMicroelectronics X-CUBE-NFC9 1.0.0
2026-01-07 17:19:44,569 [INFO] ThirdParty:1030 - CMSIS Pack Vendor :STMicroelectronics X-CUBE-BLE1 7.1.0
2026-01-07 17:19:44,569 [INFO] ThirdParty:1030 - CMSIS Pack Vendor :wolfSSL I-CUBE-wolfMQTT 1.19.2
2026-01-07 17:19:44,569 [INFO] ThirdParty:1030 - CMSIS Pack Vendor :STMicroelectronics USB_DEVICE 3.0.0
2026-01-07 17:19:44,569 [INFO] ThirdParty:1030 - CMSIS Pack Vendor :STMicroelectronics X-CUBE-FREERTOS 1.4.0
2026-01-07 17:19:44,569 [INFO] ThirdParty:1030 - CMSIS Pack Vendor :STMicroelectronics X-CUBE-EEPRMA1 5.2.0
2026-01-07 17:19:44,569 [INFO] ThirdParty:1030 - CMSIS Pack Vendor :STMicroelectronics X-CUBE-BLEMGR 4.1.0
2026-01-07 17:19:44,569 [INFO] ThirdParty:1030 - CMSIS Pack Vendor :STMicroelectronics X-CUBE-AZRTOS-WB 2.0.0
2026-01-07 17:19:44,569 [INFO] ThirdParty:1030 - CMSIS Pack Vendor :STMicroelectronics X-CUBE-GNSS1 7.0.1
2026-01-07 17:19:44,569 [INFO] ThirdParty:1030 - CMSIS Pack Vendor :STMicroelectronics X-CUBE-TOUCHGFX 4.25.0
2026-01-07 17:19:44,569 [INFO] ThirdParty:1030 - CMSIS Pack Vendor :STMicroelectronics X-CUBE-ST67W61 1.1.0
2026-01-07 17:19:44,570 [INFO] ThirdParty:1030 - CMSIS Pack Vendor :STMicroelectronics FP-SNS-STBOX1 2.0.0
2026-01-07 17:19:44,570 [INFO] ThirdParty:1030 - CMSIS Pack Vendor :STMicroelectronics X-CUBE-MEMS1 12.0.0
2026-01-07 17:19:44,570 [INFO] ThirdParty:1030 - CMSIS Pack Vendor :STMicroelectronics X-CUBE-AZRTOS-G0 1.1.0
2026-01-07 17:19:44,570 [INFO] ThirdParty:1030 - CMSIS Pack Vendor :STMicroelectronics X-CUBE-SAFEA1 1.2.2
2026-01-07 17:19:44,570 [INFO] ThirdParty:1030 - CMSIS Pack Vendor :STMicroelectronics X-CUBE-NFC4 3.0.0
2026-01-07 17:19:44,570 [INFO] ThirdParty:1030 - CMSIS Pack Vendor :STMicroelectronics X-CUBE-SUBG2 5.0.0
2026-01-07 17:19:44,570 [INFO] ThirdParty:1030 - CMSIS Pack Vendor :STMicroelectronics X-CUBE-AZRTOS-H7RS 1.1.0
2026-01-07 17:19:44,570 [INFO] ThirdParty:1030 - CMSIS Pack Vendor :STMicroelectronics STM32_WPAN 1.0.0
2026-01-07 17:19:44,570 [INFO] ThirdParty:1030 - CMSIS Pack Vendor :EmbeddedOffice I-CUBE-FS-RTOS 1.0.1
2026-01-07 17:19:44,570 [INFO] ThirdParty:1030 - CMSIS Pack Vendor :STMicroelectronics lwIP 2.0.3
2026-01-07 17:19:44,570 [INFO] ThirdParty:1030 - CMSIS Pack Vendor :Cesanta I-CUBE-Mongoose 7.13.0
2026-01-07 17:19:44,570 [INFO] ThirdParty:1030 - CMSIS Pack Vendor :STMicroelectronics USB_HOST 1.0.0
2026-01-07 17:19:44,570 [INFO] ThirdParty:1030 - CMSIS Pack Vendor :STMicroelectronics X-CUBE-AZRTOS-G4 2.0.0
2026-01-07 17:19:44,570 [INFO] ThirdParty:1030 - CMSIS Pack Vendor :STMicroelectronics X-CUBE-WB05N 2.0.0
2026-01-07 17:19:44,570 [INFO] ThirdParty:1030 - CMSIS Pack Vendor :STMicroelectronics PDM2PCM 3.1.0
2026-01-07 17:19:44,570 [INFO] ThirdParty:1030 - CMSIS Pack Vendor :wolfSSL I-CUBE-wolfTPM 3.8.0
2026-01-07 17:19:44,570 [INFO] ThirdParty:1030 - CMSIS Pack Vendor :wolfSSL I-CUBE-wolfSSH 1.4.20
2026-01-07 17:19:44,570 [INFO] ThirdParty:1030 - CMSIS Pack Vendor :STMicroelectronics X-CUBE-NFC7 2.0.0
2026-01-07 17:19:44,570 [INFO] ThirdParty:1030 - CMSIS Pack Vendor :STMicroelectronics X-CUBE-TCPP 4.2.0
2026-01-07 17:19:44,570 [INFO] ThirdParty:1030 - CMSIS Pack Vendor :RealThread X-CUBE-RT-Thread_Nano 4.1.1
2026-01-07 17:19:44,570 [INFO] ThirdParty:1030 - CMSIS Pack Vendor :STMicroelectronics FP-ATR-SIGFOX1 3.2.0
2026-01-07 17:19:44,570 [INFO] ThirdParty:1030 - CMSIS Pack Vendor :STMicroelectronics X-CUBE-EEPRMA1 5.1.0
2026-01-07 17:19:44,570 [INFO] ThirdParty:1030 - CMSIS Pack Vendor :STMicroelectronics MBEDTLS 2.16.2
2026-01-07 17:19:44,570 [INFO] ThirdParty:1030 - CMSIS Pack Vendor :STMicroelectronics X-CUBE-IPS 3.1.0
2026-01-07 17:19:44,571 [INFO] ThirdParty:1030 - CMSIS Pack Vendor :STMicroelectronics X-CUBE-ALS 1.0.2
2026-01-07 17:19:44,571 [INFO] ThirdParty:1030 - CMSIS Pack Vendor :wolfSSL I-CUBE-wolfSSL 5.7.6
2026-01-07 17:19:44,571 [INFO] ThirdParty:1030 - CMSIS Pack Vendor :ITTIA_DB I-CUBE-ITTIADB 8.9.0
2026-01-07 17:19:44,571 [INFO] ThirdParty:1030 - CMSIS Pack Vendor :STMicroelectronics X-CUBE-STSE01 1.0.0
2026-01-07 17:19:44,571 [INFO] ThirdParty:1030 - CMSIS Pack Vendor :portGmbH I-Cube-SoM-uGOAL 1.1.0
2026-01-07 17:19:44,571 [INFO] ThirdParty:1030 - CMSIS Pack Vendor :STMicroelectronics X-CUBE-AI 10.2.0
2026-01-07 17:19:44,571 [INFO] ThirdParty:1030 - CMSIS Pack Vendor :STMicroelectronics ThreadX 1.0.0
2026-01-07 17:19:44,571 [INFO] ThirdParty:1030 - CMSIS Pack Vendor :SEGGER I-CUBE-embOS 1.3.1
2026-01-07 17:19:44,571 [INFO] ThirdParty:1030 - CMSIS Pack Vendor :STMicroelectronics X-CUBE-ALGOBUILD 1.4.0
2026-01-07 17:19:44,571 [INFO] ThirdParty:1030 - CMSIS Pack Vendor :STMicroelectronics X-CUBE-TOF1 3.4.2
2026-01-07 17:19:44,571 [INFO] ThirdParty:1030 - CMSIS Pack Vendor :STMicroelectronics X-CUBE-TOF1 3.4.3
2026-01-07 17:19:44,571 [INFO] ThirdParty:841 - exiting critical section [change project]
2026-01-07 17:19:44,870 [INFO] PinOutPanel:1589 - setPackage(No Configuration,No Configuration)
2026-01-07 17:19:44,871 [INFO] PinOutPanel:1589 - setPackage(STM32F103C8Tx,LQFP48)
2026-01-07 17:19:45,355 [INFO] UtilMem:75 - Before build in PCC Used Memory: 277782352 Bytes (344981504)
2026-01-07 17:19:46,170 [INFO] UtilMem:75 - After build in PCC Used Memory: 223668792 Bytes (344981504)
2026-01-07 17:19:46,195 [INFO] IPUIPlugin:80 - create IPUIPlugin
2026-01-07 17:19:46,195 [INFO] IPUIPlugin:80 - create IPUIPlugin
2026-01-07 17:19:46,195 [INFO] IPUIPlugin:80 - create IPUIPlugin
2026-01-07 17:19:46,196 [INFO] IPUIPlugin:80 - create IPUIPlugin
2026-01-07 17:19:46,196 [INFO] IPUIPlugin:80 - create IPUIPlugin
2026-01-07 17:19:46,196 [INFO] IPUIPlugin:80 - create IPUIPlugin
2026-01-07 17:19:46,196 [INFO] IPUIPlugin:80 - create IPUIPlugin
2026-01-07 17:19:46,196 [INFO] IPUIPlugin:80 - create IPUIPlugin
2026-01-07 17:19:46,196 [INFO] IPUIPlugin:80 - create IPUIPlugin
2026-01-07 17:19:46,196 [INFO] IPUIPlugin:80 - create IPUIPlugin
2026-01-07 17:19:46,196 [INFO] IPUIPlugin:80 - create IPUIPlugin
2026-01-07 17:19:46,196 [INFO] IPUIPlugin:80 - create IPUIPlugin
2026-01-07 17:19:46,196 [INFO] IPUIPlugin:80 - create IPUIPlugin
2026-01-07 17:19:46,197 [INFO] IPUIPlugin:80 - create IPUIPlugin
2026-01-07 17:19:46,197 [INFO] IPUIPlugin:80 - create IPUIPlugin
2026-01-07 17:19:46,197 [INFO] IPUIPlugin:80 - create IPUIPlugin
2026-01-07 17:19:46,197 [INFO] IPUIPlugin:80 - create IPUIPlugin
2026-01-07 17:19:46,197 [INFO] IPUIPlugin:80 - create IPUIPlugin
2026-01-07 17:19:46,197 [INFO] IPUIPlugin:80 - create IPUIPlugin
2026-01-07 17:19:46,198 [INFO] IPUIPlugin:80 - create IPUIPlugin
2026-01-07 17:19:46,198 [INFO] IPUIPlugin:80 - create IPUIPlugin
2026-01-07 17:19:46,198 [INFO] IPUIPlugin:80 - create IPUIPlugin
2026-01-07 17:19:46,198 [INFO] IPUIPlugin:80 - create IPUIPlugin
2026-01-07 17:19:46,198 [INFO] IPUIPlugin:80 - create IPUIPlugin
2026-01-07 17:19:46,198 [INFO] IPUIPlugin:80 - create IPUIPlugin
2026-01-07 17:19:46,199 [INFO] IPUIPlugin:80 - create IPUIPlugin
2026-01-07 17:19:46,199 [INFO] IPUIPlugin:80 - create IPUIPlugin
2026-01-07 17:19:46,447 [INFO] CADModel:165 - CPN selected for project levelSTM32F103C8T6
2026-01-07 17:19:46,447 [INFO] CADModel:114 - Register for checkConnection events
2026-01-07 17:19:46,506 [INFO] OpenFileManager:386 - Restore cursor
2026-01-07 17:49:45,055 [INFO] WebApp:194 - Connection lost
2026-01-07 17:49:45,296 [INFO] WebApp:191 - Connection restablished
2026-01-07 17:49:47,345 [INFO] WebApp:194 - Connection lost
2026-01-07 17:49:47,593 [INFO] WebApp:191 - Connection restablished
2026-01-07 17:50:19,548 [INFO] UtilMem:75 - End SaveConfig() Used Memory: 782442072 Bytes (1073741824)
2026-01-07 17:50:20,839 [INFO] UtilMem:75 - End SaveConfig() Used Memory: 805260336 Bytes (1073741824)
2026-01-07 17:50:32,252 [INFO] UtilMem:75 - End SaveConfig() Used Memory: 831474736 Bytes (1073741824)
2026-01-07 17:50:32,834 [INFO] BlockDiagram:2775 - set Specific Code input for plugin: SPI
2026-01-07 17:50:32,834 [INFO] BlockDiagram:2775 - set Specific Code input for plugin: NVIC
2026-01-07 17:50:32,834 [INFO] BlockDiagram:2775 - set Specific Code input for plugin: USART
2026-01-07 17:50:32,834 [INFO] BlockDiagram:2775 - set Specific Code input for plugin: SYS
2026-01-07 17:50:32,835 [INFO] BlockDiagram:2775 - set Specific Code input for plugin: GPIO
2026-01-07 17:50:32,835 [INFO] BlockDiagram:2775 - set Specific Code input for plugin: RCC
2026-01-07 17:50:32,836 [INFO] CodeGenerator:892 - code generatio: config db path: D:\installs\STM32CubeIDE_1.19.0\STM32CubeIDE\plugins\com.st.stm32cube.common.mx_6.15.0.202507011659\\db\
2026-01-07 17:50:33,062 [INFO] CodeEngine:265 - oldGeneratedFile, D:\projects\stm32_cube_ide\LoRa_test\MXTmpFiles\license.tmp_save
2026-01-07 17:50:33,611 [INFO] CodeEngine:289 - Generated code: D:\projects\stm32_cube_ide\LoRa_test\MXTmpFiles\license.tmp
2026-01-07 17:50:33,825 [INFO] CodeEngine:265 - oldGeneratedFile, D:\projects\stm32_cube_ide\LoRa_test\MXTmpFiles\gpio.tmp_save
2026-01-07 17:50:34,019 [INFO] CodeEngine:289 - Generated code: D:\projects\stm32_cube_ide\LoRa_test\MXTmpFiles\gpio.tmp
2026-01-07 17:50:34,233 [INFO] CodeEngine:265 - oldGeneratedFile, D:\projects\stm32_cube_ide\LoRa_test\Core\Src\stm32f1xx_it.c_save
2026-01-07 17:50:34,370 [INFO] CodeEngine:289 - Generated code: D:\projects\stm32_cube_ide\LoRa_test\Core\Src\stm32f1xx_it.c
2026-01-07 17:50:34,377 [INFO] CodeEngine:265 - oldGeneratedFile, D:\projects\stm32_cube_ide\LoRa_test\Core\Inc\stm32f1xx_it.h_save
2026-01-07 17:50:34,496 [INFO] CodeEngine:289 - Generated code: D:\projects\stm32_cube_ide\LoRa_test\Core\Inc\stm32f1xx_it.h
2026-01-07 17:50:34,543 [INFO] CodeEngine:265 - oldGeneratedFile, D:\projects\stm32_cube_ide\LoRa_test\Core\Src\stm32f1xx_hal_msp.c_save
2026-01-07 17:50:34,689 [INFO] CodeEngine:289 - Generated code: D:\projects\stm32_cube_ide\LoRa_test\Core\Src\stm32f1xx_hal_msp.c
2026-01-07 17:50:34,694 [INFO] CodeEngine:265 - oldGeneratedFile, D:\projects\stm32_cube_ide\LoRa_test\MXTmpFiles\system.tmp_save
2026-01-07 17:50:34,762 [INFO] CodeEngine:289 - Generated code: D:\projects\stm32_cube_ide\LoRa_test\MXTmpFiles\system.tmp
2026-01-07 17:50:34,802 [INFO] CodeEngine:321 - oldGeneratedFile, D:\projects\stm32_cube_ide\LoRa_test\Core\Inc\stm32f1xx_hal_conf.h_save
2026-01-07 17:50:34,919 [INFO] CodeEngine:345 - Generated code: D:\projects\stm32_cube_ide\LoRa_test\Core\Inc\stm32f1xx_hal_conf.h
2026-01-07 17:50:34,971 [INFO] ApiDbMcu:532 - Load IP Config File for SPI1
2026-01-07 17:50:34,976 [INFO] ApiDbMcu:532 - Load IP Config File for USART1
2026-01-07 17:50:34,979 [INFO] ApiDbMcu:532 - Load IP Config File for RCC
2026-01-07 17:50:35,012 [INFO] CodeEngine:265 - oldGeneratedFile, D:\projects\stm32_cube_ide\LoRa_test\Core\Inc\main.h_save
2026-01-07 17:50:35,137 [INFO] CodeEngine:289 - Generated code: D:\projects\stm32_cube_ide\LoRa_test\Core\Inc\main.h
2026-01-07 17:50:35,144 [INFO] CodeEngine:265 - oldGeneratedFile, D:\projects\stm32_cube_ide\LoRa_test\Core\Src\main.c_save
2026-01-07 17:50:35,293 [INFO] CodeEngine:289 - Generated code: D:\projects\stm32_cube_ide\LoRa_test\Core\Src\main.c
2026-01-07 17:50:35,769 [INFO] ProjectBuilder:3606 - Time for Copy HAL[1] : 195mS.
2026-01-07 17:50:35,779 [INFO] ProjectBuilder:5216 - Project Generator version: 4.7.0-B52
2026-01-07 17:50:35,896 [INFO] ConfigFileManager:1595 - The Die is : DIE410
2026-01-07 17:50:35,923 [INFO] ApiDbMcu:532 - Load IP Config File for FATFS
2026-01-07 17:50:35,940 [INFO] ApiDbMcu:532 - Load IP Config File for FREERTOS
2026-01-07 17:50:36,008 [INFO] ApiDbMcu:532 - Load IP Config File for USB_DEVICE
2026-01-07 17:50:37,180 [INFO] LogOutputStream:77 - [STDOUT_REDIRECT] 
2026-01-07 17:50:39,927 [INFO] ProjectBuilder:5496 - Time for Generating toolchain IDE Files: 4148mS.
2026-01-07 17:50:39,928 [INFO] ProjectBuilder:3463 - Time for Copy CMSIS : 1mS.
2026-01-07 17:50:39,929 [INFO] ProjectBuilder:3463 - Time for Copy CMSIS : 0mS.
2026-01-07 17:53:33,405 [INFO] MainUpdater:2872 - connection check result : 10
2026-01-07 17:53:33,407 [INFO] MainUpdater:2872 - connection check result : 10
2026-01-07 17:53:33,508 [INFO] MicroXplorer:468 - Change Database Path : 
2026-01-07 17:53:33,509 [INFO] MicroXplorer:498 - Change Database Version : DB.6.0.150
2026-01-07 17:53:33,556 [ERROR] ProjectManagerView:395 - 
java.lang.NullPointerException: Cannot invoke "javax.swing.JTextField.getText()" because the return value of "java.util.List.get(int)" is null
	at com.st.microxplorer.plugins.projectmanager.gui.ProjectChoiceTab$9.caretUpdate(ProjectChoiceTab.java:2706) ~[filemanager.jar:?]
	at javax.swing.text.JTextComponent.fireCaretUpdate(JTextComponent.java:408) ~[?:?]
	at javax.swing.text.JTextComponent$MutableCaretEvent.fire(JTextComponent.java:4484) ~[?:?]
	at javax.swing.text.JTextComponent$MutableCaretEvent.stateChanged(JTextComponent.java:4506) ~[?:?]
	at javax.swing.text.DefaultCaret.fireStateChanged(DefaultCaret.java:857) ~[?:?]
	at javax.swing.text.DefaultCaret.changeCaretPosition(DefaultCaret.java:1343) ~[?:?]
	at javax.swing.text.DefaultCaret.handleSetDot(DefaultCaret.java:1242) ~[?:?]
	at javax.swing.text.DefaultCaret.setDot(DefaultCaret.java:1223) ~[?:?]
	at javax.swing.text.DefaultCaret$Handler.insertUpdate(DefaultCaret.java:1819) ~[?:?]
	at javax.swing.text.AbstractDocument.fireInsertUpdate(AbstractDocument.java:227) ~[?:?]
	at javax.swing.text.AbstractDocument.handleInsertString(AbstractDocument.java:781) ~[?:?]
	at javax.swing.text.AbstractDocument.insertString(AbstractDocument.java:740) ~[?:?]
	at javax.swing.text.PlainDocument.insertString(PlainDocument.java:131) ~[?:?]
	at javax.swing.text.AbstractDocument.replace(AbstractDocument.java:699) ~[?:?]
	at javax.swing.text.JTextComponent.setText(JTextComponent.java:1725) ~[?:?]
	at com.st.microxplorer.plugins.projectmanager.gui.ProjectChoiceTab.createHeapStackFields(ProjectChoiceTab.java:993) ~[filemanager.jar:?]
	at com.st.microxplorer.plugins.projectmanager.gui.ProjectChoiceTab.buildLinkSettingsPanel(ProjectChoiceTab.java:3813) ~[filemanager.jar:?]
	at com.st.microxplorer.plugins.projectmanager.gui.ProjectChoiceTab.defineWindowsFields(ProjectChoiceTab.java:1987) ~[filemanager.jar:?]
	at com.st.microxplorer.plugins.projectmanager.gui.ProjectChoiceTab.updateSettings(ProjectChoiceTab.java:558) ~[filemanager.jar:?]
	at com.st.microxplorer.plugins.projectmanager.gui.ProjectSettingsPanel.UpdateDialog(ProjectSettingsPanel.java:247) ~[filemanager.jar:?]
	at com.st.microxplorer.plugins.projectmanager.ProjectManagerView.propertyChange(ProjectManagerView.java:392) ~[filemanager.jar:?]
	at java.beans.PropertyChangeSupport.fire(PropertyChangeSupport.java:343) ~[?:?]
	at java.beans.PropertyChangeSupport.firePropertyChange(PropertyChangeSupport.java:335) ~[?:?]
	at java.beans.PropertyChangeSupport.firePropertyChange(PropertyChangeSupport.java:268) ~[?:?]
	at com.st.microxplorer.util.MXPropertyChangeSupport.firePropertyChange(MXPropertyChangeSupport.java:54) ~[STM32CubeMX.jar:?]
	at com.st.microxplorer.mxsystem.MxSystem.closeConfig(MxSystem.java:899) ~[STM32CubeMX.jar:?]
	at com.st.microxplorer.maingui.MainPanel.closeConfig(MainPanel.java:792) ~[STM32CubeMX.jar:?]
	at com.st.microxplorer.plugins.filemanager.engine.OpenFileManager.loadConfigurationFile(OpenFileManager.java:288) ~[filemanager.jar:?]
	at com.st.microxplorer.plugins.filemanager.engine.MainFileManager.userLoadConfig(MainFileManager.java:364) ~[filemanager.jar:?]
	at com.st.microxplorer.plugins.filemanager.engine.MainFileManager.userLoadConfig(MainFileManager.java:342) ~[filemanager.jar:?]
	at com.st.microxplorer.plugins.filemanager.FileManagerView.getSpecificTask(FileManagerView.java:264) ~[filemanager.jar:?]
	at com.st.stm32cube.common.mx.editor.CubeMxEditor.getMxTabbedPaneInstance(CubeMxEditor.java:1198) ~[com.st.stm32cube.common.mx_6.15.0.202507011659/:?]
	at com.st.stm32cube.common.mx.editor.CubeMxEditor$12$1.createSwingComponent(CubeMxEditor.java:1068) ~[com.st.stm32cube.common.mx_6.15.0.202507011659/:?]
	at com.st.stm32cube.common.mx.oss.core.awtswtbridge.EmbeddedSwingComposite.doComponentCreation(EmbeddedSwingComposite.java:492) ~[com.st.stm32cube.common.mx.oss_6.15.0.202507011659/:?]
	at com.st.stm32cube.common.mx.oss.core.awtswtbridge.EmbeddedSwingComposite$4.run(EmbeddedSwingComposite.java:291) ~[com.st.stm32cube.common.mx.oss_6.15.0.202507011659/:?]
	at com.st.stm32cube.common.mx.oss.core.awtswtbridge.AwtEnvironment$2.run(AwtEnvironment.java:166) ~[com.st.stm32cube.common.mx.oss_6.15.0.202507011659/:?]
	at java.awt.event.InvocationEvent.dispatch(InvocationEvent.java:318) ~[?:?]
	at java.awt.EventQueue.dispatchEventImpl(EventQueue.java:773) ~[?:?]
	at java.awt.EventQueue$4.run(EventQueue.java:720) ~[?:?]
	at java.awt.EventQueue$4.run(EventQueue.java:714) ~[?:?]
	at java.security.AccessController.doPrivileged(AccessController.java:400) ~[?:?]
	at java.security.ProtectionDomain$JavaSecurityAccessImpl.doIntersectionPrivilege(ProtectionDomain.java:87) ~[?:?]
	at java.awt.EventQueue.dispatchEvent(EventQueue.java:742) ~[?:?]
	at java.awt.EventDispatchThread.pumpOneEventForFilters(EventDispatchThread.java:203) ~[?:?]
	at java.awt.EventDispatchThread.pumpEventsForFilter(EventDispatchThread.java:124) ~[?:?]
	at java.awt.EventDispatchThread.pumpEventsForHierarchy(EventDispatchThread.java:113) ~[?:?]
	at java.awt.EventDispatchThread.pumpEvents(EventDispatchThread.java:109) ~[?:?]
	at java.awt.EventDispatchThread.pumpEvents(EventDispatchThread.java:101) ~[?:?]
	at java.awt.EventDispatchThread.run(EventDispatchThread.java:90) ~[?:?]
2026-01-07 17:53:33,903 [WARN] ThirdParty:871 - waiting for thirdparty lock release [close project]
2026-01-07 17:53:33,903 [INFO] ThirdParty:873 - entering critical section [close project]
2026-01-07 17:53:33,903 [INFO] ThirdParty:883 - exiting critical section [close project]
2026-01-07 17:53:33,905 [INFO] PinOutPanel:1589 - setPackage(No Configuration,No Configuration)
2026-01-07 17:53:33,938 [INFO] UtilMem:75 - Begin LoadConfig() Used Memory: 795507712 Bytes (1073741824)
2026-01-07 17:53:33,939 [INFO] MicroXplorer:468 - Change Database Path : 
2026-01-07 17:53:33,939 [INFO] MicroXplorer:498 - Change Database Version : DB.6.0.150
2026-01-07 17:53:33,939 [INFO] OpenFileManager:355 - Change cursor
2026-01-07 17:53:33,970 [INFO] RulesReader:64 - Compatibility file has been processed (317 Rules)
2026-01-07 17:53:33,978 [INFO] Mcu:2029 - Initializing MCU STM32F103C(8-B)Tx STM32F103C8Tx STM32F103C8T6
2026-01-07 17:53:34,790 [INFO] Context:786 - Trying to add GPIOservice into a context  which must be forbidden
2026-01-07 17:53:35,101 [INFO] ImportTextPane:234 - (OptionalMessage_ERROR) Pin13 (VP_RIF_VS_RIF1) cannot be retrieved for this MCU
2026-01-07 17:53:35,170 [INFO] RtosManager:558 - Registered RTOS mode: class=CMSIS, group=RTOS, mode=CMSIS_V1, owner=FREERTOS
2026-01-07 17:53:35,171 [INFO] RtosManager:558 - Registered RTOS mode: class=CMSIS, group=RTOS2, mode=CMSIS_V2, owner=FREERTOS
2026-01-07 17:53:35,171 [INFO] RtosManager:558 - Registered RTOS mode: class=RTOS, group=Core, mode=CMSIS_V1, owner=FREERTOS
2026-01-07 17:53:35,171 [INFO] RtosManager:558 - Registered RTOS mode: class=RTOS, group=Core, mode=CMSIS_V2, owner=FREERTOS
2026-01-07 17:53:35,171 [WARN] ModelIntegratedComponent:184 - Missing modes for component STMicroelectronics:FreeRTOS:0.0.1:STMicroelectronics:RTOS:FreeRTOS:Core:::10.2.0:
2026-01-07 17:53:35,186 [WARN] ModelIntegratedComponent:63 - No mode defined for component null
2026-01-07 17:53:35,186 [WARN] ModelIntegratedComponent:63 - No mode defined for component null
2026-01-07 17:53:35,186 [WARN] ModelIntegratedComponent:63 - No mode defined for component null
2026-01-07 17:53:35,186 [WARN] ModelIntegratedComponent:63 - No mode defined for component null
2026-01-07 17:53:35,186 [WARN] ModelIntegratedComponent:63 - No mode defined for component null
2026-01-07 17:53:35,186 [WARN] ModelIntegratedComponent:63 - No mode defined for component null
2026-01-07 17:53:35,186 [WARN] ModelIntegratedComponent:63 - No mode defined for component null
2026-01-07 17:53:35,186 [WARN] ModelIntegratedComponent:63 - No mode defined for component null
2026-01-07 17:53:35,186 [WARN] ModelIntegratedComponent:63 - No mode defined for component null
2026-01-07 17:53:35,186 [WARN] ModelIntegratedComponent:63 - No mode defined for component null
2026-01-07 17:53:35,187 [WARN] ModelIntegratedComponent:63 - No mode defined for component null
2026-01-07 17:53:35,187 [WARN] ModelIntegratedComponent:63 - No mode defined for component null
2026-01-07 17:53:35,187 [WARN] ModelIntegratedComponent:63 - No mode defined for component null
2026-01-07 17:53:35,187 [WARN] ModelIntegratedComponent:63 - No mode defined for component null
2026-01-07 17:53:35,187 [WARN] ModelIntegratedComponent:63 - No mode defined for component null
2026-01-07 17:53:35,187 [WARN] ModelIntegratedComponent:63 - No mode defined for component null
2026-01-07 17:53:35,187 [WARN] ModelIntegratedComponent:63 - No mode defined for component null
2026-01-07 17:53:35,187 [WARN] ModelIntegratedComponent:63 - No mode defined for component null
2026-01-07 17:53:35,187 [WARN] ModelIntegratedComponent:63 - No mode defined for component null
2026-01-07 17:53:35,187 [WARN] ModelIntegratedComponent:63 - No mode defined for component null
2026-01-07 17:53:35,187 [WARN] ModelIntegratedComponent:63 - No mode defined for component null
2026-01-07 17:53:35,188 [WARN] ModelIntegratedComponent:63 - No mode defined for component null
2026-01-07 17:53:35,188 [WARN] ModelIntegratedComponent:63 - No mode defined for component null
2026-01-07 17:53:35,188 [WARN] ModelIntegratedComponent:63 - No mode defined for component null
2026-01-07 17:53:35,188 [WARN] ModelIntegratedComponent:63 - No mode defined for component null
2026-01-07 17:53:35,188 [WARN] ModelIntegratedComponent:63 - No mode defined for component null
2026-01-07 17:53:35,188 [WARN] ModelIntegratedComponent:63 - No mode defined for component null
2026-01-07 17:53:35,188 [WARN] ModelIntegratedComponent:63 - No mode defined for component null
2026-01-07 17:53:35,188 [WARN] ModelIntegratedComponent:63 - No mode defined for component null
2026-01-07 17:53:35,188 [WARN] ModelIntegratedComponent:63 - No mode defined for component null
2026-01-07 17:53:35,188 [WARN] ModelIntegratedComponent:63 - No mode defined for component null
2026-01-07 17:53:35,188 [WARN] ModelIntegratedComponent:63 - No mode defined for component null
2026-01-07 17:53:35,188 [WARN] ModelIntegratedComponent:63 - No mode defined for component null
2026-01-07 17:53:35,188 [WARN] ModelIntegratedComponent:63 - No mode defined for component null
2026-01-07 17:53:35,189 [WARN] ModelIntegratedComponent:63 - No mode defined for component null
2026-01-07 17:53:35,189 [WARN] ModelPack:524 - Component already loaded: STMicroelectronics:HAL Drivers:0.0.0:STMicroelectronics:Device:STMicro_Driver:XSPI:HAL::0.0.1:HAL_XSPI
2026-01-07 17:53:35,470 [INFO] ThirdPartyModel:298 - Start build external matchings
2026-01-07 17:53:36,694 [INFO] ThirdPartyModel:316 - End build external matchings
2026-01-07 17:53:36,729 [INFO] ImportTextPane:234 - (OptionalMessage_ERROR) IP (RCC) : Parameter (ADCFreqValue) has invalid value (36000000)
2026-01-07 17:53:36,730 [INFO] ImportTextPane:234 - (OptionalMessage_ERROR) IP (RCC) : Invalid parameter (FamilyName)
2026-01-07 17:53:36,730 [INFO] ImportTextPane:234 - (OptionalMessage_ERROR) IP (RCC) : Parameter (MCOFreq_Value) has invalid value (72000000)
2026-01-07 17:53:36,730 [INFO] ImportTextPane:234 - (OptionalMessage_ERROR) IP (RCC) : Parameter (USBFreq_Value) has invalid value (72000000)
2026-01-07 17:53:37,071 [INFO] UtilMem:75 - End LoadConfig() Used Memory: 972194096 Bytes (1073741824)
2026-01-07 17:53:37,157 [WARN] ThirdParty:833 - waiting for thirdparty lock release [change project]
2026-01-07 17:53:37,158 [INFO] ThirdParty:835 - entering critical section [change project]
2026-01-07 17:53:37,158 [INFO] ThirdParty:1030 - CMSIS Pack Vendor :STMicroelectronics X-CUBE-PM33A1 1.0.0
2026-01-07 17:53:37,158 [INFO] ThirdParty:1030 - CMSIS Pack Vendor :STMicroelectronics USBPD 4.1
2026-01-07 17:53:37,158 [INFO] ThirdParty:1030 - CMSIS Pack Vendor :STMicroelectronics USB_HOST 2.0.0
2026-01-07 17:53:37,159 [INFO] ThirdParty:1030 - CMSIS Pack Vendor :STMicroelectronics FP-SNS-MOTENVWB1 1.4.0
2026-01-07 17:53:37,159 [INFO] ThirdParty:1030 - CMSIS Pack Vendor :STMicroelectronics X-CUBE-AZRTOS-F4 1.1.0
2026-01-07 17:53:37,159 [INFO] ThirdParty:1030 - CMSIS Pack Vendor :STMicroelectronics LIBJPEG 8.0.0
2026-01-07 17:53:37,159 [INFO] ThirdParty:1030 - CMSIS Pack Vendor :STMicroelectronics FP-ATR-ASTRA1 2.0.2
2026-01-07 17:53:37,159 [INFO] ThirdParty:1030 - CMSIS Pack Vendor :STMicroelectronics X-CUBE-SMBUS 2.1.0
2026-01-07 17:53:37,159 [INFO] ThirdParty:1030 - CMSIS Pack Vendor :STMicroelectronics X-CUBE-WB05N 1.1.0
2026-01-07 17:53:37,159 [INFO] ThirdParty:1030 - CMSIS Pack Vendor :STMicroelectronics X-CUBE-ISPU 2.1.0
2026-01-07 17:53:37,159 [INFO] ThirdParty:1030 - CMSIS Pack Vendor :STMicroelectronics X-CUBE-IPS 3.2.0
2026-01-07 17:53:37,159 [INFO] ThirdParty:1030 - CMSIS Pack Vendor :STMicroelectronics X-CUBE-NFC12 1.0.0
2026-01-07 17:53:37,159 [INFO] ThirdParty:1030 - CMSIS Pack Vendor :STMicroelectronics X-CUBE-AZRTOS-F7 1.1.0
2026-01-07 17:53:37,159 [INFO] ThirdParty:1030 - CMSIS Pack Vendor :STMicroelectronics X-CUBE-AZRTOS-L5 2.0.0
2026-01-07 17:53:37,159 [INFO] ThirdParty:1030 - CMSIS Pack Vendor :STMicroelectronics USB_DEVICE 2.0.0
2026-01-07 17:53:37,160 [INFO] ThirdParty:1030 - CMSIS Pack Vendor :STMicroelectronics X-CUBE-NFC6 3.1.0
2026-01-07 17:53:37,160 [INFO] ThirdParty:1030 - CMSIS Pack Vendor :STMicroelectronics FP-SNS-MOTENV1 5.1.0
2026-01-07 17:53:37,160 [INFO] ThirdParty:1030 - CMSIS Pack Vendor :STMicroelectronics FreeRTOS 0.0.1
2026-01-07 17:53:37,160 [INFO] ThirdParty:1030 - CMSIS Pack Vendor :STMicroelectronics X-CUBE-DPower 1.2.0
2026-01-07 17:53:37,160 [INFO] ThirdParty:1030 - CMSIS Pack Vendor :Infineon AIROC-Wi-Fi-Bluetooth-STM32 1.7.0
2026-01-07 17:53:37,160 [INFO] ThirdParty:1030 - CMSIS Pack Vendor :STMicroelectronics PDM2PCM 3.3.0
2026-01-07 17:53:37,160 [INFO] ThirdParty:1030 - CMSIS Pack Vendor :STMicroelectronics X-CUBE-AZRTOS-H7 3.4.0
2026-01-07 17:53:37,160 [INFO] ThirdParty:1030 - CMSIS Pack Vendor :STMicroelectronics X-CUBE-DISPLAY 3.0.0
2026-01-07 17:53:37,160 [INFO] ThirdParty:1030 - CMSIS Pack Vendor :STMicroelectronics X-CUBE-NFC10 1.0.0
2026-01-07 17:53:37,161 [INFO] ThirdParty:1030 - CMSIS Pack Vendor :STMicroelectronics X-CUBE-BLEMGR 4.0.0
2026-01-07 17:53:37,161 [INFO] ThirdParty:1030 - CMSIS Pack Vendor :STMicroelectronics HAL Drivers 0.0.0
2026-01-07 17:53:37,161 [INFO] ThirdParty:1030 - CMSIS Pack Vendor :STMicroelectronics X-CUBE-ST60 1.1.0
2026-01-07 17:53:37,161 [INFO] ThirdParty:1030 - CMSIS Pack Vendor :emotas I-CUBE-CANOPEN 1.3.0
2026-01-07 17:53:37,161 [INFO] ThirdParty:1030 - CMSIS Pack Vendor :STMicroelectronics X-CUBE-FREERTOS 1.3.0
2026-01-07 17:53:37,161 [INFO] ThirdParty:1030 - CMSIS Pack Vendor :STMicroelectronics X-CUBE-NFC7 1.0.1
2026-01-07 17:53:37,161 [INFO] ThirdParty:1030 - CMSIS Pack Vendor :STMicroelectronics MBEDTLS 2.14.1
2026-01-07 17:53:37,161 [INFO] ThirdParty:1030 - CMSIS Pack Vendor :STMicroelectronics X-CUBE-GNSS1 7.1.0
2026-01-07 17:53:37,161 [INFO] ThirdParty:1030 - CMSIS Pack Vendor :STMicroelectronics X-CUBE-TOUCHGFX 4.26.0
2026-01-07 17:53:37,161 [INFO] ThirdParty:1030 - CMSIS Pack Vendor :quantropi X-CUBE-qispace-sdk-base 2.0.0
2026-01-07 17:53:37,161 [INFO] ThirdParty:1030 - CMSIS Pack Vendor :STMicroelectronics X-CUBE-AI 10.0.0
2026-01-07 17:53:37,161 [INFO] ThirdParty:1030 - CMSIS Pack Vendor :STMicroelectronics FP-SNS-STBOX1 2.1.0
2026-01-07 17:53:37,161 [INFO] ThirdParty:1030 - CMSIS Pack Vendor :STMicroelectronics FP-SNS-STAIOTCFT 1.0.0
2026-01-07 17:53:37,161 [INFO] ThirdParty:1030 - CMSIS Pack Vendor :STMicroelectronics FP-SNS-SMARTAG2 1.2.0
2026-01-07 17:53:37,162 [INFO] ThirdParty:1030 - CMSIS Pack Vendor :STMicroelectronics FP-SNS-FLIGHT1 5.1.0
2026-01-07 17:53:37,162 [INFO] ThirdParty:1030 - CMSIS Pack Vendor :STMicroelectronics X-CUBE-MEMS1 11.1.0
2026-01-07 17:53:37,162 [INFO] ThirdParty:1030 - CMSIS Pack Vendor :STMicroelectronics X-CUBE-AZRTOS-WL 2.0.0
2026-01-07 17:53:37,162 [INFO] ThirdParty:1030 - CMSIS Pack Vendor :STMicroelectronics X-CUBE-DPower 1.3.0
2026-01-07 17:53:37,162 [INFO] ThirdParty:1030 - CMSIS Pack Vendor :STMicroelectronics FP-SNS-MOTENV1 5.0.0
2026-01-07 17:53:37,162 [INFO] ThirdParty:1030 - CMSIS Pack Vendor :STMicroelectronics USB_DEVICE 1.0.0
2026-01-07 17:53:37,162 [INFO] ThirdParty:1030 - CMSIS Pack Vendor :STMicroelectronics X-CUBE-AZRTOS-H7RS 1.2.0
2026-01-07 17:53:37,162 [INFO] ThirdParty:1030 - CMSIS Pack Vendor :STMicroelectronics X-CUBE-AZRTOS-L4 2.0.0
2026-01-07 17:53:37,162 [INFO] ThirdParty:1030 - CMSIS Pack Vendor :STMicroelectronics ThreadX 0.0.2
2026-01-07 17:53:37,162 [INFO] ThirdParty:1030 - CMSIS Pack Vendor :WES I-CUBE-Cesium 1.3.0
2026-01-07 17:53:37,162 [INFO] ThirdParty:1030 - CMSIS Pack Vendor :STMicroelectronics lwIP 2.1.2
2026-01-07 17:53:37,162 [INFO] ThirdParty:1030 - CMSIS Pack Vendor :STMicroelectronics X-CUBE-SFXS2LP1 4.0.0
2026-01-07 17:53:37,162 [INFO] ThirdParty:1030 - CMSIS Pack Vendor :STMicroelectronics X-CUBE-BLE2 3.3.0
2026-01-07 17:53:37,162 [INFO] ThirdParty:1030 - CMSIS Pack Vendor :Avnet-IOTCONNECT X-CUBE-iotc-st67-sdk 1.0.0
2026-01-07 17:53:37,162 [INFO] ThirdParty:1030 - CMSIS Pack Vendor :STMicroelectronics PDM2PCM 3.2.0
2026-01-07 17:53:37,162 [INFO] ThirdParty:1030 - CMSIS Pack Vendor :STMicroelectronics X-CUBE-AZRTOS-H7 3.3.0
2026-01-07 17:53:37,162 [INFO] ThirdParty:1030 - CMSIS Pack Vendor :STMicroelectronics X-CUBE-NFC9 1.0.0
2026-01-07 17:53:37,162 [INFO] ThirdParty:1030 - CMSIS Pack Vendor :STMicroelectronics X-CUBE-BLE1 7.1.0
2026-01-07 17:53:37,164 [INFO] ThirdParty:1030 - CMSIS Pack Vendor :wolfSSL I-CUBE-wolfMQTT 1.19.2
2026-01-07 17:53:37,164 [INFO] ThirdParty:1030 - CMSIS Pack Vendor :STMicroelectronics USB_DEVICE 3.0.0
2026-01-07 17:53:37,164 [INFO] ThirdParty:1030 - CMSIS Pack Vendor :STMicroelectronics X-CUBE-FREERTOS 1.4.0
2026-01-07 17:53:37,164 [INFO] ThirdParty:1030 - CMSIS Pack Vendor :STMicroelectronics X-CUBE-EEPRMA1 5.2.0
2026-01-07 17:53:37,164 [INFO] ThirdParty:1030 - CMSIS Pack Vendor :STMicroelectronics X-CUBE-BLEMGR 4.1.0
2026-01-07 17:53:37,164 [INFO] ThirdParty:1030 - CMSIS Pack Vendor :STMicroelectronics X-CUBE-AZRTOS-WB 2.0.0
2026-01-07 17:53:37,164 [INFO] ThirdParty:1030 - CMSIS Pack Vendor :STMicroelectronics X-CUBE-GNSS1 7.0.1
2026-01-07 17:53:37,164 [INFO] ThirdParty:1030 - CMSIS Pack Vendor :STMicroelectronics X-CUBE-TOUCHGFX 4.25.0
2026-01-07 17:53:37,164 [INFO] ThirdParty:1030 - CMSIS Pack Vendor :STMicroelectronics X-CUBE-ST67W61 1.1.0
2026-01-07 17:53:37,164 [INFO] ThirdParty:1030 - CMSIS Pack Vendor :STMicroelectronics FP-SNS-STBOX1 2.0.0
2026-01-07 17:53:37,164 [INFO] ThirdParty:1030 - CMSIS Pack Vendor :STMicroelectronics X-CUBE-MEMS1 12.0.0
2026-01-07 17:53:37,164 [INFO] ThirdParty:1030 - CMSIS Pack Vendor :STMicroelectronics X-CUBE-AZRTOS-G0 1.1.0
2026-01-07 17:53:37,164 [INFO] ThirdParty:1030 - CMSIS Pack Vendor :STMicroelectronics X-CUBE-SAFEA1 1.2.2
2026-01-07 17:53:37,164 [INFO] ThirdParty:1030 - CMSIS Pack Vendor :STMicroelectronics X-CUBE-NFC4 3.0.0
2026-01-07 17:53:37,164 [INFO] ThirdParty:1030 - CMSIS Pack Vendor :STMicroelectronics X-CUBE-SUBG2 5.0.0
2026-01-07 17:53:37,165 [INFO] ThirdParty:1030 - CMSIS Pack Vendor :STMicroelectronics X-CUBE-AZRTOS-H7RS 1.1.0
2026-01-07 17:53:37,165 [INFO] ThirdParty:1030 - CMSIS Pack Vendor :STMicroelectronics STM32_WPAN 1.0.0
2026-01-07 17:53:37,165 [INFO] ThirdParty:1030 - CMSIS Pack Vendor :EmbeddedOffice I-CUBE-FS-RTOS 1.0.1
2026-01-07 17:53:37,165 [INFO] ThirdParty:1030 - CMSIS Pack Vendor :STMicroelectronics lwIP 2.0.3
2026-01-07 17:53:37,165 [INFO] ThirdParty:1030 - CMSIS Pack Vendor :Cesanta I-CUBE-Mongoose 7.13.0
2026-01-07 17:53:37,165 [INFO] ThirdParty:1030 - CMSIS Pack Vendor :STMicroelectronics USB_HOST 1.0.0
2026-01-07 17:53:37,165 [INFO] ThirdParty:1030 - CMSIS Pack Vendor :STMicroelectronics X-CUBE-AZRTOS-G4 2.0.0
2026-01-07 17:53:37,165 [INFO] ThirdParty:1030 - CMSIS Pack Vendor :STMicroelectronics X-CUBE-WB05N 2.0.0
2026-01-07 17:53:37,165 [INFO] ThirdParty:1030 - CMSIS Pack Vendor :STMicroelectronics PDM2PCM 3.1.0
2026-01-07 17:53:37,165 [INFO] ThirdParty:1030 - CMSIS Pack Vendor :wolfSSL I-CUBE-wolfTPM 3.8.0
2026-01-07 17:53:37,165 [INFO] ThirdParty:1030 - CMSIS Pack Vendor :wolfSSL I-CUBE-wolfSSH 1.4.20
2026-01-07 17:53:37,165 [INFO] ThirdParty:1030 - CMSIS Pack Vendor :STMicroelectronics X-CUBE-NFC7 2.0.0
2026-01-07 17:53:37,165 [INFO] ThirdParty:1030 - CMSIS Pack Vendor :STMicroelectronics X-CUBE-TCPP 4.2.0
2026-01-07 17:53:37,165 [INFO] ThirdParty:1030 - CMSIS Pack Vendor :RealThread X-CUBE-RT-Thread_Nano 4.1.1
2026-01-07 17:53:37,165 [INFO] ThirdParty:1030 - CMSIS Pack Vendor :STMicroelectronics FP-ATR-SIGFOX1 3.2.0
2026-01-07 17:53:37,165 [INFO] ThirdParty:1030 - CMSIS Pack Vendor :STMicroelectronics X-CUBE-EEPRMA1 5.1.0
2026-01-07 17:53:37,166 [INFO] ThirdParty:1030 - CMSIS Pack Vendor :STMicroelectronics MBEDTLS 2.16.2
2026-01-07 17:53:37,166 [INFO] ThirdParty:1030 - CMSIS Pack Vendor :STMicroelectronics X-CUBE-IPS 3.1.0
2026-01-07 17:53:37,166 [INFO] ThirdParty:1030 - CMSIS Pack Vendor :STMicroelectronics X-CUBE-ALS 1.0.2
2026-01-07 17:53:37,166 [INFO] ThirdParty:1030 - CMSIS Pack Vendor :wolfSSL I-CUBE-wolfSSL 5.7.6
2026-01-07 17:53:37,166 [INFO] ThirdParty:1030 - CMSIS Pack Vendor :ITTIA_DB I-CUBE-ITTIADB 8.9.0
2026-01-07 17:53:37,166 [INFO] ThirdParty:1030 - CMSIS Pack Vendor :STMicroelectronics X-CUBE-STSE01 1.0.0
2026-01-07 17:53:37,166 [INFO] ThirdParty:1030 - CMSIS Pack Vendor :portGmbH I-Cube-SoM-uGOAL 1.1.0
2026-01-07 17:53:37,166 [INFO] ThirdParty:1030 - CMSIS Pack Vendor :STMicroelectronics X-CUBE-AI 10.2.0
2026-01-07 17:53:37,166 [INFO] ThirdParty:1030 - CMSIS Pack Vendor :STMicroelectronics ThreadX 1.0.0
2026-01-07 17:53:37,166 [INFO] ThirdParty:1030 - CMSIS Pack Vendor :SEGGER I-CUBE-embOS 1.3.1
2026-01-07 17:53:37,166 [INFO] ThirdParty:1030 - CMSIS Pack Vendor :STMicroelectronics X-CUBE-ALGOBUILD 1.4.0
2026-01-07 17:53:37,167 [INFO] ThirdParty:1030 - CMSIS Pack Vendor :STMicroelectronics X-CUBE-TOF1 3.4.2
2026-01-07 17:53:37,167 [INFO] ThirdParty:1030 - CMSIS Pack Vendor :STMicroelectronics X-CUBE-TOF1 3.4.3
2026-01-07 17:53:37,167 [INFO] ThirdParty:841 - exiting critical section [change project]
2026-01-07 17:53:37,401 [INFO] PinOutPanel:1589 - setPackage(No Configuration,No Configuration)
2026-01-07 17:53:37,402 [INFO] PinOutPanel:1589 - setPackage(STM32F103C8Tx,LQFP48)
2026-01-07 17:53:37,966 [INFO] UtilMem:75 - Before build in PCC Used Memory: 715208144 Bytes (1073741824)
2026-01-07 17:53:38,470 [INFO] UtilMem:75 - After build in PCC Used Memory: 758846208 Bytes (1073741824)
2026-01-07 17:53:38,507 [INFO] IPUIPlugin:80 - create IPUIPlugin
2026-01-07 17:53:38,507 [INFO] IPUIPlugin:80 - create IPUIPlugin
2026-01-07 17:53:38,507 [INFO] IPUIPlugin:80 - create IPUIPlugin
2026-01-07 17:53:38,508 [INFO] IPUIPlugin:80 - create IPUIPlugin
2026-01-07 17:53:38,508 [INFO] IPUIPlugin:80 - create IPUIPlugin
2026-01-07 17:53:38,508 [INFO] IPUIPlugin:80 - create IPUIPlugin
2026-01-07 17:53:38,508 [INFO] IPUIPlugin:80 - create IPUIPlugin
2026-01-07 17:53:38,509 [INFO] IPUIPlugin:80 - create IPUIPlugin
2026-01-07 17:53:38,509 [INFO] IPUIPlugin:80 - create IPUIPlugin
2026-01-07 17:53:38,509 [INFO] IPUIPlugin:80 - create IPUIPlugin
2026-01-07 17:53:38,510 [INFO] IPUIPlugin:80 - create IPUIPlugin
2026-01-07 17:53:38,510 [INFO] IPUIPlugin:80 - create IPUIPlugin
2026-01-07 17:53:38,510 [INFO] IPUIPlugin:80 - create IPUIPlugin
2026-01-07 17:53:38,511 [INFO] IPUIPlugin:80 - create IPUIPlugin
2026-01-07 17:53:38,511 [INFO] IPUIPlugin:80 - create IPUIPlugin
2026-01-07 17:53:38,511 [INFO] IPUIPlugin:80 - create IPUIPlugin
2026-01-07 17:53:38,512 [INFO] IPUIPlugin:80 - create IPUIPlugin
2026-01-07 17:53:38,512 [INFO] IPUIPlugin:80 - create IPUIPlugin
2026-01-07 17:53:38,513 [INFO] IPUIPlugin:80 - create IPUIPlugin
2026-01-07 17:53:38,513 [INFO] IPUIPlugin:80 - create IPUIPlugin
2026-01-07 17:53:38,513 [INFO] IPUIPlugin:80 - create IPUIPlugin
2026-01-07 17:53:38,514 [INFO] IPUIPlugin:80 - create IPUIPlugin
2026-01-07 17:53:38,514 [INFO] IPUIPlugin:80 - create IPUIPlugin
2026-01-07 17:53:38,515 [INFO] IPUIPlugin:80 - create IPUIPlugin
2026-01-07 17:53:38,515 [INFO] IPUIPlugin:80 - create IPUIPlugin
2026-01-07 17:53:38,516 [INFO] IPUIPlugin:80 - create IPUIPlugin
2026-01-07 17:53:38,517 [INFO] IPUIPlugin:80 - create IPUIPlugin
2026-01-07 17:53:38,595 [INFO] CADModel:165 - CPN selected for project levelSTM32F103C8T6
2026-01-07 17:53:38,595 [INFO] CADModel:114 - Register for checkConnection events
2026-01-07 17:53:38,687 [INFO] OpenFileManager:386 - Restore cursor
2026-01-07 17:53:46,892 [INFO] UtilMem:75 - End SaveConfig() Used Memory: 771351776 Bytes (1073741824)
2026-01-07 17:53:47,076 [INFO] BlockDiagram:2775 - set Specific Code input for plugin: SPI
2026-01-07 17:53:47,076 [INFO] BlockDiagram:2775 - set Specific Code input for plugin: NVIC
2026-01-07 17:53:47,076 [INFO] BlockDiagram:2775 - set Specific Code input for plugin: USART
2026-01-07 17:53:47,076 [INFO] BlockDiagram:2775 - set Specific Code input for plugin: SYS
2026-01-07 17:53:47,077 [INFO] BlockDiagram:2775 - set Specific Code input for plugin: GPIO
2026-01-07 17:53:47,077 [INFO] BlockDiagram:2775 - set Specific Code input for plugin: RCC
2026-01-07 17:53:47,078 [INFO] CodeGenerator:892 - code generatio: config db path: D:\installs\STM32CubeIDE_1.19.0\STM32CubeIDE\plugins\com.st.stm32cube.common.mx_6.15.0.202507011659\\db\
2026-01-07 17:53:47,216 [INFO] CodeEngine:265 - oldGeneratedFile, D:\projects\stm32_cube_ide\LoRa_test\MXTmpFiles\license.tmp_save
2026-01-07 17:53:47,336 [INFO] CodeEngine:289 - Generated code: D:\projects\stm32_cube_ide\LoRa_test\MXTmpFiles\license.tmp
2026-01-07 17:53:47,394 [INFO] CodeEngine:265 - oldGeneratedFile, D:\projects\stm32_cube_ide\LoRa_test\MXTmpFiles\gpio.tmp_save
2026-01-07 17:53:47,521 [INFO] CodeEngine:289 - Generated code: D:\projects\stm32_cube_ide\LoRa_test\MXTmpFiles\gpio.tmp
2026-01-07 17:53:47,644 [INFO] CodeEngine:265 - oldGeneratedFile, D:\projects\stm32_cube_ide\LoRa_test\Core\Src\stm32f1xx_it.c_save
2026-01-07 17:53:47,768 [INFO] CodeEngine:289 - Generated code: D:\projects\stm32_cube_ide\LoRa_test\Core\Src\stm32f1xx_it.c
2026-01-07 17:53:47,777 [INFO] CodeEngine:265 - oldGeneratedFile, D:\projects\stm32_cube_ide\LoRa_test\Core\Inc\stm32f1xx_it.h_save
2026-01-07 17:53:47,895 [INFO] CodeEngine:289 - Generated code: D:\projects\stm32_cube_ide\LoRa_test\Core\Inc\stm32f1xx_it.h
2026-01-07 17:53:47,912 [INFO] CodeEngine:265 - oldGeneratedFile, D:\projects\stm32_cube_ide\LoRa_test\Core\Src\stm32f1xx_hal_msp.c_save
2026-01-07 17:53:48,072 [INFO] CodeEngine:289 - Generated code: D:\projects\stm32_cube_ide\LoRa_test\Core\Src\stm32f1xx_hal_msp.c
2026-01-07 17:53:48,078 [INFO] CodeEngine:265 - oldGeneratedFile, D:\projects\stm32_cube_ide\LoRa_test\MXTmpFiles\system.tmp_save
2026-01-07 17:53:48,181 [INFO] CodeEngine:289 - Generated code: D:\projects\stm32_cube_ide\LoRa_test\MXTmpFiles\system.tmp
2026-01-07 17:53:48,202 [INFO] CodeEngine:321 - oldGeneratedFile, D:\projects\stm32_cube_ide\LoRa_test\Core\Inc\stm32f1xx_hal_conf.h_save
2026-01-07 17:53:48,333 [INFO] CodeEngine:345 - Generated code: D:\projects\stm32_cube_ide\LoRa_test\Core\Inc\stm32f1xx_hal_conf.h
2026-01-07 17:53:48,356 [INFO] ApiDbMcu:532 - Load IP Config File for SPI1
2026-01-07 17:53:48,361 [INFO] ApiDbMcu:532 - Load IP Config File for USART1
2026-01-07 17:53:48,364 [INFO] ApiDbMcu:532 - Load IP Config File for RCC
2026-01-07 17:53:48,374 [INFO] CodeEngine:265 - oldGeneratedFile, D:\projects\stm32_cube_ide\LoRa_test\Core\Inc\main.h_save
2026-01-07 17:53:48,486 [INFO] CodeEngine:289 - Generated code: D:\projects\stm32_cube_ide\LoRa_test\Core\Inc\main.h
2026-01-07 17:53:48,495 [INFO] CodeEngine:265 - oldGeneratedFile, D:\projects\stm32_cube_ide\LoRa_test\Core\Src\main.c_save
2026-01-07 17:53:48,668 [INFO] CodeEngine:289 - Generated code: D:\projects\stm32_cube_ide\LoRa_test\Core\Src\main.c
2026-01-07 17:53:49,273 [INFO] ProjectBuilder:3606 - Time for Copy HAL[1] : 247mS.
2026-01-07 17:53:49,279 [INFO] ProjectBuilder:5216 - Project Generator version: 4.7.0-B52
2026-01-07 17:53:49,431 [INFO] ConfigFileManager:1595 - The Die is : DIE410
2026-01-07 17:53:49,435 [INFO] ApiDbMcu:532 - Load IP Config File for FATFS
2026-01-07 17:53:49,440 [INFO] ApiDbMcu:532 - Load IP Config File for FREERTOS
2026-01-07 17:53:49,447 [INFO] ApiDbMcu:532 - Load IP Config File for USB_DEVICE
2026-01-07 17:53:50,698 [INFO] ProjectBuilder:5496 - Time for Generating toolchain IDE Files: 1420mS.
2026-01-07 17:53:50,700 [INFO] ProjectBuilder:3463 - Time for Copy CMSIS : 1mS.
2026-01-07 17:53:50,703 [INFO] ProjectBuilder:3463 - Time for Copy CMSIS : 0mS.
2026-01-07 18:59:26,351 [INFO] WebApp:194 - Connection lost
2026-01-07 18:59:26,593 [INFO] WebApp:191 - Connection restablished
2026-01-07 18:59:58,361 [INFO] WebApp:194 - Connection lost
2026-01-07 18:59:58,606 [INFO] WebApp:191 - Connection restablished
2026-01-07 19:16:10,295 [INFO] MainUpdater:2872 - connection check result : 10
2026-01-07 19:16:10,296 [INFO] MainUpdater:2872 - connection check result : 10
2026-01-07 19:16:10,401 [INFO] MicroXplorer:468 - Change Database Path : 
2026-01-07 19:16:10,401 [INFO] MicroXplorer:498 - Change Database Version : DB.6.0.150
2026-01-07 19:16:10,466 [ERROR] ProjectManagerView:395 - 
java.lang.NullPointerException: Cannot invoke "javax.swing.JTextField.getText()" because the return value of "java.util.List.get(int)" is null
	at com.st.microxplorer.plugins.projectmanager.gui.ProjectChoiceTab$9.caretUpdate(ProjectChoiceTab.java:2706) ~[filemanager.jar:?]
	at javax.swing.text.JTextComponent.fireCaretUpdate(JTextComponent.java:408) ~[?:?]
	at javax.swing.text.JTextComponent$MutableCaretEvent.fire(JTextComponent.java:4484) ~[?:?]
	at javax.swing.text.JTextComponent$MutableCaretEvent.stateChanged(JTextComponent.java:4506) ~[?:?]
	at javax.swing.text.DefaultCaret.fireStateChanged(DefaultCaret.java:857) ~[?:?]
	at javax.swing.text.DefaultCaret.changeCaretPosition(DefaultCaret.java:1343) ~[?:?]
	at javax.swing.text.DefaultCaret.handleSetDot(DefaultCaret.java:1242) ~[?:?]
	at javax.swing.text.DefaultCaret.setDot(DefaultCaret.java:1223) ~[?:?]
	at javax.swing.text.DefaultCaret$Handler.insertUpdate(DefaultCaret.java:1819) ~[?:?]
	at javax.swing.text.AbstractDocument.fireInsertUpdate(AbstractDocument.java:227) ~[?:?]
	at javax.swing.text.AbstractDocument.handleInsertString(AbstractDocument.java:781) ~[?:?]
	at javax.swing.text.AbstractDocument.insertString(AbstractDocument.java:740) ~[?:?]
	at javax.swing.text.PlainDocument.insertString(PlainDocument.java:131) ~[?:?]
	at javax.swing.text.AbstractDocument.replace(AbstractDocument.java:699) ~[?:?]
	at javax.swing.text.JTextComponent.setText(JTextComponent.java:1725) ~[?:?]
	at com.st.microxplorer.plugins.projectmanager.gui.ProjectChoiceTab.createHeapStackFields(ProjectChoiceTab.java:993) ~[filemanager.jar:?]
	at com.st.microxplorer.plugins.projectmanager.gui.ProjectChoiceTab.buildLinkSettingsPanel(ProjectChoiceTab.java:3813) ~[filemanager.jar:?]
	at com.st.microxplorer.plugins.projectmanager.gui.ProjectChoiceTab.defineWindowsFields(ProjectChoiceTab.java:1987) ~[filemanager.jar:?]
	at com.st.microxplorer.plugins.projectmanager.gui.ProjectChoiceTab.updateSettings(ProjectChoiceTab.java:558) ~[filemanager.jar:?]
	at com.st.microxplorer.plugins.projectmanager.gui.ProjectSettingsPanel.UpdateDialog(ProjectSettingsPanel.java:247) ~[filemanager.jar:?]
	at com.st.microxplorer.plugins.projectmanager.ProjectManagerView.propertyChange(ProjectManagerView.java:392) ~[filemanager.jar:?]
	at java.beans.PropertyChangeSupport.fire(PropertyChangeSupport.java:343) ~[?:?]
	at java.beans.PropertyChangeSupport.firePropertyChange(PropertyChangeSupport.java:335) ~[?:?]
	at java.beans.PropertyChangeSupport.firePropertyChange(PropertyChangeSupport.java:268) ~[?:?]
	at com.st.microxplorer.util.MXPropertyChangeSupport.firePropertyChange(MXPropertyChangeSupport.java:54) ~[STM32CubeMX.jar:?]
	at com.st.microxplorer.mxsystem.MxSystem.closeConfig(MxSystem.java:899) ~[STM32CubeMX.jar:?]
	at com.st.microxplorer.maingui.MainPanel.closeConfig(MainPanel.java:792) ~[STM32CubeMX.jar:?]
	at com.st.microxplorer.plugins.filemanager.engine.OpenFileManager.loadConfigurationFile(OpenFileManager.java:288) ~[filemanager.jar:?]
	at com.st.microxplorer.plugins.filemanager.engine.MainFileManager.userLoadConfig(MainFileManager.java:364) ~[filemanager.jar:?]
	at com.st.microxplorer.plugins.filemanager.engine.MainFileManager.userLoadConfig(MainFileManager.java:342) ~[filemanager.jar:?]
	at com.st.microxplorer.plugins.filemanager.FileManagerView.getSpecificTask(FileManagerView.java:264) ~[filemanager.jar:?]
	at com.st.stm32cube.common.mx.editor.CubeMxEditor.getMxTabbedPaneInstance(CubeMxEditor.java:1198) ~[com.st.stm32cube.common.mx_6.15.0.202507011659/:?]
	at com.st.stm32cube.common.mx.editor.CubeMxEditor$12$1.createSwingComponent(CubeMxEditor.java:1068) ~[com.st.stm32cube.common.mx_6.15.0.202507011659/:?]
	at com.st.stm32cube.common.mx.oss.core.awtswtbridge.EmbeddedSwingComposite.doComponentCreation(EmbeddedSwingComposite.java:492) ~[com.st.stm32cube.common.mx.oss_6.15.0.202507011659/:?]
	at com.st.stm32cube.common.mx.oss.core.awtswtbridge.EmbeddedSwingComposite$4.run(EmbeddedSwingComposite.java:291) ~[com.st.stm32cube.common.mx.oss_6.15.0.202507011659/:?]
	at com.st.stm32cube.common.mx.oss.core.awtswtbridge.AwtEnvironment$2.run(AwtEnvironment.java:166) ~[com.st.stm32cube.common.mx.oss_6.15.0.202507011659/:?]
	at java.awt.event.InvocationEvent.dispatch(InvocationEvent.java:318) ~[?:?]
	at java.awt.EventQueue.dispatchEventImpl(EventQueue.java:773) ~[?:?]
	at java.awt.EventQueue$4.run(EventQueue.java:720) ~[?:?]
	at java.awt.EventQueue$4.run(EventQueue.java:714) ~[?:?]
	at java.security.AccessController.doPrivileged(AccessController.java:400) ~[?:?]
	at java.security.ProtectionDomain$JavaSecurityAccessImpl.doIntersectionPrivilege(ProtectionDomain.java:87) ~[?:?]
	at java.awt.EventQueue.dispatchEvent(EventQueue.java:742) ~[?:?]
	at java.awt.EventDispatchThread.pumpOneEventForFilters(EventDispatchThread.java:203) ~[?:?]
	at java.awt.EventDispatchThread.pumpEventsForFilter(EventDispatchThread.java:124) ~[?:?]
	at java.awt.EventDispatchThread.pumpEventsForHierarchy(EventDispatchThread.java:113) ~[?:?]
	at java.awt.EventDispatchThread.pumpEvents(EventDispatchThread.java:109) ~[?:?]
	at java.awt.EventDispatchThread.pumpEvents(EventDispatchThread.java:101) ~[?:?]
	at java.awt.EventDispatchThread.run(EventDispatchThread.java:90) ~[?:?]
2026-01-07 19:16:10,469 [WARN] ThirdParty:871 - waiting for thirdparty lock release [close project]
2026-01-07 19:16:10,469 [INFO] ThirdParty:873 - entering critical section [close project]
2026-01-07 19:16:10,469 [INFO] ThirdParty:883 - exiting critical section [close project]
2026-01-07 19:16:10,473 [INFO] PinOutPanel:1589 - setPackage(No Configuration,No Configuration)
2026-01-07 19:16:10,481 [INFO] UtilMem:75 - Begin LoadConfig() Used Memory: 856944624 Bytes (1073741824)
2026-01-07 19:16:10,482 [INFO] MicroXplorer:468 - Change Database Path : 
2026-01-07 19:16:10,482 [INFO] MicroXplorer:498 - Change Database Version : DB.6.0.150
2026-01-07 19:16:10,482 [INFO] OpenFileManager:355 - Change cursor
2026-01-07 19:16:10,549 [INFO] RulesReader:64 - Compatibility file has been processed (317 Rules)
2026-01-07 19:16:10,558 [INFO] Mcu:2029 - Initializing MCU STM32F103C(8-B)Tx STM32F103C8Tx STM32F103C8T6
2026-01-07 19:16:11,668 [INFO] Context:786 - Trying to add GPIOservice into a context  which must be forbidden
2026-01-07 19:16:12,025 [INFO] ImportTextPane:234 - (OptionalMessage_ERROR) Pin13 (VP_RIF_VS_RIF1) cannot be retrieved for this MCU
2026-01-07 19:16:12,134 [INFO] RtosManager:558 - Registered RTOS mode: class=CMSIS, group=RTOS, mode=CMSIS_V1, owner=FREERTOS
2026-01-07 19:16:12,134 [INFO] RtosManager:558 - Registered RTOS mode: class=CMSIS, group=RTOS2, mode=CMSIS_V2, owner=FREERTOS
2026-01-07 19:16:12,134 [INFO] RtosManager:558 - Registered RTOS mode: class=RTOS, group=Core, mode=CMSIS_V1, owner=FREERTOS
2026-01-07 19:16:12,134 [INFO] RtosManager:558 - Registered RTOS mode: class=RTOS, group=Core, mode=CMSIS_V2, owner=FREERTOS
2026-01-07 19:16:12,134 [WARN] ModelIntegratedComponent:184 - Missing modes for component STMicroelectronics:FreeRTOS:0.0.1:STMicroelectronics:RTOS:FreeRTOS:Core:::10.2.0:
2026-01-07 19:16:12,144 [WARN] ModelIntegratedComponent:63 - No mode defined for component null
2026-01-07 19:16:12,145 [WARN] ModelIntegratedComponent:63 - No mode defined for component null
2026-01-07 19:16:12,145 [WARN] ModelIntegratedComponent:63 - No mode defined for component null
2026-01-07 19:16:12,145 [WARN] ModelIntegratedComponent:63 - No mode defined for component null
2026-01-07 19:16:12,145 [WARN] ModelIntegratedComponent:63 - No mode defined for component null
2026-01-07 19:16:12,145 [WARN] ModelIntegratedComponent:63 - No mode defined for component null
2026-01-07 19:16:12,145 [WARN] ModelIntegratedComponent:63 - No mode defined for component null
2026-01-07 19:16:12,145 [WARN] ModelIntegratedComponent:63 - No mode defined for component null
2026-01-07 19:16:12,145 [WARN] ModelIntegratedComponent:63 - No mode defined for component null
2026-01-07 19:16:12,146 [WARN] ModelIntegratedComponent:63 - No mode defined for component null
2026-01-07 19:16:12,146 [WARN] ModelIntegratedComponent:63 - No mode defined for component null
2026-01-07 19:16:12,146 [WARN] ModelIntegratedComponent:63 - No mode defined for component null
2026-01-07 19:16:12,146 [WARN] ModelIntegratedComponent:63 - No mode defined for component null
2026-01-07 19:16:12,146 [WARN] ModelIntegratedComponent:63 - No mode defined for component null
2026-01-07 19:16:12,146 [WARN] ModelIntegratedComponent:63 - No mode defined for component null
2026-01-07 19:16:12,146 [WARN] ModelIntegratedComponent:63 - No mode defined for component null
2026-01-07 19:16:12,146 [WARN] ModelIntegratedComponent:63 - No mode defined for component null
2026-01-07 19:16:12,147 [WARN] ModelIntegratedComponent:63 - No mode defined for component null
2026-01-07 19:16:12,147 [WARN] ModelIntegratedComponent:63 - No mode defined for component null
2026-01-07 19:16:12,147 [WARN] ModelIntegratedComponent:63 - No mode defined for component null
2026-01-07 19:16:12,147 [WARN] ModelIntegratedComponent:63 - No mode defined for component null
2026-01-07 19:16:12,147 [WARN] ModelIntegratedComponent:63 - No mode defined for component null
2026-01-07 19:16:12,147 [WARN] ModelIntegratedComponent:63 - No mode defined for component null
2026-01-07 19:16:12,147 [WARN] ModelIntegratedComponent:63 - No mode defined for component null
2026-01-07 19:16:12,147 [WARN] ModelIntegratedComponent:63 - No mode defined for component null
2026-01-07 19:16:12,147 [WARN] ModelIntegratedComponent:63 - No mode defined for component null
2026-01-07 19:16:12,147 [WARN] ModelIntegratedComponent:63 - No mode defined for component null
2026-01-07 19:16:12,147 [WARN] ModelIntegratedComponent:63 - No mode defined for component null
2026-01-07 19:16:12,147 [WARN] ModelIntegratedComponent:63 - No mode defined for component null
2026-01-07 19:16:12,147 [WARN] ModelIntegratedComponent:63 - No mode defined for component null
2026-01-07 19:16:12,148 [WARN] ModelIntegratedComponent:63 - No mode defined for component null
2026-01-07 19:16:12,148 [WARN] ModelIntegratedComponent:63 - No mode defined for component null
2026-01-07 19:16:12,148 [WARN] ModelIntegratedComponent:63 - No mode defined for component null
2026-01-07 19:16:12,148 [WARN] ModelIntegratedComponent:63 - No mode defined for component null
2026-01-07 19:16:12,148 [WARN] ModelIntegratedComponent:63 - No mode defined for component null
2026-01-07 19:16:12,148 [WARN] ModelPack:524 - Component already loaded: STMicroelectronics:HAL Drivers:0.0.0:STMicroelectronics:Device:STMicro_Driver:XSPI:HAL::0.0.1:HAL_XSPI
2026-01-07 19:16:12,575 [INFO] ThirdPartyModel:298 - Start build external matchings
2026-01-07 19:16:13,742 [INFO] ThirdPartyModel:316 - End build external matchings
2026-01-07 19:16:13,774 [INFO] ImportTextPane:234 - (OptionalMessage_ERROR) IP (RCC) : Parameter (ADCFreqValue) has invalid value (36000000)
2026-01-07 19:16:13,775 [INFO] ImportTextPane:234 - (OptionalMessage_ERROR) IP (RCC) : Invalid parameter (FamilyName)
2026-01-07 19:16:13,775 [INFO] ImportTextPane:234 - (OptionalMessage_ERROR) IP (RCC) : Parameter (MCOFreq_Value) has invalid value (72000000)
2026-01-07 19:16:13,777 [INFO] ImportTextPane:234 - (OptionalMessage_ERROR) IP (RCC) : Parameter (USBFreq_Value) has invalid value (72000000)
2026-01-07 19:16:14,106 [INFO] UtilMem:75 - End LoadConfig() Used Memory: 975197344 Bytes (1073741824)
2026-01-07 19:16:14,202 [WARN] ThirdParty:833 - waiting for thirdparty lock release [change project]
2026-01-07 19:16:14,203 [INFO] ThirdParty:835 - entering critical section [change project]
2026-01-07 19:16:14,203 [INFO] ThirdParty:1030 - CMSIS Pack Vendor :STMicroelectronics X-CUBE-PM33A1 1.0.0
2026-01-07 19:16:14,203 [INFO] ThirdParty:1030 - CMSIS Pack Vendor :STMicroelectronics USBPD 4.1
2026-01-07 19:16:14,203 [INFO] ThirdParty:1030 - CMSIS Pack Vendor :STMicroelectronics USB_HOST 2.0.0
2026-01-07 19:16:14,203 [INFO] ThirdParty:1030 - CMSIS Pack Vendor :STMicroelectronics FP-SNS-MOTENVWB1 1.4.0
2026-01-07 19:16:14,204 [INFO] ThirdParty:1030 - CMSIS Pack Vendor :STMicroelectronics X-CUBE-AZRTOS-F4 1.1.0
2026-01-07 19:16:14,204 [INFO] ThirdParty:1030 - CMSIS Pack Vendor :STMicroelectronics LIBJPEG 8.0.0
2026-01-07 19:16:14,204 [INFO] ThirdParty:1030 - CMSIS Pack Vendor :STMicroelectronics FP-ATR-ASTRA1 2.0.2
2026-01-07 19:16:14,204 [INFO] ThirdParty:1030 - CMSIS Pack Vendor :STMicroelectronics X-CUBE-SMBUS 2.1.0
2026-01-07 19:16:14,204 [INFO] ThirdParty:1030 - CMSIS Pack Vendor :STMicroelectronics X-CUBE-WB05N 1.1.0
2026-01-07 19:16:14,204 [INFO] ThirdParty:1030 - CMSIS Pack Vendor :STMicroelectronics X-CUBE-ISPU 2.1.0
2026-01-07 19:16:14,204 [INFO] ThirdParty:1030 - CMSIS Pack Vendor :STMicroelectronics X-CUBE-IPS 3.2.0
2026-01-07 19:16:14,204 [INFO] ThirdParty:1030 - CMSIS Pack Vendor :STMicroelectronics X-CUBE-NFC12 1.0.0
2026-01-07 19:16:14,204 [INFO] ThirdParty:1030 - CMSIS Pack Vendor :STMicroelectronics X-CUBE-AZRTOS-F7 1.1.0
2026-01-07 19:16:14,205 [INFO] ThirdParty:1030 - CMSIS Pack Vendor :STMicroelectronics X-CUBE-AZRTOS-L5 2.0.0
2026-01-07 19:16:14,205 [INFO] ThirdParty:1030 - CMSIS Pack Vendor :STMicroelectronics USB_DEVICE 2.0.0
2026-01-07 19:16:14,205 [INFO] ThirdParty:1030 - CMSIS Pack Vendor :STMicroelectronics X-CUBE-NFC6 3.1.0
2026-01-07 19:16:14,205 [INFO] ThirdParty:1030 - CMSIS Pack Vendor :STMicroelectronics FP-SNS-MOTENV1 5.1.0
2026-01-07 19:16:14,205 [INFO] ThirdParty:1030 - CMSIS Pack Vendor :STMicroelectronics FreeRTOS 0.0.1
2026-01-07 19:16:14,205 [INFO] ThirdParty:1030 - CMSIS Pack Vendor :STMicroelectronics X-CUBE-DPower 1.2.0
2026-01-07 19:16:14,205 [INFO] ThirdParty:1030 - CMSIS Pack Vendor :Infineon AIROC-Wi-Fi-Bluetooth-STM32 1.7.0
2026-01-07 19:16:14,205 [INFO] ThirdParty:1030 - CMSIS Pack Vendor :STMicroelectronics PDM2PCM 3.3.0
2026-01-07 19:16:14,205 [INFO] ThirdParty:1030 - CMSIS Pack Vendor :STMicroelectronics X-CUBE-AZRTOS-H7 3.4.0
2026-01-07 19:16:14,206 [INFO] ThirdParty:1030 - CMSIS Pack Vendor :STMicroelectronics X-CUBE-DISPLAY 3.0.0
2026-01-07 19:16:14,206 [INFO] ThirdParty:1030 - CMSIS Pack Vendor :STMicroelectronics X-CUBE-NFC10 1.0.0
2026-01-07 19:16:14,206 [INFO] ThirdParty:1030 - CMSIS Pack Vendor :STMicroelectronics X-CUBE-BLEMGR 4.0.0
2026-01-07 19:16:14,206 [INFO] ThirdParty:1030 - CMSIS Pack Vendor :STMicroelectronics HAL Drivers 0.0.0
2026-01-07 19:16:14,206 [INFO] ThirdParty:1030 - CMSIS Pack Vendor :STMicroelectronics X-CUBE-ST60 1.1.0
2026-01-07 19:16:14,206 [INFO] ThirdParty:1030 - CMSIS Pack Vendor :emotas I-CUBE-CANOPEN 1.3.0
2026-01-07 19:16:14,206 [INFO] ThirdParty:1030 - CMSIS Pack Vendor :STMicroelectronics X-CUBE-FREERTOS 1.3.0
2026-01-07 19:16:14,206 [INFO] ThirdParty:1030 - CMSIS Pack Vendor :STMicroelectronics X-CUBE-NFC7 1.0.1
2026-01-07 19:16:14,206 [INFO] ThirdParty:1030 - CMSIS Pack Vendor :STMicroelectronics MBEDTLS 2.14.1
2026-01-07 19:16:14,206 [INFO] ThirdParty:1030 - CMSIS Pack Vendor :STMicroelectronics X-CUBE-GNSS1 7.1.0
2026-01-07 19:16:14,207 [INFO] ThirdParty:1030 - CMSIS Pack Vendor :STMicroelectronics X-CUBE-TOUCHGFX 4.26.0
2026-01-07 19:16:14,207 [INFO] ThirdParty:1030 - CMSIS Pack Vendor :quantropi X-CUBE-qispace-sdk-base 2.0.0
2026-01-07 19:16:14,207 [INFO] ThirdParty:1030 - CMSIS Pack Vendor :STMicroelectronics X-CUBE-AI 10.0.0
2026-01-07 19:16:14,207 [INFO] ThirdParty:1030 - CMSIS Pack Vendor :STMicroelectronics FP-SNS-STBOX1 2.1.0
2026-01-07 19:16:14,207 [INFO] ThirdParty:1030 - CMSIS Pack Vendor :STMicroelectronics FP-SNS-STAIOTCFT 1.0.0
2026-01-07 19:16:14,207 [INFO] ThirdParty:1030 - CMSIS Pack Vendor :STMicroelectronics FP-SNS-SMARTAG2 1.2.0
2026-01-07 19:16:14,207 [INFO] ThirdParty:1030 - CMSIS Pack Vendor :STMicroelectronics FP-SNS-FLIGHT1 5.1.0
2026-01-07 19:16:14,207 [INFO] ThirdParty:1030 - CMSIS Pack Vendor :STMicroelectronics X-CUBE-MEMS1 11.1.0
2026-01-07 19:16:14,207 [INFO] ThirdParty:1030 - CMSIS Pack Vendor :STMicroelectronics X-CUBE-AZRTOS-WL 2.0.0
2026-01-07 19:16:14,207 [INFO] ThirdParty:1030 - CMSIS Pack Vendor :STMicroelectronics X-CUBE-DPower 1.3.0
2026-01-07 19:16:14,207 [INFO] ThirdParty:1030 - CMSIS Pack Vendor :STMicroelectronics FP-SNS-MOTENV1 5.0.0
2026-01-07 19:16:14,208 [INFO] ThirdParty:1030 - CMSIS Pack Vendor :STMicroelectronics USB_DEVICE 1.0.0
2026-01-07 19:16:14,208 [INFO] ThirdParty:1030 - CMSIS Pack Vendor :STMicroelectronics X-CUBE-AZRTOS-H7RS 1.2.0
2026-01-07 19:16:14,208 [INFO] ThirdParty:1030 - CMSIS Pack Vendor :STMicroelectronics X-CUBE-AZRTOS-L4 2.0.0
2026-01-07 19:16:14,208 [INFO] ThirdParty:1030 - CMSIS Pack Vendor :STMicroelectronics ThreadX 0.0.2
2026-01-07 19:16:14,208 [INFO] ThirdParty:1030 - CMSIS Pack Vendor :WES I-CUBE-Cesium 1.3.0
2026-01-07 19:16:14,208 [INFO] ThirdParty:1030 - CMSIS Pack Vendor :STMicroelectronics lwIP 2.1.2
2026-01-07 19:16:14,208 [INFO] ThirdParty:1030 - CMSIS Pack Vendor :STMicroelectronics X-CUBE-SFXS2LP1 4.0.0
2026-01-07 19:16:14,208 [INFO] ThirdParty:1030 - CMSIS Pack Vendor :STMicroelectronics X-CUBE-BLE2 3.3.0
2026-01-07 19:16:14,208 [INFO] ThirdParty:1030 - CMSIS Pack Vendor :Avnet-IOTCONNECT X-CUBE-iotc-st67-sdk 1.0.0
2026-01-07 19:16:14,208 [INFO] ThirdParty:1030 - CMSIS Pack Vendor :STMicroelectronics PDM2PCM 3.2.0
2026-01-07 19:16:14,208 [INFO] ThirdParty:1030 - CMSIS Pack Vendor :STMicroelectronics X-CUBE-AZRTOS-H7 3.3.0
2026-01-07 19:16:14,208 [INFO] ThirdParty:1030 - CMSIS Pack Vendor :STMicroelectronics X-CUBE-NFC9 1.0.0
2026-01-07 19:16:14,208 [INFO] ThirdParty:1030 - CMSIS Pack Vendor :STMicroelectronics X-CUBE-BLE1 7.1.0
2026-01-07 19:16:14,208 [INFO] ThirdParty:1030 - CMSIS Pack Vendor :wolfSSL I-CUBE-wolfMQTT 1.19.2
2026-01-07 19:16:14,208 [INFO] ThirdParty:1030 - CMSIS Pack Vendor :STMicroelectronics USB_DEVICE 3.0.0
2026-01-07 19:16:14,208 [INFO] ThirdParty:1030 - CMSIS Pack Vendor :STMicroelectronics X-CUBE-FREERTOS 1.4.0
2026-01-07 19:16:14,208 [INFO] ThirdParty:1030 - CMSIS Pack Vendor :STMicroelectronics X-CUBE-EEPRMA1 5.2.0
2026-01-07 19:16:14,208 [INFO] ThirdParty:1030 - CMSIS Pack Vendor :STMicroelectronics X-CUBE-BLEMGR 4.1.0
2026-01-07 19:16:14,209 [INFO] ThirdParty:1030 - CMSIS Pack Vendor :STMicroelectronics X-CUBE-AZRTOS-WB 2.0.0
2026-01-07 19:16:14,209 [INFO] ThirdParty:1030 - CMSIS Pack Vendor :STMicroelectronics X-CUBE-GNSS1 7.0.1
2026-01-07 19:16:14,209 [INFO] ThirdParty:1030 - CMSIS Pack Vendor :STMicroelectronics X-CUBE-TOUCHGFX 4.25.0
2026-01-07 19:16:14,209 [INFO] ThirdParty:1030 - CMSIS Pack Vendor :STMicroelectronics X-CUBE-ST67W61 1.1.0
2026-01-07 19:16:14,209 [INFO] ThirdParty:1030 - CMSIS Pack Vendor :STMicroelectronics FP-SNS-STBOX1 2.0.0
2026-01-07 19:16:14,209 [INFO] ThirdParty:1030 - CMSIS Pack Vendor :STMicroelectronics X-CUBE-MEMS1 12.0.0
2026-01-07 19:16:14,209 [INFO] ThirdParty:1030 - CMSIS Pack Vendor :STMicroelectronics X-CUBE-AZRTOS-G0 1.1.0
2026-01-07 19:16:14,209 [INFO] ThirdParty:1030 - CMSIS Pack Vendor :STMicroelectronics X-CUBE-SAFEA1 1.2.2
2026-01-07 19:16:14,209 [INFO] ThirdParty:1030 - CMSIS Pack Vendor :STMicroelectronics X-CUBE-NFC4 3.0.0
2026-01-07 19:16:14,209 [INFO] ThirdParty:1030 - CMSIS Pack Vendor :STMicroelectronics X-CUBE-SUBG2 5.0.0
2026-01-07 19:16:14,209 [INFO] ThirdParty:1030 - CMSIS Pack Vendor :STMicroelectronics X-CUBE-AZRTOS-H7RS 1.1.0
2026-01-07 19:16:14,209 [INFO] ThirdParty:1030 - CMSIS Pack Vendor :STMicroelectronics STM32_WPAN 1.0.0
2026-01-07 19:16:14,210 [INFO] ThirdParty:1030 - CMSIS Pack Vendor :EmbeddedOffice I-CUBE-FS-RTOS 1.0.1
2026-01-07 19:16:14,210 [INFO] ThirdParty:1030 - CMSIS Pack Vendor :STMicroelectronics lwIP 2.0.3
2026-01-07 19:16:14,210 [INFO] ThirdParty:1030 - CMSIS Pack Vendor :Cesanta I-CUBE-Mongoose 7.13.0
2026-01-07 19:16:14,210 [INFO] ThirdParty:1030 - CMSIS Pack Vendor :STMicroelectronics USB_HOST 1.0.0
2026-01-07 19:16:14,210 [INFO] ThirdParty:1030 - CMSIS Pack Vendor :STMicroelectronics X-CUBE-AZRTOS-G4 2.0.0
2026-01-07 19:16:14,210 [INFO] ThirdParty:1030 - CMSIS Pack Vendor :STMicroelectronics X-CUBE-WB05N 2.0.0
2026-01-07 19:16:14,210 [INFO] ThirdParty:1030 - CMSIS Pack Vendor :STMicroelectronics PDM2PCM 3.1.0
2026-01-07 19:16:14,210 [INFO] ThirdParty:1030 - CMSIS Pack Vendor :wolfSSL I-CUBE-wolfTPM 3.8.0
2026-01-07 19:16:14,210 [INFO] ThirdParty:1030 - CMSIS Pack Vendor :wolfSSL I-CUBE-wolfSSH 1.4.20
2026-01-07 19:16:14,210 [INFO] ThirdParty:1030 - CMSIS Pack Vendor :STMicroelectronics X-CUBE-NFC7 2.0.0
2026-01-07 19:16:14,210 [INFO] ThirdParty:1030 - CMSIS Pack Vendor :STMicroelectronics X-CUBE-TCPP 4.2.0
2026-01-07 19:16:14,210 [INFO] ThirdParty:1030 - CMSIS Pack Vendor :RealThread X-CUBE-RT-Thread_Nano 4.1.1
2026-01-07 19:16:14,210 [INFO] ThirdParty:1030 - CMSIS Pack Vendor :STMicroelectronics FP-ATR-SIGFOX1 3.2.0
2026-01-07 19:16:14,210 [INFO] ThirdParty:1030 - CMSIS Pack Vendor :STMicroelectronics X-CUBE-EEPRMA1 5.1.0
2026-01-07 19:16:14,210 [INFO] ThirdParty:1030 - CMSIS Pack Vendor :STMicroelectronics MBEDTLS 2.16.2
2026-01-07 19:16:14,210 [INFO] ThirdParty:1030 - CMSIS Pack Vendor :STMicroelectronics X-CUBE-IPS 3.1.0
2026-01-07 19:16:14,210 [INFO] ThirdParty:1030 - CMSIS Pack Vendor :STMicroelectronics X-CUBE-ALS 1.0.2
2026-01-07 19:16:14,210 [INFO] ThirdParty:1030 - CMSIS Pack Vendor :wolfSSL I-CUBE-wolfSSL 5.7.6
2026-01-07 19:16:14,210 [INFO] ThirdParty:1030 - CMSIS Pack Vendor :ITTIA_DB I-CUBE-ITTIADB 8.9.0
2026-01-07 19:16:14,211 [INFO] ThirdParty:1030 - CMSIS Pack Vendor :STMicroelectronics X-CUBE-STSE01 1.0.0
2026-01-07 19:16:14,211 [INFO] ThirdParty:1030 - CMSIS Pack Vendor :portGmbH I-Cube-SoM-uGOAL 1.1.0
2026-01-07 19:16:14,211 [INFO] ThirdParty:1030 - CMSIS Pack Vendor :STMicroelectronics X-CUBE-AI 10.2.0
2026-01-07 19:16:14,211 [INFO] ThirdParty:1030 - CMSIS Pack Vendor :STMicroelectronics ThreadX 1.0.0
2026-01-07 19:16:14,211 [INFO] ThirdParty:1030 - CMSIS Pack Vendor :SEGGER I-CUBE-embOS 1.3.1
2026-01-07 19:16:14,211 [INFO] ThirdParty:1030 - CMSIS Pack Vendor :STMicroelectronics X-CUBE-ALGOBUILD 1.4.0
2026-01-07 19:16:14,211 [INFO] ThirdParty:1030 - CMSIS Pack Vendor :STMicroelectronics X-CUBE-TOF1 3.4.2
2026-01-07 19:16:14,211 [INFO] ThirdParty:1030 - CMSIS Pack Vendor :STMicroelectronics X-CUBE-TOF1 3.4.3
2026-01-07 19:16:14,211 [INFO] ThirdParty:841 - exiting critical section [change project]
2026-01-07 19:16:14,582 [INFO] PinOutPanel:1589 - setPackage(No Configuration,No Configuration)
2026-01-07 19:16:14,584 [INFO] PinOutPanel:1589 - setPackage(STM32F103C8Tx,LQFP48)
2026-01-07 19:16:15,315 [INFO] UtilMem:75 - Before build in PCC Used Memory: 751294256 Bytes (1073741824)
2026-01-07 19:16:15,829 [INFO] UtilMem:75 - After build in PCC Used Memory: 796382952 Bytes (1073741824)
2026-01-07 19:16:15,861 [INFO] IPUIPlugin:80 - create IPUIPlugin
2026-01-07 19:16:15,861 [INFO] IPUIPlugin:80 - create IPUIPlugin
2026-01-07 19:16:15,861 [INFO] IPUIPlugin:80 - create IPUIPlugin
2026-01-07 19:16:15,861 [INFO] IPUIPlugin:80 - create IPUIPlugin
2026-01-07 19:16:15,862 [INFO] IPUIPlugin:80 - create IPUIPlugin
2026-01-07 19:16:15,862 [INFO] IPUIPlugin:80 - create IPUIPlugin
2026-01-07 19:16:15,862 [INFO] IPUIPlugin:80 - create IPUIPlugin
2026-01-07 19:16:15,862 [INFO] IPUIPlugin:80 - create IPUIPlugin
2026-01-07 19:16:15,862 [INFO] IPUIPlugin:80 - create IPUIPlugin
2026-01-07 19:16:15,862 [INFO] IPUIPlugin:80 - create IPUIPlugin
2026-01-07 19:16:15,863 [INFO] IPUIPlugin:80 - create IPUIPlugin
2026-01-07 19:16:15,863 [INFO] IPUIPlugin:80 - create IPUIPlugin
2026-01-07 19:16:15,863 [INFO] IPUIPlugin:80 - create IPUIPlugin
2026-01-07 19:16:15,864 [INFO] IPUIPlugin:80 - create IPUIPlugin
2026-01-07 19:16:15,864 [INFO] IPUIPlugin:80 - create IPUIPlugin
2026-01-07 19:16:15,865 [INFO] IPUIPlugin:80 - create IPUIPlugin
2026-01-07 19:16:15,865 [INFO] IPUIPlugin:80 - create IPUIPlugin
2026-01-07 19:16:15,865 [INFO] IPUIPlugin:80 - create IPUIPlugin
2026-01-07 19:16:15,865 [INFO] IPUIPlugin:80 - create IPUIPlugin
2026-01-07 19:16:15,865 [INFO] IPUIPlugin:80 - create IPUIPlugin
2026-01-07 19:16:15,866 [INFO] IPUIPlugin:80 - create IPUIPlugin
2026-01-07 19:16:15,866 [INFO] IPUIPlugin:80 - create IPUIPlugin
2026-01-07 19:16:15,866 [INFO] IPUIPlugin:80 - create IPUIPlugin
2026-01-07 19:16:15,866 [INFO] IPUIPlugin:80 - create IPUIPlugin
2026-01-07 19:16:15,867 [INFO] IPUIPlugin:80 - create IPUIPlugin
2026-01-07 19:16:15,867 [INFO] IPUIPlugin:80 - create IPUIPlugin
2026-01-07 19:16:15,867 [INFO] IPUIPlugin:80 - create IPUIPlugin
2026-01-07 19:16:15,945 [INFO] CADModel:165 - CPN selected for project levelSTM32F103C8T6
2026-01-07 19:16:15,946 [INFO] CADModel:114 - Register for checkConnection events
2026-01-07 19:16:16,032 [INFO] OpenFileManager:386 - Restore cursor
2026-01-07 19:17:19,240 [INFO] UtilMem:75 - End SaveConfig() Used Memory: 820539648 Bytes (1073741824)
2026-01-07 19:17:21,250 [INFO] UtilMem:75 - End SaveConfig() Used Memory: 843081984 Bytes (1073741824)
2026-01-07 19:17:22,972 [INFO] UtilMem:75 - End SaveConfig() Used Memory: 900231424 Bytes (1073741824)
2026-01-07 19:17:23,411 [INFO] BlockDiagram:2775 - set Specific Code input for plugin: SPI
2026-01-07 19:17:23,411 [INFO] BlockDiagram:2775 - set Specific Code input for plugin: NVIC
2026-01-07 19:17:23,411 [INFO] BlockDiagram:2775 - set Specific Code input for plugin: USART
2026-01-07 19:17:23,411 [INFO] BlockDiagram:2775 - set Specific Code input for plugin: SYS
2026-01-07 19:17:23,411 [INFO] BlockDiagram:2775 - set Specific Code input for plugin: GPIO
2026-01-07 19:17:23,411 [INFO] BlockDiagram:2775 - set Specific Code input for plugin: RCC
2026-01-07 19:17:23,412 [INFO] CodeGenerator:892 - code generatio: config db path: D:\installs\STM32CubeIDE_1.19.0\STM32CubeIDE\plugins\com.st.stm32cube.common.mx_6.15.0.202507011659\\db\
2026-01-07 19:17:23,535 [INFO] CodeEngine:265 - oldGeneratedFile, D:\projects\stm32_cube_ide\LoRa_test\MXTmpFiles\license.tmp_save
2026-01-07 19:17:24,020 [INFO] CodeEngine:289 - Generated code: D:\projects\stm32_cube_ide\LoRa_test\MXTmpFiles\license.tmp
2026-01-07 19:17:24,070 [INFO] CodeEngine:265 - oldGeneratedFile, D:\projects\stm32_cube_ide\LoRa_test\MXTmpFiles\gpio.tmp_save
2026-01-07 19:17:24,286 [INFO] CodeEngine:289 - Generated code: D:\projects\stm32_cube_ide\LoRa_test\MXTmpFiles\gpio.tmp
2026-01-07 19:17:24,383 [INFO] CodeEngine:265 - oldGeneratedFile, D:\projects\stm32_cube_ide\LoRa_test\Core\Src\stm32f1xx_it.c_save
2026-01-07 19:17:24,761 [INFO] CodeEngine:289 - Generated code: D:\projects\stm32_cube_ide\LoRa_test\Core\Src\stm32f1xx_it.c
2026-01-07 19:17:24,770 [INFO] CodeEngine:265 - oldGeneratedFile, D:\projects\stm32_cube_ide\LoRa_test\Core\Inc\stm32f1xx_it.h_save
2026-01-07 19:17:24,902 [INFO] CodeEngine:289 - Generated code: D:\projects\stm32_cube_ide\LoRa_test\Core\Inc\stm32f1xx_it.h
2026-01-07 19:17:24,921 [INFO] CodeEngine:265 - oldGeneratedFile, D:\projects\stm32_cube_ide\LoRa_test\Core\Src\stm32f1xx_hal_msp.c_save
2026-01-07 19:17:25,162 [INFO] CodeEngine:289 - Generated code: D:\projects\stm32_cube_ide\LoRa_test\Core\Src\stm32f1xx_hal_msp.c
2026-01-07 19:17:25,169 [INFO] CodeEngine:265 - oldGeneratedFile, D:\projects\stm32_cube_ide\LoRa_test\MXTmpFiles\system.tmp_save
2026-01-07 19:17:25,277 [INFO] CodeEngine:289 - Generated code: D:\projects\stm32_cube_ide\LoRa_test\MXTmpFiles\system.tmp
2026-01-07 19:17:25,292 [INFO] CodeEngine:321 - oldGeneratedFile, D:\projects\stm32_cube_ide\LoRa_test\Core\Inc\stm32f1xx_hal_conf.h_save
2026-01-07 19:17:25,411 [INFO] CodeEngine:345 - Generated code: D:\projects\stm32_cube_ide\LoRa_test\Core\Inc\stm32f1xx_hal_conf.h
2026-01-07 19:17:25,437 [INFO] ApiDbMcu:532 - Load IP Config File for SPI1
2026-01-07 19:17:25,442 [INFO] ApiDbMcu:532 - Load IP Config File for USART1
2026-01-07 19:17:25,445 [INFO] ApiDbMcu:532 - Load IP Config File for RCC
2026-01-07 19:17:25,456 [INFO] CodeEngine:265 - oldGeneratedFile, D:\projects\stm32_cube_ide\LoRa_test\Core\Inc\main.h_save
2026-01-07 19:17:25,619 [INFO] CodeEngine:289 - Generated code: D:\projects\stm32_cube_ide\LoRa_test\Core\Inc\main.h
2026-01-07 19:17:25,627 [INFO] CodeEngine:265 - oldGeneratedFile, D:\projects\stm32_cube_ide\LoRa_test\Core\Src\main.c_save
2026-01-07 19:17:25,806 [INFO] CodeEngine:289 - Generated code: D:\projects\stm32_cube_ide\LoRa_test\Core\Src\main.c
2026-01-07 19:17:26,457 [INFO] ProjectBuilder:3606 - Time for Copy HAL[1] : 259mS.
2026-01-07 19:17:26,462 [INFO] ProjectBuilder:5216 - Project Generator version: 4.7.0-B52
2026-01-07 19:17:26,664 [INFO] ConfigFileManager:1595 - The Die is : DIE410
2026-01-07 19:17:26,668 [INFO] ApiDbMcu:532 - Load IP Config File for FATFS
2026-01-07 19:17:26,674 [INFO] ApiDbMcu:532 - Load IP Config File for FREERTOS
2026-01-07 19:17:26,682 [INFO] ApiDbMcu:532 - Load IP Config File for USB_DEVICE
2026-01-07 19:17:27,974 [INFO] ProjectBuilder:5496 - Time for Generating toolchain IDE Files: 1511mS.
2026-01-07 19:17:27,975 [INFO] ProjectBuilder:3463 - Time for Copy CMSIS : 1mS.
2026-01-07 19:17:27,978 [INFO] ProjectBuilder:3463 - Time for Copy CMSIS : 0mS.
2026-01-07 19:20:25,168 [INFO] MainUpdater:2872 - connection check result : 10
2026-01-07 19:20:25,169 [INFO] MainUpdater:2872 - connection check result : 10
2026-01-07 19:20:25,256 [INFO] MicroXplorer:468 - Change Database Path : 
2026-01-07 19:20:25,256 [INFO] MicroXplorer:498 - Change Database Version : DB.6.0.150
2026-01-07 19:20:25,287 [ERROR] ProjectManagerView:395 - 
java.lang.NullPointerException: Cannot invoke "javax.swing.JTextField.getText()" because the return value of "java.util.List.get(int)" is null
	at com.st.microxplorer.plugins.projectmanager.gui.ProjectChoiceTab$9.caretUpdate(ProjectChoiceTab.java:2706) ~[filemanager.jar:?]
	at javax.swing.text.JTextComponent.fireCaretUpdate(JTextComponent.java:408) ~[?:?]
	at javax.swing.text.JTextComponent$MutableCaretEvent.fire(JTextComponent.java:4484) ~[?:?]
	at javax.swing.text.JTextComponent$MutableCaretEvent.stateChanged(JTextComponent.java:4506) ~[?:?]
	at javax.swing.text.DefaultCaret.fireStateChanged(DefaultCaret.java:857) ~[?:?]
	at javax.swing.text.DefaultCaret.changeCaretPosition(DefaultCaret.java:1343) ~[?:?]
	at javax.swing.text.DefaultCaret.handleSetDot(DefaultCaret.java:1242) ~[?:?]
	at javax.swing.text.DefaultCaret.setDot(DefaultCaret.java:1223) ~[?:?]
	at javax.swing.text.DefaultCaret$Handler.insertUpdate(DefaultCaret.java:1819) ~[?:?]
	at javax.swing.text.AbstractDocument.fireInsertUpdate(AbstractDocument.java:227) ~[?:?]
	at javax.swing.text.AbstractDocument.handleInsertString(AbstractDocument.java:781) ~[?:?]
	at javax.swing.text.AbstractDocument.insertString(AbstractDocument.java:740) ~[?:?]
	at javax.swing.text.PlainDocument.insertString(PlainDocument.java:131) ~[?:?]
	at javax.swing.text.AbstractDocument.replace(AbstractDocument.java:699) ~[?:?]
	at javax.swing.text.JTextComponent.setText(JTextComponent.java:1725) ~[?:?]
	at com.st.microxplorer.plugins.projectmanager.gui.ProjectChoiceTab.createHeapStackFields(ProjectChoiceTab.java:993) ~[filemanager.jar:?]
	at com.st.microxplorer.plugins.projectmanager.gui.ProjectChoiceTab.buildLinkSettingsPanel(ProjectChoiceTab.java:3813) ~[filemanager.jar:?]
	at com.st.microxplorer.plugins.projectmanager.gui.ProjectChoiceTab.defineWindowsFields(ProjectChoiceTab.java:1987) ~[filemanager.jar:?]
	at com.st.microxplorer.plugins.projectmanager.gui.ProjectChoiceTab.updateSettings(ProjectChoiceTab.java:558) ~[filemanager.jar:?]
	at com.st.microxplorer.plugins.projectmanager.gui.ProjectSettingsPanel.UpdateDialog(ProjectSettingsPanel.java:247) ~[filemanager.jar:?]
	at com.st.microxplorer.plugins.projectmanager.ProjectManagerView.propertyChange(ProjectManagerView.java:392) ~[filemanager.jar:?]
	at java.beans.PropertyChangeSupport.fire(PropertyChangeSupport.java:343) ~[?:?]
	at java.beans.PropertyChangeSupport.firePropertyChange(PropertyChangeSupport.java:335) ~[?:?]
	at java.beans.PropertyChangeSupport.firePropertyChange(PropertyChangeSupport.java:268) ~[?:?]
	at com.st.microxplorer.util.MXPropertyChangeSupport.firePropertyChange(MXPropertyChangeSupport.java:54) ~[STM32CubeMX.jar:?]
	at com.st.microxplorer.mxsystem.MxSystem.closeConfig(MxSystem.java:899) ~[STM32CubeMX.jar:?]
	at com.st.microxplorer.maingui.MainPanel.closeConfig(MainPanel.java:792) ~[STM32CubeMX.jar:?]
	at com.st.microxplorer.plugins.filemanager.engine.OpenFileManager.loadConfigurationFile(OpenFileManager.java:288) ~[filemanager.jar:?]
	at com.st.microxplorer.plugins.filemanager.engine.MainFileManager.userLoadConfig(MainFileManager.java:364) ~[filemanager.jar:?]
	at com.st.microxplorer.plugins.filemanager.engine.MainFileManager.userLoadConfig(MainFileManager.java:342) ~[filemanager.jar:?]
	at com.st.microxplorer.plugins.filemanager.FileManagerView.getSpecificTask(FileManagerView.java:264) ~[filemanager.jar:?]
	at com.st.stm32cube.common.mx.editor.CubeMxEditor.getMxTabbedPaneInstance(CubeMxEditor.java:1198) ~[com.st.stm32cube.common.mx_6.15.0.202507011659/:?]
	at com.st.stm32cube.common.mx.editor.CubeMxEditor$12$1.createSwingComponent(CubeMxEditor.java:1068) ~[com.st.stm32cube.common.mx_6.15.0.202507011659/:?]
	at com.st.stm32cube.common.mx.oss.core.awtswtbridge.EmbeddedSwingComposite.doComponentCreation(EmbeddedSwingComposite.java:492) ~[com.st.stm32cube.common.mx.oss_6.15.0.202507011659/:?]
	at com.st.stm32cube.common.mx.oss.core.awtswtbridge.EmbeddedSwingComposite$4.run(EmbeddedSwingComposite.java:291) ~[com.st.stm32cube.common.mx.oss_6.15.0.202507011659/:?]
	at com.st.stm32cube.common.mx.oss.core.awtswtbridge.AwtEnvironment$2.run(AwtEnvironment.java:166) ~[com.st.stm32cube.common.mx.oss_6.15.0.202507011659/:?]
	at java.awt.event.InvocationEvent.dispatch(InvocationEvent.java:318) ~[?:?]
	at java.awt.EventQueue.dispatchEventImpl(EventQueue.java:773) ~[?:?]
	at java.awt.EventQueue$4.run(EventQueue.java:720) ~[?:?]
	at java.awt.EventQueue$4.run(EventQueue.java:714) ~[?:?]
	at java.security.AccessController.doPrivileged(AccessController.java:400) ~[?:?]
	at java.security.ProtectionDomain$JavaSecurityAccessImpl.doIntersectionPrivilege(ProtectionDomain.java:87) ~[?:?]
	at java.awt.EventQueue.dispatchEvent(EventQueue.java:742) ~[?:?]
	at java.awt.EventDispatchThread.pumpOneEventForFilters(EventDispatchThread.java:203) ~[?:?]
	at java.awt.EventDispatchThread.pumpEventsForFilter(EventDispatchThread.java:124) ~[?:?]
	at java.awt.EventDispatchThread.pumpEventsForHierarchy(EventDispatchThread.java:113) ~[?:?]
	at java.awt.EventDispatchThread.pumpEvents(EventDispatchThread.java:109) ~[?:?]
	at java.awt.EventDispatchThread.pumpEvents(EventDispatchThread.java:101) ~[?:?]
	at java.awt.EventDispatchThread.run(EventDispatchThread.java:90) ~[?:?]
2026-01-07 19:20:25,289 [WARN] ThirdParty:871 - waiting for thirdparty lock release [close project]
2026-01-07 19:20:25,291 [INFO] ThirdParty:873 - entering critical section [close project]
2026-01-07 19:20:25,291 [INFO] ThirdParty:883 - exiting critical section [close project]
2026-01-07 19:20:25,293 [INFO] PinOutPanel:1589 - setPackage(No Configuration,No Configuration)
2026-01-07 19:20:25,301 [INFO] UtilMem:75 - Begin LoadConfig() Used Memory: 853552272 Bytes (1073741824)
2026-01-07 19:20:25,301 [INFO] MicroXplorer:468 - Change Database Path : 
2026-01-07 19:20:25,301 [INFO] MicroXplorer:498 - Change Database Version : DB.6.0.150
2026-01-07 19:20:25,301 [INFO] OpenFileManager:355 - Change cursor
2026-01-07 19:20:25,330 [INFO] RulesReader:64 - Compatibility file has been processed (317 Rules)
2026-01-07 19:20:25,337 [INFO] Mcu:2029 - Initializing MCU STM32F103C(8-B)Tx STM32F103C8Tx STM32F103C8T6
2026-01-07 19:20:26,289 [INFO] Context:786 - Trying to add GPIOservice into a context  which must be forbidden
2026-01-07 19:20:26,635 [INFO] ImportTextPane:234 - (OptionalMessage_ERROR) Pin13 (VP_RIF_VS_RIF1) cannot be retrieved for this MCU
2026-01-07 19:20:26,724 [INFO] RtosManager:558 - Registered RTOS mode: class=CMSIS, group=RTOS, mode=CMSIS_V1, owner=FREERTOS
2026-01-07 19:20:26,724 [INFO] RtosManager:558 - Registered RTOS mode: class=CMSIS, group=RTOS2, mode=CMSIS_V2, owner=FREERTOS
2026-01-07 19:20:26,724 [INFO] RtosManager:558 - Registered RTOS mode: class=RTOS, group=Core, mode=CMSIS_V1, owner=FREERTOS
2026-01-07 19:20:26,724 [INFO] RtosManager:558 - Registered RTOS mode: class=RTOS, group=Core, mode=CMSIS_V2, owner=FREERTOS
2026-01-07 19:20:26,724 [WARN] ModelIntegratedComponent:184 - Missing modes for component STMicroelectronics:FreeRTOS:0.0.1:STMicroelectronics:RTOS:FreeRTOS:Core:::10.2.0:
2026-01-07 19:20:26,742 [WARN] ModelIntegratedComponent:63 - No mode defined for component null
2026-01-07 19:20:26,742 [WARN] ModelIntegratedComponent:63 - No mode defined for component null
2026-01-07 19:20:26,742 [WARN] ModelIntegratedComponent:63 - No mode defined for component null
2026-01-07 19:20:26,742 [WARN] ModelIntegratedComponent:63 - No mode defined for component null
2026-01-07 19:20:26,742 [WARN] ModelIntegratedComponent:63 - No mode defined for component null
2026-01-07 19:20:26,742 [WARN] ModelIntegratedComponent:63 - No mode defined for component null
2026-01-07 19:20:26,742 [WARN] ModelIntegratedComponent:63 - No mode defined for component null
2026-01-07 19:20:26,742 [WARN] ModelIntegratedComponent:63 - No mode defined for component null
2026-01-07 19:20:26,742 [WARN] ModelIntegratedComponent:63 - No mode defined for component null
2026-01-07 19:20:26,742 [WARN] ModelIntegratedComponent:63 - No mode defined for component null
2026-01-07 19:20:26,742 [WARN] ModelIntegratedComponent:63 - No mode defined for component null
2026-01-07 19:20:26,743 [WARN] ModelIntegratedComponent:63 - No mode defined for component null
2026-01-07 19:20:26,743 [WARN] ModelIntegratedComponent:63 - No mode defined for component null
2026-01-07 19:20:26,743 [WARN] ModelIntegratedComponent:63 - No mode defined for component null
2026-01-07 19:20:26,743 [WARN] ModelIntegratedComponent:63 - No mode defined for component null
2026-01-07 19:20:26,743 [WARN] ModelIntegratedComponent:63 - No mode defined for component null
2026-01-07 19:20:26,743 [WARN] ModelIntegratedComponent:63 - No mode defined for component null
2026-01-07 19:20:26,743 [WARN] ModelIntegratedComponent:63 - No mode defined for component null
2026-01-07 19:20:26,743 [WARN] ModelIntegratedComponent:63 - No mode defined for component null
2026-01-07 19:20:26,743 [WARN] ModelIntegratedComponent:63 - No mode defined for component null
2026-01-07 19:20:26,743 [WARN] ModelIntegratedComponent:63 - No mode defined for component null
2026-01-07 19:20:26,743 [WARN] ModelIntegratedComponent:63 - No mode defined for component null
2026-01-07 19:20:26,743 [WARN] ModelIntegratedComponent:63 - No mode defined for component null
2026-01-07 19:20:26,743 [WARN] ModelIntegratedComponent:63 - No mode defined for component null
2026-01-07 19:20:26,743 [WARN] ModelIntegratedComponent:63 - No mode defined for component null
2026-01-07 19:20:26,743 [WARN] ModelIntegratedComponent:63 - No mode defined for component null
2026-01-07 19:20:26,744 [WARN] ModelIntegratedComponent:63 - No mode defined for component null
2026-01-07 19:20:26,744 [WARN] ModelIntegratedComponent:63 - No mode defined for component null
2026-01-07 19:20:26,744 [WARN] ModelIntegratedComponent:63 - No mode defined for component null
2026-01-07 19:20:26,744 [WARN] ModelIntegratedComponent:63 - No mode defined for component null
2026-01-07 19:20:26,744 [WARN] ModelIntegratedComponent:63 - No mode defined for component null
2026-01-07 19:20:26,744 [WARN] ModelIntegratedComponent:63 - No mode defined for component null
2026-01-07 19:20:26,744 [WARN] ModelIntegratedComponent:63 - No mode defined for component null
2026-01-07 19:20:26,744 [WARN] ModelIntegratedComponent:63 - No mode defined for component null
2026-01-07 19:20:26,744 [WARN] ModelIntegratedComponent:63 - No mode defined for component null
2026-01-07 19:20:26,744 [WARN] ModelPack:524 - Component already loaded: STMicroelectronics:HAL Drivers:0.0.0:STMicroelectronics:Device:STMicro_Driver:XSPI:HAL::0.0.1:HAL_XSPI
2026-01-07 19:20:27,009 [INFO] ThirdPartyModel:298 - Start build external matchings
2026-01-07 19:20:28,230 [INFO] ThirdPartyModel:316 - End build external matchings
2026-01-07 19:20:28,278 [INFO] ImportTextPane:234 - (OptionalMessage_ERROR) IP (RCC) : Parameter (ADCFreqValue) has invalid value (36000000)
2026-01-07 19:20:28,278 [INFO] ImportTextPane:234 - (OptionalMessage_ERROR) IP (RCC) : Invalid parameter (FamilyName)
2026-01-07 19:20:28,278 [INFO] ImportTextPane:234 - (OptionalMessage_ERROR) IP (RCC) : Parameter (MCOFreq_Value) has invalid value (72000000)
2026-01-07 19:20:28,279 [INFO] ImportTextPane:234 - (OptionalMessage_ERROR) IP (RCC) : Parameter (USBFreq_Value) has invalid value (72000000)
2026-01-07 19:20:28,591 [INFO] UtilMem:75 - End LoadConfig() Used Memory: 744227536 Bytes (1073741824)
2026-01-07 19:20:28,674 [WARN] ThirdParty:833 - waiting for thirdparty lock release [change project]
2026-01-07 19:20:28,675 [INFO] ThirdParty:835 - entering critical section [change project]
2026-01-07 19:20:28,675 [INFO] ThirdParty:1030 - CMSIS Pack Vendor :STMicroelectronics X-CUBE-PM33A1 1.0.0
2026-01-07 19:20:28,675 [INFO] ThirdParty:1030 - CMSIS Pack Vendor :STMicroelectronics USBPD 4.1
2026-01-07 19:20:28,675 [INFO] ThirdParty:1030 - CMSIS Pack Vendor :STMicroelectronics USB_HOST 2.0.0
2026-01-07 19:20:28,675 [INFO] ThirdParty:1030 - CMSIS Pack Vendor :STMicroelectronics FP-SNS-MOTENVWB1 1.4.0
2026-01-07 19:20:28,675 [INFO] ThirdParty:1030 - CMSIS Pack Vendor :STMicroelectronics X-CUBE-AZRTOS-F4 1.1.0
2026-01-07 19:20:28,675 [INFO] ThirdParty:1030 - CMSIS Pack Vendor :STMicroelectronics LIBJPEG 8.0.0
2026-01-07 19:20:28,676 [INFO] ThirdParty:1030 - CMSIS Pack Vendor :STMicroelectronics FP-ATR-ASTRA1 2.0.2
2026-01-07 19:20:28,676 [INFO] ThirdParty:1030 - CMSIS Pack Vendor :STMicroelectronics X-CUBE-SMBUS 2.1.0
2026-01-07 19:20:28,676 [INFO] ThirdParty:1030 - CMSIS Pack Vendor :STMicroelectronics X-CUBE-WB05N 1.1.0
2026-01-07 19:20:28,676 [INFO] ThirdParty:1030 - CMSIS Pack Vendor :STMicroelectronics X-CUBE-ISPU 2.1.0
2026-01-07 19:20:28,676 [INFO] ThirdParty:1030 - CMSIS Pack Vendor :STMicroelectronics X-CUBE-IPS 3.2.0
2026-01-07 19:20:28,676 [INFO] ThirdParty:1030 - CMSIS Pack Vendor :STMicroelectronics X-CUBE-NFC12 1.0.0
2026-01-07 19:20:28,676 [INFO] ThirdParty:1030 - CMSIS Pack Vendor :STMicroelectronics X-CUBE-AZRTOS-F7 1.1.0
2026-01-07 19:20:28,676 [INFO] ThirdParty:1030 - CMSIS Pack Vendor :STMicroelectronics X-CUBE-AZRTOS-L5 2.0.0
2026-01-07 19:20:28,676 [INFO] ThirdParty:1030 - CMSIS Pack Vendor :STMicroelectronics USB_DEVICE 2.0.0
2026-01-07 19:20:28,676 [INFO] ThirdParty:1030 - CMSIS Pack Vendor :STMicroelectronics X-CUBE-NFC6 3.1.0
2026-01-07 19:20:28,676 [INFO] ThirdParty:1030 - CMSIS Pack Vendor :STMicroelectronics FP-SNS-MOTENV1 5.1.0
2026-01-07 19:20:28,676 [INFO] ThirdParty:1030 - CMSIS Pack Vendor :STMicroelectronics FreeRTOS 0.0.1
2026-01-07 19:20:28,676 [INFO] ThirdParty:1030 - CMSIS Pack Vendor :STMicroelectronics X-CUBE-DPower 1.2.0
2026-01-07 19:20:28,676 [INFO] ThirdParty:1030 - CMSIS Pack Vendor :Infineon AIROC-Wi-Fi-Bluetooth-STM32 1.7.0
2026-01-07 19:20:28,676 [INFO] ThirdParty:1030 - CMSIS Pack Vendor :STMicroelectronics PDM2PCM 3.3.0
2026-01-07 19:20:28,676 [INFO] ThirdParty:1030 - CMSIS Pack Vendor :STMicroelectronics X-CUBE-AZRTOS-H7 3.4.0
2026-01-07 19:20:28,676 [INFO] ThirdParty:1030 - CMSIS Pack Vendor :STMicroelectronics X-CUBE-DISPLAY 3.0.0
2026-01-07 19:20:28,677 [INFO] ThirdParty:1030 - CMSIS Pack Vendor :STMicroelectronics X-CUBE-NFC10 1.0.0
2026-01-07 19:20:28,677 [INFO] ThirdParty:1030 - CMSIS Pack Vendor :STMicroelectronics X-CUBE-BLEMGR 4.0.0
2026-01-07 19:20:28,677 [INFO] ThirdParty:1030 - CMSIS Pack Vendor :STMicroelectronics HAL Drivers 0.0.0
2026-01-07 19:20:28,677 [INFO] ThirdParty:1030 - CMSIS Pack Vendor :STMicroelectronics X-CUBE-ST60 1.1.0
2026-01-07 19:20:28,677 [INFO] ThirdParty:1030 - CMSIS Pack Vendor :emotas I-CUBE-CANOPEN 1.3.0
2026-01-07 19:20:28,677 [INFO] ThirdParty:1030 - CMSIS Pack Vendor :STMicroelectronics X-CUBE-FREERTOS 1.3.0
2026-01-07 19:20:28,677 [INFO] ThirdParty:1030 - CMSIS Pack Vendor :STMicroelectronics X-CUBE-NFC7 1.0.1
2026-01-07 19:20:28,677 [INFO] ThirdParty:1030 - CMSIS Pack Vendor :STMicroelectronics MBEDTLS 2.14.1
2026-01-07 19:20:28,677 [INFO] ThirdParty:1030 - CMSIS Pack Vendor :STMicroelectronics X-CUBE-GNSS1 7.1.0
2026-01-07 19:20:28,677 [INFO] ThirdParty:1030 - CMSIS Pack Vendor :STMicroelectronics X-CUBE-TOUCHGFX 4.26.0
2026-01-07 19:20:28,677 [INFO] ThirdParty:1030 - CMSIS Pack Vendor :quantropi X-CUBE-qispace-sdk-base 2.0.0
2026-01-07 19:20:28,677 [INFO] ThirdParty:1030 - CMSIS Pack Vendor :STMicroelectronics X-CUBE-AI 10.0.0
2026-01-07 19:20:28,677 [INFO] ThirdParty:1030 - CMSIS Pack Vendor :STMicroelectronics FP-SNS-STBOX1 2.1.0
2026-01-07 19:20:28,677 [INFO] ThirdParty:1030 - CMSIS Pack Vendor :STMicroelectronics FP-SNS-STAIOTCFT 1.0.0
2026-01-07 19:20:28,677 [INFO] ThirdParty:1030 - CMSIS Pack Vendor :STMicroelectronics FP-SNS-SMARTAG2 1.2.0
2026-01-07 19:20:28,677 [INFO] ThirdParty:1030 - CMSIS Pack Vendor :STMicroelectronics FP-SNS-FLIGHT1 5.1.0
2026-01-07 19:20:28,677 [INFO] ThirdParty:1030 - CMSIS Pack Vendor :STMicroelectronics X-CUBE-MEMS1 11.1.0
2026-01-07 19:20:28,677 [INFO] ThirdParty:1030 - CMSIS Pack Vendor :STMicroelectronics X-CUBE-AZRTOS-WL 2.0.0
2026-01-07 19:20:28,677 [INFO] ThirdParty:1030 - CMSIS Pack Vendor :STMicroelectronics X-CUBE-DPower 1.3.0
2026-01-07 19:20:28,677 [INFO] ThirdParty:1030 - CMSIS Pack Vendor :STMicroelectronics FP-SNS-MOTENV1 5.0.0
2026-01-07 19:20:28,677 [INFO] ThirdParty:1030 - CMSIS Pack Vendor :STMicroelectronics USB_DEVICE 1.0.0
2026-01-07 19:20:28,677 [INFO] ThirdParty:1030 - CMSIS Pack Vendor :STMicroelectronics X-CUBE-AZRTOS-H7RS 1.2.0
2026-01-07 19:20:28,677 [INFO] ThirdParty:1030 - CMSIS Pack Vendor :STMicroelectronics X-CUBE-AZRTOS-L4 2.0.0
2026-01-07 19:20:28,677 [INFO] ThirdParty:1030 - CMSIS Pack Vendor :STMicroelectronics ThreadX 0.0.2
2026-01-07 19:20:28,678 [INFO] ThirdParty:1030 - CMSIS Pack Vendor :WES I-CUBE-Cesium 1.3.0
2026-01-07 19:20:28,678 [INFO] ThirdParty:1030 - CMSIS Pack Vendor :STMicroelectronics lwIP 2.1.2
2026-01-07 19:20:28,678 [INFO] ThirdParty:1030 - CMSIS Pack Vendor :STMicroelectronics X-CUBE-SFXS2LP1 4.0.0
2026-01-07 19:20:28,678 [INFO] ThirdParty:1030 - CMSIS Pack Vendor :STMicroelectronics X-CUBE-BLE2 3.3.0
2026-01-07 19:20:28,678 [INFO] ThirdParty:1030 - CMSIS Pack Vendor :Avnet-IOTCONNECT X-CUBE-iotc-st67-sdk 1.0.0
2026-01-07 19:20:28,678 [INFO] ThirdParty:1030 - CMSIS Pack Vendor :STMicroelectronics PDM2PCM 3.2.0
2026-01-07 19:20:28,678 [INFO] ThirdParty:1030 - CMSIS Pack Vendor :STMicroelectronics X-CUBE-AZRTOS-H7 3.3.0
2026-01-07 19:20:28,678 [INFO] ThirdParty:1030 - CMSIS Pack Vendor :STMicroelectronics X-CUBE-NFC9 1.0.0
2026-01-07 19:20:28,678 [INFO] ThirdParty:1030 - CMSIS Pack Vendor :STMicroelectronics X-CUBE-BLE1 7.1.0
2026-01-07 19:20:28,678 [INFO] ThirdParty:1030 - CMSIS Pack Vendor :wolfSSL I-CUBE-wolfMQTT 1.19.2
2026-01-07 19:20:28,678 [INFO] ThirdParty:1030 - CMSIS Pack Vendor :STMicroelectronics USB_DEVICE 3.0.0
2026-01-07 19:20:28,678 [INFO] ThirdParty:1030 - CMSIS Pack Vendor :STMicroelectronics X-CUBE-FREERTOS 1.4.0
2026-01-07 19:20:28,678 [INFO] ThirdParty:1030 - CMSIS Pack Vendor :STMicroelectronics X-CUBE-EEPRMA1 5.2.0
2026-01-07 19:20:28,678 [INFO] ThirdParty:1030 - CMSIS Pack Vendor :STMicroelectronics X-CUBE-BLEMGR 4.1.0
2026-01-07 19:20:28,678 [INFO] ThirdParty:1030 - CMSIS Pack Vendor :STMicroelectronics X-CUBE-AZRTOS-WB 2.0.0
2026-01-07 19:20:28,678 [INFO] ThirdParty:1030 - CMSIS Pack Vendor :STMicroelectronics X-CUBE-GNSS1 7.0.1
2026-01-07 19:20:28,678 [INFO] ThirdParty:1030 - CMSIS Pack Vendor :STMicroelectronics X-CUBE-TOUCHGFX 4.25.0
2026-01-07 19:20:28,678 [INFO] ThirdParty:1030 - CMSIS Pack Vendor :STMicroelectronics X-CUBE-ST67W61 1.1.0
2026-01-07 19:20:28,678 [INFO] ThirdParty:1030 - CMSIS Pack Vendor :STMicroelectronics FP-SNS-STBOX1 2.0.0
2026-01-07 19:20:28,678 [INFO] ThirdParty:1030 - CMSIS Pack Vendor :STMicroelectronics X-CUBE-MEMS1 12.0.0
2026-01-07 19:20:28,678 [INFO] ThirdParty:1030 - CMSIS Pack Vendor :STMicroelectronics X-CUBE-AZRTOS-G0 1.1.0
2026-01-07 19:20:28,678 [INFO] ThirdParty:1030 - CMSIS Pack Vendor :STMicroelectronics X-CUBE-SAFEA1 1.2.2
2026-01-07 19:20:28,678 [INFO] ThirdParty:1030 - CMSIS Pack Vendor :STMicroelectronics X-CUBE-NFC4 3.0.0
2026-01-07 19:20:28,678 [INFO] ThirdParty:1030 - CMSIS Pack Vendor :STMicroelectronics X-CUBE-SUBG2 5.0.0
2026-01-07 19:20:28,678 [INFO] ThirdParty:1030 - CMSIS Pack Vendor :STMicroelectronics X-CUBE-AZRTOS-H7RS 1.1.0
2026-01-07 19:20:28,678 [INFO] ThirdParty:1030 - CMSIS Pack Vendor :STMicroelectronics STM32_WPAN 1.0.0
2026-01-07 19:20:28,678 [INFO] ThirdParty:1030 - CMSIS Pack Vendor :EmbeddedOffice I-CUBE-FS-RTOS 1.0.1
2026-01-07 19:20:28,678 [INFO] ThirdParty:1030 - CMSIS Pack Vendor :STMicroelectronics lwIP 2.0.3
2026-01-07 19:20:28,678 [INFO] ThirdParty:1030 - CMSIS Pack Vendor :Cesanta I-CUBE-Mongoose 7.13.0
2026-01-07 19:20:28,678 [INFO] ThirdParty:1030 - CMSIS Pack Vendor :STMicroelectronics USB_HOST 1.0.0
2026-01-07 19:20:28,678 [INFO] ThirdParty:1030 - CMSIS Pack Vendor :STMicroelectronics X-CUBE-AZRTOS-G4 2.0.0
2026-01-07 19:20:28,678 [INFO] ThirdParty:1030 - CMSIS Pack Vendor :STMicroelectronics X-CUBE-WB05N 2.0.0
2026-01-07 19:20:28,678 [INFO] ThirdParty:1030 - CMSIS Pack Vendor :STMicroelectronics PDM2PCM 3.1.0
2026-01-07 19:20:28,678 [INFO] ThirdParty:1030 - CMSIS Pack Vendor :wolfSSL I-CUBE-wolfTPM 3.8.0
2026-01-07 19:20:28,678 [INFO] ThirdParty:1030 - CMSIS Pack Vendor :wolfSSL I-CUBE-wolfSSH 1.4.20
2026-01-07 19:20:28,679 [INFO] ThirdParty:1030 - CMSIS Pack Vendor :STMicroelectronics X-CUBE-NFC7 2.0.0
2026-01-07 19:20:28,679 [INFO] ThirdParty:1030 - CMSIS Pack Vendor :STMicroelectronics X-CUBE-TCPP 4.2.0
2026-01-07 19:20:28,679 [INFO] ThirdParty:1030 - CMSIS Pack Vendor :RealThread X-CUBE-RT-Thread_Nano 4.1.1
2026-01-07 19:20:28,679 [INFO] ThirdParty:1030 - CMSIS Pack Vendor :STMicroelectronics FP-ATR-SIGFOX1 3.2.0
2026-01-07 19:20:28,679 [INFO] ThirdParty:1030 - CMSIS Pack Vendor :STMicroelectronics X-CUBE-EEPRMA1 5.1.0
2026-01-07 19:20:28,679 [INFO] ThirdParty:1030 - CMSIS Pack Vendor :STMicroelectronics MBEDTLS 2.16.2
2026-01-07 19:20:28,679 [INFO] ThirdParty:1030 - CMSIS Pack Vendor :STMicroelectronics X-CUBE-IPS 3.1.0
2026-01-07 19:20:28,679 [INFO] ThirdParty:1030 - CMSIS Pack Vendor :STMicroelectronics X-CUBE-ALS 1.0.2
2026-01-07 19:20:28,679 [INFO] ThirdParty:1030 - CMSIS Pack Vendor :wolfSSL I-CUBE-wolfSSL 5.7.6
2026-01-07 19:20:28,679 [INFO] ThirdParty:1030 - CMSIS Pack Vendor :ITTIA_DB I-CUBE-ITTIADB 8.9.0
2026-01-07 19:20:28,679 [INFO] ThirdParty:1030 - CMSIS Pack Vendor :STMicroelectronics X-CUBE-STSE01 1.0.0
2026-01-07 19:20:28,679 [INFO] ThirdParty:1030 - CMSIS Pack Vendor :portGmbH I-Cube-SoM-uGOAL 1.1.0
2026-01-07 19:20:28,679 [INFO] ThirdParty:1030 - CMSIS Pack Vendor :STMicroelectronics X-CUBE-AI 10.2.0
2026-01-07 19:20:28,679 [INFO] ThirdParty:1030 - CMSIS Pack Vendor :STMicroelectronics ThreadX 1.0.0
2026-01-07 19:20:28,679 [INFO] ThirdParty:1030 - CMSIS Pack Vendor :SEGGER I-CUBE-embOS 1.3.1
2026-01-07 19:20:28,679 [INFO] ThirdParty:1030 - CMSIS Pack Vendor :STMicroelectronics X-CUBE-ALGOBUILD 1.4.0
2026-01-07 19:20:28,679 [INFO] ThirdParty:1030 - CMSIS Pack Vendor :STMicroelectronics X-CUBE-TOF1 3.4.2
2026-01-07 19:20:28,679 [INFO] ThirdParty:1030 - CMSIS Pack Vendor :STMicroelectronics X-CUBE-TOF1 3.4.3
2026-01-07 19:20:28,679 [INFO] ThirdParty:841 - exiting critical section [change project]
2026-01-07 19:20:28,843 [INFO] PinOutPanel:1589 - setPackage(No Configuration,No Configuration)
2026-01-07 19:20:28,843 [INFO] PinOutPanel:1589 - setPackage(STM32F103C8Tx,LQFP48)
2026-01-07 19:20:29,337 [INFO] UtilMem:75 - Before build in PCC Used Memory: 861758792 Bytes (1073741824)
2026-01-07 19:20:29,746 [INFO] UtilMem:75 - After build in PCC Used Memory: 905211816 Bytes (1073741824)
2026-01-07 19:20:29,768 [INFO] IPUIPlugin:80 - create IPUIPlugin
2026-01-07 19:20:29,768 [INFO] IPUIPlugin:80 - create IPUIPlugin
2026-01-07 19:20:29,768 [INFO] IPUIPlugin:80 - create IPUIPlugin
2026-01-07 19:20:29,768 [INFO] IPUIPlugin:80 - create IPUIPlugin
2026-01-07 19:20:29,768 [INFO] IPUIPlugin:80 - create IPUIPlugin
2026-01-07 19:20:29,768 [INFO] IPUIPlugin:80 - create IPUIPlugin
2026-01-07 19:20:29,768 [INFO] IPUIPlugin:80 - create IPUIPlugin
2026-01-07 19:20:29,768 [INFO] IPUIPlugin:80 - create IPUIPlugin
2026-01-07 19:20:29,769 [INFO] IPUIPlugin:80 - create IPUIPlugin
2026-01-07 19:20:29,769 [INFO] IPUIPlugin:80 - create IPUIPlugin
2026-01-07 19:20:29,769 [INFO] IPUIPlugin:80 - create IPUIPlugin
2026-01-07 19:20:29,769 [INFO] IPUIPlugin:80 - create IPUIPlugin
2026-01-07 19:20:29,769 [INFO] IPUIPlugin:80 - create IPUIPlugin
2026-01-07 19:20:29,770 [INFO] IPUIPlugin:80 - create IPUIPlugin
2026-01-07 19:20:29,770 [INFO] IPUIPlugin:80 - create IPUIPlugin
2026-01-07 19:20:29,770 [INFO] IPUIPlugin:80 - create IPUIPlugin
2026-01-07 19:20:29,770 [INFO] IPUIPlugin:80 - create IPUIPlugin
2026-01-07 19:20:29,770 [INFO] IPUIPlugin:80 - create IPUIPlugin
2026-01-07 19:20:29,771 [INFO] IPUIPlugin:80 - create IPUIPlugin
2026-01-07 19:20:29,771 [INFO] IPUIPlugin:80 - create IPUIPlugin
2026-01-07 19:20:29,771 [INFO] IPUIPlugin:80 - create IPUIPlugin
2026-01-07 19:20:29,771 [INFO] IPUIPlugin:80 - create IPUIPlugin
2026-01-07 19:20:29,772 [INFO] IPUIPlugin:80 - create IPUIPlugin
2026-01-07 19:20:29,772 [INFO] IPUIPlugin:80 - create IPUIPlugin
2026-01-07 19:20:29,772 [INFO] IPUIPlugin:80 - create IPUIPlugin
2026-01-07 19:20:29,772 [INFO] IPUIPlugin:80 - create IPUIPlugin
2026-01-07 19:20:29,773 [INFO] IPUIPlugin:80 - create IPUIPlugin
2026-01-07 19:20:29,839 [INFO] CADModel:165 - CPN selected for project levelSTM32F103C8T6
2026-01-07 19:20:29,840 [INFO] CADModel:114 - Register for checkConnection events
2026-01-07 19:20:29,939 [INFO] OpenFileManager:386 - Restore cursor
2026-01-07 19:20:36,888 [INFO] Gpio:278 - dependency for GPIO [RCC, SPI1, SYS, USART1]
2026-01-07 19:21:44,803 [INFO] UtilMem:75 - End SaveConfig() Used Memory: 653477568 Bytes (1073741824)
2026-01-07 19:21:46,163 [INFO] UtilMem:75 - End SaveConfig() Used Memory: 671979256 Bytes (1073741824)
2026-01-07 19:21:47,690 [INFO] UtilMem:75 - End SaveConfig() Used Memory: 735179792 Bytes (1073741824)
2026-01-07 19:21:48,217 [INFO] BlockDiagram:2775 - set Specific Code input for plugin: SPI
2026-01-07 19:21:48,217 [INFO] BlockDiagram:2775 - set Specific Code input for plugin: NVIC
2026-01-07 19:21:48,218 [INFO] BlockDiagram:2775 - set Specific Code input for plugin: USART
2026-01-07 19:21:48,218 [INFO] BlockDiagram:2775 - set Specific Code input for plugin: SYS
2026-01-07 19:21:48,218 [INFO] BlockDiagram:2775 - set Specific Code input for plugin: GPIO
2026-01-07 19:21:48,218 [INFO] BlockDiagram:2775 - set Specific Code input for plugin: RCC
2026-01-07 19:21:48,219 [INFO] CodeGenerator:892 - code generatio: config db path: D:\installs\STM32CubeIDE_1.19.0\STM32CubeIDE\plugins\com.st.stm32cube.common.mx_6.15.0.202507011659\\db\
2026-01-07 19:21:48,366 [INFO] CodeEngine:265 - oldGeneratedFile, D:\projects\stm32_cube_ide\LoRa_test\MXTmpFiles\license.tmp_save
2026-01-07 19:21:48,779 [INFO] CodeEngine:289 - Generated code: D:\projects\stm32_cube_ide\LoRa_test\MXTmpFiles\license.tmp
2026-01-07 19:21:48,859 [INFO] CodeEngine:265 - oldGeneratedFile, D:\projects\stm32_cube_ide\LoRa_test\MXTmpFiles\gpio.tmp_save
2026-01-07 19:21:49,071 [INFO] CodeEngine:289 - Generated code: D:\projects\stm32_cube_ide\LoRa_test\MXTmpFiles\gpio.tmp
2026-01-07 19:21:49,215 [INFO] CodeEngine:265 - oldGeneratedFile, D:\projects\stm32_cube_ide\LoRa_test\Core\Src\stm32f1xx_it.c_save
2026-01-07 19:21:49,411 [INFO] CodeEngine:289 - Generated code: D:\projects\stm32_cube_ide\LoRa_test\Core\Src\stm32f1xx_it.c
2026-01-07 19:21:49,421 [INFO] CodeEngine:265 - oldGeneratedFile, D:\projects\stm32_cube_ide\LoRa_test\Core\Inc\stm32f1xx_it.h_save
2026-01-07 19:21:49,565 [INFO] CodeEngine:289 - Generated code: D:\projects\stm32_cube_ide\LoRa_test\Core\Inc\stm32f1xx_it.h
2026-01-07 19:21:49,581 [INFO] CodeEngine:265 - oldGeneratedFile, D:\projects\stm32_cube_ide\LoRa_test\Core\Src\stm32f1xx_hal_msp.c_save
2026-01-07 19:21:49,779 [INFO] CodeEngine:289 - Generated code: D:\projects\stm32_cube_ide\LoRa_test\Core\Src\stm32f1xx_hal_msp.c
2026-01-07 19:21:49,785 [INFO] CodeEngine:265 - oldGeneratedFile, D:\projects\stm32_cube_ide\LoRa_test\MXTmpFiles\system.tmp_save
2026-01-07 19:21:49,889 [INFO] CodeEngine:289 - Generated code: D:\projects\stm32_cube_ide\LoRa_test\MXTmpFiles\system.tmp
2026-01-07 19:21:49,903 [INFO] CodeEngine:321 - oldGeneratedFile, D:\projects\stm32_cube_ide\LoRa_test\Core\Inc\stm32f1xx_hal_conf.h_save
2026-01-07 19:21:50,024 [INFO] CodeEngine:345 - Generated code: D:\projects\stm32_cube_ide\LoRa_test\Core\Inc\stm32f1xx_hal_conf.h
2026-01-07 19:21:50,056 [INFO] ApiDbMcu:532 - Load IP Config File for SPI1
2026-01-07 19:21:50,060 [INFO] ApiDbMcu:532 - Load IP Config File for USART1
2026-01-07 19:21:50,064 [INFO] ApiDbMcu:532 - Load IP Config File for RCC
2026-01-07 19:21:50,076 [INFO] CodeEngine:265 - oldGeneratedFile, D:\projects\stm32_cube_ide\LoRa_test\Core\Inc\main.h_save
2026-01-07 19:21:50,196 [INFO] CodeEngine:289 - Generated code: D:\projects\stm32_cube_ide\LoRa_test\Core\Inc\main.h
2026-01-07 19:21:50,204 [INFO] CodeEngine:265 - oldGeneratedFile, D:\projects\stm32_cube_ide\LoRa_test\Core\Src\main.c_save
2026-01-07 19:21:50,386 [INFO] CodeEngine:289 - Generated code: D:\projects\stm32_cube_ide\LoRa_test\Core\Src\main.c
2026-01-07 19:21:50,839 [INFO] ProjectBuilder:3606 - Time for Copy HAL[1] : 194mS.
2026-01-07 19:21:50,845 [INFO] ProjectBuilder:5216 - Project Generator version: 4.7.0-B52
2026-01-07 19:21:50,974 [INFO] ConfigFileManager:1595 - The Die is : DIE410
2026-01-07 19:21:50,979 [INFO] ApiDbMcu:532 - Load IP Config File for FATFS
2026-01-07 19:21:50,985 [INFO] ApiDbMcu:532 - Load IP Config File for FREERTOS
2026-01-07 19:21:50,992 [INFO] ApiDbMcu:532 - Load IP Config File for USB_DEVICE
2026-01-07 19:21:52,512 [INFO] ProjectBuilder:5496 - Time for Generating toolchain IDE Files: 1667mS.
2026-01-07 19:21:52,513 [INFO] ProjectBuilder:3463 - Time for Copy CMSIS : 0mS.
2026-01-07 19:21:52,516 [INFO] ProjectBuilder:3463 - Time for Copy CMSIS : 0mS.
2026-01-07 19:25:38,169 [INFO] UtilMem:75 - End SaveConfig() Used Memory: 827873960 Bytes (1073741824)
2026-01-07 19:25:40,781 [INFO] UtilMem:75 - End SaveConfig() Used Memory: 845695336 Bytes (1073741824)
2026-01-07 19:25:42,979 [INFO] UtilMem:75 - End SaveConfig() Used Memory: 909132136 Bytes (1073741824)
2026-01-07 19:25:43,181 [INFO] BlockDiagram:2775 - set Specific Code input for plugin: SPI
2026-01-07 19:25:43,181 [INFO] BlockDiagram:2775 - set Specific Code input for plugin: NVIC
2026-01-07 19:25:43,181 [INFO] BlockDiagram:2775 - set Specific Code input for plugin: USART
2026-01-07 19:25:43,181 [INFO] BlockDiagram:2775 - set Specific Code input for plugin: SYS
2026-01-07 19:25:43,181 [INFO] BlockDiagram:2775 - set Specific Code input for plugin: GPIO
2026-01-07 19:25:43,181 [INFO] BlockDiagram:2775 - set Specific Code input for plugin: RCC
2026-01-07 19:25:43,182 [INFO] CodeGenerator:892 - code generatio: config db path: D:\installs\STM32CubeIDE_1.19.0\STM32CubeIDE\plugins\com.st.stm32cube.common.mx_6.15.0.202507011659\\db\
2026-01-07 19:25:43,293 [INFO] CodeEngine:265 - oldGeneratedFile, D:\projects\stm32_cube_ide\LoRa_test\MXTmpFiles\license.tmp_save
2026-01-07 19:25:43,405 [INFO] CodeEngine:289 - Generated code: D:\projects\stm32_cube_ide\LoRa_test\MXTmpFiles\license.tmp
2026-01-07 19:25:43,455 [INFO] CodeEngine:265 - oldGeneratedFile, D:\projects\stm32_cube_ide\LoRa_test\Core\Src\gpio.c_save
2026-01-07 19:25:43,562 [INFO] CodeEngine:289 - Generated code: D:\projects\stm32_cube_ide\LoRa_test\Core\Src\gpio.c
2026-01-07 19:25:43,567 [INFO] CodeEngine:265 - oldGeneratedFile, D:\projects\stm32_cube_ide\LoRa_test\Core\Inc\gpio.h_save
2026-01-07 19:25:43,664 [INFO] CodeEngine:289 - Generated code: D:\projects\stm32_cube_ide\LoRa_test\Core\Inc\gpio.h
2026-01-07 19:25:43,734 [INFO] CodeEngine:265 - oldGeneratedFile, D:\projects\stm32_cube_ide\LoRa_test\Core\Src\spi.c_save
2026-01-07 19:25:43,900 [INFO] CodeEngine:289 - Generated code: D:\projects\stm32_cube_ide\LoRa_test\Core\Src\spi.c
2026-01-07 19:25:43,913 [INFO] CodeEngine:265 - oldGeneratedFile, D:\projects\stm32_cube_ide\LoRa_test\Core\Inc\spi.h_save
2026-01-07 19:25:44,012 [INFO] CodeEngine:289 - Generated code: D:\projects\stm32_cube_ide\LoRa_test\Core\Inc\spi.h
2026-01-07 19:25:44,024 [INFO] CodeEngine:265 - oldGeneratedFile, D:\projects\stm32_cube_ide\LoRa_test\Core\Src\usart.c_save
2026-01-07 19:25:44,159 [INFO] CodeEngine:289 - Generated code: D:\projects\stm32_cube_ide\LoRa_test\Core\Src\usart.c
2026-01-07 19:25:44,165 [INFO] CodeEngine:265 - oldGeneratedFile, D:\projects\stm32_cube_ide\LoRa_test\Core\Inc\usart.h_save
2026-01-07 19:25:44,271 [INFO] CodeEngine:289 - Generated code: D:\projects\stm32_cube_ide\LoRa_test\Core\Inc\usart.h
2026-01-07 19:25:44,287 [INFO] CodeEngine:265 - oldGeneratedFile, D:\projects\stm32_cube_ide\LoRa_test\Core\Src\stm32f1xx_it.c_save
2026-01-07 19:25:44,397 [INFO] CodeEngine:289 - Generated code: D:\projects\stm32_cube_ide\LoRa_test\Core\Src\stm32f1xx_it.c
2026-01-07 19:25:44,406 [INFO] CodeEngine:265 - oldGeneratedFile, D:\projects\stm32_cube_ide\LoRa_test\Core\Inc\stm32f1xx_it.h_save
2026-01-07 19:25:44,511 [INFO] CodeEngine:289 - Generated code: D:\projects\stm32_cube_ide\LoRa_test\Core\Inc\stm32f1xx_it.h
2026-01-07 19:25:44,525 [INFO] CodeEngine:265 - oldGeneratedFile, D:\projects\stm32_cube_ide\LoRa_test\Core\Src\stm32f1xx_hal_msp.c_save
2026-01-07 19:25:44,674 [INFO] CodeEngine:289 - Generated code: D:\projects\stm32_cube_ide\LoRa_test\Core\Src\stm32f1xx_hal_msp.c
2026-01-07 19:25:44,681 [INFO] CodeEngine:265 - oldGeneratedFile, D:\projects\stm32_cube_ide\LoRa_test\MXTmpFiles\system.tmp_save
2026-01-07 19:25:44,781 [INFO] CodeEngine:289 - Generated code: D:\projects\stm32_cube_ide\LoRa_test\MXTmpFiles\system.tmp
2026-01-07 19:25:44,793 [INFO] CodeEngine:321 - oldGeneratedFile, D:\projects\stm32_cube_ide\LoRa_test\Core\Inc\stm32f1xx_hal_conf.h_save
2026-01-07 19:25:44,909 [INFO] CodeEngine:345 - Generated code: D:\projects\stm32_cube_ide\LoRa_test\Core\Inc\stm32f1xx_hal_conf.h
2026-01-07 19:25:44,941 [INFO] CodeEngine:265 - oldGeneratedFile, D:\projects\stm32_cube_ide\LoRa_test\Core\Inc\main.h_save
2026-01-07 19:25:45,055 [INFO] CodeEngine:289 - Generated code: D:\projects\stm32_cube_ide\LoRa_test\Core\Inc\main.h
2026-01-07 19:25:45,068 [INFO] CodeEngine:265 - oldGeneratedFile, D:\projects\stm32_cube_ide\LoRa_test\Core\Src\main.c_save
2026-01-07 19:25:45,260 [INFO] CodeEngine:289 - Generated code: D:\projects\stm32_cube_ide\LoRa_test\Core\Src\main.c
2026-01-07 19:25:45,754 [INFO] ProjectBuilder:3606 - Time for Copy HAL[1] : 193mS.
2026-01-07 19:25:45,759 [INFO] ProjectBuilder:5216 - Project Generator version: 4.7.0-B52
2026-01-07 19:25:45,956 [INFO] ConfigFileManager:1595 - The Die is : DIE410
2026-01-07 19:25:47,057 [INFO] ProjectBuilder:5496 - Time for Generating toolchain IDE Files: 1298mS.
2026-01-07 19:25:47,058 [INFO] ProjectBuilder:3463 - Time for Copy CMSIS : 0mS.
2026-01-07 19:25:47,063 [INFO] ProjectBuilder:3463 - Time for Copy CMSIS : 0mS.
2026-01-07 19:45:04,698 [INFO] MainUpdater:2872 - connection check result : 10
2026-01-07 19:45:04,941 [INFO] McuFinderGlobals:76 - Set McuFinderConnectedMode to true
2026-01-07 19:45:04,951 [INFO] MultiScanPanel:200 - Auto-refresh data requested => check proxy status ongoing
2026-01-07 19:45:04,957 [INFO] FinderPluginLoader:96 - Searching for filters in installed packs
2026-01-07 19:45:06,274 [INFO] LoadUrlFilesThread:185 - End of LoadServerUrlFiles without Thread
2026-01-07 19:45:06,291 [INFO] DetailPanel:341 - Set advertising image to C:/Users/22142/STM32Cube/Repository/\en.prom-st67w-expansion-board.png
2026-01-07 19:45:37,677 [INFO] MainUpdater:2872 - connection check result : 10
2026-01-07 19:45:37,677 [INFO] MainUpdater:2872 - connection check result : 10
2026-01-07 19:45:37,740 [INFO] MicroXplorer:468 - Change Database Path : 
2026-01-07 19:45:37,740 [INFO] MicroXplorer:498 - Change Database Version : DB.6.0.150
2026-01-07 19:45:37,758 [ERROR] ProjectManagerView:395 - 
java.lang.NullPointerException: Cannot invoke "javax.swing.JTextField.getText()" because the return value of "java.util.List.get(int)" is null
	at com.st.microxplorer.plugins.projectmanager.gui.ProjectChoiceTab$9.caretUpdate(ProjectChoiceTab.java:2706) ~[filemanager.jar:?]
	at javax.swing.text.JTextComponent.fireCaretUpdate(JTextComponent.java:408) ~[?:?]
	at javax.swing.text.JTextComponent$MutableCaretEvent.fire(JTextComponent.java:4484) ~[?:?]
	at javax.swing.text.JTextComponent$MutableCaretEvent.stateChanged(JTextComponent.java:4506) ~[?:?]
	at javax.swing.text.DefaultCaret.fireStateChanged(DefaultCaret.java:857) ~[?:?]
	at javax.swing.text.DefaultCaret.changeCaretPosition(DefaultCaret.java:1343) ~[?:?]
	at javax.swing.text.DefaultCaret.handleSetDot(DefaultCaret.java:1242) ~[?:?]
	at javax.swing.text.DefaultCaret.setDot(DefaultCaret.java:1223) ~[?:?]
	at javax.swing.text.DefaultCaret$Handler.insertUpdate(DefaultCaret.java:1819) ~[?:?]
	at javax.swing.text.AbstractDocument.fireInsertUpdate(AbstractDocument.java:227) ~[?:?]
	at javax.swing.text.AbstractDocument.handleInsertString(AbstractDocument.java:781) ~[?:?]
	at javax.swing.text.AbstractDocument.insertString(AbstractDocument.java:740) ~[?:?]
	at javax.swing.text.PlainDocument.insertString(PlainDocument.java:131) ~[?:?]
	at javax.swing.text.AbstractDocument.replace(AbstractDocument.java:699) ~[?:?]
	at javax.swing.text.JTextComponent.setText(JTextComponent.java:1725) ~[?:?]
	at com.st.microxplorer.plugins.projectmanager.gui.ProjectChoiceTab.createHeapStackFields(ProjectChoiceTab.java:993) ~[filemanager.jar:?]
	at com.st.microxplorer.plugins.projectmanager.gui.ProjectChoiceTab.buildLinkSettingsPanel(ProjectChoiceTab.java:3813) ~[filemanager.jar:?]
	at com.st.microxplorer.plugins.projectmanager.gui.ProjectChoiceTab.defineWindowsFields(ProjectChoiceTab.java:1987) ~[filemanager.jar:?]
	at com.st.microxplorer.plugins.projectmanager.gui.ProjectChoiceTab.updateSettings(ProjectChoiceTab.java:558) ~[filemanager.jar:?]
	at com.st.microxplorer.plugins.projectmanager.gui.ProjectSettingsPanel.UpdateDialog(ProjectSettingsPanel.java:247) ~[filemanager.jar:?]
	at com.st.microxplorer.plugins.projectmanager.ProjectManagerView.propertyChange(ProjectManagerView.java:392) ~[filemanager.jar:?]
	at java.beans.PropertyChangeSupport.fire(PropertyChangeSupport.java:343) ~[?:?]
	at java.beans.PropertyChangeSupport.firePropertyChange(PropertyChangeSupport.java:335) ~[?:?]
	at java.beans.PropertyChangeSupport.firePropertyChange(PropertyChangeSupport.java:268) ~[?:?]
	at com.st.microxplorer.util.MXPropertyChangeSupport.firePropertyChange(MXPropertyChangeSupport.java:54) ~[STM32CubeMX.jar:?]
	at com.st.microxplorer.mxsystem.MxSystem.closeConfig(MxSystem.java:899) ~[STM32CubeMX.jar:?]
	at com.st.microxplorer.maingui.MainPanel.closeConfig(MainPanel.java:792) ~[STM32CubeMX.jar:?]
	at com.st.microxplorer.plugins.filemanager.engine.OpenFileManager.loadConfigurationFile(OpenFileManager.java:288) ~[filemanager.jar:?]
	at com.st.microxplorer.plugins.filemanager.engine.MainFileManager.userLoadConfig(MainFileManager.java:364) ~[filemanager.jar:?]
	at com.st.microxplorer.plugins.filemanager.engine.MainFileManager.userLoadConfig(MainFileManager.java:342) ~[filemanager.jar:?]
	at com.st.microxplorer.plugins.filemanager.FileManagerView.getSpecificTask(FileManagerView.java:264) ~[filemanager.jar:?]
	at com.st.stm32cube.common.mx.editor.CubeMxEditor.getMxTabbedPaneInstance(CubeMxEditor.java:1198) ~[com.st.stm32cube.common.mx_6.15.0.202507011659/:?]
	at com.st.stm32cube.common.mx.editor.CubeMxEditor$12$1.createSwingComponent(CubeMxEditor.java:1068) ~[com.st.stm32cube.common.mx_6.15.0.202507011659/:?]
	at com.st.stm32cube.common.mx.oss.core.awtswtbridge.EmbeddedSwingComposite.doComponentCreation(EmbeddedSwingComposite.java:492) ~[com.st.stm32cube.common.mx.oss_6.15.0.202507011659/:?]
	at com.st.stm32cube.common.mx.oss.core.awtswtbridge.EmbeddedSwingComposite$4.run(EmbeddedSwingComposite.java:291) ~[com.st.stm32cube.common.mx.oss_6.15.0.202507011659/:?]
	at com.st.stm32cube.common.mx.oss.core.awtswtbridge.AwtEnvironment$2.run(AwtEnvironment.java:166) ~[com.st.stm32cube.common.mx.oss_6.15.0.202507011659/:?]
	at java.awt.event.InvocationEvent.dispatch(InvocationEvent.java:318) ~[?:?]
	at java.awt.EventQueue.dispatchEventImpl(EventQueue.java:773) ~[?:?]
	at java.awt.EventQueue$4.run(EventQueue.java:720) ~[?:?]
	at java.awt.EventQueue$4.run(EventQueue.java:714) ~[?:?]
	at java.security.AccessController.doPrivileged(AccessController.java:400) ~[?:?]
	at java.security.ProtectionDomain$JavaSecurityAccessImpl.doIntersectionPrivilege(ProtectionDomain.java:87) ~[?:?]
	at java.awt.EventQueue.dispatchEvent(EventQueue.java:742) ~[?:?]
	at java.awt.EventDispatchThread.pumpOneEventForFilters(EventDispatchThread.java:203) ~[?:?]
	at java.awt.EventDispatchThread.pumpEventsForFilter(EventDispatchThread.java:124) ~[?:?]
	at java.awt.EventDispatchThread.pumpEventsForHierarchy(EventDispatchThread.java:113) ~[?:?]
	at java.awt.EventDispatchThread.pumpEvents(EventDispatchThread.java:109) ~[?:?]
	at java.awt.EventDispatchThread.pumpEvents(EventDispatchThread.java:101) ~[?:?]
	at java.awt.EventDispatchThread.run(EventDispatchThread.java:90) ~[?:?]
2026-01-07 19:45:37,760 [WARN] ThirdParty:871 - waiting for thirdparty lock release [close project]
2026-01-07 19:45:37,760 [INFO] ThirdParty:873 - entering critical section [close project]
2026-01-07 19:45:37,760 [INFO] ThirdParty:883 - exiting critical section [close project]
2026-01-07 19:45:37,761 [INFO] PinOutPanel:1589 - setPackage(No Configuration,No Configuration)
2026-01-07 19:45:37,763 [INFO] UtilMem:75 - Begin LoadConfig() Used Memory: 862827288 Bytes (1073741824)
2026-01-07 19:45:37,763 [INFO] MicroXplorer:468 - Change Database Path : 
2026-01-07 19:45:37,764 [INFO] MicroXplorer:498 - Change Database Version : DB.6.0.150
2026-01-07 19:45:37,764 [INFO] OpenFileManager:355 - Change cursor
2026-01-07 19:45:37,799 [INFO] RulesReader:64 - Compatibility file has been processed (317 Rules)
2026-01-07 19:45:37,812 [INFO] Mcu:2029 - Initializing MCU STM32F103C8Tx STM32F103C8Tx STM32F103C8T6
2026-01-07 19:45:38,346 [INFO] Context:786 - Trying to add GPIOservice into a context  which must be forbidden
2026-01-07 19:45:38,532 [INFO] ImportTextPane:234 - (OptionalMessage_ERROR) Unable to find key (Mcu.ThirdPartyNb) in loaded IOC file
2026-01-07 19:45:38,534 [INFO] ImportTextPane:234 - (OptionalMessage_ERROR) Unable to find key (Mcu.PinsNb) in loaded IOC file
2026-01-07 19:45:38,534 [INFO] ImportTextPane:234 - (OptionalMessage_ERROR) Pin0 (VP_RIF_VS_RIF1) cannot be retrieved for this MCU
2026-01-07 19:45:38,534 [INFO] ImportTextPane:234 - (OptionalMessage_ERROR) Unable to find key (Mcu.IPNb) in loaded IOC file
2026-01-07 19:45:38,585 [INFO] RtosManager:558 - Registered RTOS mode: class=CMSIS, group=RTOS, mode=CMSIS_V1, owner=FREERTOS
2026-01-07 19:45:38,585 [INFO] RtosManager:558 - Registered RTOS mode: class=CMSIS, group=RTOS2, mode=CMSIS_V2, owner=FREERTOS
2026-01-07 19:45:38,585 [INFO] RtosManager:558 - Registered RTOS mode: class=RTOS, group=Core, mode=CMSIS_V1, owner=FREERTOS
2026-01-07 19:45:38,585 [INFO] RtosManager:558 - Registered RTOS mode: class=RTOS, group=Core, mode=CMSIS_V2, owner=FREERTOS
2026-01-07 19:45:38,585 [WARN] ModelIntegratedComponent:184 - Missing modes for component STMicroelectronics:FreeRTOS:0.0.1:STMicroelectronics:RTOS:FreeRTOS:Core:::10.2.0:
2026-01-07 19:45:38,598 [WARN] ModelIntegratedComponent:63 - No mode defined for component null
2026-01-07 19:45:38,598 [WARN] ModelIntegratedComponent:63 - No mode defined for component null
2026-01-07 19:45:38,598 [WARN] ModelIntegratedComponent:63 - No mode defined for component null
2026-01-07 19:45:38,598 [WARN] ModelIntegratedComponent:63 - No mode defined for component null
2026-01-07 19:45:38,598 [WARN] ModelIntegratedComponent:63 - No mode defined for component null
2026-01-07 19:45:38,598 [WARN] ModelIntegratedComponent:63 - No mode defined for component null
2026-01-07 19:45:38,598 [WARN] ModelIntegratedComponent:63 - No mode defined for component null
2026-01-07 19:45:38,598 [WARN] ModelIntegratedComponent:63 - No mode defined for component null
2026-01-07 19:45:38,598 [WARN] ModelIntegratedComponent:63 - No mode defined for component null
2026-01-07 19:45:38,598 [WARN] ModelIntegratedComponent:63 - No mode defined for component null
2026-01-07 19:45:38,599 [WARN] ModelIntegratedComponent:63 - No mode defined for component null
2026-01-07 19:45:38,599 [WARN] ModelIntegratedComponent:63 - No mode defined for component null
2026-01-07 19:45:38,599 [WARN] ModelIntegratedComponent:63 - No mode defined for component null
2026-01-07 19:45:38,599 [WARN] ModelIntegratedComponent:63 - No mode defined for component null
2026-01-07 19:45:38,599 [WARN] ModelIntegratedComponent:63 - No mode defined for component null
2026-01-07 19:45:38,599 [WARN] ModelIntegratedComponent:63 - No mode defined for component null
2026-01-07 19:45:38,599 [WARN] ModelIntegratedComponent:63 - No mode defined for component null
2026-01-07 19:45:38,599 [WARN] ModelIntegratedComponent:63 - No mode defined for component null
2026-01-07 19:45:38,599 [WARN] ModelIntegratedComponent:63 - No mode defined for component null
2026-01-07 19:45:38,599 [WARN] ModelIntegratedComponent:63 - No mode defined for component null
2026-01-07 19:45:38,599 [WARN] ModelIntegratedComponent:63 - No mode defined for component null
2026-01-07 19:45:38,599 [WARN] ModelIntegratedComponent:63 - No mode defined for component null
2026-01-07 19:45:38,599 [WARN] ModelIntegratedComponent:63 - No mode defined for component null
2026-01-07 19:45:38,599 [WARN] ModelIntegratedComponent:63 - No mode defined for component null
2026-01-07 19:45:38,599 [WARN] ModelIntegratedComponent:63 - No mode defined for component null
2026-01-07 19:45:38,599 [WARN] ModelIntegratedComponent:63 - No mode defined for component null
2026-01-07 19:45:38,599 [WARN] ModelIntegratedComponent:63 - No mode defined for component null
2026-01-07 19:45:38,599 [WARN] ModelIntegratedComponent:63 - No mode defined for component null
2026-01-07 19:45:38,599 [WARN] ModelIntegratedComponent:63 - No mode defined for component null
2026-01-07 19:45:38,599 [WARN] ModelIntegratedComponent:63 - No mode defined for component null
2026-01-07 19:45:38,599 [WARN] ModelIntegratedComponent:63 - No mode defined for component null
2026-01-07 19:45:38,599 [WARN] ModelIntegratedComponent:63 - No mode defined for component null
2026-01-07 19:45:38,599 [WARN] ModelIntegratedComponent:63 - No mode defined for component null
2026-01-07 19:45:38,599 [WARN] ModelIntegratedComponent:63 - No mode defined for component null
2026-01-07 19:45:38,599 [WARN] ModelIntegratedComponent:63 - No mode defined for component null
2026-01-07 19:45:38,599 [WARN] ModelPack:524 - Component already loaded: STMicroelectronics:HAL Drivers:0.0.0:STMicroelectronics:Device:STMicro_Driver:XSPI:HAL::0.0.1:HAL_XSPI
2026-01-07 19:45:38,880 [INFO] ThirdPartyModel:298 - Start build external matchings
2026-01-07 19:45:39,883 [INFO] ThirdPartyModel:316 - End build external matchings
2026-01-07 19:45:40,062 [INFO] UtilMem:75 - End LoadConfig() Used Memory: 924054816 Bytes (1073741824)
2026-01-07 19:45:40,174 [WARN] ThirdParty:833 - waiting for thirdparty lock release [change project]
2026-01-07 19:45:40,175 [INFO] ThirdParty:835 - entering critical section [change project]
2026-01-07 19:45:40,175 [INFO] ThirdParty:1030 - CMSIS Pack Vendor :STMicroelectronics X-CUBE-PM33A1 1.0.0
2026-01-07 19:45:40,175 [INFO] ThirdParty:1030 - CMSIS Pack Vendor :STMicroelectronics USBPD 4.1
2026-01-07 19:45:40,175 [INFO] ThirdParty:1030 - CMSIS Pack Vendor :STMicroelectronics USB_HOST 2.0.0
2026-01-07 19:45:40,175 [INFO] ThirdParty:1030 - CMSIS Pack Vendor :STMicroelectronics FP-SNS-MOTENVWB1 1.4.0
2026-01-07 19:45:40,175 [INFO] ThirdParty:1030 - CMSIS Pack Vendor :STMicroelectronics X-CUBE-AZRTOS-F4 1.1.0
2026-01-07 19:45:40,175 [INFO] ThirdParty:1030 - CMSIS Pack Vendor :STMicroelectronics LIBJPEG 8.0.0
2026-01-07 19:45:40,175 [INFO] ThirdParty:1030 - CMSIS Pack Vendor :STMicroelectronics FP-ATR-ASTRA1 2.0.2
2026-01-07 19:45:40,175 [INFO] ThirdParty:1030 - CMSIS Pack Vendor :STMicroelectronics X-CUBE-SMBUS 2.1.0
2026-01-07 19:45:40,175 [INFO] ThirdParty:1030 - CMSIS Pack Vendor :STMicroelectronics X-CUBE-WB05N 1.1.0
2026-01-07 19:45:40,175 [INFO] ThirdParty:1030 - CMSIS Pack Vendor :STMicroelectronics X-CUBE-ISPU 2.1.0
2026-01-07 19:45:40,175 [INFO] ThirdParty:1030 - CMSIS Pack Vendor :STMicroelectronics X-CUBE-IPS 3.2.0
2026-01-07 19:45:40,175 [INFO] ThirdParty:1030 - CMSIS Pack Vendor :STMicroelectronics X-CUBE-NFC12 1.0.0
2026-01-07 19:45:40,175 [INFO] ThirdParty:1030 - CMSIS Pack Vendor :STMicroelectronics X-CUBE-AZRTOS-F7 1.1.0
2026-01-07 19:45:40,175 [INFO] ThirdParty:1030 - CMSIS Pack Vendor :STMicroelectronics X-CUBE-AZRTOS-L5 2.0.0
2026-01-07 19:45:40,175 [INFO] ThirdParty:1030 - CMSIS Pack Vendor :STMicroelectronics USB_DEVICE 2.0.0
2026-01-07 19:45:40,175 [INFO] ThirdParty:1030 - CMSIS Pack Vendor :STMicroelectronics X-CUBE-NFC6 3.1.0
2026-01-07 19:45:40,175 [INFO] ThirdParty:1030 - CMSIS Pack Vendor :STMicroelectronics FP-SNS-MOTENV1 5.1.0
2026-01-07 19:45:40,175 [INFO] ThirdParty:1030 - CMSIS Pack Vendor :STMicroelectronics FreeRTOS 0.0.1
2026-01-07 19:45:40,175 [INFO] ThirdParty:1030 - CMSIS Pack Vendor :STMicroelectronics X-CUBE-DPower 1.2.0
2026-01-07 19:45:40,175 [INFO] ThirdParty:1030 - CMSIS Pack Vendor :Infineon AIROC-Wi-Fi-Bluetooth-STM32 1.7.0
2026-01-07 19:45:40,175 [INFO] ThirdParty:1030 - CMSIS Pack Vendor :STMicroelectronics PDM2PCM 3.3.0
2026-01-07 19:45:40,175 [INFO] ThirdParty:1030 - CMSIS Pack Vendor :STMicroelectronics X-CUBE-AZRTOS-H7 3.4.0
2026-01-07 19:45:40,175 [INFO] ThirdParty:1030 - CMSIS Pack Vendor :STMicroelectronics X-CUBE-DISPLAY 3.0.0
2026-01-07 19:45:40,175 [INFO] ThirdParty:1030 - CMSIS Pack Vendor :STMicroelectronics X-CUBE-NFC10 1.0.0
2026-01-07 19:45:40,175 [INFO] ThirdParty:1030 - CMSIS Pack Vendor :STMicroelectronics X-CUBE-BLEMGR 4.0.0
2026-01-07 19:45:40,175 [INFO] ThirdParty:1030 - CMSIS Pack Vendor :STMicroelectronics HAL Drivers 0.0.0
2026-01-07 19:45:40,175 [INFO] ThirdParty:1030 - CMSIS Pack Vendor :STMicroelectronics X-CUBE-ST60 1.1.0
2026-01-07 19:45:40,175 [INFO] ThirdParty:1030 - CMSIS Pack Vendor :emotas I-CUBE-CANOPEN 1.3.0
2026-01-07 19:45:40,175 [INFO] ThirdParty:1030 - CMSIS Pack Vendor :STMicroelectronics X-CUBE-FREERTOS 1.3.0
2026-01-07 19:45:40,175 [INFO] ThirdParty:1030 - CMSIS Pack Vendor :STMicroelectronics X-CUBE-NFC7 1.0.1
2026-01-07 19:45:40,175 [INFO] ThirdParty:1030 - CMSIS Pack Vendor :STMicroelectronics MBEDTLS 2.14.1
2026-01-07 19:45:40,175 [INFO] ThirdParty:1030 - CMSIS Pack Vendor :STMicroelectronics X-CUBE-GNSS1 7.1.0
2026-01-07 19:45:40,175 [INFO] ThirdParty:1030 - CMSIS Pack Vendor :STMicroelectronics X-CUBE-TOUCHGFX 4.26.0
2026-01-07 19:45:40,175 [INFO] ThirdParty:1030 - CMSIS Pack Vendor :quantropi X-CUBE-qispace-sdk-base 2.0.0
2026-01-07 19:45:40,175 [INFO] ThirdParty:1030 - CMSIS Pack Vendor :STMicroelectronics X-CUBE-AI 10.0.0
2026-01-07 19:45:40,176 [INFO] ThirdParty:1030 - CMSIS Pack Vendor :STMicroelectronics FP-SNS-STBOX1 2.1.0
2026-01-07 19:45:40,176 [INFO] ThirdParty:1030 - CMSIS Pack Vendor :STMicroelectronics FP-SNS-STAIOTCFT 1.0.0
2026-01-07 19:45:40,176 [INFO] ThirdParty:1030 - CMSIS Pack Vendor :STMicroelectronics FP-SNS-SMARTAG2 1.2.0
2026-01-07 19:45:40,176 [INFO] ThirdParty:1030 - CMSIS Pack Vendor :STMicroelectronics FP-SNS-FLIGHT1 5.1.0
2026-01-07 19:45:40,176 [INFO] ThirdParty:1030 - CMSIS Pack Vendor :STMicroelectronics X-CUBE-MEMS1 11.1.0
2026-01-07 19:45:40,176 [INFO] ThirdParty:1030 - CMSIS Pack Vendor :STMicroelectronics X-CUBE-AZRTOS-WL 2.0.0
2026-01-07 19:45:40,176 [INFO] ThirdParty:1030 - CMSIS Pack Vendor :STMicroelectronics X-CUBE-DPower 1.3.0
2026-01-07 19:45:40,176 [INFO] ThirdParty:1030 - CMSIS Pack Vendor :STMicroelectronics FP-SNS-MOTENV1 5.0.0
2026-01-07 19:45:40,176 [INFO] ThirdParty:1030 - CMSIS Pack Vendor :STMicroelectronics USB_DEVICE 1.0.0
2026-01-07 19:45:40,176 [INFO] ThirdParty:1030 - CMSIS Pack Vendor :STMicroelectronics X-CUBE-AZRTOS-H7RS 1.2.0
2026-01-07 19:45:40,176 [INFO] ThirdParty:1030 - CMSIS Pack Vendor :STMicroelectronics X-CUBE-AZRTOS-L4 2.0.0
2026-01-07 19:45:40,176 [INFO] ThirdParty:1030 - CMSIS Pack Vendor :STMicroelectronics ThreadX 0.0.2
2026-01-07 19:45:40,176 [INFO] ThirdParty:1030 - CMSIS Pack Vendor :WES I-CUBE-Cesium 1.3.0
2026-01-07 19:45:40,176 [INFO] ThirdParty:1030 - CMSIS Pack Vendor :STMicroelectronics lwIP 2.1.2
2026-01-07 19:45:40,176 [INFO] ThirdParty:1030 - CMSIS Pack Vendor :STMicroelectronics X-CUBE-SFXS2LP1 4.0.0
2026-01-07 19:45:40,176 [INFO] ThirdParty:1030 - CMSIS Pack Vendor :STMicroelectronics X-CUBE-BLE2 3.3.0
2026-01-07 19:45:40,176 [INFO] ThirdParty:1030 - CMSIS Pack Vendor :Avnet-IOTCONNECT X-CUBE-iotc-st67-sdk 1.0.0
2026-01-07 19:45:40,176 [INFO] ThirdParty:1030 - CMSIS Pack Vendor :STMicroelectronics PDM2PCM 3.2.0
2026-01-07 19:45:40,176 [INFO] ThirdParty:1030 - CMSIS Pack Vendor :STMicroelectronics X-CUBE-AZRTOS-H7 3.3.0
2026-01-07 19:45:40,176 [INFO] ThirdParty:1030 - CMSIS Pack Vendor :STMicroelectronics X-CUBE-NFC9 1.0.0
2026-01-07 19:45:40,176 [INFO] ThirdParty:1030 - CMSIS Pack Vendor :STMicroelectronics X-CUBE-BLE1 7.1.0
2026-01-07 19:45:40,176 [INFO] ThirdParty:1030 - CMSIS Pack Vendor :wolfSSL I-CUBE-wolfMQTT 1.19.2
2026-01-07 19:45:40,176 [INFO] ThirdParty:1030 - CMSIS Pack Vendor :STMicroelectronics USB_DEVICE 3.0.0
2026-01-07 19:45:40,176 [INFO] ThirdParty:1030 - CMSIS Pack Vendor :STMicroelectronics X-CUBE-FREERTOS 1.4.0
2026-01-07 19:45:40,176 [INFO] ThirdParty:1030 - CMSIS Pack Vendor :STMicroelectronics X-CUBE-EEPRMA1 5.2.0
2026-01-07 19:45:40,176 [INFO] ThirdParty:1030 - CMSIS Pack Vendor :STMicroelectronics X-CUBE-BLEMGR 4.1.0
2026-01-07 19:45:40,176 [INFO] ThirdParty:1030 - CMSIS Pack Vendor :STMicroelectronics X-CUBE-AZRTOS-WB 2.0.0
2026-01-07 19:45:40,176 [INFO] ThirdParty:1030 - CMSIS Pack Vendor :STMicroelectronics X-CUBE-GNSS1 7.0.1
2026-01-07 19:45:40,176 [INFO] ThirdParty:1030 - CMSIS Pack Vendor :STMicroelectronics X-CUBE-TOUCHGFX 4.25.0
2026-01-07 19:45:40,177 [INFO] ThirdParty:1030 - CMSIS Pack Vendor :STMicroelectronics X-CUBE-ST67W61 1.1.0
2026-01-07 19:45:40,177 [INFO] ThirdParty:1030 - CMSIS Pack Vendor :STMicroelectronics FP-SNS-STBOX1 2.0.0
2026-01-07 19:45:40,177 [INFO] ThirdParty:1030 - CMSIS Pack Vendor :STMicroelectronics X-CUBE-MEMS1 12.0.0
2026-01-07 19:45:40,177 [INFO] ThirdParty:1030 - CMSIS Pack Vendor :STMicroelectronics X-CUBE-AZRTOS-G0 1.1.0
2026-01-07 19:45:40,177 [INFO] ThirdParty:1030 - CMSIS Pack Vendor :STMicroelectronics X-CUBE-SAFEA1 1.2.2
2026-01-07 19:45:40,177 [INFO] ThirdParty:1030 - CMSIS Pack Vendor :STMicroelectronics X-CUBE-NFC4 3.0.0
2026-01-07 19:45:40,177 [INFO] ThirdParty:1030 - CMSIS Pack Vendor :STMicroelectronics X-CUBE-SUBG2 5.0.0
2026-01-07 19:45:40,177 [INFO] ThirdParty:1030 - CMSIS Pack Vendor :STMicroelectronics X-CUBE-AZRTOS-H7RS 1.1.0
2026-01-07 19:45:40,177 [INFO] ThirdParty:1030 - CMSIS Pack Vendor :STMicroelectronics STM32_WPAN 1.0.0
2026-01-07 19:45:40,177 [INFO] ThirdParty:1030 - CMSIS Pack Vendor :EmbeddedOffice I-CUBE-FS-RTOS 1.0.1
2026-01-07 19:45:40,177 [INFO] ThirdParty:1030 - CMSIS Pack Vendor :STMicroelectronics lwIP 2.0.3
2026-01-07 19:45:40,177 [INFO] ThirdParty:1030 - CMSIS Pack Vendor :Cesanta I-CUBE-Mongoose 7.13.0
2026-01-07 19:45:40,177 [INFO] ThirdParty:1030 - CMSIS Pack Vendor :STMicroelectronics USB_HOST 1.0.0
2026-01-07 19:45:40,177 [INFO] ThirdParty:1030 - CMSIS Pack Vendor :STMicroelectronics X-CUBE-AZRTOS-G4 2.0.0
2026-01-07 19:45:40,177 [INFO] ThirdParty:1030 - CMSIS Pack Vendor :STMicroelectronics X-CUBE-WB05N 2.0.0
2026-01-07 19:45:40,177 [INFO] ThirdParty:1030 - CMSIS Pack Vendor :STMicroelectronics PDM2PCM 3.1.0
2026-01-07 19:45:40,177 [INFO] ThirdParty:1030 - CMSIS Pack Vendor :wolfSSL I-CUBE-wolfTPM 3.8.0
2026-01-07 19:45:40,177 [INFO] ThirdParty:1030 - CMSIS Pack Vendor :wolfSSL I-CUBE-wolfSSH 1.4.20
2026-01-07 19:45:40,177 [INFO] ThirdParty:1030 - CMSIS Pack Vendor :STMicroelectronics X-CUBE-NFC7 2.0.0
2026-01-07 19:45:40,177 [INFO] ThirdParty:1030 - CMSIS Pack Vendor :STMicroelectronics X-CUBE-TCPP 4.2.0
2026-01-07 19:45:40,177 [INFO] ThirdParty:1030 - CMSIS Pack Vendor :RealThread X-CUBE-RT-Thread_Nano 4.1.1
2026-01-07 19:45:40,177 [INFO] ThirdParty:1030 - CMSIS Pack Vendor :STMicroelectronics FP-ATR-SIGFOX1 3.2.0
2026-01-07 19:45:40,177 [INFO] ThirdParty:1030 - CMSIS Pack Vendor :STMicroelectronics X-CUBE-EEPRMA1 5.1.0
2026-01-07 19:45:40,177 [INFO] ThirdParty:1030 - CMSIS Pack Vendor :STMicroelectronics MBEDTLS 2.16.2
2026-01-07 19:45:40,177 [INFO] ThirdParty:1030 - CMSIS Pack Vendor :STMicroelectronics X-CUBE-IPS 3.1.0
2026-01-07 19:45:40,177 [INFO] ThirdParty:1030 - CMSIS Pack Vendor :STMicroelectronics X-CUBE-ALS 1.0.2
2026-01-07 19:45:40,177 [INFO] ThirdParty:1030 - CMSIS Pack Vendor :wolfSSL I-CUBE-wolfSSL 5.7.6
2026-01-07 19:45:40,177 [INFO] ThirdParty:1030 - CMSIS Pack Vendor :ITTIA_DB I-CUBE-ITTIADB 8.9.0
2026-01-07 19:45:40,177 [INFO] ThirdParty:1030 - CMSIS Pack Vendor :STMicroelectronics X-CUBE-STSE01 1.0.0
2026-01-07 19:45:40,177 [INFO] ThirdParty:1030 - CMSIS Pack Vendor :portGmbH I-Cube-SoM-uGOAL 1.1.0
2026-01-07 19:45:40,177 [INFO] ThirdParty:1030 - CMSIS Pack Vendor :STMicroelectronics X-CUBE-AI 10.2.0
2026-01-07 19:45:40,177 [INFO] ThirdParty:1030 - CMSIS Pack Vendor :STMicroelectronics ThreadX 1.0.0
2026-01-07 19:45:40,177 [INFO] ThirdParty:1030 - CMSIS Pack Vendor :SEGGER I-CUBE-embOS 1.3.1
2026-01-07 19:45:40,177 [INFO] ThirdParty:1030 - CMSIS Pack Vendor :STMicroelectronics X-CUBE-ALGOBUILD 1.4.0
2026-01-07 19:45:40,177 [INFO] ThirdParty:1030 - CMSIS Pack Vendor :STMicroelectronics X-CUBE-TOF1 3.4.2
2026-01-07 19:45:40,177 [INFO] ThirdParty:1030 - CMSIS Pack Vendor :STMicroelectronics X-CUBE-TOF1 3.4.3
2026-01-07 19:45:40,177 [INFO] ThirdParty:841 - exiting critical section [change project]
2026-01-07 19:45:40,267 [INFO] PinOutPanel:1589 - setPackage(No Configuration,No Configuration)
2026-01-07 19:45:40,267 [INFO] PinOutPanel:1589 - setPackage(STM32F103C8Tx,LQFP48)
2026-01-07 19:45:40,571 [INFO] UtilMem:75 - Before build in PCC Used Memory: 664648544 Bytes (1073741824)
2026-01-07 19:45:40,850 [INFO] UtilMem:75 - After build in PCC Used Memory: 707640160 Bytes (1073741824)
2026-01-07 19:45:40,865 [INFO] IPUIPlugin:80 - create IPUIPlugin
2026-01-07 19:45:40,865 [INFO] IPUIPlugin:80 - create IPUIPlugin
2026-01-07 19:45:40,866 [INFO] IPUIPlugin:80 - create IPUIPlugin
2026-01-07 19:45:40,866 [INFO] IPUIPlugin:80 - create IPUIPlugin
2026-01-07 19:45:40,866 [INFO] IPUIPlugin:80 - create IPUIPlugin
2026-01-07 19:45:40,866 [INFO] IPUIPlugin:80 - create IPUIPlugin
2026-01-07 19:45:40,866 [INFO] IPUIPlugin:80 - create IPUIPlugin
2026-01-07 19:45:40,866 [INFO] IPUIPlugin:80 - create IPUIPlugin
2026-01-07 19:45:40,866 [INFO] IPUIPlugin:80 - create IPUIPlugin
2026-01-07 19:45:40,866 [INFO] IPUIPlugin:80 - create IPUIPlugin
2026-01-07 19:45:40,866 [INFO] IPUIPlugin:80 - create IPUIPlugin
2026-01-07 19:45:40,867 [INFO] IPUIPlugin:80 - create IPUIPlugin
2026-01-07 19:45:40,867 [INFO] IPUIPlugin:80 - create IPUIPlugin
2026-01-07 19:45:40,867 [INFO] IPUIPlugin:80 - create IPUIPlugin
2026-01-07 19:45:40,867 [INFO] IPUIPlugin:80 - create IPUIPlugin
2026-01-07 19:45:40,867 [INFO] IPUIPlugin:80 - create IPUIPlugin
2026-01-07 19:45:40,867 [INFO] IPUIPlugin:80 - create IPUIPlugin
2026-01-07 19:45:40,867 [INFO] IPUIPlugin:80 - create IPUIPlugin
2026-01-07 19:45:40,867 [INFO] IPUIPlugin:80 - create IPUIPlugin
2026-01-07 19:45:40,868 [INFO] IPUIPlugin:80 - create IPUIPlugin
2026-01-07 19:45:40,868 [INFO] IPUIPlugin:80 - create IPUIPlugin
2026-01-07 19:45:40,868 [INFO] IPUIPlugin:80 - create IPUIPlugin
2026-01-07 19:45:40,868 [INFO] IPUIPlugin:80 - create IPUIPlugin
2026-01-07 19:45:40,868 [INFO] IPUIPlugin:80 - create IPUIPlugin
2026-01-07 19:45:40,868 [INFO] IPUIPlugin:80 - create IPUIPlugin
2026-01-07 19:45:40,868 [INFO] IPUIPlugin:80 - create IPUIPlugin
2026-01-07 19:45:40,868 [INFO] IPUIPlugin:80 - create IPUIPlugin
2026-01-07 19:45:40,890 [INFO] CADModel:165 - CPN selected for project levelSTM32F103C8T6
2026-01-07 19:45:40,890 [INFO] CADModel:114 - Register for checkConnection events
2026-01-07 19:45:40,940 [INFO] OpenFileManager:386 - Restore cursor
2026-01-07 19:45:41,218 [INFO] UtilMem:75 - End SaveConfig() Used Memory: 764897192 Bytes (1073741824)
2026-01-07 19:45:41,251 [INFO] UtilMem:75 - End SaveConfig() Used Memory: 777368416 Bytes (1073741824)
2026-01-07 19:45:41,542 [INFO] BlockDiagram:2775 - set Specific Code input for plugin: NVIC
2026-01-07 19:45:41,542 [INFO] BlockDiagram:2775 - set Specific Code input for plugin: RCC
2026-01-07 19:45:41,542 [INFO] CodeGenerator:892 - code generatio: config db path: D:\installs\STM32CubeIDE_1.19.0\STM32CubeIDE\plugins\com.st.stm32cube.common.mx_6.15.0.202507011659\\db\
2026-01-07 19:45:41,595 [INFO] CodeEngine:265 - oldGeneratedFile, D:\projects\stm32_cube_ide\LoRa_Sx1278\MXTmpFiles\license.tmp_save
2026-01-07 19:45:41,849 [INFO] CodeEngine:289 - Generated code: D:\projects\stm32_cube_ide\LoRa_Sx1278\MXTmpFiles\license.tmp
2026-01-07 19:45:41,856 [INFO] CodeEngine:265 - oldGeneratedFile, D:\projects\stm32_cube_ide\LoRa_Sx1278\Core\Src\stm32f1xx_it.c_save
2026-01-07 19:45:42,139 [INFO] CodeEngine:289 - Generated code: D:\projects\stm32_cube_ide\LoRa_Sx1278\Core\Src\stm32f1xx_it.c
2026-01-07 19:45:42,142 [INFO] CodeEngine:265 - oldGeneratedFile, D:\projects\stm32_cube_ide\LoRa_Sx1278\Core\Inc\stm32f1xx_it.h_save
2026-01-07 19:45:42,227 [INFO] CodeEngine:289 - Generated code: D:\projects\stm32_cube_ide\LoRa_Sx1278\Core\Inc\stm32f1xx_it.h
2026-01-07 19:45:42,261 [INFO] CodeEngine:265 - oldGeneratedFile, D:\projects\stm32_cube_ide\LoRa_Sx1278\Core\Src\stm32f1xx_hal_msp.c_save
2026-01-07 19:45:42,390 [INFO] CodeEngine:289 - Generated code: D:\projects\stm32_cube_ide\LoRa_Sx1278\Core\Src\stm32f1xx_hal_msp.c
2026-01-07 19:45:42,392 [INFO] CodeEngine:265 - oldGeneratedFile, D:\projects\stm32_cube_ide\LoRa_Sx1278\MXTmpFiles\system.tmp_save
2026-01-07 19:45:42,464 [INFO] CodeEngine:289 - Generated code: D:\projects\stm32_cube_ide\LoRa_Sx1278\MXTmpFiles\system.tmp
2026-01-07 19:45:42,469 [INFO] CodeEngine:321 - oldGeneratedFile, D:\projects\stm32_cube_ide\LoRa_Sx1278\Core\Inc\stm32f1xx_hal_conf.h_save
2026-01-07 19:45:42,532 [INFO] CodeEngine:345 - Generated code: D:\projects\stm32_cube_ide\LoRa_Sx1278\Core\Inc\stm32f1xx_hal_conf.h
2026-01-07 19:45:42,547 [INFO] ApiDbMcu:532 - Load IP Config File for RCC
2026-01-07 19:45:42,552 [INFO] CodeEngine:265 - oldGeneratedFile, D:\projects\stm32_cube_ide\LoRa_Sx1278\Core\Inc\main.h_save
2026-01-07 19:45:42,632 [INFO] CodeEngine:289 - Generated code: D:\projects\stm32_cube_ide\LoRa_Sx1278\Core\Inc\main.h
2026-01-07 19:45:42,635 [INFO] CodeEngine:265 - oldGeneratedFile, D:\projects\stm32_cube_ide\LoRa_Sx1278\Core\Src\main.c_save
2026-01-07 19:45:42,712 [INFO] CodeEngine:289 - Generated code: D:\projects\stm32_cube_ide\LoRa_Sx1278\Core\Src\main.c
2026-01-07 19:45:42,928 [INFO] ProjectBuilder:3606 - Time for Copy HAL[1] : 81mS.
2026-01-07 19:45:42,931 [INFO] ProjectBuilder:5216 - Project Generator version: 4.7.0-B52
2026-01-07 19:45:43,001 [INFO] ConfigFileManager:1595 - The Die is : DIE410
2026-01-07 19:45:43,003 [INFO] ApiDbMcu:532 - Load IP Config File for FATFS
2026-01-07 19:45:43,007 [INFO] ApiDbMcu:532 - Load IP Config File for FREERTOS
2026-01-07 19:45:43,010 [INFO] ApiDbMcu:532 - Load IP Config File for USB_DEVICE
2026-01-07 19:45:46,223 [INFO] ProjectBuilder:5496 - Time for Generating toolchain IDE Files: 3291mS.
2026-01-07 19:45:46,223 [INFO] ProjectBuilder:3463 - Time for Copy CMSIS : 0mS.
2026-01-07 19:45:46,225 [INFO] ProjectBuilder:3463 - Time for Copy CMSIS : 1mS.
2026-01-07 19:45:47,037 [INFO] McuFinderGlobals:76 - Set McuFinderConnectedMode to true
2026-01-07 19:45:47,041 [INFO] ApiDb:448 - Save user favorites file C:\Users\22142/.stm32cubeide/favorites.mcus.txt: 0 item(s)
2026-01-07 19:45:47,041 [INFO] ApiDb:452 - User favorites MCUs=[]
2026-01-07 19:46:20,037 [WARN] IP:2250 - I2C_Coeff_DF not found: check if there is a RefParameter without a condition.
2026-01-07 19:46:20,037 [WARN] IP:2250 - Analog_Filter not found: check if there is a RefParameter without a condition.
2026-01-07 19:46:20,044 [WARN] IP:2250 - I2C_Coeff_DF not found: check if there is a RefParameter without a condition.
2026-01-07 19:46:20,044 [WARN] IP:2250 - Analog_Filter not found: check if there is a RefParameter without a condition.
2026-01-07 19:46:20,044 [WARN] IP:2250 - I2C_Coeff_DF not found: check if there is a RefParameter without a condition.
2026-01-07 19:46:20,044 [WARN] IP:2250 - Analog_Filter not found: check if there is a RefParameter without a condition.
2026-01-07 19:46:20,118 [WARN] IP:2250 - I2C_Coeff_DF not found: check if there is a RefParameter without a condition.
2026-01-07 19:46:20,118 [WARN] IP:2250 - Analog_Filter not found: check if there is a RefParameter without a condition.
2026-01-07 19:46:20,119 [WARN] IP:2250 - I2C_Coeff_DF not found: check if there is a RefParameter without a condition.
2026-01-07 19:46:20,119 [WARN] IP:2250 - Analog_Filter not found: check if there is a RefParameter without a condition.
2026-01-07 19:46:27,811 [WARN] IP:2250 - I2C_Coeff_DF not found: check if there is a RefParameter without a condition.
2026-01-07 19:46:27,811 [WARN] IP:2250 - Analog_Filter not found: check if there is a RefParameter without a condition.
2026-01-07 19:47:38,627 [INFO] UtilMem:75 - End SaveConfig() Used Memory: 703752208 Bytes (1073741824)
2026-01-07 19:47:38,832 [INFO] UtilMem:75 - End SaveConfig() Used Memory: 734314272 Bytes (1073741824)
2026-01-07 19:47:39,906 [INFO] UtilMem:75 - End SaveConfig() Used Memory: 810144760 Bytes (1073741824)
2026-01-07 19:47:40,268 [INFO] BlockDiagram:2775 - set Specific Code input for plugin: SPI
2026-01-07 19:47:40,269 [INFO] BlockDiagram:2775 - set Specific Code input for plugin: NVIC
2026-01-07 19:47:40,269 [INFO] BlockDiagram:2775 - set Specific Code input for plugin: USART
2026-01-07 19:47:40,269 [INFO] BlockDiagram:2775 - set Specific Code input for plugin: SYS
2026-01-07 19:47:40,269 [INFO] BlockDiagram:2775 - set Specific Code input for plugin: GPIO
2026-01-07 19:47:40,269 [INFO] BlockDiagram:2775 - set Specific Code input for plugin: RCC
2026-01-07 19:47:40,270 [INFO] CodeGenerator:892 - code generatio: config db path: D:\installs\STM32CubeIDE_1.19.0\STM32CubeIDE\plugins\com.st.stm32cube.common.mx_6.15.0.202507011659\\db\
2026-01-07 19:47:40,329 [INFO] CodeEngine:265 - oldGeneratedFile, D:\projects\stm32_cube_ide\LoRa_Sx1278\MXTmpFiles\license.tmp_save
2026-01-07 19:47:40,466 [INFO] CodeEngine:289 - Generated code: D:\projects\stm32_cube_ide\LoRa_Sx1278\MXTmpFiles\license.tmp
2026-01-07 19:47:40,502 [INFO] CodeEngine:265 - oldGeneratedFile, D:\projects\stm32_cube_ide\LoRa_Sx1278\MXTmpFiles\gpio.tmp_save
2026-01-07 19:47:40,609 [INFO] CodeEngine:289 - Generated code: D:\projects\stm32_cube_ide\LoRa_Sx1278\MXTmpFiles\gpio.tmp
2026-01-07 19:47:40,668 [INFO] CodeEngine:265 - oldGeneratedFile, D:\projects\stm32_cube_ide\LoRa_Sx1278\Core\Src\stm32f1xx_it.c_save
2026-01-07 19:47:40,761 [INFO] CodeEngine:289 - Generated code: D:\projects\stm32_cube_ide\LoRa_Sx1278\Core\Src\stm32f1xx_it.c
2026-01-07 19:47:40,766 [INFO] CodeEngine:265 - oldGeneratedFile, D:\projects\stm32_cube_ide\LoRa_Sx1278\Core\Inc\stm32f1xx_it.h_save
2026-01-07 19:47:40,845 [INFO] CodeEngine:289 - Generated code: D:\projects\stm32_cube_ide\LoRa_Sx1278\Core\Inc\stm32f1xx_it.h
2026-01-07 19:47:40,854 [INFO] CodeEngine:265 - oldGeneratedFile, D:\projects\stm32_cube_ide\LoRa_Sx1278\Core\Src\stm32f1xx_hal_msp.c_save
2026-01-07 19:47:40,995 [INFO] CodeEngine:289 - Generated code: D:\projects\stm32_cube_ide\LoRa_Sx1278\Core\Src\stm32f1xx_hal_msp.c
2026-01-07 19:47:40,999 [INFO] CodeEngine:265 - oldGeneratedFile, D:\projects\stm32_cube_ide\LoRa_Sx1278\MXTmpFiles\system.tmp_save
2026-01-07 19:47:41,075 [INFO] CodeEngine:289 - Generated code: D:\projects\stm32_cube_ide\LoRa_Sx1278\MXTmpFiles\system.tmp
2026-01-07 19:47:41,084 [INFO] CodeEngine:321 - oldGeneratedFile, D:\projects\stm32_cube_ide\LoRa_Sx1278\Core\Inc\stm32f1xx_hal_conf.h_save
2026-01-07 19:47:41,166 [INFO] CodeEngine:345 - Generated code: D:\projects\stm32_cube_ide\LoRa_Sx1278\Core\Inc\stm32f1xx_hal_conf.h
2026-01-07 19:47:41,181 [INFO] ApiDbMcu:532 - Load IP Config File for SPI1
2026-01-07 19:47:41,184 [INFO] ApiDbMcu:532 - Load IP Config File for USART1
2026-01-07 19:47:41,191 [INFO] CodeEngine:265 - oldGeneratedFile, D:\projects\stm32_cube_ide\LoRa_Sx1278\Core\Inc\main.h_save
2026-01-07 19:47:41,261 [INFO] CodeEngine:289 - Generated code: D:\projects\stm32_cube_ide\LoRa_Sx1278\Core\Inc\main.h
2026-01-07 19:47:41,266 [INFO] CodeEngine:265 - oldGeneratedFile, D:\projects\stm32_cube_ide\LoRa_Sx1278\Core\Src\main.c_save
2026-01-07 19:47:41,360 [INFO] CodeEngine:289 - Generated code: D:\projects\stm32_cube_ide\LoRa_Sx1278\Core\Src\main.c
2026-01-07 19:47:41,671 [INFO] ProjectBuilder:3606 - Time for Copy HAL[1] : 114mS.
2026-01-07 19:47:41,691 [INFO] ProjectBuilder:5216 - Project Generator version: 4.7.0-B52
2026-01-07 19:47:41,785 [INFO] ConfigFileManager:1595 - The Die is : DIE410
2026-01-07 19:47:42,557 [INFO] ProjectBuilder:5496 - Time for Generating toolchain IDE Files: 865mS.
2026-01-07 19:47:42,557 [INFO] ProjectBuilder:3463 - Time for Copy CMSIS : 0mS.
2026-01-07 19:47:42,558 [INFO] ProjectBuilder:3463 - Time for Copy CMSIS : 0mS.
2026-01-07 21:42:17,960 [ERROR] LogOutputStream:75 - [STDERR_REDIRECT] 
2026-01-07 21:42:41,875 [INFO] Activator:176 - 


2026-01-07 21:42:41,879 [INFO] Activator:177 - !SESSION log4j initialized
2026-01-07 21:42:51,427 [INFO] LogOutputStream:77 - [STDOUT_REDIRECT] 
2026-01-07 21:42:53,532 [INFO] ApplicationProperties:184 - Using Application install path: D:\installs\STM32CubeIDE_1.19.0\STM32CubeIDE\plugins\com.st.stm32cube.common.mx_6.15.0.202507011659
2026-01-07 21:42:53,555 [INFO] DbMcusXml:78 - Set database path to: D:\installs\STM32CubeIDE_1.19.0\STM32CubeIDE\plugins\com.st.stm32cube.common.mx_6.15.0.202507011659\\db\/mcu/
2026-01-07 21:42:53,555 [INFO] ApiDb:274 - Set plugin database path to: D:\installs\STM32CubeIDE_1.19.0\STM32CubeIDE\plugins\com.st.stm32cube.common.mx_6.15.0.202507011659\\db\/plugins/boardmanager/
2026-01-07 21:42:53,555 [WARN] ApiDb:259 - Overriding images path with different value:  => D:\installs\STM32CubeIDE_1.19.0\STM32CubeIDE\plugins\com.st.stm32cube.common.mx_6.15.0.202507011659\\db\/plugins/mcufinder/images/
2026-01-07 21:42:53,571 [INFO] ApiDb:250 - Set database path to: C:\Users\22142\.stmcufinder\plugins\mcufinder//mcu/
2026-01-07 21:42:53,573 [INFO] DbMcusAds:125 - Set database path to: C:\Users\22142\.stmcufinder\plugins\mcufinder//mcu/
2026-01-07 21:42:53,575 [INFO] CrossReferenceDbSqlite:203 - Set database path to: C:\Users\22142\.stmcufinder\plugins\mcufinder//mcu/cs/
2026-01-07 21:42:53,788 [INFO] RulesReader:64 - Compatibility file has been processed (317 Rules)
2026-01-07 21:42:53,945 [INFO] DbMcusXml:78 - Set database path to: D:\installs\STM32CubeIDE_1.19.0\STM32CubeIDE\plugins\com.st.stm32cube.common.mx_6.15.0.202507011659\\db\/mcu/
2026-01-07 21:42:53,947 [INFO] ApiDb:274 - Set plugin database path to: D:\installs\STM32CubeIDE_1.19.0\STM32CubeIDE\plugins\com.st.stm32cube.common.mx_6.15.0.202507011659\\db\/plugins/boardmanager/
2026-01-07 21:42:53,947 [INFO] ApiDb:261 - Set plugin images path to: D:\installs\STM32CubeIDE_1.19.0\STM32CubeIDE\plugins\com.st.stm32cube.common.mx_6.15.0.202507011659\\db\/plugins/mcufinder/images/
2026-01-07 21:42:53,947 [WARN] DbFile:41 - Overriding database path with different value: C:\Users\22142\.stmcufinder\plugins\mcufinder/ => C:\Users\22142\.stmcufinder\plugins\mcufinder
2026-01-07 21:42:53,947 [INFO] ApiDb:250 - Set database path to: C:\Users\22142\.stmcufinder\plugins\mcufinder//mcu/
2026-01-07 21:42:53,947 [WARN] DbFile:41 - Overriding database path with different value: C:\Users\22142\.stmcufinder\plugins\mcufinder/ => C:\Users\22142\.stmcufinder\plugins\mcufinder
2026-01-07 21:42:53,947 [INFO] DbMcusAds:125 - Set database path to: C:\Users\22142\.stmcufinder\plugins\mcufinder//mcu/
2026-01-07 21:42:53,949 [WARN] DbFile:41 - Overriding database path with different value: C:\Users\22142\.stmcufinder\plugins\mcufinder/ => C:\Users\22142\.stmcufinder\plugins\mcufinder
2026-01-07 21:42:53,949 [WARN] DbFile:41 - Overriding database path with different value: C:\Users\22142\.stmcufinder\plugins\mcufinder/ => C:\Users\22142\.stmcufinder\plugins\mcufinder
2026-01-07 21:42:53,949 [INFO] CrossReferenceDbSqlite:203 - Set database path to: C:\Users\22142\.stmcufinder\plugins\mcufinder//mcu/cs/
2026-01-07 21:42:54,104 [INFO] MainPanel:274 - HeapMemory: 268435456
2026-01-07 21:42:54,286 [INFO] DbMcusXml:78 - Set database path to: D:\installs\STM32CubeIDE_1.19.0\STM32CubeIDE\plugins\com.st.stm32cube.common.mx_6.15.0.202507011659\\db\/mcu/
2026-01-07 21:42:54,287 [INFO] ApiDb:274 - Set plugin database path to: D:\installs\STM32CubeIDE_1.19.0\STM32CubeIDE\plugins\com.st.stm32cube.common.mx_6.15.0.202507011659\\db\/plugins/boardmanager/
2026-01-07 21:42:54,287 [INFO] ApiDb:261 - Set plugin images path to: D:\installs\STM32CubeIDE_1.19.0\STM32CubeIDE\plugins\com.st.stm32cube.common.mx_6.15.0.202507011659\\db\/plugins/mcufinder/images/
2026-01-07 21:42:54,287 [WARN] DbFile:41 - Overriding database path with different value: C:\Users\22142\.stmcufinder\plugins\mcufinder/ => C:\Users\22142\.stmcufinder\plugins\mcufinder
2026-01-07 21:42:54,288 [INFO] ApiDb:250 - Set database path to: C:\Users\22142\.stmcufinder\plugins\mcufinder//mcu/
2026-01-07 21:42:54,288 [WARN] DbFile:41 - Overriding database path with different value: C:\Users\22142\.stmcufinder\plugins\mcufinder/ => C:\Users\22142\.stmcufinder\plugins\mcufinder
2026-01-07 21:42:54,288 [INFO] DbMcusAds:125 - Set database path to: C:\Users\22142\.stmcufinder\plugins\mcufinder//mcu/
2026-01-07 21:42:54,288 [WARN] DbFile:41 - Overriding database path with different value: C:\Users\22142\.stmcufinder\plugins\mcufinder/ => C:\Users\22142\.stmcufinder\plugins\mcufinder
2026-01-07 21:42:54,288 [WARN] DbFile:41 - Overriding database path with different value: C:\Users\22142\.stmcufinder\plugins\mcufinder/ => C:\Users\22142\.stmcufinder\plugins\mcufinder
2026-01-07 21:42:54,288 [INFO] CrossReferenceDbSqlite:203 - Set database path to: C:\Users\22142\.stmcufinder\plugins\mcufinder//mcu/cs/
2026-01-07 21:42:54,324 [INFO] ApplicationProperties:184 - Using Application install path: D:\installs\STM32CubeIDE_1.19.0\STM32CubeIDE\plugins\com.st.stm32cube.common.mx_6.15.0.202507011659
2026-01-07 21:42:54,324 [INFO] PluginManage:196 - Search for loadable plugins [exclusion list=, ]
2026-01-07 21:42:54,330 [INFO] PluginManage:310 - Check plugin analytics
2026-01-07 21:42:54,703 [INFO] AnalyticsPlugin:253 - Accepted Software Licenses: STM32CubeMX.6.16.1
2026-01-07 21:42:54,705 [INFO] AnalyticsPlugin:255 - Accepted CMSIS Pack Licenses: 
2026-01-07 21:42:54,705 [INFO] AnalyticsPlugin:257 - Accepted Firmware Licenses: 
2026-01-07 21:42:54,706 [INFO] PluginManage:359 - Loaded plugin analytics (category:tool,tabindex:-1)
2026-01-07 21:42:54,706 [INFO] PluginManage:310 - Check plugin cadmodel
2026-01-07 21:42:54,711 [INFO] CADModel:105 - Init CAD model plugin
2026-01-07 21:42:54,711 [INFO] PluginManage:359 - Loaded plugin cadmodel (category:power,tabindex:5)
2026-01-07 21:42:54,711 [INFO] PluginManage:310 - Check plugin clock
2026-01-07 21:42:54,731 [INFO] PluginManage:359 - Loaded plugin clock (category:base,tabindex:2)
2026-01-07 21:42:54,731 [INFO] PluginManage:310 - Check plugin ddr
2026-01-07 21:42:54,734 [INFO] PluginManage:359 - Loaded plugin ddr (category:tool,tabindex:6)
2026-01-07 21:42:54,735 [INFO] PluginManage:310 - Check plugin filemanager
2026-01-07 21:42:54,995 [INFO] PluginManage:359 - Loaded plugin filemanager (category:base,tabindex:10)
2026-01-07 21:42:54,995 [INFO] PluginManage:310 - Check plugin ipmanager
2026-01-07 21:42:55,010 [INFO] PluginManage:359 - Loaded plugin ipmanager (category:base,tabindex:5)
2026-01-07 21:42:55,010 [INFO] PluginManage:310 - Check plugin lpbam
2026-01-07 21:42:55,028 [INFO] PluginManage:359 - Loaded plugin lpbam (category:base,tabindex:0)
2026-01-07 21:42:55,028 [INFO] PluginManage:310 - Check plugin memorymap
2026-01-07 21:42:55,042 [INFO] PluginManage:359 - Loaded plugin memorymap (category:base,tabindex:4)
2026-01-07 21:42:55,042 [INFO] PluginManage:310 - Check plugin pinoutandconfiguration
2026-01-07 21:42:55,042 [INFO] PluginManage:359 - Loaded plugin pinoutandconfiguration (category:base,tabindex:1)
2026-01-07 21:42:55,042 [INFO] PluginManage:310 - Check plugin pinoutconfig
2026-01-07 21:42:55,230 [WARN] SupportedApi:132 - Cannot load RTOS API schema: s4s-elt-must-match.1: The content of 'definitions' must match (annotation?, (simpleType | complexType)?, (unique | key | keyref)*)). A problem was found starting at: attribute.
2026-01-07 21:42:55,462 [INFO] PluginManage:359 - Loaded plugin pinoutconfig (category:base,tabindex:0)
2026-01-07 21:42:55,462 [INFO] PluginManage:310 - Check plugin power
2026-01-07 21:42:55,476 [INFO] PluginManage:359 - Loaded plugin power (category:power,tabindex:4)
2026-01-07 21:42:55,476 [INFO] PluginManage:310 - Check plugin projectmanager
2026-01-07 21:42:55,503 [INFO] PluginManage:359 - Loaded plugin projectmanager (category:projectmanager,tabindex:4)
2026-01-07 21:42:55,503 [INFO] PluginManage:310 - Check plugin rif
2026-01-07 21:42:55,515 [INFO] PluginManage:359 - Loaded plugin rif (category:base,tabindex:3)
2026-01-07 21:42:55,515 [INFO] PluginManage:310 - Check plugin thirdparty
2026-01-07 21:42:55,756 [INFO] PluginManage:359 - Loaded plugin thirdparty (category:base,tabindex:-1)
2026-01-07 21:42:55,756 [WARN] IntegrityCheckThread:84 - waiting for thirdparty lock release [integrity check]
2026-01-07 21:42:55,757 [INFO] PluginManage:310 - Check plugin tools
2026-01-07 21:42:55,757 [INFO] IntegrityCheckThread:86 - entering critical section [integrity check]
2026-01-07 21:42:55,757 [INFO] ThirdPartyUpdaterWithRetryManager:70 - Updater plugin not ready yet. [1/15]
2026-01-07 21:42:55,761 [INFO] PluginManage:359 - Loaded plugin tools (category:base,tabindex:7)
2026-01-07 21:42:55,761 [INFO] PluginManage:310 - Check plugin tutovideos
2026-01-07 21:42:56,103 [INFO] PluginManage:359 - Loaded plugin tutovideos (category:base,tabindex:-1)
2026-01-07 21:42:56,103 [INFO] PluginManage:310 - Check plugin updater
2026-01-07 21:42:56,149 [INFO] PluginManage:359 - Loaded plugin updater (category:base,tabindex:12)
2026-01-07 21:42:56,149 [INFO] PluginManage:310 - Check plugin userauth
2026-01-07 21:42:56,157 [INFO] UserAuth:118 - Init User Auth plugin
2026-01-07 21:42:56,159 [INFO] PluginManage:359 - Loaded plugin userauth (category:base,tabindex:14)
2026-01-07 21:42:56,159 [INFO] PluginManage:283 - PluginManage : Loaded plugins [18]
2026-01-07 21:42:56,552 [INFO] PinOutPanel:1589 - setPackage(No Configuration,No Configuration)
2026-01-07 21:42:56,727 [INFO] CADModel:165 - CPN selected for project level
2026-01-07 21:42:56,727 [INFO] CADModel:114 - Register for checkConnection events
2026-01-07 21:42:56,757 [INFO] IPUIPlugin:80 - create IPUIPlugin
2026-01-07 21:42:56,757 [INFO] PluginManager:220 - loadIPPluginJar : add adc
2026-01-07 21:42:56,763 [INFO] IPUIPlugin:80 - create IPUIPlugin
2026-01-07 21:42:56,763 [INFO] PluginManager:220 - loadIPPluginJar : add aes
2026-01-07 21:42:56,767 [INFO] IPUIPlugin:80 - create IPUIPlugin
2026-01-07 21:42:56,767 [INFO] PluginManager:220 - loadIPPluginJar : add can
2026-01-07 21:42:56,771 [INFO] IPUIPlugin:80 - create IPUIPlugin
2026-01-07 21:42:56,771 [INFO] PluginManager:220 - loadIPPluginJar : add comp
2026-01-07 21:42:56,774 [INFO] IPUIPlugin:80 - create IPUIPlugin
2026-01-07 21:42:56,774 [INFO] PluginManager:220 - loadIPPluginJar : add cryp
2026-01-07 21:42:56,779 [INFO] IPUIPlugin:80 - create IPUIPlugin
2026-01-07 21:42:56,779 [INFO] PluginManager:220 - loadIPPluginJar : add ddr_ctrl_phy
2026-01-07 21:42:56,779 [INFO] IPUIPlugin:80 - create IPUIPlugin
2026-01-07 21:42:56,779 [INFO] PluginManager:220 - loadIPPluginJar : add dfsdm
2026-01-07 21:42:56,779 [INFO] IPUIPlugin:80 - create IPUIPlugin
2026-01-07 21:42:56,793 [INFO] PluginManager:220 - loadIPPluginJar : add dma
2026-01-07 21:42:56,797 [INFO] IPUIPlugin:80 - create IPUIPlugin
2026-01-07 21:42:56,799 [INFO] PluginManager:220 - loadIPPluginJar : add dma3
2026-01-07 21:42:56,801 [INFO] IPUIPlugin:80 - create IPUIPlugin
2026-01-07 21:42:56,801 [INFO] PluginManager:220 - loadIPPluginJar : add extmemmanager
2026-01-07 21:42:56,804 [INFO] IPUIPlugin:80 - create IPUIPlugin
2026-01-07 21:42:56,804 [INFO] PluginManager:220 - loadIPPluginJar : add fatfs
2026-01-07 21:42:56,812 [INFO] IPUIPlugin:80 - create IPUIPlugin
2026-01-07 21:42:56,812 [INFO] PluginManager:220 - loadIPPluginJar : add fmc
2026-01-07 21:42:56,812 [INFO] IPUIPlugin:80 - create IPUIPlugin
2026-01-07 21:42:56,812 [INFO] PluginManager:220 - loadIPPluginJar : add freertos
2026-01-07 21:42:56,812 [INFO] IPUIPlugin:80 - create IPUIPlugin
2026-01-07 21:42:56,812 [INFO] PluginManager:220 - loadIPPluginJar : add genericplugin
2026-01-07 21:42:56,812 [INFO] IPUIPlugin:80 - create IPUIPlugin
2026-01-07 21:42:56,812 [INFO] PluginManager:220 - loadIPPluginJar : add gfxmmu
2026-01-07 21:42:56,828 [INFO] IPUIPlugin:80 - create IPUIPlugin
2026-01-07 21:42:56,828 [INFO] PluginManager:220 - loadIPPluginJar : add gic
2026-01-07 21:42:56,828 [INFO] IPUIPlugin:80 - create IPUIPlugin
2026-01-07 21:42:56,828 [INFO] PluginManager:220 - loadIPPluginJar : add gpio
2026-01-07 21:42:56,846 [INFO] IPUIPlugin:80 - create IPUIPlugin
2026-01-07 21:42:56,846 [INFO] PluginManager:220 - loadIPPluginJar : add gtzc
2026-01-07 21:42:56,850 [INFO] IPUIPlugin:80 - create IPUIPlugin
2026-01-07 21:42:56,850 [INFO] PluginManager:220 - loadIPPluginJar : add hash
2026-01-07 21:42:56,855 [INFO] IPUIPlugin:80 - create IPUIPlugin
2026-01-07 21:42:56,855 [INFO] PluginManager:220 - loadIPPluginJar : add i2c
2026-01-07 21:42:56,859 [INFO] IPUIPlugin:80 - create IPUIPlugin
2026-01-07 21:42:56,859 [INFO] PluginManager:220 - loadIPPluginJar : add i2s
2026-01-07 21:42:56,865 [INFO] IPUIPlugin:80 - create IPUIPlugin
2026-01-07 21:42:56,865 [INFO] PluginManager:220 - loadIPPluginJar : add i3c
2026-01-07 21:42:56,872 [INFO] IPUIPlugin:80 - create IPUIPlugin
2026-01-07 21:42:56,872 [INFO] PluginManager:220 - loadIPPluginJar : add ipddr
2026-01-07 21:42:56,885 [INFO] IPUIPlugin:80 - create IPUIPlugin
2026-01-07 21:42:56,885 [INFO] PluginManager:220 - loadIPPluginJar : add linkedlist
2026-01-07 21:42:56,890 [INFO] IPUIPlugin:80 - create IPUIPlugin
2026-01-07 21:42:56,890 [INFO] PluginManager:220 - loadIPPluginJar : add lorawan
2026-01-07 21:42:56,892 [INFO] IPUIPlugin:80 - create IPUIPlugin
2026-01-07 21:42:56,892 [INFO] PluginManager:220 - loadIPPluginJar : add ltdc
2026-01-07 21:42:56,900 [INFO] IPUIPlugin:80 - create IPUIPlugin
2026-01-07 21:42:56,900 [INFO] PluginManager:220 - loadIPPluginJar : add mdma
2026-01-07 21:42:56,908 [INFO] IPUIPlugin:80 - create IPUIPlugin
2026-01-07 21:42:56,908 [INFO] PluginManager:220 - loadIPPluginJar : add nvic
2026-01-07 21:42:56,911 [INFO] IPUIPlugin:80 - create IPUIPlugin
2026-01-07 21:42:56,911 [INFO] PluginManager:220 - loadIPPluginJar : add opamp
2026-01-07 21:42:56,918 [INFO] IPUIPlugin:80 - create IPUIPlugin
2026-01-07 21:42:56,918 [INFO] PluginManager:220 - loadIPPluginJar : add openamp
2026-01-07 21:42:56,924 [INFO] IPUIPlugin:80 - create IPUIPlugin
2026-01-07 21:42:56,924 [INFO] PluginManager:220 - loadIPPluginJar : add pdm2pcm
2026-01-07 21:42:56,934 [INFO] IPUIPlugin:80 - create IPUIPlugin
2026-01-07 21:42:56,940 [INFO] PluginManager:220 - loadIPPluginJar : add plateformsettings
2026-01-07 21:42:56,942 [INFO] IPUIPlugin:80 - create IPUIPlugin
2026-01-07 21:42:56,942 [INFO] PluginManager:220 - loadIPPluginJar : add quadspi
2026-01-07 21:42:56,946 [INFO] IPUIPlugin:80 - create IPUIPlugin
2026-01-07 21:42:56,948 [INFO] PluginManager:220 - loadIPPluginJar : add radio
2026-01-07 21:42:56,954 [INFO] IPUIPlugin:80 - create IPUIPlugin
2026-01-07 21:42:56,954 [INFO] PluginManager:220 - loadIPPluginJar : add resmgrutility
2026-01-07 21:42:56,958 [INFO] IPUIPlugin:80 - create IPUIPlugin
2026-01-07 21:42:56,958 [INFO] PluginManager:220 - loadIPPluginJar : add sai
2026-01-07 21:42:56,961 [INFO] IPUIPlugin:80 - create IPUIPlugin
2026-01-07 21:42:56,961 [INFO] PluginManager:220 - loadIPPluginJar : add spi
2026-01-07 21:42:56,971 [INFO] IPUIPlugin:80 - create IPUIPlugin
2026-01-07 21:42:56,971 [INFO] PluginManager:220 - loadIPPluginJar : add stm32_wpan
2026-01-07 21:42:56,973 [INFO] IPUIPlugin:80 - create IPUIPlugin
2026-01-07 21:42:56,973 [INFO] PluginManager:220 - loadIPPluginJar : add tim
2026-01-07 21:42:56,981 [INFO] IPUIPlugin:80 - create IPUIPlugin
2026-01-07 21:42:56,981 [INFO] PluginManager:220 - loadIPPluginJar : add touchsensing
2026-01-07 21:42:56,983 [INFO] IPUIPlugin:80 - create IPUIPlugin
2026-01-07 21:42:56,984 [INFO] PluginManager:220 - loadIPPluginJar : add tracer_emb
2026-01-07 21:42:56,988 [INFO] IPUIPlugin:80 - create IPUIPlugin
2026-01-07 21:42:56,988 [INFO] PluginManager:220 - loadIPPluginJar : add ts
2026-01-07 21:42:56,990 [INFO] IPUIPlugin:80 - create IPUIPlugin
2026-01-07 21:42:56,990 [INFO] PluginManager:220 - loadIPPluginJar : add tsc
2026-01-07 21:42:56,992 [INFO] IPUIPlugin:80 - create IPUIPlugin
2026-01-07 21:42:56,992 [INFO] PluginManager:220 - loadIPPluginJar : add ucpd
2026-01-07 21:42:56,996 [INFO] IPUIPlugin:80 - create IPUIPlugin
2026-01-07 21:42:56,996 [INFO] PluginManager:220 - loadIPPluginJar : add usart
2026-01-07 21:42:57,000 [INFO] IPUIPlugin:80 - create IPUIPlugin
2026-01-07 21:42:57,000 [INFO] PluginManager:220 - loadIPPluginJar : add usbx
2026-01-07 21:42:57,207 [FATAL] Updater:351 - Updater called before beeing initialized
2026-01-07 21:42:57,265 [INFO] RulesReader:64 - Compatibility file has been processed (317 Rules)
2026-01-07 21:42:57,295 [INFO] RulesReader:64 - Compatibility file has been processed (317 Rules)
2026-01-07 21:42:57,308 [INFO] CADModel:165 - CPN selected for project level
2026-01-07 21:42:57,308 [INFO] CADModel:114 - Register for checkConnection events
2026-01-07 21:42:57,308 [FATAL] Updater:351 - Updater called before beeing initialized
2026-01-07 21:42:57,311 [ERROR] CADModel:125 - Updater not yet initialized, retry later 
2026-01-07 21:42:57,620 [FATAL] Updater:351 - Updater called before beeing initialized
2026-01-07 21:42:57,620 [INFO] CADModel:165 - CPN selected for project level
2026-01-07 21:42:57,620 [INFO] CADModel:114 - Register for checkConnection events
2026-01-07 21:42:57,620 [FATAL] Updater:351 - Updater called before beeing initialized
2026-01-07 21:42:57,620 [ERROR] CADModel:125 - Updater not yet initialized, retry later 
2026-01-07 21:42:57,620 [FATAL] Updater:351 - Updater called before beeing initialized
2026-01-07 21:42:57,855 [FATAL] Updater:351 - Updater called before beeing initialized
2026-01-07 21:42:57,864 [INFO] DbMcusAds:53 - JSON generation date=Tue Dec 16 04:41:46 IST 2025 (1765840306612)
2026-01-07 21:42:57,864 [FATAL] Updater:351 - Updater called before beeing initialized
2026-01-07 21:42:57,929 [WARN] DetailPanel:346 - Failed to get advertising image, set to default
2026-01-07 21:42:58,114 [FATAL] Updater:351 - Updater called before beeing initialized
2026-01-07 21:42:58,114 [FATAL] Updater:351 - Updater called before beeing initialized
2026-01-07 21:42:58,114 [FATAL] Updater:351 - Updater called before beeing initialized
2026-01-07 21:42:58,114 [WARN] DetailPanel:346 - Failed to get advertising image, set to default
2026-01-07 21:42:58,119 [FATAL] Updater:351 - Updater called before beeing initialized
2026-01-07 21:42:58,225 [ERROR] Updater:1198 - MainUpdater not yet initialized. External WinMGr cannot be set.
2026-01-07 21:42:58,230 [INFO] Updater:1134 - Updater Version found : 6.15.0
2026-01-07 21:42:58,257 [INFO] ApplicationProperties:184 - Using Application install path: D:\installs\STM32CubeIDE_1.19.0\STM32CubeIDE\plugins\com.st.stm32cube.common.mx_6.15.0.202507011659
2026-01-07 21:42:58,757 [INFO] MainUpdater:2872 - connection check result : 10
2026-01-07 21:42:58,758 [INFO] MainUpdater:289 - Updater Check For Update Now.
2026-01-07 21:42:58,758 [INFO] MicroXplorer:498 - Change Database Version : DB.6.0.150
2026-01-07 21:42:58,764 [INFO] ThirdPartyUpdaterWithRetryManager:70 - Updater plugin not ready yet. [2/15]
2026-01-07 21:42:58,770 [INFO] McuFinderGlobals:63 - Set McuFinder mode to 2 (CubeIDE integrated)
2026-01-07 21:42:58,770 [INFO] UserAuth:171 - activating auth plugin
2026-01-07 21:42:58,775 [INFO] UserAuth:487 - Internet connection configuration mode: 1
2026-01-07 21:42:58,810 [INFO] JxBrowserEngine:152 - Initiate JxBrowser Engine with user profile folder
2026-01-07 21:42:59,067 [INFO] CheckServerUpdateThread:120 - End of CheckServer Thread
2026-01-07 21:43:00,205 [INFO] WebApp:169 - Instantiating new browser for Auth
2026-01-07 21:43:01,400 [INFO] WebApp:463 - Apply proxy settings
2026-01-07 21:43:01,402 [INFO] WebApp:548 - Chromium requires no authentication
2026-01-07 21:43:01,413 [INFO] WebApp:491 - Direct internet connection detected
2026-01-07 21:43:01,461 [INFO] WebApp:900 - Register for checkConnection events
2026-01-07 21:43:01,461 [INFO] WebApp:463 - Apply proxy settings
2026-01-07 21:43:01,461 [INFO] WebApp:548 - Chromium requires no authentication
2026-01-07 21:43:01,463 [INFO] WebApp:491 - Direct internet connection detected
2026-01-07 21:43:01,756 [INFO] WebApp:225 - Starting web application
2026-01-07 21:43:01,756 [INFO] WebApp:593 - Web application path used D:\installs\STM32CubeIDE_1.19.0\STM32CubeIDE\plugins\com.st.stm32cube.common.mx_6.15.0.202507011659\db\plugins\mcufinder\reactClient1\index.html
2026-01-07 21:43:02,019 [INFO] WebApp:191 - Connection restablished
2026-01-07 21:43:02,464 [WARN] PackLoader:240 - Cannot read IP mode file for STMicroelectronics.FP-SNS-MOTENVWB1.1.4.0
2026-01-07 21:43:02,489 [WARN] PackLoader:240 - Cannot read IP mode file for STMicroelectronics.FP-ATR-ASTRA1.2.0.2
2026-01-07 21:43:02,511 [WARN] PackLoader:240 - Cannot read IP mode file for STMicroelectronics.X-CUBE-SMBUS.2.1.0
2026-01-07 21:43:02,530 [WARN] PackLoader:240 - Cannot read IP mode file for STMicroelectronics.X-CUBE-WB05N.1.1.0
2026-01-07 21:43:02,636 [WARN] PackLoader:240 - Cannot read IP mode file for STMicroelectronics.X-CUBE-AZRTOS-F7.1.1.0
2026-01-07 21:43:02,658 [WARN] PackLoader:240 - Cannot read IP mode file for STMicroelectronics.FP-SNS-MOTENV1.5.1.0
2026-01-07 21:43:02,727 [WARN] PackLoader:240 - Cannot read IP mode file for Infineon.AIROC-Wi-Fi-Bluetooth-STM32.1.7.0
2026-01-07 21:43:02,790 [WARN] PackLoader:240 - Cannot read IP mode file for STMicroelectronics.X-CUBE-AZRTOS-H7.3.4.0
2026-01-07 21:43:02,815 [WARN] PackLoader:240 - Cannot read IP mode file for STMicroelectronics.X-CUBE-DISPLAY.3.0.0
2026-01-07 21:43:02,839 [WARN] PackLoader:240 - Cannot read IP mode file for STMicroelectronics.X-CUBE-NFC10.1.0.0
2026-01-07 21:43:02,871 [WARN] PackLoader:240 - Cannot read IP mode file for STMicroelectronics.X-CUBE-BLEMGR.4.0.0
2026-01-07 21:43:02,888 [WARN] PackLoader:240 - Cannot read IP mode file for STMicroelectronics.X-CUBE-ST60.1.1.0
2026-01-07 21:43:02,921 [WARN] PackLoader:240 - Cannot read IP mode file for emotas.I-CUBE-CANOPEN.1.3.0
2026-01-07 21:43:02,934 [WARN] PackLoader:240 - Cannot read IP mode file for STMicroelectronics.X-CUBE-GNSS1.7.1.0
2026-01-07 21:43:02,946 [WARN] ConditionMgr:438 - getConditionDescription Invalid condition id : Cortex-A Device cause : null
2026-01-07 21:43:02,971 [WARN] ConditionMgr:1044 - genDependencies : Invalid condition id : Cortex-A Device cause : null
2026-01-07 21:43:02,971 [WARN] ConditionMgr:1044 - genDependencies : Invalid condition id : Cortex-A Device cause : null
2026-01-07 21:43:02,973 [WARN] ConditionMgr:1044 - genDependencies : Invalid condition id : Cortex-A Device cause : null
2026-01-07 21:43:02,979 [WARN] PackLoader:240 - Cannot read IP mode file for STMicroelectronics.X-CUBE-AI.10.0.0
2026-01-07 21:43:02,994 [WARN] PackLoader:240 - Cannot read IP mode file for STMicroelectronics.FP-SNS-STBOX1.2.1.0
2026-01-07 21:43:03,007 [WARN] PackLoader:240 - Cannot read IP mode file for STMicroelectronics.FP-SNS-SMARTAG2.1.2.0
2026-01-07 21:43:03,017 [WARN] PackLoader:240 - Cannot read IP mode file for STMicroelectronics.FP-SNS-FLIGHT1.5.1.0
2026-01-07 21:43:03,117 [WARN] PackLoader:240 - Cannot read IP mode file for STMicroelectronics.X-CUBE-MEMS1.11.1.0
2026-01-07 21:43:03,500 [INFO] LogOutputStream:77 - [STDOUT_REDIRECT] 1 : Invalid condition id : UX_CORESTACK_Condition cause : null
2026-01-07 21:43:03,504 [INFO] LogOutputStream:77 - [STDOUT_REDIRECT] 1 : Invalid condition id : UX_CORESTACK_Condition cause : null
2026-01-07 21:43:03,507 [INFO] LogOutputStream:77 - [STDOUT_REDIRECT] 1 : Invalid condition id : UX_CORESTACK_Condition cause : null
2026-01-07 21:43:03,509 [INFO] LogOutputStream:77 - [STDOUT_REDIRECT] 1 : Invalid condition id : UX_CORESTACK_Condition cause : null
2026-01-07 21:43:03,513 [INFO] LogOutputStream:77 - [STDOUT_REDIRECT] 1 : Invalid condition id : UX_CORESTACK_Condition cause : null
2026-01-07 21:43:03,518 [WARN] PackLoader:240 - Cannot read IP mode file for STMicroelectronics.X-CUBE-AZRTOS-WL.2.0.0
2026-01-07 21:43:03,529 [WARN] PackLoader:240 - Cannot read IP mode file for STMicroelectronics.FP-SNS-MOTENV1.5.0.0
2026-01-07 21:43:03,593 [WARN] PackLoader:240 - Cannot read IP mode file for STMicroelectronics.X-CUBE-AZRTOS-H7RS.1.2.0
2026-01-07 21:43:03,623 [WARN] PackLoader:240 - Cannot read IP mode file for WES.I-CUBE-Cesium.1.3.0
2026-01-07 21:43:03,632 [WARN] PackLoader:240 - Cannot read IP mode file for STMicroelectronics.X-CUBE-BLE2.3.3.0
2026-01-07 21:43:03,668 [WARN] PackLoader:240 - Cannot read IP mode file for STMicroelectronics.X-CUBE-NFC9.1.0.0
2026-01-07 21:43:03,718 [WARN] PackLoader:240 - Cannot read IP mode file for STMicroelectronics.X-CUBE-BLE1.7.1.0
2026-01-07 21:43:03,733 [WARN] PackLoader:240 - Cannot read IP mode file for wolfSSL.I-CUBE-wolfMQTT.1.19.2
2026-01-07 21:43:03,750 [WARN] PackLoader:240 - Cannot read IP mode file for STMicroelectronics.X-CUBE-FREERTOS.1.4.0
2026-01-07 21:43:03,767 [WARN] PackLoader:240 - Cannot read IP mode file for STMicroelectronics.X-CUBE-EEPRMA1.5.2.0
2026-01-07 21:43:03,781 [WARN] PackLoader:240 - Cannot read IP mode file for STMicroelectronics.X-CUBE-ST67W61.1.1.0
2026-01-07 21:43:03,864 [WARN] PackLoader:240 - Cannot read IP mode file for STMicroelectronics.X-CUBE-MEMS1.12.0.0
2026-01-07 21:43:04,063 [WARN] PackLoader:240 - Cannot read IP mode file for STMicroelectronics.X-CUBE-AZRTOS-G0.1.1.0
2026-01-07 21:43:04,082 [WARN] PackLoader:240 - Cannot read IP mode file for STMicroelectronics.X-CUBE-SAFEA1.1.2.2
2026-01-07 21:43:04,094 [WARN] PackLoader:240 - Cannot read IP mode file for STMicroelectronics.X-CUBE-NFC4.3.0.0
2026-01-07 21:43:04,111 [WARN] PackLoader:240 - Cannot read IP mode file for EmbeddedOffice.I-CUBE-FS-RTOS.1.0.1
2026-01-07 21:43:04,120 [WARN] PackLoader:240 - Cannot read IP mode file for STMicroelectronics.X-CUBE-WB05N.2.0.0
2026-01-07 21:43:04,130 [WARN] PackLoader:240 - Cannot read IP mode file for wolfSSL.I-CUBE-wolfTPM.3.8.0
2026-01-07 21:43:04,142 [WARN] PackLoader:240 - Cannot read IP mode file for STMicroelectronics.X-CUBE-TCPP.4.2.0
2026-01-07 21:43:04,159 [WARN] PackLoader:240 - Cannot read IP mode file for RealThread.X-CUBE-RT-Thread_Nano.4.1.1
2026-01-07 21:43:04,168 [WARN] PackLoader:240 - Cannot read IP mode file for STMicroelectronics.FP-ATR-SIGFOX1.3.2.0
2026-01-07 21:43:04,181 [WARN] PackLoader:240 - Cannot read IP mode file for STMicroelectronics.X-CUBE-EEPRMA1.5.1.0
2026-01-07 21:43:04,199 [WARN] PackLoader:240 - Cannot read IP mode file for wolfSSL.I-CUBE-wolfSSL.5.7.6
2026-01-07 21:43:04,213 [WARN] PackLoader:240 - Cannot read IP mode file for ITTIA_DB.I-CUBE-ITTIADB.8.9.0
2026-01-07 21:43:04,220 [WARN] PackLoader:240 - Cannot read IP mode file for STMicroelectronics.X-CUBE-AI.10.2.0
2026-01-07 21:43:04,283 [WARN] PackLoader:240 - Cannot read IP mode file for SEGGER.I-CUBE-embOS.1.3.1
2026-01-07 21:43:04,354 [WARN] PackLoader:240 - Cannot read IP mode file for STMicroelectronics.X-CUBE-ALGOBUILD.1.4.0
2026-01-07 21:43:04,363 [WARN] PackLoader:240 - Cannot read IP mode file for STMicroelectronics.X-CUBE-PM33A1.1.0.0
2026-01-07 21:43:04,391 [WARN] PackLoader:240 - Cannot read IP mode file for STMicroelectronics.X-CUBE-AZRTOS-F4.1.1.0
2026-01-07 21:43:04,405 [WARN] PackLoader:240 - Cannot read IP mode file for STMicroelectronics.X-CUBE-ISPU.2.1.0
2026-01-07 21:43:04,430 [WARN] PackLoader:240 - Cannot read IP mode file for STMicroelectronics.X-CUBE-IPS.3.2.0
2026-01-07 21:43:04,453 [WARN] PackLoader:240 - Cannot read IP mode file for STMicroelectronics.X-CUBE-NFC12.1.0.0
2026-01-07 21:43:04,479 [WARN] PackLoader:240 - Cannot read IP mode file for STMicroelectronics.X-CUBE-AZRTOS-L5.2.0.0
2026-01-07 21:43:04,495 [WARN] PackLoader:240 - Cannot read IP mode file for STMicroelectronics.X-CUBE-NFC6.3.1.0
2026-01-07 21:43:04,508 [WARN] PackLoader:240 - Cannot read IP mode file for STMicroelectronics.X-CUBE-DPower.1.2.0
2026-01-07 21:43:04,517 [WARN] PackLoader:240 - Cannot read IP mode file for STMicroelectronics.X-CUBE-FREERTOS.1.3.0
2026-01-07 21:43:04,526 [WARN] PackLoader:240 - Cannot read IP mode file for STMicroelectronics.X-CUBE-NFC7.1.0.1
2026-01-07 21:43:04,536 [WARN] PackLoader:240 - Cannot read IP mode file for STMicroelectronics.X-CUBE-TOUCHGFX.4.26.0
2026-01-07 21:43:04,544 [WARN] PackLoader:240 - Cannot read IP mode file for STMicroelectronics.FP-SNS-STAIOTCFT.1.0.0
2026-01-07 21:43:04,551 [WARN] PackLoader:240 - Cannot read IP mode file for STMicroelectronics.X-CUBE-DPower.1.3.0
2026-01-07 21:43:04,574 [WARN] ConditionMgr:438 - getConditionDescription Invalid condition id : LAN8742 Phy interface Condition cause : null
2026-01-07 21:43:04,575 [WARN] PackLoader:240 - Cannot read IP mode file for STMicroelectronics.X-CUBE-AZRTOS-L4.2.0.0
2026-01-07 21:43:04,576 [WARN] ConditionMgr:1044 - genDependencies : Invalid condition id : LAN8742 Phy interface Condition cause : null
2026-01-07 21:43:04,576 [WARN] ConditionMgr:1044 - genDependencies : Invalid condition id : LAN8742 Phy interface Condition cause : null
2026-01-07 21:43:04,577 [WARN] ConditionMgr:1044 - genDependencies : Invalid condition id : LAN8742 Phy interface Condition cause : null
2026-01-07 21:43:04,588 [WARN] PackLoader:240 - Cannot read IP mode file for STMicroelectronics.X-CUBE-SFXS2LP1.4.0.0
2026-01-07 21:43:04,622 [WARN] PackLoader:240 - Cannot read IP mode file for STMicroelectronics.X-CUBE-AZRTOS-H7.3.3.0
2026-01-07 21:43:04,644 [WARN] PackLoader:240 - Cannot read IP mode file for STMicroelectronics.X-CUBE-BLEMGR.4.1.0
2026-01-07 21:43:04,671 [WARN] ConditionMgr:438 - getConditionDescription Invalid condition id : UX DEVICE CLASS RTOS Condition cause : null
2026-01-07 21:43:04,671 [WARN] ConditionMgr:438 - getConditionDescription Invalid condition id : UX DEVICE CLASS RTOS Condition cause : null
2026-01-07 21:43:04,674 [WARN] PackLoader:240 - Cannot read IP mode file for STMicroelectronics.X-CUBE-AZRTOS-WB.2.0.0
2026-01-07 21:43:04,675 [WARN] ConditionMgr:1044 - genDependencies : Invalid condition id : UX DEVICE CLASS RTOS Condition cause : null
2026-01-07 21:43:04,676 [WARN] ConditionMgr:1044 - genDependencies : Invalid condition id : UX DEVICE CLASS RTOS Condition cause : null
2026-01-07 21:43:04,676 [WARN] ConditionMgr:1044 - genDependencies : Invalid condition id : UX DEVICE CLASS RTOS Condition cause : null
2026-01-07 21:43:04,677 [WARN] ConditionMgr:1044 - genDependencies : Invalid condition id : UX DEVICE CLASS RTOS Condition cause : null
2026-01-07 21:43:04,677 [WARN] ConditionMgr:1044 - genDependencies : Invalid condition id : UX DEVICE CLASS RTOS Condition cause : null
2026-01-07 21:43:04,686 [WARN] PackLoader:240 - Cannot read IP mode file for STMicroelectronics.X-CUBE-GNSS1.7.0.1
2026-01-07 21:43:04,692 [WARN] PackLoader:240 - Cannot read IP mode file for STMicroelectronics.X-CUBE-TOUCHGFX.4.25.0
2026-01-07 21:43:04,699 [WARN] PackLoader:240 - Cannot read IP mode file for STMicroelectronics.FP-SNS-STBOX1.2.0.0
2026-01-07 21:43:04,718 [WARN] PackLoader:240 - Cannot read IP mode file for STMicroelectronics.X-CUBE-SUBG2.5.0.0
2026-01-07 21:43:04,754 [WARN] PackLoader:240 - Cannot read IP mode file for STMicroelectronics.X-CUBE-AZRTOS-H7RS.1.1.0
2026-01-07 21:43:04,769 [WARN] PackLoader:240 - Cannot read IP mode file for Cesanta.I-CUBE-Mongoose.7.13.0
2026-01-07 21:43:04,795 [WARN] PackLoader:240 - Cannot read IP mode file for STMicroelectronics.X-CUBE-AZRTOS-G4.2.0.0
2026-01-07 21:43:04,803 [WARN] PackLoader:240 - Cannot read IP mode file for wolfSSL.I-CUBE-wolfSSH.1.4.20
2026-01-07 21:43:04,810 [WARN] PackLoader:240 - Cannot read IP mode file for STMicroelectronics.X-CUBE-NFC7.2.0.0
2026-01-07 21:43:04,831 [WARN] PackLoader:240 - Cannot read IP mode file for STMicroelectronics.X-CUBE-IPS.3.1.0
2026-01-07 21:43:04,846 [WARN] PackLoader:240 - Cannot read IP mode file for STMicroelectronics.X-CUBE-ALS.1.0.2
2026-01-07 21:43:04,857 [WARN] PackLoader:240 - Cannot read IP mode file for STMicroelectronics.X-CUBE-STSE01.1.0.0
2026-01-07 21:43:04,872 [WARN] PackLoader:240 - Cannot read IP mode file for portGmbH.I-Cube-SoM-uGOAL.1.1.0
2026-01-07 21:43:04,890 [WARN] PackLoader:240 - Cannot read IP mode file for STMicroelectronics.X-CUBE-TOF1.3.4.2
2026-01-07 21:43:04,921 [WARN] PackLoader:240 - Cannot read IP mode file for STMicroelectronics.X-CUBE-TOF1.3.4.3
2026-01-07 21:43:04,933 [INFO] ThirdParty:978 - Integrity check success = true
2026-01-07 21:43:04,934 [INFO] IntegrityCheckThread:100 - exiting critical section [integrity check]
2026-01-07 21:43:04,934 [INFO] IntegrityCheckThread:103 - End integrity checks thread
2026-01-07 21:46:50,882 [INFO] McuFinderGlobals:63 - Set McuFinder mode to 2 (CubeIDE integrated)
2026-01-07 21:46:50,912 [INFO] MainUpdater:2872 - connection check result : 10
2026-01-07 21:46:51,745 [INFO] ApiDb:581 - Connected to CubeFinder SQLite database (C:\Users\22142\.stmcufinder\plugins\mcufinder\mcu\cube-finder-db.db)
2026-01-07 21:46:51,964 [INFO] ApiDb:668 - CubeFinder database Data Model version=2.1
2026-01-07 21:46:51,965 [INFO] ApiDb:669 - CubeFinder database Configuration version=3.0.39
2026-01-07 21:46:51,965 [INFO] ApiDb:670 - CubeFinder database generation date=2025-12-22 (1766407740)
2026-01-07 21:46:51,966 [INFO] ApiDb:671 - CubeFinder database FW Pack versions=[FP-ATR-ASTRA1_V2.0.0, FP-SNS-FLIGHT1_V5.1.0, FP-SNS-MOTENV1_V5.1.0, FP-SNS-MOTENVWB1_V1.4.0, FP-SNS-SMARTAG2_V1.2.0, FP-SNS-STBOX1_V2.1.0, STM32Cube_FW_C0_V1.4.0, STM32Cube_FW_F4_V1.28.3, STM32Cube_FW_F7_V1.17.4, STM32Cube_FW_G0_V1.6.2, STM32Cube_FW_G4_V1.6.1, STM32Cube_FW_H5_V1.5.1, STM32Cube_FW_H7RS_V1.3.0, STM32Cube_FW_H7_V1.12.1, STM32Cube_FW_L0_V1.12.2, STM32Cube_FW_L4_V1.18.1, STM32Cube_FW_L5_V1.6.0, STM32Cube_FW_N6_V1.3.0, STM32Cube_FW_U0_V1.3.0, STM32Cube_FW_U3_V1.2.1, STM32Cube_FW_U5_V1.8.0, STM32Cube_FW_WB0_V1.4.0, STM32Cube_FW_WBA_V1.8.0, STM32Cube_FW_WB_V1.24.0, STM32Cube_FW_WL3_V1.3.0, STM32Cube_FW_WL_V1.4.0, X-CUBE-ALGOBUILD_V1.4.0, X-CUBE-ALS_V1.0.2, X-CUBE-AZRTOS-F4_V1.1.0, X-CUBE-AZRTOS-F7_V1.1.0, X-CUBE-AZRTOS-G0_V1.1.0, X-CUBE-AZRTOS-G4_V2.0.0, X-CUBE-AZRTOS-H7RS_V1.1.0, X-CUBE-AZRTOS-H7_V3.4.0, X-CUBE-AZRTOS-L4_V2.0.0, X-CUBE-AZRTOS-L5_V2.0.0, X-CUBE-AZRTOS-WB_V2.0.0, X-CUBE-AZRTOS-WL_V2.0.0, X-CUBE-BLE1_V7.1.0, X-CUBE-BLE2_V3.3.0, X-CUBE-BLEMGR_V4.1.0, X-CUBE-EEPRMA1_V5.2.0, X-CUBE-FREERTOS_V1.3.1, X-CUBE-GNSS1_V6.0.0, X-CUBE-MEMS1_V12.0.0, X-CUBE-NFC4_V3.0.0, X-CUBE-NFC7_V2.0.0, X-CUBE-SFXS2LP1_V4.0.0, X-CUBE-ST67W61_V1.1.0, X-CUBE-SUBG2_V5.0.0, X-CUBE-TOF1_V3.4.3]
2026-01-07 21:46:58,121 [INFO] ApiDb:240 - Found 880 in-development CPN: [B-G473E-ZEST1S, B-WB1M-WPAN1, B-WBA5M-WPAN, B-WL5M-SUBG1, NUCLEO-C031C6, NUCLEO-C051C8, NUCLEO-C071RB, NUCLEO-C092RC, NUCLEO-H503RB, NUCLEO-H533RE, NUCLEO-H563ZI, NUCLEO-H7S3L8, NUCLEO-N657X0-Q, NUCLEO-U031R8, NUCLEO-U083RC, NUCLEO-U385RG-Q, NUCLEO-U545RE-Q, NUCLEO-U5A5ZJ-Q, NUCLEO-WB05KZ, NUCLEO-WB07CC, NUCLEO-WB09KE, NUCLEO-WBA52CG, NUCLEO-WBA55CG, NUCLEO-WL33CC1, NUCLEO-WL33CC2, STEVAL-PROTEUS1, STEVAL-SMARTAG2, STEVAL-STWINBX1, STM320518-EVAL, STM32C0116-DK, STM32C011D6Y3TR, STM32C011D6Y6TR, STM32C011F4P3, STM32C011F4P6, STM32C011F4U3, STM32C011F4U6TR, STM32C011F6P3, STM32C011F6P6, STM32C011F6U3, STM32C011F6U6TR, STM32C011J4M3, STM32C011J4M6, STM32C011J6M3, STM32C011J6M6, STM32C0316-DK, STM32C031C4T3, STM32C031C4T6, STM32C031C4U3, STM32C031C4U6, STM32C031C6T3, STM32C031C6T6, STM32C031C6U3, STM32C031C6U6, STM32C031F4P3, STM32C031F4P6, STM32C031F6P3, STM32C031F6P6, STM32C031G4U3, STM32C031G4U6, STM32C031G6U3, STM32C031G6U6, STM32C031K4T3, STM32C031K4T6, STM32C031K4U3, STM32C031K4U6, STM32C031K6T3, STM32C031K6T6, STM32C031K6U3, STM32C031K6U6, STM32C051C6T6, STM32C051C6U6, STM32C051C8T6, STM32C051C8U6, STM32C051D8Y6TR, STM32C051F6P6, STM32C051F8P6, STM32C051G6U6, STM32C051G8U6, STM32C051K6T6, STM32C051K6U6, STM32C051K8T6, STM32C071C8T6, STM32C071C8T6N, STM32C071C8U6, STM32C071C8U6N, STM32C071CBT6, STM32C071CBT6N, STM32C071CBU6, STM32C071CBU6N, STM32C071F8P6, STM32C071F8P6N, STM32C071FBP6, STM32C071FBP6N, STM32C071FBY6TR, STM32C071G8U6, STM32C071G8U6N, STM32C071GBU6, STM32C071GBU6N, STM32C071K8T6, STM32C071K8T6N, STM32C071K8U6, STM32C071K8U6N, STM32C071KBT6, STM32C071KBT6N, STM32C071KBU6, STM32C071KBU6N, STM32C071R8T6, STM32C071R8T6N, STM32C071RBI6N, STM32C071RBT6, STM32C071RBT6N, STM32C091CBT6, STM32C091CBU6, STM32C091CCT6, STM32C091CCU6, STM32C091ECY6TR, STM32C091FBP6, STM32C091FCP6, STM32C091GBU6, STM32C091GCU6, STM32C091KBT6, STM32C091KBU6, STM32C091KCT6, STM32C091KCU6, STM32C091RBT6, STM32C091RCI6, STM32C091RCT6, STM32C092CBT6, STM32C092CBU6, STM32C092CCT6, STM32C092CCU6, STM32C092ECY6TR, STM32C092FBP6, STM32C092FCP6, STM32C092GBU6, STM32C092GCU6, STM32C092KBT6, STM32C092KBU6, STM32C092KCT6, STM32C092KCU6, STM32C092RBT6, STM32C092RCI6, STM32C092RCT6, STM32G071K8TXN, STM32G071K8UXN, STM32G081GBU6N, STM32G081KBT6N, STM32G081KBUXN, STM32G0B1CCT6N, STM32G0B1KCT6, STM32G0B1NEY6TR, STM32G0B1RCT6N, STM32G0C1CCT6, STM32G0C1CCT6N, STM32G0C1CCU6N, STM32G0C1CET6N, STM32G0C1CEU6N, STM32G0C1KCT6, STM32G0C1NEY6TR, STM32G0C1RCI6N, STM32G0C1RCT6N, STM32G0C1REI6N, STM32G0C1RET6N, STM32G0C1VCI6, STM32G0C1VEI6, STM32G411C6T3, STM32G411C6T6, STM32G411C6U3, STM32G411C6U6, STM32G411C8T3, STM32G411C8T6, STM32G411C8U3, STM32G411C8U6, STM32G411CBT3, STM32G411CBT6, STM32G411CBU3, STM32G411CBU6, STM32G411K6T3, STM32G411K6T6, STM32G411K6U3, STM32G411K6U6, STM32G411K8T3, STM32G411K8T6, STM32G411K8U3, STM32G411K8U6, STM32G411KBT3, STM32G411KBT6, STM32G411KBU3, STM32G411KBU6, STM32G411M6T3, STM32G411M6T6, STM32G411M8T3, STM32G411M8T6, STM32G411MBT3, STM32G411MBT6, STM32G411R6T3, STM32G411R6T6, STM32G411R8T3, STM32G411R8T6, STM32G411RBT3, STM32G411RBT6, STM32G414CBT3, STM32G414CBT6, STM32G414CBU3, STM32G414CBU6, STM32G414CCT3, STM32G414CCT6, STM32G414CCU3, STM32G414CCU6, STM32G414MBT3, STM32G414MBT6, STM32G414MCT3, STM32G414MCT6, STM32G414RBT3, STM32G414RBT6, STM32G414RCT3, STM32G414RCT6, STM32G414VBT3, STM32G414VBT6, STM32G414VCT3, STM32G414VCT6, STM32G431CBT3Z, STM32G431RBT3Z, STM32G471CCT6, STM32G471CCU6, STM32G471CET3, STM32G471CET6, STM32G471CEU3, STM32G471CEU6, STM32G471MCT6, STM32G471MET3, STM32G471MET6, STM32G471MEY6TR, STM32G471QCT6, STM32G471QET3, STM32G471RCT6, STM32G471RET3, STM32G471RET6, STM32G471VCH6, STM32G471VCI6, STM32G471VCT6, STM32G471VEH3, STM32G471VEH6, STM32G471VEI3, STM32G471VEI6, STM32G471VET3, STM32G471VET6, STM32G473QET3Z, STM32G473RET3Z, STM32G474CCT6, STM32G491RET3Z, STM32H503CBT6, STM32H503CBU6, STM32H503EBY6TR, STM32H503KBU6, STM32H503RBT6, STM32H523CCT6, STM32H523CCU6, STM32H523CET6, STM32H523CEU6, STM32H523HEY6TR, STM32H523RCT6, STM32H523RET6, STM32H523VCI6, STM32H523VCT6, STM32H523VEI6, STM32H523VET6, STM32H523ZCJ6, STM32H523ZCT6, STM32H523ZEJ6, STM32H523ZET6, STM32H533CET6, STM32H533CEU6, STM32H533HEY6TR, STM32H533RET6, STM32H533VEI6, STM32H533VET6, STM32H533ZEJ6, STM32H533ZET6, STM32H562AGI6, STM32H562AII6, STM32H562IGK6, STM32H562IGT6, STM32H562IIK6, STM32H562IIT6, STM32H562RGT6, STM32H562RGV6, STM32H562RIT6, STM32H562RIV6, STM32H562VGT6, STM32H562VIT6, STM32H562ZGT6, STM32H562ZIT6, STM32H563AGI6, STM32H563AII3Q, STM32H563AII6, STM32H563IGK6, STM32H563IGT6, STM32H563IIK3Q, STM32H563IIK6, STM32H563IIT3Q, STM32H563IIT6, STM32H563MIY3QTR, STM32H563RGT6, STM32H563RGV6, STM32H563RIT6, STM32H563RIV6, STM32H563VGT6, STM32H563VIT3Q, STM32H563VIT6, STM32H563ZGT6, STM32H563ZIT3Q, STM32H563ZIT6, STM32H573AII3Q, STM32H573AII6, STM32H573I-DK, STM32H573IIK3Q, STM32H573IIK6, STM32H573IIT3Q, STM32H573IIT6, STM32H573MIY3QTR, STM32H573RIT6, STM32H573RIV6, STM32H573VIT3Q, STM32H573VIT6, STM32H573ZIT3Q, STM32H573ZIT6, STM32H7R3A8I6, STM32H7R3I8K6, STM32H7R3I8T6, STM32H7R3L8H6, STM32H7R3L8H6H, STM32H7R3R8V6, STM32H7R3V8H6, STM32H7R3V8T6, STM32H7R3V8Y6TR, STM32H7R3Z8J6, STM32H7R3Z8T6, STM32H7R7A8I6, STM32H7R7I8K6, STM32H7R7I8T6, STM32H7R7L8H6, STM32H7R7L8H6H, STM32H7R7Z8J6, STM32H7S3A8I6, STM32H7S3I8K6, STM32H7S3I8T6, STM32H7S3L8H6, STM32H7S3L8H6H, STM32H7S3R8V6, STM32H7S3V8H6, STM32H7S3V8T6, STM32H7S3V8Y6TR, STM32H7S3Z8J6, STM32H7S3Z8T6, STM32H7S78-DK, STM32H7S7A8I6, STM32H7S7I8K6, STM32H7S7I8T6, STM32H7S7L8H6, STM32H7S7L8H6H, STM32H7S7Z8J6, STM32L4R5QGI6STR, STM32MP131AAE3, STM32MP131AAF3, STM32MP131AAG3, STM32MP131CAE3, STM32MP131CAF3, STM32MP131CAG3, STM32MP131DAE7, STM32MP131DAF7, STM32MP131DAG7, STM32MP131FAE7, STM32MP131FAF7, STM32MP131FAG7, STM32MP133AAE3, STM32MP133AAF3, STM32MP133AAG3, STM32MP133CAE3, STM32MP133CAF3, STM32MP133CAG3, STM32MP133DAE7, STM32MP133DAF7, STM32MP133DAG7, STM32MP133FAE7, STM32MP133FAF7, STM32MP133FAG7, STM32MP135AAE3, STM32MP135AAF3, STM32MP135AAG3, STM32MP135CAE3, STM32MP135CAF3, STM32MP135CAG3, STM32MP135DAE7, STM32MP135DAF7, STM32MP135DAG7, STM32MP135F-DK, STM32MP135FAE7, STM32MP135FAF7, STM32MP135FAF7T, STM32MP135FAF7U, STM32MP135FAG7, STM32MP211AAL3, STM32MP211AAM3, STM32MP211AAN3, STM32MP211AAO3, STM32MP211CAL3, STM32MP211CAM3, STM32MP211CAN3, STM32MP211CAO3, STM32MP211DAL3, STM32MP211DAM3, STM32MP211DAN3, STM32MP211DAO3, STM32MP211FAL3, STM32MP211FAM3, STM32MP211FAN3, STM32MP211FAO3, STM32MP213AAL3, STM32MP213AAM3, STM32MP213AAN3, STM32MP213AAO3, STM32MP213CAL3, STM32MP213CAM3, STM32MP213CAN3, STM32MP213CAO3, STM32MP213DAL3, STM32MP213DAM3, STM32MP213DAN3, STM32MP213DAO3, STM32MP213FAL3, STM32MP213FAM3, STM32MP213FAN3, STM32MP213FAO3, STM32MP215AAL3, STM32MP215AAM3, STM32MP215AAN3, STM32MP215AAO3, STM32MP215CAL3, STM32MP215CAM3, STM32MP215CAN3, STM32MP215CAO3, STM32MP215DAL3, STM32MP215DAM3, STM32MP215DAN3, STM32MP215DAO3, STM32MP215F-DK, STM32MP215FAL3, STM32MP215FAM3, STM32MP215FAN3, STM32MP215FAO3, STM32MP231AAJ3, STM32MP231AAK3, STM32MP231AAL3, STM32MP231CAJ3, STM32MP231CAK3, STM32MP231CAL3, STM32MP231DAJ3, STM32MP231DAK3, STM32MP231DAL3, STM32MP231FAJ3, STM32MP231FAK3, STM32MP231FAL3, STM32MP233AAJ3, STM32MP233AAK3, STM32MP233AAL3, STM32MP233CAJ3, STM32MP233CAK3, STM32MP233CAL3, STM32MP233DAJ3, STM32MP233DAK3, STM32MP233DAL3, STM32MP233FAJ3, STM32MP233FAK3, STM32MP233FAL3, STM32MP235AAJ3, STM32MP235AAK3, STM32MP235AAL3, STM32MP235CAJ3, STM32MP235CAK3, STM32MP235CAL3, STM32MP235DAJ3, STM32MP235DAK3, STM32MP235DAL3, STM32MP235FAJ3, STM32MP235FAK3, STM32MP235FAL3, STM32MP251AAI3, STM32MP251AAK3, STM32MP251AAL3, STM32MP251CAI3, STM32MP251CAK3, STM32MP251CAL3, STM32MP251DAI3, STM32MP251DAK3, STM32MP251DAL3, STM32MP251FAI3, STM32MP251FAK3, STM32MP251FAL3, STM32MP253AAI3, STM32MP253AAK3, STM32MP253AAL3, STM32MP253CAI3, STM32MP253CAK3, STM32MP253CAL3, STM32MP253DAI3, STM32MP253DAK3, STM32MP253DAL3, STM32MP253FAI3, STM32MP253FAK3, STM32MP253FAL3, STM32MP255AAI3, STM32MP255AAK3, STM32MP255AAL3, STM32MP255CAI3, STM32MP255CAK3, STM32MP255CAL3, STM32MP255DAI3, STM32MP255DAK3, STM32MP255DAL3, STM32MP255FAI3, STM32MP255FAK3, STM32MP255FAL3, STM32MP257AAI3, STM32MP257AAK3, STM32MP257AAL3, STM32MP257CAI3, STM32MP257CAK3, STM32MP257CAL3, STM32MP257DAI3, STM32MP257DAK3, STM32MP257DAL3, STM32MP257F-DK, STM32MP257F-EV1, STM32MP257FAI3, STM32MP257FAK3, STM32MP257FAL3, STM32N645A0H3Q, STM32N645B0H3Q, STM32N645I0H3Q, STM32N645L0H3Q, STM32N645X0H3Q, STM32N645Z0H3Q, STM32N647A0H3Q, STM32N647B0H3Q, STM32N647I0H3Q, STM32N647L0H3Q, STM32N647X0H3Q, STM32N647Z0H3Q, STM32N655A0H3Q, STM32N655B0H3Q, STM32N655I0H3Q, STM32N655L0H3Q, STM32N655X0H3Q, STM32N655Z0H3Q, STM32N6570-DK, STM32N657A0H3Q, STM32N657B0H3Q, STM32N657I0H3Q, STM32N657L0H3Q, STM32N657X0H3Q, STM32N657Z0H3Q, STM32U031C6T6, STM32U031C6U6, STM32U031C8T6, STM32U031C8U6, STM32U031F4P6, STM32U031F6P6, STM32U031F8P6, STM32U031G6Y6TR, STM32U031G8Y6TR, STM32U031K4U6, STM32U031K6U6, STM32U031K8U6, STM32U031R6I6, STM32U031R6T6, STM32U031R8I6, STM32U031R8T6, STM32U073C8T6, STM32U073C8U6, STM32U073CBT6, STM32U073CBU6, STM32U073CCT6, STM32U073CCU6, STM32U073H8Y6TR, STM32U073HBY6TR, STM32U073HCY6TR, STM32U073K8U6, STM32U073KBU6, STM32U073KCU6, STM32U073M8I6, STM32U073M8T6, STM32U073MBI6, STM32U073MBT6, STM32U073MCI6, STM32U073MCT6, STM32U073R8I6, STM32U073R8T6, STM32U073RBI6, STM32U073RBT6, STM32U073RCI6, STM32U073RCT6, STM32U083C-DK, STM32U083CCT6, STM32U083CCU6, STM32U083HCY6TR, STM32U083KCU6, STM32U083MCI6, STM32U083MCT6, STM32U083RCI6, STM32U083RCT6, STM32U375CET6, STM32U375CET6Q, STM32U375CEU6, STM32U375CEU6Q, STM32U375CEY6QTR, STM32U375CGT6, STM32U375CGT6Q, STM32U375CGU6, STM32U375CGU6Q, STM32U375CGY6QTR, STM32U375KEU6, STM32U375KGU6, STM32U375REI6, STM32U375REI6Q, STM32U375RET6, STM32U375RET6Q, STM32U375REY6GTR, STM32U375REY6QTR, STM32U375RGI6, STM32U375RGI6Q, STM32U375RGT6, STM32U375RGT6Q, STM32U375RGY6GTR, STM32U375RGY6QTR, STM32U375VEI6, STM32U375VEI6Q, STM32U375VET6, STM32U375VET6Q, STM32U375VGI6, STM32U375VGI6Q, STM32U375VGT6, STM32U375VGT6Q, STM32U385CGT6, STM32U385CGT6Q, STM32U385CGU6, STM32U385CGU6Q, STM32U385CGY6QTR, STM32U385KGU6, STM32U385RGI6, STM32U385RGI6Q, STM32U385RGT6, STM32U385RGT6Q, STM32U385RGY6GTR, STM32U385RGY6QTR, STM32U385VGI6, STM32U385VGI6Q, STM32U385VGT6, STM32U385VGT6Q, STM32U535CBT6, STM32U535CBT6Q, STM32U535CBU6, STM32U535CBU6Q, STM32U535CCT6, STM32U535CCT6Q, STM32U535CCU6, STM32U535CCU6Q, STM32U535CET6, STM32U535CET6Q, STM32U535CEU6, STM32U535CEU6Q, STM32U535JEY6QTR, STM32U535NCY6QTR, STM32U535NEY6QTR, STM32U535RBI6, STM32U535RBI6Q, STM32U535RBT6, STM32U535RBT6Q, STM32U535RCI6, STM32U535RCI6Q, STM32U535RCT6, STM32U535RCT6Q, STM32U535REI6, STM32U535REI6Q, STM32U535RET6, STM32U535RET6Q, STM32U535VCI6, STM32U535VCI6Q, STM32U535VCT6, STM32U535VCT6Q, STM32U535VEI6, STM32U535VEI6Q, STM32U535VET6, STM32U535VET6Q, STM32U545CET6, STM32U545CET6Q, STM32U545CEU6, STM32U545CEU6Q, STM32U545JEY6QTR, STM32U545NEY6QTR, STM32U545REI6, STM32U545REI6Q, STM32U545RET6, STM32U545RET6Q, STM32U545VEI6, STM32U545VEI6Q, STM32U545VET6, STM32U545VET6Q, STM32U595AIH6, STM32U595AIH6Q, STM32U595AJH6, STM32U595AJH6Q, STM32U595QII6, STM32U595QII6Q, STM32U595QJI6, STM32U595QJI6Q, STM32U595RIT6, STM32U595RIT6Q, STM32U595RJT6, STM32U595RJT6Q, STM32U595VIT6, STM32U595VIT6Q, STM32U595VJT6, STM32U595VJT6Q, STM32U595ZIT6, STM32U595ZIT6Q, STM32U595ZIY6QTR, STM32U595ZJT6, STM32U595ZJT6Q, STM32U595ZJY6QTR, STM32U599BJY6QTR, STM32U599NIH6Q, STM32U599NJH6Q, STM32U599VIT6Q, STM32U599VJT6, STM32U599VJT6Q, STM32U599ZIT6Q, STM32U599ZIY6QTR, STM32U599ZJT6Q, STM32U599ZJY6QTR, STM32U5A5AJH6, STM32U5A5AJH6Q, STM32U5A5QII3Q , STM32U5A5QJI6, STM32U5A5QJI6Q, STM32U5A5RJT6, STM32U5A5RJT6Q, STM32U5A5VJT6, STM32U5A5VJT6Q, STM32U5A5ZJT6, STM32U5A5ZJT6Q, STM32U5A5ZJY6QTR, STM32U5A9BJY6QTR, STM32U5A9J-DK, STM32U5A9NJH6Q, STM32U5A9VJT6Q, STM32U5A9ZJT6Q, STM32U5A9ZJY6QTR, STM32U5F7VIT6, STM32U5F7VIT6Q, STM32U5F7VJT6, STM32U5F7VJT6Q, STM32U5F9BJY6QTR, STM32U5F9NJH6Q, STM32U5F9VIT6Q, STM32U5F9VJT6Q, STM32U5F9ZIJ6QTR, STM32U5F9ZIT6Q, STM32U5F9ZJJ6QTR, STM32U5F9ZJT6Q, STM32U5G7VJT6, STM32U5G7VJT6Q, STM32U5G9BJY6QTR, STM32U5G9J-DK1, STM32U5G9J-DK2, STM32U5G9NJH6Q, STM32U5G9VJT6Q, STM32U5G9ZJJ6QTR, STM32U5G9ZJT6Q, STM32WB05KZV6TR, STM32WB05KZV7TR, STM32WB05TZF6TR, STM32WB05TZF7TR, STM32WB06CCF6TR, STM32WB06CCF7TR, STM32WB06CCV6TR, STM32WB06CCV7TR, STM32WB06KCV6TR, STM32WB06KCV7TR, STM32WB07CCF6TR, STM32WB07CCF7TR, STM32WB07CCV6TR, STM32WB07CCV7TR, STM32WB07KCV6TR, STM32WB07KCV7TR, STM32WB09KEV6TR, STM32WB09KEV7TR, STM32WB09TEF6TR, STM32WB09TEF7TR, STM32WB1MMCH6, STM32WBA50KGU6, STM32WBA50KGU6TR, STM32WBA52CEU6, STM32WBA52CEU6TR, STM32WBA52CEU7, STM32WBA52CEU7TR, STM32WBA52CGU6, STM32WBA52CGU6TR, STM32WBA52CGU6U, STM32WBA52CGU7, STM32WBA52CGU7TR, STM32WBA52KEU6, STM32WBA52KEU6TR, STM32WBA52KGU6, STM32WBA52KGU6TR, STM32WBA54CEU6, STM32WBA54CEU6TR, STM32WBA54CEU7, STM32WBA54CEU7TR, STM32WBA54CGU6, STM32WBA54CGU6TR, STM32WBA54CGU7, STM32WBA54CGU7TR, STM32WBA54KEU6, STM32WBA54KEU6TR, STM32WBA54KEU7, STM32WBA54KEU7TR, STM32WBA54KGU6, STM32WBA54KGU6TR, STM32WBA54KGU7, STM32WBA54KGU7TR, STM32WBA55CEU6, STM32WBA55CEU6TR, STM32WBA55CEU7, STM32WBA55CEU7TR, STM32WBA55CGU6, STM32WBA55CGU6TR, STM32WBA55CGU6U, STM32WBA55CGU7, STM32WBA55CGU7TR, STM32WBA55G-DK1, STM32WBA55HEF6, STM32WBA55HEF7, STM32WBA55HGF6, STM32WBA55HGF7, STM32WBA55UEI6, STM32WBA55UEI6TR, STM32WBA55UEI7, STM32WBA55UEI7TR, STM32WBA55UGI6, STM32WBA55UGI6TR, STM32WBA55UGI7, STM32WBA55UGI7TR, STM32WBA5MMGH6TR, STM32WBA62MGF6, STM32WBA62MIF6, STM32WBA65MGF7, STM32WBA65MIF6, STM32WBA65MIF7, STM32WL30K8V6, STM32WL30KBV6, STM32WL31C8V6, STM32WL31CBV6, STM32WL31K8V6, STM32WL31KBV6, STM32WL33C8V6, STM32WL33C8V6X, STM32WL33CBV6, STM32WL33CBV6X, STM32WL33CCV6, STM32WL33CCV6A, STM32WL33CCV6X, STM32WL33K8V7, STM32WL33K8V7X, STM32WL33KBV7 , STM32WL33KBV7X, STM32WL33KCV7, STM32WL33KCV7X, STM32WL5MOCH6, STM32WL5MOCH6TR]
2026-01-07 21:46:58,132 [INFO] DbMcus:218 - Found 4876 MCUs, 4876 are supported
2026-01-07 21:46:58,134 [INFO] ApiDb:423 - Load user favorites file C:\Users\22142/.stm32cubeide/favorites.mcus.txt: 0 item(s)
2026-01-07 21:46:58,134 [INFO] ApiDb:427 - User favorites MCUs=[]
2026-01-07 21:46:58,134 [INFO] DbMcus:224 - Set 0 / 0 favorites MCUs
2026-01-07 21:46:58,869 [INFO] ApiDb:668 - CubeFinder database Data Model version=2.1
2026-01-07 21:46:58,869 [INFO] ApiDb:669 - CubeFinder database Configuration version=3.0.39
2026-01-07 21:46:58,869 [INFO] ApiDb:670 - CubeFinder database generation date=2025-12-22 (1766407740)
2026-01-07 21:46:58,869 [INFO] ApiDb:671 - CubeFinder database FW Pack versions=[FP-ATR-ASTRA1_V2.0.0, FP-SNS-FLIGHT1_V5.1.0, FP-SNS-MOTENV1_V5.1.0, FP-SNS-MOTENVWB1_V1.4.0, FP-SNS-SMARTAG2_V1.2.0, FP-SNS-STBOX1_V2.1.0, STM32Cube_FW_C0_V1.4.0, STM32Cube_FW_F4_V1.28.3, STM32Cube_FW_F7_V1.17.4, STM32Cube_FW_G0_V1.6.2, STM32Cube_FW_G4_V1.6.1, STM32Cube_FW_H5_V1.5.1, STM32Cube_FW_H7RS_V1.3.0, STM32Cube_FW_H7_V1.12.1, STM32Cube_FW_L0_V1.12.2, STM32Cube_FW_L4_V1.18.1, STM32Cube_FW_L5_V1.6.0, STM32Cube_FW_N6_V1.3.0, STM32Cube_FW_U0_V1.3.0, STM32Cube_FW_U3_V1.2.1, STM32Cube_FW_U5_V1.8.0, STM32Cube_FW_WB0_V1.4.0, STM32Cube_FW_WBA_V1.8.0, STM32Cube_FW_WB_V1.24.0, STM32Cube_FW_WL3_V1.3.0, STM32Cube_FW_WL_V1.4.0, X-CUBE-ALGOBUILD_V1.4.0, X-CUBE-ALS_V1.0.2, X-CUBE-AZRTOS-F4_V1.1.0, X-CUBE-AZRTOS-F7_V1.1.0, X-CUBE-AZRTOS-G0_V1.1.0, X-CUBE-AZRTOS-G4_V2.0.0, X-CUBE-AZRTOS-H7RS_V1.1.0, X-CUBE-AZRTOS-H7_V3.4.0, X-CUBE-AZRTOS-L4_V2.0.0, X-CUBE-AZRTOS-L5_V2.0.0, X-CUBE-AZRTOS-WB_V2.0.0, X-CUBE-AZRTOS-WL_V2.0.0, X-CUBE-BLE1_V7.1.0, X-CUBE-BLE2_V3.3.0, X-CUBE-BLEMGR_V4.1.0, X-CUBE-EEPRMA1_V5.2.0, X-CUBE-FREERTOS_V1.3.1, X-CUBE-GNSS1_V6.0.0, X-CUBE-MEMS1_V12.0.0, X-CUBE-NFC4_V3.0.0, X-CUBE-NFC7_V2.0.0, X-CUBE-SFXS2LP1_V4.0.0, X-CUBE-ST67W61_V1.1.0, X-CUBE-SUBG2_V5.0.0, X-CUBE-TOF1_V3.4.3]
2026-01-07 21:46:59,015 [INFO] DbBoardsSqlite:226 - include board P-NUCLEO-WB55-NUCLEO as a kit item of type 'Nucleo-64'
2026-01-07 21:46:59,016 [INFO] DbBoardsSqlite:226 - include board P-NUCLEO-WB55-USBDONGLE as a kit item of type 'Nucleo USB Dongle'
2026-01-07 21:46:59,017 [INFO] DbBoardsSqlite:226 - include board STEVAL-IDP005V1 as a kit item of type 'Evaluation Board'
2026-01-07 21:46:59,017 [INFO] DbBoardsSqlite:226 - include board STEVAL-IDP005V2 as a kit item of type 'Evaluation Board'
2026-01-07 21:46:59,179 [INFO] ApiDb:240 - Found 880 in-development CPN: [B-G473E-ZEST1S, B-WB1M-WPAN1, B-WBA5M-WPAN, B-WL5M-SUBG1, NUCLEO-C031C6, NUCLEO-C051C8, NUCLEO-C071RB, NUCLEO-C092RC, NUCLEO-H503RB, NUCLEO-H533RE, NUCLEO-H563ZI, NUCLEO-H7S3L8, NUCLEO-N657X0-Q, NUCLEO-U031R8, NUCLEO-U083RC, NUCLEO-U385RG-Q, NUCLEO-U545RE-Q, NUCLEO-U5A5ZJ-Q, NUCLEO-WB05KZ, NUCLEO-WB07CC, NUCLEO-WB09KE, NUCLEO-WBA52CG, NUCLEO-WBA55CG, NUCLEO-WL33CC1, NUCLEO-WL33CC2, STEVAL-PROTEUS1, STEVAL-SMARTAG2, STEVAL-STWINBX1, STM320518-EVAL, STM32C0116-DK, STM32C011D6Y3TR, STM32C011D6Y6TR, STM32C011F4P3, STM32C011F4P6, STM32C011F4U3, STM32C011F4U6TR, STM32C011F6P3, STM32C011F6P6, STM32C011F6U3, STM32C011F6U6TR, STM32C011J4M3, STM32C011J4M6, STM32C011J6M3, STM32C011J6M6, STM32C0316-DK, STM32C031C4T3, STM32C031C4T6, STM32C031C4U3, STM32C031C4U6, STM32C031C6T3, STM32C031C6T6, STM32C031C6U3, STM32C031C6U6, STM32C031F4P3, STM32C031F4P6, STM32C031F6P3, STM32C031F6P6, STM32C031G4U3, STM32C031G4U6, STM32C031G6U3, STM32C031G6U6, STM32C031K4T3, STM32C031K4T6, STM32C031K4U3, STM32C031K4U6, STM32C031K6T3, STM32C031K6T6, STM32C031K6U3, STM32C031K6U6, STM32C051C6T6, STM32C051C6U6, STM32C051C8T6, STM32C051C8U6, STM32C051D8Y6TR, STM32C051F6P6, STM32C051F8P6, STM32C051G6U6, STM32C051G8U6, STM32C051K6T6, STM32C051K6U6, STM32C051K8T6, STM32C071C8T6, STM32C071C8T6N, STM32C071C8U6, STM32C071C8U6N, STM32C071CBT6, STM32C071CBT6N, STM32C071CBU6, STM32C071CBU6N, STM32C071F8P6, STM32C071F8P6N, STM32C071FBP6, STM32C071FBP6N, STM32C071FBY6TR, STM32C071G8U6, STM32C071G8U6N, STM32C071GBU6, STM32C071GBU6N, STM32C071K8T6, STM32C071K8T6N, STM32C071K8U6, STM32C071K8U6N, STM32C071KBT6, STM32C071KBT6N, STM32C071KBU6, STM32C071KBU6N, STM32C071R8T6, STM32C071R8T6N, STM32C071RBI6N, STM32C071RBT6, STM32C071RBT6N, STM32C091CBT6, STM32C091CBU6, STM32C091CCT6, STM32C091CCU6, STM32C091ECY6TR, STM32C091FBP6, STM32C091FCP6, STM32C091GBU6, STM32C091GCU6, STM32C091KBT6, STM32C091KBU6, STM32C091KCT6, STM32C091KCU6, STM32C091RBT6, STM32C091RCI6, STM32C091RCT6, STM32C092CBT6, STM32C092CBU6, STM32C092CCT6, STM32C092CCU6, STM32C092ECY6TR, STM32C092FBP6, STM32C092FCP6, STM32C092GBU6, STM32C092GCU6, STM32C092KBT6, STM32C092KBU6, STM32C092KCT6, STM32C092KCU6, STM32C092RBT6, STM32C092RCI6, STM32C092RCT6, STM32G071K8TXN, STM32G071K8UXN, STM32G081GBU6N, STM32G081KBT6N, STM32G081KBUXN, STM32G0B1CCT6N, STM32G0B1KCT6, STM32G0B1NEY6TR, STM32G0B1RCT6N, STM32G0C1CCT6, STM32G0C1CCT6N, STM32G0C1CCU6N, STM32G0C1CET6N, STM32G0C1CEU6N, STM32G0C1KCT6, STM32G0C1NEY6TR, STM32G0C1RCI6N, STM32G0C1RCT6N, STM32G0C1REI6N, STM32G0C1RET6N, STM32G0C1VCI6, STM32G0C1VEI6, STM32G411C6T3, STM32G411C6T6, STM32G411C6U3, STM32G411C6U6, STM32G411C8T3, STM32G411C8T6, STM32G411C8U3, STM32G411C8U6, STM32G411CBT3, STM32G411CBT6, STM32G411CBU3, STM32G411CBU6, STM32G411K6T3, STM32G411K6T6, STM32G411K6U3, STM32G411K6U6, STM32G411K8T3, STM32G411K8T6, STM32G411K8U3, STM32G411K8U6, STM32G411KBT3, STM32G411KBT6, STM32G411KBU3, STM32G411KBU6, STM32G411M6T3, STM32G411M6T6, STM32G411M8T3, STM32G411M8T6, STM32G411MBT3, STM32G411MBT6, STM32G411R6T3, STM32G411R6T6, STM32G411R8T3, STM32G411R8T6, STM32G411RBT3, STM32G411RBT6, STM32G414CBT3, STM32G414CBT6, STM32G414CBU3, STM32G414CBU6, STM32G414CCT3, STM32G414CCT6, STM32G414CCU3, STM32G414CCU6, STM32G414MBT3, STM32G414MBT6, STM32G414MCT3, STM32G414MCT6, STM32G414RBT3, STM32G414RBT6, STM32G414RCT3, STM32G414RCT6, STM32G414VBT3, STM32G414VBT6, STM32G414VCT3, STM32G414VCT6, STM32G431CBT3Z, STM32G431RBT3Z, STM32G471CCT6, STM32G471CCU6, STM32G471CET3, STM32G471CET6, STM32G471CEU3, STM32G471CEU6, STM32G471MCT6, STM32G471MET3, STM32G471MET6, STM32G471MEY6TR, STM32G471QCT6, STM32G471QET3, STM32G471RCT6, STM32G471RET3, STM32G471RET6, STM32G471VCH6, STM32G471VCI6, STM32G471VCT6, STM32G471VEH3, STM32G471VEH6, STM32G471VEI3, STM32G471VEI6, STM32G471VET3, STM32G471VET6, STM32G473QET3Z, STM32G473RET3Z, STM32G474CCT6, STM32G491RET3Z, STM32H503CBT6, STM32H503CBU6, STM32H503EBY6TR, STM32H503KBU6, STM32H503RBT6, STM32H523CCT6, STM32H523CCU6, STM32H523CET6, STM32H523CEU6, STM32H523HEY6TR, STM32H523RCT6, STM32H523RET6, STM32H523VCI6, STM32H523VCT6, STM32H523VEI6, STM32H523VET6, STM32H523ZCJ6, STM32H523ZCT6, STM32H523ZEJ6, STM32H523ZET6, STM32H533CET6, STM32H533CEU6, STM32H533HEY6TR, STM32H533RET6, STM32H533VEI6, STM32H533VET6, STM32H533ZEJ6, STM32H533ZET6, STM32H562AGI6, STM32H562AII6, STM32H562IGK6, STM32H562IGT6, STM32H562IIK6, STM32H562IIT6, STM32H562RGT6, STM32H562RGV6, STM32H562RIT6, STM32H562RIV6, STM32H562VGT6, STM32H562VIT6, STM32H562ZGT6, STM32H562ZIT6, STM32H563AGI6, STM32H563AII3Q, STM32H563AII6, STM32H563IGK6, STM32H563IGT6, STM32H563IIK3Q, STM32H563IIK6, STM32H563IIT3Q, STM32H563IIT6, STM32H563MIY3QTR, STM32H563RGT6, STM32H563RGV6, STM32H563RIT6, STM32H563RIV6, STM32H563VGT6, STM32H563VIT3Q, STM32H563VIT6, STM32H563ZGT6, STM32H563ZIT3Q, STM32H563ZIT6, STM32H573AII3Q, STM32H573AII6, STM32H573I-DK, STM32H573IIK3Q, STM32H573IIK6, STM32H573IIT3Q, STM32H573IIT6, STM32H573MIY3QTR, STM32H573RIT6, STM32H573RIV6, STM32H573VIT3Q, STM32H573VIT6, STM32H573ZIT3Q, STM32H573ZIT6, STM32H7R3A8I6, STM32H7R3I8K6, STM32H7R3I8T6, STM32H7R3L8H6, STM32H7R3L8H6H, STM32H7R3R8V6, STM32H7R3V8H6, STM32H7R3V8T6, STM32H7R3V8Y6TR, STM32H7R3Z8J6, STM32H7R3Z8T6, STM32H7R7A8I6, STM32H7R7I8K6, STM32H7R7I8T6, STM32H7R7L8H6, STM32H7R7L8H6H, STM32H7R7Z8J6, STM32H7S3A8I6, STM32H7S3I8K6, STM32H7S3I8T6, STM32H7S3L8H6, STM32H7S3L8H6H, STM32H7S3R8V6, STM32H7S3V8H6, STM32H7S3V8T6, STM32H7S3V8Y6TR, STM32H7S3Z8J6, STM32H7S3Z8T6, STM32H7S78-DK, STM32H7S7A8I6, STM32H7S7I8K6, STM32H7S7I8T6, STM32H7S7L8H6, STM32H7S7L8H6H, STM32H7S7Z8J6, STM32L4R5QGI6STR, STM32MP131AAE3, STM32MP131AAF3, STM32MP131AAG3, STM32MP131CAE3, STM32MP131CAF3, STM32MP131CAG3, STM32MP131DAE7, STM32MP131DAF7, STM32MP131DAG7, STM32MP131FAE7, STM32MP131FAF7, STM32MP131FAG7, STM32MP133AAE3, STM32MP133AAF3, STM32MP133AAG3, STM32MP133CAE3, STM32MP133CAF3, STM32MP133CAG3, STM32MP133DAE7, STM32MP133DAF7, STM32MP133DAG7, STM32MP133FAE7, STM32MP133FAF7, STM32MP133FAG7, STM32MP135AAE3, STM32MP135AAF3, STM32MP135AAG3, STM32MP135CAE3, STM32MP135CAF3, STM32MP135CAG3, STM32MP135DAE7, STM32MP135DAF7, STM32MP135DAG7, STM32MP135F-DK, STM32MP135FAE7, STM32MP135FAF7, STM32MP135FAF7T, STM32MP135FAF7U, STM32MP135FAG7, STM32MP211AAL3, STM32MP211AAM3, STM32MP211AAN3, STM32MP211AAO3, STM32MP211CAL3, STM32MP211CAM3, STM32MP211CAN3, STM32MP211CAO3, STM32MP211DAL3, STM32MP211DAM3, STM32MP211DAN3, STM32MP211DAO3, STM32MP211FAL3, STM32MP211FAM3, STM32MP211FAN3, STM32MP211FAO3, STM32MP213AAL3, STM32MP213AAM3, STM32MP213AAN3, STM32MP213AAO3, STM32MP213CAL3, STM32MP213CAM3, STM32MP213CAN3, STM32MP213CAO3, STM32MP213DAL3, STM32MP213DAM3, STM32MP213DAN3, STM32MP213DAO3, STM32MP213FAL3, STM32MP213FAM3, STM32MP213FAN3, STM32MP213FAO3, STM32MP215AAL3, STM32MP215AAM3, STM32MP215AAN3, STM32MP215AAO3, STM32MP215CAL3, STM32MP215CAM3, STM32MP215CAN3, STM32MP215CAO3, STM32MP215DAL3, STM32MP215DAM3, STM32MP215DAN3, STM32MP215DAO3, STM32MP215F-DK, STM32MP215FAL3, STM32MP215FAM3, STM32MP215FAN3, STM32MP215FAO3, STM32MP231AAJ3, STM32MP231AAK3, STM32MP231AAL3, STM32MP231CAJ3, STM32MP231CAK3, STM32MP231CAL3, STM32MP231DAJ3, STM32MP231DAK3, STM32MP231DAL3, STM32MP231FAJ3, STM32MP231FAK3, STM32MP231FAL3, STM32MP233AAJ3, STM32MP233AAK3, STM32MP233AAL3, STM32MP233CAJ3, STM32MP233CAK3, STM32MP233CAL3, STM32MP233DAJ3, STM32MP233DAK3, STM32MP233DAL3, STM32MP233FAJ3, STM32MP233FAK3, STM32MP233FAL3, STM32MP235AAJ3, STM32MP235AAK3, STM32MP235AAL3, STM32MP235CAJ3, STM32MP235CAK3, STM32MP235CAL3, STM32MP235DAJ3, STM32MP235DAK3, STM32MP235DAL3, STM32MP235FAJ3, STM32MP235FAK3, STM32MP235FAL3, STM32MP251AAI3, STM32MP251AAK3, STM32MP251AAL3, STM32MP251CAI3, STM32MP251CAK3, STM32MP251CAL3, STM32MP251DAI3, STM32MP251DAK3, STM32MP251DAL3, STM32MP251FAI3, STM32MP251FAK3, STM32MP251FAL3, STM32MP253AAI3, STM32MP253AAK3, STM32MP253AAL3, STM32MP253CAI3, STM32MP253CAK3, STM32MP253CAL3, STM32MP253DAI3, STM32MP253DAK3, STM32MP253DAL3, STM32MP253FAI3, STM32MP253FAK3, STM32MP253FAL3, STM32MP255AAI3, STM32MP255AAK3, STM32MP255AAL3, STM32MP255CAI3, STM32MP255CAK3, STM32MP255CAL3, STM32MP255DAI3, STM32MP255DAK3, STM32MP255DAL3, STM32MP255FAI3, STM32MP255FAK3, STM32MP255FAL3, STM32MP257AAI3, STM32MP257AAK3, STM32MP257AAL3, STM32MP257CAI3, STM32MP257CAK3, STM32MP257CAL3, STM32MP257DAI3, STM32MP257DAK3, STM32MP257DAL3, STM32MP257F-DK, STM32MP257F-EV1, STM32MP257FAI3, STM32MP257FAK3, STM32MP257FAL3, STM32N645A0H3Q, STM32N645B0H3Q, STM32N645I0H3Q, STM32N645L0H3Q, STM32N645X0H3Q, STM32N645Z0H3Q, STM32N647A0H3Q, STM32N647B0H3Q, STM32N647I0H3Q, STM32N647L0H3Q, STM32N647X0H3Q, STM32N647Z0H3Q, STM32N655A0H3Q, STM32N655B0H3Q, STM32N655I0H3Q, STM32N655L0H3Q, STM32N655X0H3Q, STM32N655Z0H3Q, STM32N6570-DK, STM32N657A0H3Q, STM32N657B0H3Q, STM32N657I0H3Q, STM32N657L0H3Q, STM32N657X0H3Q, STM32N657Z0H3Q, STM32U031C6T6, STM32U031C6U6, STM32U031C8T6, STM32U031C8U6, STM32U031F4P6, STM32U031F6P6, STM32U031F8P6, STM32U031G6Y6TR, STM32U031G8Y6TR, STM32U031K4U6, STM32U031K6U6, STM32U031K8U6, STM32U031R6I6, STM32U031R6T6, STM32U031R8I6, STM32U031R8T6, STM32U073C8T6, STM32U073C8U6, STM32U073CBT6, STM32U073CBU6, STM32U073CCT6, STM32U073CCU6, STM32U073H8Y6TR, STM32U073HBY6TR, STM32U073HCY6TR, STM32U073K8U6, STM32U073KBU6, STM32U073KCU6, STM32U073M8I6, STM32U073M8T6, STM32U073MBI6, STM32U073MBT6, STM32U073MCI6, STM32U073MCT6, STM32U073R8I6, STM32U073R8T6, STM32U073RBI6, STM32U073RBT6, STM32U073RCI6, STM32U073RCT6, STM32U083C-DK, STM32U083CCT6, STM32U083CCU6, STM32U083HCY6TR, STM32U083KCU6, STM32U083MCI6, STM32U083MCT6, STM32U083RCI6, STM32U083RCT6, STM32U375CET6, STM32U375CET6Q, STM32U375CEU6, STM32U375CEU6Q, STM32U375CEY6QTR, STM32U375CGT6, STM32U375CGT6Q, STM32U375CGU6, STM32U375CGU6Q, STM32U375CGY6QTR, STM32U375KEU6, STM32U375KGU6, STM32U375REI6, STM32U375REI6Q, STM32U375RET6, STM32U375RET6Q, STM32U375REY6GTR, STM32U375REY6QTR, STM32U375RGI6, STM32U375RGI6Q, STM32U375RGT6, STM32U375RGT6Q, STM32U375RGY6GTR, STM32U375RGY6QTR, STM32U375VEI6, STM32U375VEI6Q, STM32U375VET6, STM32U375VET6Q, STM32U375VGI6, STM32U375VGI6Q, STM32U375VGT6, STM32U375VGT6Q, STM32U385CGT6, STM32U385CGT6Q, STM32U385CGU6, STM32U385CGU6Q, STM32U385CGY6QTR, STM32U385KGU6, STM32U385RGI6, STM32U385RGI6Q, STM32U385RGT6, STM32U385RGT6Q, STM32U385RGY6GTR, STM32U385RGY6QTR, STM32U385VGI6, STM32U385VGI6Q, STM32U385VGT6, STM32U385VGT6Q, STM32U535CBT6, STM32U535CBT6Q, STM32U535CBU6, STM32U535CBU6Q, STM32U535CCT6, STM32U535CCT6Q, STM32U535CCU6, STM32U535CCU6Q, STM32U535CET6, STM32U535CET6Q, STM32U535CEU6, STM32U535CEU6Q, STM32U535JEY6QTR, STM32U535NCY6QTR, STM32U535NEY6QTR, STM32U535RBI6, STM32U535RBI6Q, STM32U535RBT6, STM32U535RBT6Q, STM32U535RCI6, STM32U535RCI6Q, STM32U535RCT6, STM32U535RCT6Q, STM32U535REI6, STM32U535REI6Q, STM32U535RET6, STM32U535RET6Q, STM32U535VCI6, STM32U535VCI6Q, STM32U535VCT6, STM32U535VCT6Q, STM32U535VEI6, STM32U535VEI6Q, STM32U535VET6, STM32U535VET6Q, STM32U545CET6, STM32U545CET6Q, STM32U545CEU6, STM32U545CEU6Q, STM32U545JEY6QTR, STM32U545NEY6QTR, STM32U545REI6, STM32U545REI6Q, STM32U545RET6, STM32U545RET6Q, STM32U545VEI6, STM32U545VEI6Q, STM32U545VET6, STM32U545VET6Q, STM32U595AIH6, STM32U595AIH6Q, STM32U595AJH6, STM32U595AJH6Q, STM32U595QII6, STM32U595QII6Q, STM32U595QJI6, STM32U595QJI6Q, STM32U595RIT6, STM32U595RIT6Q, STM32U595RJT6, STM32U595RJT6Q, STM32U595VIT6, STM32U595VIT6Q, STM32U595VJT6, STM32U595VJT6Q, STM32U595ZIT6, STM32U595ZIT6Q, STM32U595ZIY6QTR, STM32U595ZJT6, STM32U595ZJT6Q, STM32U595ZJY6QTR, STM32U599BJY6QTR, STM32U599NIH6Q, STM32U599NJH6Q, STM32U599VIT6Q, STM32U599VJT6, STM32U599VJT6Q, STM32U599ZIT6Q, STM32U599ZIY6QTR, STM32U599ZJT6Q, STM32U599ZJY6QTR, STM32U5A5AJH6, STM32U5A5AJH6Q, STM32U5A5QII3Q , STM32U5A5QJI6, STM32U5A5QJI6Q, STM32U5A5RJT6, STM32U5A5RJT6Q, STM32U5A5VJT6, STM32U5A5VJT6Q, STM32U5A5ZJT6, STM32U5A5ZJT6Q, STM32U5A5ZJY6QTR, STM32U5A9BJY6QTR, STM32U5A9J-DK, STM32U5A9NJH6Q, STM32U5A9VJT6Q, STM32U5A9ZJT6Q, STM32U5A9ZJY6QTR, STM32U5F7VIT6, STM32U5F7VIT6Q, STM32U5F7VJT6, STM32U5F7VJT6Q, STM32U5F9BJY6QTR, STM32U5F9NJH6Q, STM32U5F9VIT6Q, STM32U5F9VJT6Q, STM32U5F9ZIJ6QTR, STM32U5F9ZIT6Q, STM32U5F9ZJJ6QTR, STM32U5F9ZJT6Q, STM32U5G7VJT6, STM32U5G7VJT6Q, STM32U5G9BJY6QTR, STM32U5G9J-DK1, STM32U5G9J-DK2, STM32U5G9NJH6Q, STM32U5G9VJT6Q, STM32U5G9ZJJ6QTR, STM32U5G9ZJT6Q, STM32WB05KZV6TR, STM32WB05KZV7TR, STM32WB05TZF6TR, STM32WB05TZF7TR, STM32WB06CCF6TR, STM32WB06CCF7TR, STM32WB06CCV6TR, STM32WB06CCV7TR, STM32WB06KCV6TR, STM32WB06KCV7TR, STM32WB07CCF6TR, STM32WB07CCF7TR, STM32WB07CCV6TR, STM32WB07CCV7TR, STM32WB07KCV6TR, STM32WB07KCV7TR, STM32WB09KEV6TR, STM32WB09KEV7TR, STM32WB09TEF6TR, STM32WB09TEF7TR, STM32WB1MMCH6, STM32WBA50KGU6, STM32WBA50KGU6TR, STM32WBA52CEU6, STM32WBA52CEU6TR, STM32WBA52CEU7, STM32WBA52CEU7TR, STM32WBA52CGU6, STM32WBA52CGU6TR, STM32WBA52CGU6U, STM32WBA52CGU7, STM32WBA52CGU7TR, STM32WBA52KEU6, STM32WBA52KEU6TR, STM32WBA52KGU6, STM32WBA52KGU6TR, STM32WBA54CEU6, STM32WBA54CEU6TR, STM32WBA54CEU7, STM32WBA54CEU7TR, STM32WBA54CGU6, STM32WBA54CGU6TR, STM32WBA54CGU7, STM32WBA54CGU7TR, STM32WBA54KEU6, STM32WBA54KEU6TR, STM32WBA54KEU7, STM32WBA54KEU7TR, STM32WBA54KGU6, STM32WBA54KGU6TR, STM32WBA54KGU7, STM32WBA54KGU7TR, STM32WBA55CEU6, STM32WBA55CEU6TR, STM32WBA55CEU7, STM32WBA55CEU7TR, STM32WBA55CGU6, STM32WBA55CGU6TR, STM32WBA55CGU6U, STM32WBA55CGU7, STM32WBA55CGU7TR, STM32WBA55G-DK1, STM32WBA55HEF6, STM32WBA55HEF7, STM32WBA55HGF6, STM32WBA55HGF7, STM32WBA55UEI6, STM32WBA55UEI6TR, STM32WBA55UEI7, STM32WBA55UEI7TR, STM32WBA55UGI6, STM32WBA55UGI6TR, STM32WBA55UGI7, STM32WBA55UGI7TR, STM32WBA5MMGH6TR, STM32WBA62MGF6, STM32WBA62MIF6, STM32WBA65MGF7, STM32WBA65MIF6, STM32WBA65MIF7, STM32WL30K8V6, STM32WL30KBV6, STM32WL31C8V6, STM32WL31CBV6, STM32WL31K8V6, STM32WL31KBV6, STM32WL33C8V6, STM32WL33C8V6X, STM32WL33CBV6, STM32WL33CBV6X, STM32WL33CCV6, STM32WL33CCV6A, STM32WL33CCV6X, STM32WL33K8V7, STM32WL33K8V7X, STM32WL33KBV7 , STM32WL33KBV7X, STM32WL33KCV7, STM32WL33KCV7X, STM32WL5MOCH6, STM32WL5MOCH6TR]
2026-01-07 21:46:59,436 [INFO] BoardInfo:889 - No configuration file found for board P-NUCLEO-WB55
2026-01-07 21:46:59,436 [INFO] DbBoards:161 - Kit is not supported: P-NUCLEO-WB55
2026-01-07 21:46:59,446 [INFO] BoardInfo:889 - No configuration file found for board STEVAL-BFA001V1B
2026-01-07 21:46:59,446 [INFO] DbBoards:161 - Kit is not supported: STEVAL-BFA001V1B
2026-01-07 21:46:59,448 [INFO] BoardInfo:889 - No configuration file found for board STEVAL-BFA001V2B
2026-01-07 21:46:59,448 [INFO] DbBoards:161 - Kit is not supported: STEVAL-BFA001V2B
2026-01-07 21:46:59,698 [INFO] DbBoards:168 - Found 212 boards, 209 are supported
2026-01-07 21:46:59,699 [INFO] DbBoards:169 - Found 212 boards, 43 of them is supported for  Bsp
2026-01-07 21:46:59,702 [INFO] ApiDb:414 - User favorites file not found: C:\Users\22142/.stm32cubeide/favorites.boards.txt
2026-01-07 21:46:59,702 [INFO] DbBoards:198 - Set 0 / 0 favorites Boards
2026-01-07 21:46:59,704 [INFO] McuFinderGlobals:76 - Set McuFinderConnectedMode to true
2026-01-07 21:46:59,714 [INFO] MultiScanPanel:200 - Auto-refresh data requested => check proxy status ongoing
2026-01-07 21:46:59,753 [INFO] FinderPluginLoader:96 - Searching for filters in installed packs
2026-01-07 21:47:02,301 [INFO] LoadUrlFilesThread:185 - End of LoadServerUrlFiles without Thread
2026-01-07 21:47:02,348 [INFO] DetailPanel:341 - Set advertising image to C:/Users/22142/STM32Cube/Repository/\en.prom-st67w-expansion-board.png
2026-01-07 21:47:28,006 [INFO] MainUpdater:2872 - connection check result : 10
2026-01-07 21:47:28,006 [INFO] MainUpdater:2872 - connection check result : 10
2026-01-07 21:47:28,069 [INFO] MicroXplorer:468 - Change Database Path : 
2026-01-07 21:47:28,069 [INFO] MicroXplorer:498 - Change Database Version : DB.6.0.150
2026-01-07 21:47:28,081 [WARN] ThirdParty:871 - waiting for thirdparty lock release [close project]
2026-01-07 21:47:28,082 [INFO] ThirdParty:873 - entering critical section [close project]
2026-01-07 21:47:28,086 [INFO] ThirdParty:883 - exiting critical section [close project]
2026-01-07 21:47:28,100 [INFO] PinOutPanel:1589 - setPackage(No Configuration,No Configuration)
2026-01-07 21:47:28,102 [INFO] UtilMem:75 - Begin LoadConfig() Used Memory: 877070272 Bytes (1073741824)
2026-01-07 21:47:28,105 [INFO] MicroXplorer:468 - Change Database Path : 
2026-01-07 21:47:28,105 [INFO] MicroXplorer:498 - Change Database Version : DB.6.0.150
2026-01-07 21:47:28,105 [INFO] OpenFileManager:355 - Change cursor
2026-01-07 21:47:28,213 [INFO] Mcu:2029 - Initializing MCU STM32F103C8Tx STM32F103C8Tx STM32F103C8T6
2026-01-07 21:47:29,928 [INFO] Context:786 - Trying to add GPIOservice into a context  which must be forbidden
2026-01-07 21:47:30,369 [INFO] ImportTextPane:234 - (OptionalMessage_ERROR) Unable to find key (Mcu.ThirdPartyNb) in loaded IOC file
2026-01-07 21:47:30,369 [INFO] ImportTextPane:234 - (OptionalMessage_ERROR) Unable to find key (Mcu.PinsNb) in loaded IOC file
2026-01-07 21:47:30,370 [INFO] ImportTextPane:234 - (OptionalMessage_ERROR) Pin0 (VP_RIF_VS_RIF1) cannot be retrieved for this MCU
2026-01-07 21:47:30,370 [INFO] ImportTextPane:234 - (OptionalMessage_ERROR) Unable to find key (Mcu.IPNb) in loaded IOC file
2026-01-07 21:47:30,489 [INFO] RtosManager:558 - Registered RTOS mode: class=CMSIS, group=RTOS, mode=CMSIS_V1, owner=FREERTOS
2026-01-07 21:47:30,489 [INFO] RtosManager:558 - Registered RTOS mode: class=CMSIS, group=RTOS2, mode=CMSIS_V2, owner=FREERTOS
2026-01-07 21:47:30,490 [INFO] RtosManager:558 - Registered RTOS mode: class=RTOS, group=Core, mode=CMSIS_V1, owner=FREERTOS
2026-01-07 21:47:30,490 [INFO] RtosManager:558 - Registered RTOS mode: class=RTOS, group=Core, mode=CMSIS_V2, owner=FREERTOS
2026-01-07 21:47:30,490 [WARN] ModelIntegratedComponent:184 - Missing modes for component STMicroelectronics:FreeRTOS:0.0.1:STMicroelectronics:RTOS:FreeRTOS:Core:::10.2.0:
2026-01-07 21:47:30,508 [WARN] ModelIntegratedComponent:63 - No mode defined for component null
2026-01-07 21:47:30,509 [WARN] ModelIntegratedComponent:63 - No mode defined for component null
2026-01-07 21:47:30,509 [WARN] ModelIntegratedComponent:63 - No mode defined for component null
2026-01-07 21:47:30,509 [WARN] ModelIntegratedComponent:63 - No mode defined for component null
2026-01-07 21:47:30,509 [WARN] ModelIntegratedComponent:63 - No mode defined for component null
2026-01-07 21:47:30,509 [WARN] ModelIntegratedComponent:63 - No mode defined for component null
2026-01-07 21:47:30,509 [WARN] ModelIntegratedComponent:63 - No mode defined for component null
2026-01-07 21:47:30,509 [WARN] ModelIntegratedComponent:63 - No mode defined for component null
2026-01-07 21:47:30,509 [WARN] ModelIntegratedComponent:63 - No mode defined for component null
2026-01-07 21:47:30,510 [WARN] ModelIntegratedComponent:63 - No mode defined for component null
2026-01-07 21:47:30,510 [WARN] ModelIntegratedComponent:63 - No mode defined for component null
2026-01-07 21:47:30,510 [WARN] ModelIntegratedComponent:63 - No mode defined for component null
2026-01-07 21:47:30,510 [WARN] ModelIntegratedComponent:63 - No mode defined for component null
2026-01-07 21:47:30,510 [WARN] ModelIntegratedComponent:63 - No mode defined for component null
2026-01-07 21:47:30,510 [WARN] ModelIntegratedComponent:63 - No mode defined for component null
2026-01-07 21:47:30,510 [WARN] ModelIntegratedComponent:63 - No mode defined for component null
2026-01-07 21:47:30,510 [WARN] ModelIntegratedComponent:63 - No mode defined for component null
2026-01-07 21:47:30,510 [WARN] ModelIntegratedComponent:63 - No mode defined for component null
2026-01-07 21:47:30,510 [WARN] ModelIntegratedComponent:63 - No mode defined for component null
2026-01-07 21:47:30,511 [WARN] ModelIntegratedComponent:63 - No mode defined for component null
2026-01-07 21:47:30,511 [WARN] ModelIntegratedComponent:63 - No mode defined for component null
2026-01-07 21:47:30,511 [WARN] ModelIntegratedComponent:63 - No mode defined for component null
2026-01-07 21:47:30,511 [WARN] ModelIntegratedComponent:63 - No mode defined for component null
2026-01-07 21:47:30,511 [WARN] ModelIntegratedComponent:63 - No mode defined for component null
2026-01-07 21:47:30,511 [WARN] ModelIntegratedComponent:63 - No mode defined for component null
2026-01-07 21:47:30,511 [WARN] ModelIntegratedComponent:63 - No mode defined for component null
2026-01-07 21:47:30,511 [WARN] ModelIntegratedComponent:63 - No mode defined for component null
2026-01-07 21:47:30,511 [WARN] ModelIntegratedComponent:63 - No mode defined for component null
2026-01-07 21:47:30,511 [WARN] ModelIntegratedComponent:63 - No mode defined for component null
2026-01-07 21:47:30,512 [WARN] ModelIntegratedComponent:63 - No mode defined for component null
2026-01-07 21:47:30,512 [WARN] ModelIntegratedComponent:63 - No mode defined for component null
2026-01-07 21:47:30,512 [WARN] ModelIntegratedComponent:63 - No mode defined for component null
2026-01-07 21:47:30,512 [WARN] ModelIntegratedComponent:63 - No mode defined for component null
2026-01-07 21:47:30,512 [WARN] ModelIntegratedComponent:63 - No mode defined for component null
2026-01-07 21:47:30,512 [WARN] ModelIntegratedComponent:63 - No mode defined for component null
2026-01-07 21:47:30,512 [WARN] ModelPack:524 - Component already loaded: STMicroelectronics:HAL Drivers:0.0.0:STMicroelectronics:Device:STMicro_Driver:XSPI:HAL::0.0.1:HAL_XSPI
2026-01-07 21:47:30,812 [INFO] ThirdPartyModel:298 - Start build external matchings
2026-01-07 21:47:32,857 [INFO] ThirdPartyModel:316 - End build external matchings
2026-01-07 21:47:33,264 [INFO] UtilMem:75 - End LoadConfig() Used Memory: 934196600 Bytes (1073741824)
2026-01-07 21:47:33,539 [WARN] ThirdParty:833 - waiting for thirdparty lock release [change project]
2026-01-07 21:47:33,539 [INFO] ThirdParty:835 - entering critical section [change project]
2026-01-07 21:47:33,540 [INFO] ThirdParty:1030 - CMSIS Pack Vendor :STMicroelectronics X-CUBE-PM33A1 1.0.0
2026-01-07 21:47:33,540 [INFO] ThirdParty:1030 - CMSIS Pack Vendor :STMicroelectronics USBPD 4.1
2026-01-07 21:47:33,540 [INFO] ThirdParty:1030 - CMSIS Pack Vendor :STMicroelectronics USB_HOST 2.0.0
2026-01-07 21:47:33,540 [INFO] ThirdParty:1030 - CMSIS Pack Vendor :STMicroelectronics FP-SNS-MOTENVWB1 1.4.0
2026-01-07 21:47:33,540 [INFO] ThirdParty:1030 - CMSIS Pack Vendor :STMicroelectronics X-CUBE-AZRTOS-F4 1.1.0
2026-01-07 21:47:33,540 [INFO] ThirdParty:1030 - CMSIS Pack Vendor :STMicroelectronics LIBJPEG 8.0.0
2026-01-07 21:47:33,540 [INFO] ThirdParty:1030 - CMSIS Pack Vendor :STMicroelectronics FP-ATR-ASTRA1 2.0.2
2026-01-07 21:47:33,541 [INFO] ThirdParty:1030 - CMSIS Pack Vendor :STMicroelectronics X-CUBE-SMBUS 2.1.0
2026-01-07 21:47:33,541 [INFO] ThirdParty:1030 - CMSIS Pack Vendor :STMicroelectronics X-CUBE-WB05N 1.1.0
2026-01-07 21:47:33,541 [INFO] ThirdParty:1030 - CMSIS Pack Vendor :STMicroelectronics X-CUBE-ISPU 2.1.0
2026-01-07 21:47:33,541 [INFO] ThirdParty:1030 - CMSIS Pack Vendor :STMicroelectronics X-CUBE-IPS 3.2.0
2026-01-07 21:47:33,541 [INFO] ThirdParty:1030 - CMSIS Pack Vendor :STMicroelectronics X-CUBE-NFC12 1.0.0
2026-01-07 21:47:33,541 [INFO] ThirdParty:1030 - CMSIS Pack Vendor :STMicroelectronics X-CUBE-AZRTOS-F7 1.1.0
2026-01-07 21:47:33,541 [INFO] ThirdParty:1030 - CMSIS Pack Vendor :STMicroelectronics X-CUBE-AZRTOS-L5 2.0.0
2026-01-07 21:47:33,541 [INFO] ThirdParty:1030 - CMSIS Pack Vendor :STMicroelectronics USB_DEVICE 2.0.0
2026-01-07 21:47:33,542 [INFO] ThirdParty:1030 - CMSIS Pack Vendor :STMicroelectronics X-CUBE-NFC6 3.1.0
2026-01-07 21:47:33,542 [INFO] ThirdParty:1030 - CMSIS Pack Vendor :STMicroelectronics FP-SNS-MOTENV1 5.1.0
2026-01-07 21:47:33,542 [INFO] ThirdParty:1030 - CMSIS Pack Vendor :STMicroelectronics FreeRTOS 0.0.1
2026-01-07 21:47:33,542 [INFO] ThirdParty:1030 - CMSIS Pack Vendor :STMicroelectronics X-CUBE-DPower 1.2.0
2026-01-07 21:47:33,542 [INFO] ThirdParty:1030 - CMSIS Pack Vendor :Infineon AIROC-Wi-Fi-Bluetooth-STM32 1.7.0
2026-01-07 21:47:33,542 [INFO] ThirdParty:1030 - CMSIS Pack Vendor :STMicroelectronics PDM2PCM 3.3.0
2026-01-07 21:47:33,542 [INFO] ThirdParty:1030 - CMSIS Pack Vendor :STMicroelectronics X-CUBE-AZRTOS-H7 3.4.0
2026-01-07 21:47:33,542 [INFO] ThirdParty:1030 - CMSIS Pack Vendor :STMicroelectronics X-CUBE-DISPLAY 3.0.0
2026-01-07 21:47:33,542 [INFO] ThirdParty:1030 - CMSIS Pack Vendor :STMicroelectronics X-CUBE-NFC10 1.0.0
2026-01-07 21:47:33,542 [INFO] ThirdParty:1030 - CMSIS Pack Vendor :STMicroelectronics X-CUBE-BLEMGR 4.0.0
2026-01-07 21:47:33,542 [INFO] ThirdParty:1030 - CMSIS Pack Vendor :STMicroelectronics HAL Drivers 0.0.0
2026-01-07 21:47:33,542 [INFO] ThirdParty:1030 - CMSIS Pack Vendor :STMicroelectronics X-CUBE-ST60 1.1.0
2026-01-07 21:47:33,542 [INFO] ThirdParty:1030 - CMSIS Pack Vendor :emotas I-CUBE-CANOPEN 1.3.0
2026-01-07 21:47:33,542 [INFO] ThirdParty:1030 - CMSIS Pack Vendor :STMicroelectronics X-CUBE-FREERTOS 1.3.0
2026-01-07 21:47:33,542 [INFO] ThirdParty:1030 - CMSIS Pack Vendor :STMicroelectronics X-CUBE-NFC7 1.0.1
2026-01-07 21:47:33,543 [INFO] ThirdParty:1030 - CMSIS Pack Vendor :STMicroelectronics MBEDTLS 2.14.1
2026-01-07 21:47:33,543 [INFO] ThirdParty:1030 - CMSIS Pack Vendor :STMicroelectronics X-CUBE-GNSS1 7.1.0
2026-01-07 21:47:33,543 [INFO] ThirdParty:1030 - CMSIS Pack Vendor :STMicroelectronics X-CUBE-TOUCHGFX 4.26.0
2026-01-07 21:47:33,543 [INFO] ThirdParty:1030 - CMSIS Pack Vendor :quantropi X-CUBE-qispace-sdk-base 2.0.0
2026-01-07 21:47:33,543 [INFO] ThirdParty:1030 - CMSIS Pack Vendor :STMicroelectronics X-CUBE-AI 10.0.0
2026-01-07 21:47:33,543 [INFO] ThirdParty:1030 - CMSIS Pack Vendor :STMicroelectronics FP-SNS-STBOX1 2.1.0
2026-01-07 21:47:33,543 [INFO] ThirdParty:1030 - CMSIS Pack Vendor :STMicroelectronics FP-SNS-STAIOTCFT 1.0.0
2026-01-07 21:47:33,543 [INFO] ThirdParty:1030 - CMSIS Pack Vendor :STMicroelectronics FP-SNS-SMARTAG2 1.2.0
2026-01-07 21:47:33,543 [INFO] ThirdParty:1030 - CMSIS Pack Vendor :STMicroelectronics FP-SNS-FLIGHT1 5.1.0
2026-01-07 21:47:33,543 [INFO] ThirdParty:1030 - CMSIS Pack Vendor :STMicroelectronics X-CUBE-MEMS1 11.1.0
2026-01-07 21:47:33,543 [INFO] ThirdParty:1030 - CMSIS Pack Vendor :STMicroelectronics X-CUBE-AZRTOS-WL 2.0.0
2026-01-07 21:47:33,543 [INFO] ThirdParty:1030 - CMSIS Pack Vendor :STMicroelectronics X-CUBE-DPower 1.3.0
2026-01-07 21:47:33,543 [INFO] ThirdParty:1030 - CMSIS Pack Vendor :STMicroelectronics FP-SNS-MOTENV1 5.0.0
2026-01-07 21:47:33,543 [INFO] ThirdParty:1030 - CMSIS Pack Vendor :STMicroelectronics USB_DEVICE 1.0.0
2026-01-07 21:47:33,543 [INFO] ThirdParty:1030 - CMSIS Pack Vendor :STMicroelectronics X-CUBE-AZRTOS-H7RS 1.2.0
2026-01-07 21:47:33,543 [INFO] ThirdParty:1030 - CMSIS Pack Vendor :STMicroelectronics X-CUBE-AZRTOS-L4 2.0.0
2026-01-07 21:47:33,544 [INFO] ThirdParty:1030 - CMSIS Pack Vendor :STMicroelectronics ThreadX 0.0.2
2026-01-07 21:47:33,544 [INFO] ThirdParty:1030 - CMSIS Pack Vendor :WES I-CUBE-Cesium 1.3.0
2026-01-07 21:47:33,544 [INFO] ThirdParty:1030 - CMSIS Pack Vendor :STMicroelectronics lwIP 2.1.2
2026-01-07 21:47:33,544 [INFO] ThirdParty:1030 - CMSIS Pack Vendor :STMicroelectronics X-CUBE-SFXS2LP1 4.0.0
2026-01-07 21:47:33,544 [INFO] ThirdParty:1030 - CMSIS Pack Vendor :STMicroelectronics X-CUBE-BLE2 3.3.0
2026-01-07 21:47:33,544 [INFO] ThirdParty:1030 - CMSIS Pack Vendor :Avnet-IOTCONNECT X-CUBE-iotc-st67-sdk 1.0.0
2026-01-07 21:47:33,544 [INFO] ThirdParty:1030 - CMSIS Pack Vendor :STMicroelectronics PDM2PCM 3.2.0
2026-01-07 21:47:33,544 [INFO] ThirdParty:1030 - CMSIS Pack Vendor :STMicroelectronics X-CUBE-AZRTOS-H7 3.3.0
2026-01-07 21:47:33,544 [INFO] ThirdParty:1030 - CMSIS Pack Vendor :STMicroelectronics X-CUBE-NFC9 1.0.0
2026-01-07 21:47:33,544 [INFO] ThirdParty:1030 - CMSIS Pack Vendor :STMicroelectronics X-CUBE-BLE1 7.1.0
2026-01-07 21:47:33,544 [INFO] ThirdParty:1030 - CMSIS Pack Vendor :wolfSSL I-CUBE-wolfMQTT 1.19.2
2026-01-07 21:47:33,544 [INFO] ThirdParty:1030 - CMSIS Pack Vendor :STMicroelectronics USB_DEVICE 3.0.0
2026-01-07 21:47:33,544 [INFO] ThirdParty:1030 - CMSIS Pack Vendor :STMicroelectronics X-CUBE-FREERTOS 1.4.0
2026-01-07 21:47:33,544 [INFO] ThirdParty:1030 - CMSIS Pack Vendor :STMicroelectronics X-CUBE-EEPRMA1 5.2.0
2026-01-07 21:47:33,544 [INFO] ThirdParty:1030 - CMSIS Pack Vendor :STMicroelectronics X-CUBE-BLEMGR 4.1.0
2026-01-07 21:47:33,545 [INFO] ThirdParty:1030 - CMSIS Pack Vendor :STMicroelectronics X-CUBE-AZRTOS-WB 2.0.0
2026-01-07 21:47:33,545 [INFO] ThirdParty:1030 - CMSIS Pack Vendor :STMicroelectronics X-CUBE-GNSS1 7.0.1
2026-01-07 21:47:33,545 [INFO] ThirdParty:1030 - CMSIS Pack Vendor :STMicroelectronics X-CUBE-TOUCHGFX 4.25.0
2026-01-07 21:47:33,545 [INFO] ThirdParty:1030 - CMSIS Pack Vendor :STMicroelectronics X-CUBE-ST67W61 1.1.0
2026-01-07 21:47:33,545 [INFO] ThirdParty:1030 - CMSIS Pack Vendor :STMicroelectronics FP-SNS-STBOX1 2.0.0
2026-01-07 21:47:33,545 [INFO] ThirdParty:1030 - CMSIS Pack Vendor :STMicroelectronics X-CUBE-MEMS1 12.0.0
2026-01-07 21:47:33,545 [INFO] ThirdParty:1030 - CMSIS Pack Vendor :STMicroelectronics X-CUBE-AZRTOS-G0 1.1.0
2026-01-07 21:47:33,545 [INFO] ThirdParty:1030 - CMSIS Pack Vendor :STMicroelectronics X-CUBE-SAFEA1 1.2.2
2026-01-07 21:47:33,545 [INFO] ThirdParty:1030 - CMSIS Pack Vendor :STMicroelectronics X-CUBE-NFC4 3.0.0
2026-01-07 21:47:33,545 [INFO] ThirdParty:1030 - CMSIS Pack Vendor :STMicroelectronics X-CUBE-SUBG2 5.0.0
2026-01-07 21:47:33,545 [INFO] ThirdParty:1030 - CMSIS Pack Vendor :STMicroelectronics X-CUBE-AZRTOS-H7RS 1.1.0
2026-01-07 21:47:33,545 [INFO] ThirdParty:1030 - CMSIS Pack Vendor :STMicroelectronics STM32_WPAN 1.0.0
2026-01-07 21:47:33,545 [INFO] ThirdParty:1030 - CMSIS Pack Vendor :EmbeddedOffice I-CUBE-FS-RTOS 1.0.1
2026-01-07 21:47:33,545 [INFO] ThirdParty:1030 - CMSIS Pack Vendor :STMicroelectronics lwIP 2.0.3
2026-01-07 21:47:33,545 [INFO] ThirdParty:1030 - CMSIS Pack Vendor :Cesanta I-CUBE-Mongoose 7.13.0
2026-01-07 21:47:33,546 [INFO] ThirdParty:1030 - CMSIS Pack Vendor :STMicroelectronics USB_HOST 1.0.0
2026-01-07 21:47:33,546 [INFO] ThirdParty:1030 - CMSIS Pack Vendor :STMicroelectronics X-CUBE-AZRTOS-G4 2.0.0
2026-01-07 21:47:33,546 [INFO] ThirdParty:1030 - CMSIS Pack Vendor :STMicroelectronics X-CUBE-WB05N 2.0.0
2026-01-07 21:47:33,546 [INFO] ThirdParty:1030 - CMSIS Pack Vendor :STMicroelectronics PDM2PCM 3.1.0
2026-01-07 21:47:33,546 [INFO] ThirdParty:1030 - CMSIS Pack Vendor :wolfSSL I-CUBE-wolfTPM 3.8.0
2026-01-07 21:47:33,546 [INFO] ThirdParty:1030 - CMSIS Pack Vendor :wolfSSL I-CUBE-wolfSSH 1.4.20
2026-01-07 21:47:33,546 [INFO] ThirdParty:1030 - CMSIS Pack Vendor :STMicroelectronics X-CUBE-NFC7 2.0.0
2026-01-07 21:47:33,546 [INFO] ThirdParty:1030 - CMSIS Pack Vendor :STMicroelectronics X-CUBE-TCPP 4.2.0
2026-01-07 21:47:33,546 [INFO] ThirdParty:1030 - CMSIS Pack Vendor :RealThread X-CUBE-RT-Thread_Nano 4.1.1
2026-01-07 21:47:33,546 [INFO] ThirdParty:1030 - CMSIS Pack Vendor :STMicroelectronics FP-ATR-SIGFOX1 3.2.0
2026-01-07 21:47:33,546 [INFO] ThirdParty:1030 - CMSIS Pack Vendor :STMicroelectronics X-CUBE-EEPRMA1 5.1.0
2026-01-07 21:47:33,546 [INFO] ThirdParty:1030 - CMSIS Pack Vendor :STMicroelectronics MBEDTLS 2.16.2
2026-01-07 21:47:33,546 [INFO] ThirdParty:1030 - CMSIS Pack Vendor :STMicroelectronics X-CUBE-IPS 3.1.0
2026-01-07 21:47:33,547 [INFO] ThirdParty:1030 - CMSIS Pack Vendor :STMicroelectronics X-CUBE-ALS 1.0.2
2026-01-07 21:47:33,547 [INFO] ThirdParty:1030 - CMSIS Pack Vendor :wolfSSL I-CUBE-wolfSSL 5.7.6
2026-01-07 21:47:33,547 [INFO] ThirdParty:1030 - CMSIS Pack Vendor :ITTIA_DB I-CUBE-ITTIADB 8.9.0
2026-01-07 21:47:33,547 [INFO] ThirdParty:1030 - CMSIS Pack Vendor :STMicroelectronics X-CUBE-STSE01 1.0.0
2026-01-07 21:47:33,547 [INFO] ThirdParty:1030 - CMSIS Pack Vendor :portGmbH I-Cube-SoM-uGOAL 1.1.0
2026-01-07 21:47:33,547 [INFO] ThirdParty:1030 - CMSIS Pack Vendor :STMicroelectronics X-CUBE-AI 10.2.0
2026-01-07 21:47:33,547 [INFO] ThirdParty:1030 - CMSIS Pack Vendor :STMicroelectronics ThreadX 1.0.0
2026-01-07 21:47:33,547 [INFO] ThirdParty:1030 - CMSIS Pack Vendor :SEGGER I-CUBE-embOS 1.3.1
2026-01-07 21:47:33,547 [INFO] ThirdParty:1030 - CMSIS Pack Vendor :STMicroelectronics X-CUBE-ALGOBUILD 1.4.0
2026-01-07 21:47:33,548 [INFO] ThirdParty:1030 - CMSIS Pack Vendor :STMicroelectronics X-CUBE-TOF1 3.4.2
2026-01-07 21:47:33,548 [INFO] ThirdParty:1030 - CMSIS Pack Vendor :STMicroelectronics X-CUBE-TOF1 3.4.3
2026-01-07 21:47:33,548 [INFO] ThirdParty:841 - exiting critical section [change project]
2026-01-07 21:47:34,025 [INFO] PinOutPanel:1589 - setPackage(No Configuration,No Configuration)
2026-01-07 21:47:34,027 [INFO] PinOutPanel:1589 - setPackage(STM32F103C8Tx,LQFP48)
2026-01-07 21:47:34,963 [INFO] UtilMem:75 - Before build in PCC Used Memory: 650144072 Bytes (1073741824)
2026-01-07 21:47:36,625 [INFO] UtilMem:75 - After build in PCC Used Memory: 720920904 Bytes (1073741824)
2026-01-07 21:47:36,673 [INFO] IPUIPlugin:80 - create IPUIPlugin
2026-01-07 21:47:36,674 [INFO] IPUIPlugin:80 - create IPUIPlugin
2026-01-07 21:47:36,674 [INFO] IPUIPlugin:80 - create IPUIPlugin
2026-01-07 21:47:36,674 [INFO] IPUIPlugin:80 - create IPUIPlugin
2026-01-07 21:47:36,674 [INFO] IPUIPlugin:80 - create IPUIPlugin
2026-01-07 21:47:36,676 [INFO] IPUIPlugin:80 - create IPUIPlugin
2026-01-07 21:47:36,676 [INFO] IPUIPlugin:80 - create IPUIPlugin
2026-01-07 21:47:36,676 [INFO] IPUIPlugin:80 - create IPUIPlugin
2026-01-07 21:47:36,676 [INFO] IPUIPlugin:80 - create IPUIPlugin
2026-01-07 21:47:36,677 [INFO] IPUIPlugin:80 - create IPUIPlugin
2026-01-07 21:47:36,677 [INFO] IPUIPlugin:80 - create IPUIPlugin
2026-01-07 21:47:36,677 [INFO] IPUIPlugin:80 - create IPUIPlugin
2026-01-07 21:47:36,677 [INFO] IPUIPlugin:80 - create IPUIPlugin
2026-01-07 21:47:36,678 [INFO] IPUIPlugin:80 - create IPUIPlugin
2026-01-07 21:47:36,678 [INFO] IPUIPlugin:80 - create IPUIPlugin
2026-01-07 21:47:36,679 [INFO] IPUIPlugin:80 - create IPUIPlugin
2026-01-07 21:47:36,679 [INFO] IPUIPlugin:80 - create IPUIPlugin
2026-01-07 21:47:36,679 [INFO] IPUIPlugin:80 - create IPUIPlugin
2026-01-07 21:47:36,680 [INFO] IPUIPlugin:80 - create IPUIPlugin
2026-01-07 21:47:36,680 [INFO] IPUIPlugin:80 - create IPUIPlugin
2026-01-07 21:47:36,680 [INFO] IPUIPlugin:80 - create IPUIPlugin
2026-01-07 21:47:36,681 [INFO] IPUIPlugin:80 - create IPUIPlugin
2026-01-07 21:47:36,681 [INFO] IPUIPlugin:80 - create IPUIPlugin
2026-01-07 21:47:36,682 [INFO] IPUIPlugin:80 - create IPUIPlugin
2026-01-07 21:47:36,682 [INFO] IPUIPlugin:80 - create IPUIPlugin
2026-01-07 21:47:36,682 [INFO] IPUIPlugin:80 - create IPUIPlugin
2026-01-07 21:47:36,683 [INFO] IPUIPlugin:80 - create IPUIPlugin
2026-01-07 21:47:37,076 [INFO] CADModel:165 - CPN selected for project levelSTM32F103C8T6
2026-01-07 21:47:37,076 [INFO] CADModel:114 - Register for checkConnection events
2026-01-07 21:47:37,140 [INFO] OpenFileManager:386 - Restore cursor
2026-01-07 21:47:38,764 [INFO] UtilMem:75 - End SaveConfig() Used Memory: 801737008 Bytes (1073741824)
2026-01-07 21:47:38,837 [INFO] UtilMem:75 - End SaveConfig() Used Memory: 813721928 Bytes (1073741824)
2026-01-07 21:47:39,606 [INFO] BlockDiagram:2775 - set Specific Code input for plugin: NVIC
2026-01-07 21:47:39,607 [INFO] BlockDiagram:2775 - set Specific Code input for plugin: RCC
2026-01-07 21:47:39,609 [INFO] CodeGenerator:892 - code generatio: config db path: D:\installs\STM32CubeIDE_1.19.0\STM32CubeIDE\plugins\com.st.stm32cube.common.mx_6.15.0.202507011659\\db\
2026-01-07 21:47:39,929 [INFO] CodeEngine:265 - oldGeneratedFile, D:\projects\stm32_cube_ide\Lora\MXTmpFiles\license.tmp_save
2026-01-07 21:47:40,706 [INFO] CodeEngine:289 - Generated code: D:\projects\stm32_cube_ide\Lora\MXTmpFiles\license.tmp
2026-01-07 21:47:40,782 [INFO] CodeEngine:265 - oldGeneratedFile, D:\projects\stm32_cube_ide\Lora\Core\Src\stm32f1xx_it.c_save
2026-01-07 21:47:41,019 [INFO] CodeEngine:289 - Generated code: D:\projects\stm32_cube_ide\Lora\Core\Src\stm32f1xx_it.c
2026-01-07 21:47:41,025 [INFO] CodeEngine:265 - oldGeneratedFile, D:\projects\stm32_cube_ide\Lora\Core\Inc\stm32f1xx_it.h_save
2026-01-07 21:47:41,190 [INFO] CodeEngine:289 - Generated code: D:\projects\stm32_cube_ide\Lora\Core\Inc\stm32f1xx_it.h
2026-01-07 21:47:41,503 [INFO] CodeEngine:265 - oldGeneratedFile, D:\projects\stm32_cube_ide\Lora\Core\Src\stm32f1xx_hal_msp.c_save
2026-01-07 21:47:41,721 [INFO] CodeEngine:289 - Generated code: D:\projects\stm32_cube_ide\Lora\Core\Src\stm32f1xx_hal_msp.c
2026-01-07 21:47:41,729 [INFO] CodeEngine:265 - oldGeneratedFile, D:\projects\stm32_cube_ide\Lora\MXTmpFiles\system.tmp_save
2026-01-07 21:47:41,906 [INFO] CodeEngine:289 - Generated code: D:\projects\stm32_cube_ide\Lora\MXTmpFiles\system.tmp
2026-01-07 21:47:41,950 [INFO] CodeEngine:321 - oldGeneratedFile, D:\projects\stm32_cube_ide\Lora\Core\Inc\stm32f1xx_hal_conf.h_save
2026-01-07 21:47:42,087 [INFO] CodeEngine:345 - Generated code: D:\projects\stm32_cube_ide\Lora\Core\Inc\stm32f1xx_hal_conf.h
2026-01-07 21:47:42,164 [INFO] ApiDbMcu:532 - Load IP Config File for RCC
2026-01-07 21:47:42,177 [INFO] CodeEngine:265 - oldGeneratedFile, D:\projects\stm32_cube_ide\Lora\Core\Inc\main.h_save
2026-01-07 21:47:42,344 [INFO] CodeEngine:289 - Generated code: D:\projects\stm32_cube_ide\Lora\Core\Inc\main.h
2026-01-07 21:47:42,351 [INFO] CodeEngine:265 - oldGeneratedFile, D:\projects\stm32_cube_ide\Lora\Core\Src\main.c_save
2026-01-07 21:47:42,545 [INFO] CodeEngine:289 - Generated code: D:\projects\stm32_cube_ide\Lora\Core\Src\main.c
2026-01-07 21:47:43,114 [INFO] ProjectBuilder:3606 - Time for Copy HAL[1] : 248mS.
2026-01-07 21:47:43,124 [INFO] ProjectBuilder:5216 - Project Generator version: 4.7.0-B52
2026-01-07 21:47:43,278 [INFO] ConfigFileManager:1595 - The Die is : DIE410
2026-01-07 21:47:43,313 [INFO] ApiDbMcu:532 - Load IP Config File for FATFS
2026-01-07 21:47:43,339 [INFO] ApiDbMcu:532 - Load IP Config File for FREERTOS
2026-01-07 21:47:43,359 [INFO] ApiDbMcu:532 - Load IP Config File for USB_DEVICE
2026-01-07 21:47:43,994 [INFO] LogOutputStream:77 - [STDOUT_REDIRECT] 
2026-01-07 21:47:48,857 [INFO] ProjectBuilder:5496 - Time for Generating toolchain IDE Files: 5732mS.
2026-01-07 21:47:48,859 [INFO] ProjectBuilder:3463 - Time for Copy CMSIS : 2mS.
2026-01-07 21:47:48,861 [INFO] ProjectBuilder:3463 - Time for Copy CMSIS : 0mS.
2026-01-07 21:47:50,383 [INFO] McuFinderGlobals:76 - Set McuFinderConnectedMode to true
2026-01-07 21:47:50,388 [INFO] ApiDb:448 - Save user favorites file C:\Users\22142/.stm32cubeide/favorites.mcus.txt: 0 item(s)
2026-01-07 21:47:50,389 [INFO] ApiDb:452 - User favorites MCUs=[]
2026-01-07 21:49:27,530 [INFO] NvicIntPanel:101 - NVIC parent = com.st.microxplorer.plugins.ip.nvic.MultiNvicIntPanel[,0,0,450x144,layout=javax.swing.BoxLayout,alignmentX=0.0,alignmentY=0.0,border=,flags=9,maximumSize=,minimumSize=,preferredSize=]
2026-01-07 21:49:32,237 [INFO] UtilMem:75 - End SaveConfig() Used Memory: 710257776 Bytes (1073741824)
2026-01-07 21:49:32,386 [INFO] UtilMem:75 - End SaveConfig() Used Memory: 742688152 Bytes (1073741824)
2026-01-07 21:49:34,407 [INFO] UtilMem:75 - End SaveConfig() Used Memory: 885369968 Bytes (1073741824)
2026-01-07 21:49:34,629 [INFO] ProjectBuilder:2395 - IP not ready for code generation: SPI1
2026-01-07 23:36:53,475 [ERROR] LogOutputStream:75 - [STDERR_REDIRECT] 
2026-01-07 23:37:22,996 [INFO] Activator:176 - 


2026-01-07 23:37:23,005 [INFO] Activator:177 - !SESSION log4j initialized
2026-01-07 23:37:32,600 [INFO] LogOutputStream:77 - [STDOUT_REDIRECT] 
2026-01-07 23:37:35,856 [INFO] ApplicationProperties:184 - Using Application install path: D:\installs\STM32CubeIDE_1.19.0\STM32CubeIDE\plugins\com.st.stm32cube.common.mx_6.15.0.202507011659
2026-01-07 23:37:36,168 [INFO] DbMcusXml:78 - Set database path to: D:\installs\STM32CubeIDE_1.19.0\STM32CubeIDE\plugins\com.st.stm32cube.common.mx_6.15.0.202507011659\\db\/mcu/
2026-01-07 23:37:36,168 [INFO] ApiDb:274 - Set plugin database path to: D:\installs\STM32CubeIDE_1.19.0\STM32CubeIDE\plugins\com.st.stm32cube.common.mx_6.15.0.202507011659\\db\/plugins/boardmanager/
2026-01-07 23:37:36,168 [WARN] ApiDb:259 - Overriding images path with different value:  => D:\installs\STM32CubeIDE_1.19.0\STM32CubeIDE\plugins\com.st.stm32cube.common.mx_6.15.0.202507011659\\db\/plugins/mcufinder/images/
2026-01-07 23:37:36,252 [INFO] ApiDb:250 - Set database path to: C:\Users\22142\.stmcufinder\plugins\mcufinder//mcu/
2026-01-07 23:37:36,252 [INFO] DbMcusAds:125 - Set database path to: C:\Users\22142\.stmcufinder\plugins\mcufinder//mcu/
2026-01-07 23:37:36,252 [INFO] CrossReferenceDbSqlite:203 - Set database path to: C:\Users\22142\.stmcufinder\plugins\mcufinder//mcu/cs/
2026-01-07 23:37:36,656 [INFO] RulesReader:64 - Compatibility file has been processed (317 Rules)
2026-01-07 23:37:37,370 [INFO] DbMcusXml:78 - Set database path to: D:\installs\STM32CubeIDE_1.19.0\STM32CubeIDE\plugins\com.st.stm32cube.common.mx_6.15.0.202507011659\\db\/mcu/
2026-01-07 23:37:37,370 [INFO] ApiDb:274 - Set plugin database path to: D:\installs\STM32CubeIDE_1.19.0\STM32CubeIDE\plugins\com.st.stm32cube.common.mx_6.15.0.202507011659\\db\/plugins/boardmanager/
2026-01-07 23:37:37,370 [INFO] ApiDb:261 - Set plugin images path to: D:\installs\STM32CubeIDE_1.19.0\STM32CubeIDE\plugins\com.st.stm32cube.common.mx_6.15.0.202507011659\\db\/plugins/mcufinder/images/
2026-01-07 23:37:37,370 [WARN] DbFile:41 - Overriding database path with different value: C:\Users\22142\.stmcufinder\plugins\mcufinder/ => C:\Users\22142\.stmcufinder\plugins\mcufinder
2026-01-07 23:37:37,370 [INFO] ApiDb:250 - Set database path to: C:\Users\22142\.stmcufinder\plugins\mcufinder//mcu/
2026-01-07 23:37:37,370 [WARN] DbFile:41 - Overriding database path with different value: C:\Users\22142\.stmcufinder\plugins\mcufinder/ => C:\Users\22142\.stmcufinder\plugins\mcufinder
2026-01-07 23:37:37,370 [INFO] DbMcusAds:125 - Set database path to: C:\Users\22142\.stmcufinder\plugins\mcufinder//mcu/
2026-01-07 23:37:37,370 [WARN] DbFile:41 - Overriding database path with different value: C:\Users\22142\.stmcufinder\plugins\mcufinder/ => C:\Users\22142\.stmcufinder\plugins\mcufinder
2026-01-07 23:37:37,371 [WARN] DbFile:41 - Overriding database path with different value: C:\Users\22142\.stmcufinder\plugins\mcufinder/ => C:\Users\22142\.stmcufinder\plugins\mcufinder
2026-01-07 23:37:37,371 [INFO] CrossReferenceDbSqlite:203 - Set database path to: C:\Users\22142\.stmcufinder\plugins\mcufinder//mcu/cs/
2026-01-07 23:37:38,405 [INFO] MainPanel:274 - HeapMemory: 268435456
2026-01-07 23:37:40,055 [INFO] DbMcusXml:78 - Set database path to: D:\installs\STM32CubeIDE_1.19.0\STM32CubeIDE\plugins\com.st.stm32cube.common.mx_6.15.0.202507011659\\db\/mcu/
2026-01-07 23:37:40,055 [INFO] ApiDb:274 - Set plugin database path to: D:\installs\STM32CubeIDE_1.19.0\STM32CubeIDE\plugins\com.st.stm32cube.common.mx_6.15.0.202507011659\\db\/plugins/boardmanager/
2026-01-07 23:37:40,055 [INFO] ApiDb:261 - Set plugin images path to: D:\installs\STM32CubeIDE_1.19.0\STM32CubeIDE\plugins\com.st.stm32cube.common.mx_6.15.0.202507011659\\db\/plugins/mcufinder/images/
2026-01-07 23:37:40,056 [WARN] DbFile:41 - Overriding database path with different value: C:\Users\22142\.stmcufinder\plugins\mcufinder/ => C:\Users\22142\.stmcufinder\plugins\mcufinder
2026-01-07 23:37:40,056 [INFO] ApiDb:250 - Set database path to: C:\Users\22142\.stmcufinder\plugins\mcufinder//mcu/
2026-01-07 23:37:40,056 [WARN] DbFile:41 - Overriding database path with different value: C:\Users\22142\.stmcufinder\plugins\mcufinder/ => C:\Users\22142\.stmcufinder\plugins\mcufinder
2026-01-07 23:37:40,056 [INFO] DbMcusAds:125 - Set database path to: C:\Users\22142\.stmcufinder\plugins\mcufinder//mcu/
2026-01-07 23:37:40,056 [WARN] DbFile:41 - Overriding database path with different value: C:\Users\22142\.stmcufinder\plugins\mcufinder/ => C:\Users\22142\.stmcufinder\plugins\mcufinder
2026-01-07 23:37:40,056 [WARN] DbFile:41 - Overriding database path with different value: C:\Users\22142\.stmcufinder\plugins\mcufinder/ => C:\Users\22142\.stmcufinder\plugins\mcufinder
2026-01-07 23:37:40,056 [INFO] CrossReferenceDbSqlite:203 - Set database path to: C:\Users\22142\.stmcufinder\plugins\mcufinder//mcu/cs/
2026-01-07 23:37:40,127 [INFO] ApplicationProperties:184 - Using Application install path: D:\installs\STM32CubeIDE_1.19.0\STM32CubeIDE\plugins\com.st.stm32cube.common.mx_6.15.0.202507011659
2026-01-07 23:37:40,128 [INFO] PluginManage:196 - Search for loadable plugins [exclusion list=, ]
2026-01-07 23:37:40,149 [INFO] PluginManage:310 - Check plugin analytics
2026-01-07 23:37:40,403 [INFO] AnalyticsPlugin:253 - Accepted Software Licenses: STM32CubeMX.6.16.1
2026-01-07 23:37:40,403 [INFO] AnalyticsPlugin:255 - Accepted CMSIS Pack Licenses: 
2026-01-07 23:37:40,403 [INFO] AnalyticsPlugin:257 - Accepted Firmware Licenses: 
2026-01-07 23:37:40,404 [INFO] PluginManage:359 - Loaded plugin analytics (category:tool,tabindex:-1)
2026-01-07 23:37:40,404 [INFO] PluginManage:310 - Check plugin cadmodel
2026-01-07 23:37:40,433 [INFO] CADModel:105 - Init CAD model plugin
2026-01-07 23:37:40,433 [INFO] PluginManage:359 - Loaded plugin cadmodel (category:power,tabindex:5)
2026-01-07 23:37:40,434 [INFO] PluginManage:310 - Check plugin clock
2026-01-07 23:37:40,451 [INFO] PluginManage:359 - Loaded plugin clock (category:base,tabindex:2)
2026-01-07 23:37:40,451 [INFO] PluginManage:310 - Check plugin ddr
2026-01-07 23:37:40,462 [INFO] PluginManage:359 - Loaded plugin ddr (category:tool,tabindex:6)
2026-01-07 23:37:40,462 [INFO] PluginManage:310 - Check plugin filemanager
2026-01-07 23:37:40,818 [INFO] PluginManage:359 - Loaded plugin filemanager (category:base,tabindex:10)
2026-01-07 23:37:40,818 [INFO] PluginManage:310 - Check plugin ipmanager
2026-01-07 23:37:40,823 [INFO] PluginManage:359 - Loaded plugin ipmanager (category:base,tabindex:5)
2026-01-07 23:37:40,823 [INFO] PluginManage:310 - Check plugin lpbam
2026-01-07 23:37:40,851 [INFO] PluginManage:359 - Loaded plugin lpbam (category:base,tabindex:0)
2026-01-07 23:37:40,851 [INFO] PluginManage:310 - Check plugin memorymap
2026-01-07 23:37:40,887 [INFO] PluginManage:359 - Loaded plugin memorymap (category:base,tabindex:4)
2026-01-07 23:37:40,887 [INFO] PluginManage:310 - Check plugin pinoutandconfiguration
2026-01-07 23:37:40,894 [INFO] PluginManage:359 - Loaded plugin pinoutandconfiguration (category:base,tabindex:1)
2026-01-07 23:37:40,894 [INFO] PluginManage:310 - Check plugin pinoutconfig
2026-01-07 23:37:41,109 [WARN] SupportedApi:132 - Cannot load RTOS API schema: s4s-elt-must-match.1: The content of 'definitions' must match (annotation?, (simpleType | complexType)?, (unique | key | keyref)*)). A problem was found starting at: attribute.
2026-01-07 23:37:41,320 [INFO] PluginManage:359 - Loaded plugin pinoutconfig (category:base,tabindex:0)
2026-01-07 23:37:41,320 [INFO] PluginManage:310 - Check plugin power
2026-01-07 23:37:41,353 [INFO] PluginManage:359 - Loaded plugin power (category:power,tabindex:4)
2026-01-07 23:37:41,353 [INFO] PluginManage:310 - Check plugin projectmanager
2026-01-07 23:37:41,367 [INFO] PluginManage:359 - Loaded plugin projectmanager (category:projectmanager,tabindex:4)
2026-01-07 23:37:41,367 [INFO] PluginManage:310 - Check plugin rif
2026-01-07 23:37:41,415 [INFO] PluginManage:359 - Loaded plugin rif (category:base,tabindex:3)
2026-01-07 23:37:41,417 [INFO] PluginManage:310 - Check plugin thirdparty
2026-01-07 23:37:41,704 [INFO] PluginManage:359 - Loaded plugin thirdparty (category:base,tabindex:-1)
2026-01-07 23:37:41,704 [WARN] IntegrityCheckThread:84 - waiting for thirdparty lock release [integrity check]
2026-01-07 23:37:41,704 [INFO] PluginManage:310 - Check plugin tools
2026-01-07 23:37:41,705 [INFO] IntegrityCheckThread:86 - entering critical section [integrity check]
2026-01-07 23:37:41,705 [INFO] ThirdPartyUpdaterWithRetryManager:70 - Updater plugin not ready yet. [1/15]
2026-01-07 23:37:41,706 [INFO] PluginManage:359 - Loaded plugin tools (category:base,tabindex:7)
2026-01-07 23:37:41,707 [INFO] PluginManage:310 - Check plugin tutovideos
2026-01-07 23:37:42,114 [INFO] PluginManage:359 - Loaded plugin tutovideos (category:base,tabindex:-1)
2026-01-07 23:37:42,114 [INFO] PluginManage:310 - Check plugin updater
2026-01-07 23:37:42,131 [INFO] PluginManage:359 - Loaded plugin updater (category:base,tabindex:12)
2026-01-07 23:37:42,131 [INFO] PluginManage:310 - Check plugin userauth
2026-01-07 23:37:42,148 [INFO] UserAuth:118 - Init User Auth plugin
2026-01-07 23:37:42,148 [INFO] PluginManage:359 - Loaded plugin userauth (category:base,tabindex:14)
2026-01-07 23:37:42,149 [INFO] PluginManage:283 - PluginManage : Loaded plugins [18]
2026-01-07 23:37:42,958 [INFO] PinOutPanel:1589 - setPackage(No Configuration,No Configuration)
2026-01-07 23:37:43,217 [INFO] CADModel:165 - CPN selected for project level
2026-01-07 23:37:43,217 [INFO] CADModel:114 - Register for checkConnection events
2026-01-07 23:37:43,243 [INFO] IPUIPlugin:80 - create IPUIPlugin
2026-01-07 23:37:43,243 [INFO] PluginManager:220 - loadIPPluginJar : add adc
2026-01-07 23:37:43,244 [INFO] IPUIPlugin:80 - create IPUIPlugin
2026-01-07 23:37:43,245 [INFO] PluginManager:220 - loadIPPluginJar : add aes
2026-01-07 23:37:43,246 [INFO] IPUIPlugin:80 - create IPUIPlugin
2026-01-07 23:37:43,246 [INFO] PluginManager:220 - loadIPPluginJar : add can
2026-01-07 23:37:43,247 [INFO] IPUIPlugin:80 - create IPUIPlugin
2026-01-07 23:37:43,248 [INFO] PluginManager:220 - loadIPPluginJar : add comp
2026-01-07 23:37:43,249 [INFO] IPUIPlugin:80 - create IPUIPlugin
2026-01-07 23:37:43,249 [INFO] PluginManager:220 - loadIPPluginJar : add cryp
2026-01-07 23:37:43,284 [INFO] IPUIPlugin:80 - create IPUIPlugin
2026-01-07 23:37:43,284 [INFO] PluginManager:220 - loadIPPluginJar : add ddr_ctrl_phy
2026-01-07 23:37:43,286 [INFO] IPUIPlugin:80 - create IPUIPlugin
2026-01-07 23:37:43,286 [INFO] PluginManager:220 - loadIPPluginJar : add dfsdm
2026-01-07 23:37:43,291 [INFO] IPUIPlugin:80 - create IPUIPlugin
2026-01-07 23:37:43,291 [INFO] PluginManager:220 - loadIPPluginJar : add dma
2026-01-07 23:37:43,293 [INFO] IPUIPlugin:80 - create IPUIPlugin
2026-01-07 23:37:43,293 [INFO] PluginManager:220 - loadIPPluginJar : add dma3
2026-01-07 23:37:43,295 [INFO] IPUIPlugin:80 - create IPUIPlugin
2026-01-07 23:37:43,295 [INFO] PluginManager:220 - loadIPPluginJar : add extmemmanager
2026-01-07 23:37:43,296 [INFO] IPUIPlugin:80 - create IPUIPlugin
2026-01-07 23:37:43,296 [INFO] PluginManager:220 - loadIPPluginJar : add fatfs
2026-01-07 23:37:43,298 [INFO] IPUIPlugin:80 - create IPUIPlugin
2026-01-07 23:37:43,298 [INFO] PluginManager:220 - loadIPPluginJar : add fmc
2026-01-07 23:37:43,303 [INFO] IPUIPlugin:80 - create IPUIPlugin
2026-01-07 23:37:43,303 [INFO] PluginManager:220 - loadIPPluginJar : add freertos
2026-01-07 23:37:43,304 [INFO] IPUIPlugin:80 - create IPUIPlugin
2026-01-07 23:37:43,304 [INFO] PluginManager:220 - loadIPPluginJar : add genericplugin
2026-01-07 23:37:43,306 [INFO] IPUIPlugin:80 - create IPUIPlugin
2026-01-07 23:37:43,306 [INFO] PluginManager:220 - loadIPPluginJar : add gfxmmu
2026-01-07 23:37:43,309 [INFO] IPUIPlugin:80 - create IPUIPlugin
2026-01-07 23:37:43,309 [INFO] PluginManager:220 - loadIPPluginJar : add gic
2026-01-07 23:37:43,312 [INFO] IPUIPlugin:80 - create IPUIPlugin
2026-01-07 23:37:43,312 [INFO] PluginManager:220 - loadIPPluginJar : add gpio
2026-01-07 23:37:43,314 [INFO] IPUIPlugin:80 - create IPUIPlugin
2026-01-07 23:37:43,314 [INFO] PluginManager:220 - loadIPPluginJar : add gtzc
2026-01-07 23:37:43,316 [INFO] IPUIPlugin:80 - create IPUIPlugin
2026-01-07 23:37:43,316 [INFO] PluginManager:220 - loadIPPluginJar : add hash
2026-01-07 23:37:43,317 [INFO] IPUIPlugin:80 - create IPUIPlugin
2026-01-07 23:37:43,318 [INFO] PluginManager:220 - loadIPPluginJar : add i2c
2026-01-07 23:37:43,319 [INFO] IPUIPlugin:80 - create IPUIPlugin
2026-01-07 23:37:43,319 [INFO] PluginManager:220 - loadIPPluginJar : add i2s
2026-01-07 23:37:43,322 [INFO] IPUIPlugin:80 - create IPUIPlugin
2026-01-07 23:37:43,322 [INFO] PluginManager:220 - loadIPPluginJar : add i3c
2026-01-07 23:37:43,335 [INFO] IPUIPlugin:80 - create IPUIPlugin
2026-01-07 23:37:43,335 [INFO] PluginManager:220 - loadIPPluginJar : add ipddr
2026-01-07 23:37:43,341 [INFO] IPUIPlugin:80 - create IPUIPlugin
2026-01-07 23:37:43,341 [INFO] PluginManager:220 - loadIPPluginJar : add linkedlist
2026-01-07 23:37:43,343 [INFO] IPUIPlugin:80 - create IPUIPlugin
2026-01-07 23:37:43,343 [INFO] PluginManager:220 - loadIPPluginJar : add lorawan
2026-01-07 23:37:43,343 [INFO] IPUIPlugin:80 - create IPUIPlugin
2026-01-07 23:37:43,343 [INFO] PluginManager:220 - loadIPPluginJar : add ltdc
2026-01-07 23:37:43,348 [INFO] IPUIPlugin:80 - create IPUIPlugin
2026-01-07 23:37:43,348 [INFO] PluginManager:220 - loadIPPluginJar : add mdma
2026-01-07 23:37:43,351 [INFO] IPUIPlugin:80 - create IPUIPlugin
2026-01-07 23:37:43,351 [INFO] PluginManager:220 - loadIPPluginJar : add nvic
2026-01-07 23:37:43,353 [INFO] IPUIPlugin:80 - create IPUIPlugin
2026-01-07 23:37:43,353 [INFO] PluginManager:220 - loadIPPluginJar : add opamp
2026-01-07 23:37:43,355 [INFO] IPUIPlugin:80 - create IPUIPlugin
2026-01-07 23:37:43,355 [INFO] PluginManager:220 - loadIPPluginJar : add openamp
2026-01-07 23:37:43,357 [INFO] IPUIPlugin:80 - create IPUIPlugin
2026-01-07 23:37:43,357 [INFO] PluginManager:220 - loadIPPluginJar : add pdm2pcm
2026-01-07 23:37:43,360 [INFO] IPUIPlugin:80 - create IPUIPlugin
2026-01-07 23:37:43,362 [INFO] PluginManager:220 - loadIPPluginJar : add plateformsettings
2026-01-07 23:37:43,363 [INFO] IPUIPlugin:80 - create IPUIPlugin
2026-01-07 23:37:43,363 [INFO] PluginManager:220 - loadIPPluginJar : add quadspi
2026-01-07 23:37:43,364 [INFO] IPUIPlugin:80 - create IPUIPlugin
2026-01-07 23:37:43,364 [INFO] PluginManager:220 - loadIPPluginJar : add radio
2026-01-07 23:37:43,366 [INFO] IPUIPlugin:80 - create IPUIPlugin
2026-01-07 23:37:43,366 [INFO] PluginManager:220 - loadIPPluginJar : add resmgrutility
2026-01-07 23:37:43,368 [INFO] IPUIPlugin:80 - create IPUIPlugin
2026-01-07 23:37:43,368 [INFO] PluginManager:220 - loadIPPluginJar : add sai
2026-01-07 23:37:43,370 [INFO] IPUIPlugin:80 - create IPUIPlugin
2026-01-07 23:37:43,370 [INFO] PluginManager:220 - loadIPPluginJar : add spi
2026-01-07 23:37:43,374 [INFO] IPUIPlugin:80 - create IPUIPlugin
2026-01-07 23:37:43,374 [INFO] PluginManager:220 - loadIPPluginJar : add stm32_wpan
2026-01-07 23:37:43,374 [INFO] IPUIPlugin:80 - create IPUIPlugin
2026-01-07 23:37:43,375 [INFO] PluginManager:220 - loadIPPluginJar : add tim
2026-01-07 23:37:43,377 [INFO] IPUIPlugin:80 - create IPUIPlugin
2026-01-07 23:37:43,377 [INFO] PluginManager:220 - loadIPPluginJar : add touchsensing
2026-01-07 23:37:43,378 [INFO] IPUIPlugin:80 - create IPUIPlugin
2026-01-07 23:37:43,378 [INFO] PluginManager:220 - loadIPPluginJar : add tracer_emb
2026-01-07 23:37:43,379 [INFO] IPUIPlugin:80 - create IPUIPlugin
2026-01-07 23:37:43,379 [INFO] PluginManager:220 - loadIPPluginJar : add ts
2026-01-07 23:37:43,380 [INFO] IPUIPlugin:80 - create IPUIPlugin
2026-01-07 23:37:43,380 [INFO] PluginManager:220 - loadIPPluginJar : add tsc
2026-01-07 23:37:43,381 [INFO] IPUIPlugin:80 - create IPUIPlugin
2026-01-07 23:37:43,381 [INFO] PluginManager:220 - loadIPPluginJar : add ucpd
2026-01-07 23:37:43,382 [INFO] IPUIPlugin:80 - create IPUIPlugin
2026-01-07 23:37:43,382 [INFO] PluginManager:220 - loadIPPluginJar : add usart
2026-01-07 23:37:43,384 [INFO] IPUIPlugin:80 - create IPUIPlugin
2026-01-07 23:37:43,384 [INFO] PluginManager:220 - loadIPPluginJar : add usbx
2026-01-07 23:37:43,574 [FATAL] Updater:351 - Updater called before beeing initialized
2026-01-07 23:37:43,693 [INFO] RulesReader:64 - Compatibility file has been processed (317 Rules)
2026-01-07 23:37:43,702 [INFO] RulesReader:64 - Compatibility file has been processed (317 Rules)
2026-01-07 23:37:43,735 [INFO] CADModel:165 - CPN selected for project level
2026-01-07 23:37:43,735 [INFO] CADModel:114 - Register for checkConnection events
2026-01-07 23:37:43,735 [FATAL] Updater:351 - Updater called before beeing initialized
2026-01-07 23:37:43,735 [ERROR] CADModel:125 - Updater not yet initialized, retry later 
2026-01-07 23:37:44,156 [FATAL] Updater:351 - Updater called before beeing initialized
2026-01-07 23:37:44,185 [INFO] CADModel:165 - CPN selected for project level
2026-01-07 23:37:44,185 [INFO] CADModel:114 - Register for checkConnection events
2026-01-07 23:37:44,185 [FATAL] Updater:351 - Updater called before beeing initialized
2026-01-07 23:37:44,185 [ERROR] CADModel:125 - Updater not yet initialized, retry later 
2026-01-07 23:37:44,187 [FATAL] Updater:351 - Updater called before beeing initialized
2026-01-07 23:37:44,300 [FATAL] Updater:351 - Updater called before beeing initialized
2026-01-07 23:37:44,304 [INFO] DbMcusAds:53 - JSON generation date=Tue Dec 16 04:41:46 IST 2025 (1765840306612)
2026-01-07 23:37:44,304 [FATAL] Updater:351 - Updater called before beeing initialized
2026-01-07 23:37:44,419 [WARN] DetailPanel:346 - Failed to get advertising image, set to default
2026-01-07 23:37:44,524 [FATAL] Updater:351 - Updater called before beeing initialized
2026-01-07 23:37:44,544 [FATAL] Updater:351 - Updater called before beeing initialized
2026-01-07 23:37:44,544 [FATAL] Updater:351 - Updater called before beeing initialized
2026-01-07 23:37:44,544 [WARN] DetailPanel:346 - Failed to get advertising image, set to default
2026-01-07 23:37:44,545 [FATAL] Updater:351 - Updater called before beeing initialized
2026-01-07 23:37:44,659 [ERROR] Updater:1198 - MainUpdater not yet initialized. External WinMGr cannot be set.
2026-01-07 23:37:44,673 [INFO] Updater:1134 - Updater Version found : 6.15.0
2026-01-07 23:37:44,690 [INFO] ApplicationProperties:184 - Using Application install path: D:\installs\STM32CubeIDE_1.19.0\STM32CubeIDE\plugins\com.st.stm32cube.common.mx_6.15.0.202507011659
2026-01-07 23:37:44,706 [INFO] ThirdPartyUpdaterWithRetryManager:70 - Updater plugin not ready yet. [2/15]
2026-01-07 23:37:45,000 [INFO] MainUpdater:2872 - connection check result : 10
2026-01-07 23:37:45,000 [INFO] MainUpdater:289 - Updater Check For Update Now.
2026-01-07 23:37:45,000 [INFO] MicroXplorer:498 - Change Database Version : DB.6.0.150
2026-01-07 23:37:45,039 [INFO] McuFinderGlobals:63 - Set McuFinder mode to 2 (CubeIDE integrated)
2026-01-07 23:37:45,040 [INFO] UserAuth:171 - activating auth plugin
2026-01-07 23:37:45,041 [INFO] UserAuth:487 - Internet connection configuration mode: 1
2026-01-07 23:37:45,171 [INFO] JxBrowserEngine:152 - Initiate JxBrowser Engine with user profile folder
2026-01-07 23:37:45,187 [INFO] CheckServerUpdateThread:120 - End of CheckServer Thread
2026-01-07 23:37:45,256 [INFO] MainUpdater:2872 - connection check result : 10
2026-01-07 23:37:46,238 [INFO] ApiDb:581 - Connected to CubeFinder SQLite database (C:\Users\22142\.stmcufinder\plugins\mcufinder\mcu\cube-finder-db.db)
2026-01-07 23:37:46,330 [INFO] ApiDb:668 - CubeFinder database Data Model version=2.1
2026-01-07 23:37:46,331 [INFO] ApiDb:669 - CubeFinder database Configuration version=3.0.39
2026-01-07 23:37:46,331 [INFO] ApiDb:670 - CubeFinder database generation date=2025-12-22 (1766407740)
2026-01-07 23:37:46,331 [INFO] ApiDb:671 - CubeFinder database FW Pack versions=[FP-ATR-ASTRA1_V2.0.0, FP-SNS-FLIGHT1_V5.1.0, FP-SNS-MOTENV1_V5.1.0, FP-SNS-MOTENVWB1_V1.4.0, FP-SNS-SMARTAG2_V1.2.0, FP-SNS-STBOX1_V2.1.0, STM32Cube_FW_C0_V1.4.0, STM32Cube_FW_F4_V1.28.3, STM32Cube_FW_F7_V1.17.4, STM32Cube_FW_G0_V1.6.2, STM32Cube_FW_G4_V1.6.1, STM32Cube_FW_H5_V1.5.1, STM32Cube_FW_H7RS_V1.3.0, STM32Cube_FW_H7_V1.12.1, STM32Cube_FW_L0_V1.12.2, STM32Cube_FW_L4_V1.18.1, STM32Cube_FW_L5_V1.6.0, STM32Cube_FW_N6_V1.3.0, STM32Cube_FW_U0_V1.3.0, STM32Cube_FW_U3_V1.2.1, STM32Cube_FW_U5_V1.8.0, STM32Cube_FW_WB0_V1.4.0, STM32Cube_FW_WBA_V1.8.0, STM32Cube_FW_WB_V1.24.0, STM32Cube_FW_WL3_V1.3.0, STM32Cube_FW_WL_V1.4.0, X-CUBE-ALGOBUILD_V1.4.0, X-CUBE-ALS_V1.0.2, X-CUBE-AZRTOS-F4_V1.1.0, X-CUBE-AZRTOS-F7_V1.1.0, X-CUBE-AZRTOS-G0_V1.1.0, X-CUBE-AZRTOS-G4_V2.0.0, X-CUBE-AZRTOS-H7RS_V1.1.0, X-CUBE-AZRTOS-H7_V3.4.0, X-CUBE-AZRTOS-L4_V2.0.0, X-CUBE-AZRTOS-L5_V2.0.0, X-CUBE-AZRTOS-WB_V2.0.0, X-CUBE-AZRTOS-WL_V2.0.0, X-CUBE-BLE1_V7.1.0, X-CUBE-BLE2_V3.3.0, X-CUBE-BLEMGR_V4.1.0, X-CUBE-EEPRMA1_V5.2.0, X-CUBE-FREERTOS_V1.3.1, X-CUBE-GNSS1_V6.0.0, X-CUBE-MEMS1_V12.0.0, X-CUBE-NFC4_V3.0.0, X-CUBE-NFC7_V2.0.0, X-CUBE-SFXS2LP1_V4.0.0, X-CUBE-ST67W61_V1.1.0, X-CUBE-SUBG2_V5.0.0, X-CUBE-TOF1_V3.4.3]
2026-01-07 23:37:47,740 [INFO] WebApp:169 - Instantiating new browser for Auth
2026-01-07 23:37:47,987 [WARN] PackLoader:240 - Cannot read IP mode file for STMicroelectronics.FP-SNS-MOTENVWB1.1.4.0
2026-01-07 23:37:48,003 [WARN] PackLoader:240 - Cannot read IP mode file for STMicroelectronics.FP-ATR-ASTRA1.2.0.2
2026-01-07 23:37:48,032 [WARN] PackLoader:240 - Cannot read IP mode file for STMicroelectronics.X-CUBE-SMBUS.2.1.0
2026-01-07 23:37:48,057 [WARN] PackLoader:240 - Cannot read IP mode file for STMicroelectronics.X-CUBE-WB05N.1.1.0
2026-01-07 23:37:48,080 [WARN] PackLoader:240 - Cannot read IP mode file for STMicroelectronics.X-CUBE-AZRTOS-F7.1.1.0
2026-01-07 23:37:48,092 [WARN] PackLoader:240 - Cannot read IP mode file for STMicroelectronics.FP-SNS-MOTENV1.5.1.0
2026-01-07 23:37:48,136 [WARN] PackLoader:240 - Cannot read IP mode file for Infineon.AIROC-Wi-Fi-Bluetooth-STM32.1.7.0
2026-01-07 23:37:48,181 [WARN] PackLoader:240 - Cannot read IP mode file for STMicroelectronics.X-CUBE-AZRTOS-H7.3.4.0
2026-01-07 23:37:48,205 [WARN] PackLoader:240 - Cannot read IP mode file for STMicroelectronics.X-CUBE-DISPLAY.3.0.0
2026-01-07 23:37:48,215 [WARN] PackLoader:240 - Cannot read IP mode file for STMicroelectronics.X-CUBE-NFC10.1.0.0
2026-01-07 23:37:48,225 [WARN] PackLoader:240 - Cannot read IP mode file for STMicroelectronics.X-CUBE-BLEMGR.4.0.0
2026-01-07 23:37:48,231 [WARN] PackLoader:240 - Cannot read IP mode file for STMicroelectronics.X-CUBE-ST60.1.1.0
2026-01-07 23:37:48,238 [WARN] PackLoader:240 - Cannot read IP mode file for emotas.I-CUBE-CANOPEN.1.3.0
2026-01-07 23:37:48,254 [WARN] PackLoader:240 - Cannot read IP mode file for STMicroelectronics.X-CUBE-GNSS1.7.1.0
2026-01-07 23:37:48,268 [WARN] ConditionMgr:438 - getConditionDescription Invalid condition id : Cortex-A Device cause : null
2026-01-07 23:37:48,306 [WARN] ConditionMgr:1044 - genDependencies : Invalid condition id : Cortex-A Device cause : null
2026-01-07 23:37:48,306 [WARN] ConditionMgr:1044 - genDependencies : Invalid condition id : Cortex-A Device cause : null
2026-01-07 23:37:48,306 [WARN] ConditionMgr:1044 - genDependencies : Invalid condition id : Cortex-A Device cause : null
2026-01-07 23:37:48,309 [WARN] PackLoader:240 - Cannot read IP mode file for STMicroelectronics.X-CUBE-AI.10.0.0
2026-01-07 23:37:48,315 [WARN] PackLoader:240 - Cannot read IP mode file for STMicroelectronics.FP-SNS-STBOX1.2.1.0
2026-01-07 23:37:48,329 [WARN] PackLoader:240 - Cannot read IP mode file for STMicroelectronics.FP-SNS-SMARTAG2.1.2.0
2026-01-07 23:37:48,335 [WARN] PackLoader:240 - Cannot read IP mode file for STMicroelectronics.FP-SNS-FLIGHT1.5.1.0
2026-01-07 23:37:48,372 [WARN] PackLoader:240 - Cannot read IP mode file for STMicroelectronics.X-CUBE-MEMS1.11.1.0
2026-01-07 23:37:48,447 [INFO] LogOutputStream:77 - [STDOUT_REDIRECT] 1 : Invalid condition id : UX_CORESTACK_Condition cause : null
2026-01-07 23:37:48,447 [INFO] LogOutputStream:77 - [STDOUT_REDIRECT] 1 : Invalid condition id : UX_CORESTACK_Condition cause : null
2026-01-07 23:37:48,448 [INFO] LogOutputStream:77 - [STDOUT_REDIRECT] 1 : Invalid condition id : UX_CORESTACK_Condition cause : null
2026-01-07 23:37:48,449 [INFO] LogOutputStream:77 - [STDOUT_REDIRECT] 1 : Invalid condition id : UX_CORESTACK_Condition cause : null
2026-01-07 23:37:48,450 [INFO] LogOutputStream:77 - [STDOUT_REDIRECT] 1 : Invalid condition id : UX_CORESTACK_Condition cause : null
2026-01-07 23:37:48,451 [WARN] PackLoader:240 - Cannot read IP mode file for STMicroelectronics.X-CUBE-AZRTOS-WL.2.0.0
2026-01-07 23:37:48,459 [WARN] PackLoader:240 - Cannot read IP mode file for STMicroelectronics.FP-SNS-MOTENV1.5.0.0
2026-01-07 23:37:48,470 [WARN] PackLoader:240 - Cannot read IP mode file for STMicroelectronics.X-CUBE-AZRTOS-H7RS.1.2.0
2026-01-07 23:37:48,480 [WARN] PackLoader:240 - Cannot read IP mode file for WES.I-CUBE-Cesium.1.3.0
2026-01-07 23:37:48,483 [WARN] PackLoader:240 - Cannot read IP mode file for STMicroelectronics.X-CUBE-BLE2.3.3.0
2026-01-07 23:37:48,505 [WARN] PackLoader:240 - Cannot read IP mode file for STMicroelectronics.X-CUBE-NFC9.1.0.0
2026-01-07 23:37:48,518 [WARN] PackLoader:240 - Cannot read IP mode file for STMicroelectronics.X-CUBE-BLE1.7.1.0
2026-01-07 23:37:48,523 [WARN] PackLoader:240 - Cannot read IP mode file for wolfSSL.I-CUBE-wolfMQTT.1.19.2
2026-01-07 23:37:48,529 [WARN] PackLoader:240 - Cannot read IP mode file for STMicroelectronics.X-CUBE-FREERTOS.1.4.0
2026-01-07 23:37:48,535 [WARN] PackLoader:240 - Cannot read IP mode file for STMicroelectronics.X-CUBE-EEPRMA1.5.2.0
2026-01-07 23:37:48,544 [WARN] PackLoader:240 - Cannot read IP mode file for STMicroelectronics.X-CUBE-ST67W61.1.1.0
2026-01-07 23:37:48,574 [WARN] PackLoader:240 - Cannot read IP mode file for STMicroelectronics.X-CUBE-MEMS1.12.0.0
2026-01-07 23:37:48,630 [WARN] PackLoader:240 - Cannot read IP mode file for STMicroelectronics.X-CUBE-AZRTOS-G0.1.1.0
2026-01-07 23:37:48,636 [WARN] PackLoader:240 - Cannot read IP mode file for STMicroelectronics.X-CUBE-SAFEA1.1.2.2
2026-01-07 23:37:48,644 [WARN] PackLoader:240 - Cannot read IP mode file for STMicroelectronics.X-CUBE-NFC4.3.0.0
2026-01-07 23:37:48,651 [WARN] PackLoader:240 - Cannot read IP mode file for EmbeddedOffice.I-CUBE-FS-RTOS.1.0.1
2026-01-07 23:37:48,654 [WARN] PackLoader:240 - Cannot read IP mode file for STMicroelectronics.X-CUBE-WB05N.2.0.0
2026-01-07 23:37:48,662 [WARN] PackLoader:240 - Cannot read IP mode file for wolfSSL.I-CUBE-wolfTPM.3.8.0
2026-01-07 23:37:48,678 [WARN] PackLoader:240 - Cannot read IP mode file for STMicroelectronics.X-CUBE-TCPP.4.2.0
2026-01-07 23:37:48,684 [WARN] PackLoader:240 - Cannot read IP mode file for RealThread.X-CUBE-RT-Thread_Nano.4.1.1
2026-01-07 23:37:48,699 [WARN] PackLoader:240 - Cannot read IP mode file for STMicroelectronics.FP-ATR-SIGFOX1.3.2.0
2026-01-07 23:37:48,703 [WARN] PackLoader:240 - Cannot read IP mode file for STMicroelectronics.X-CUBE-EEPRMA1.5.1.0
2026-01-07 23:37:48,708 [WARN] PackLoader:240 - Cannot read IP mode file for wolfSSL.I-CUBE-wolfSSL.5.7.6
2026-01-07 23:37:48,718 [WARN] PackLoader:240 - Cannot read IP mode file for ITTIA_DB.I-CUBE-ITTIADB.8.9.0
2026-01-07 23:37:48,722 [WARN] PackLoader:240 - Cannot read IP mode file for STMicroelectronics.X-CUBE-AI.10.2.0
2026-01-07 23:37:48,747 [WARN] PackLoader:240 - Cannot read IP mode file for SEGGER.I-CUBE-embOS.1.3.1
2026-01-07 23:37:48,777 [WARN] PackLoader:240 - Cannot read IP mode file for STMicroelectronics.X-CUBE-ALGOBUILD.1.4.0
2026-01-07 23:37:48,785 [WARN] PackLoader:240 - Cannot read IP mode file for STMicroelectronics.X-CUBE-PM33A1.1.0.0
2026-01-07 23:37:48,819 [WARN] PackLoader:240 - Cannot read IP mode file for STMicroelectronics.X-CUBE-AZRTOS-F4.1.1.0
2026-01-07 23:37:48,829 [WARN] PackLoader:240 - Cannot read IP mode file for STMicroelectronics.X-CUBE-ISPU.2.1.0
2026-01-07 23:37:48,842 [WARN] PackLoader:240 - Cannot read IP mode file for STMicroelectronics.X-CUBE-IPS.3.2.0
2026-01-07 23:37:48,855 [WARN] PackLoader:240 - Cannot read IP mode file for STMicroelectronics.X-CUBE-NFC12.1.0.0
2026-01-07 23:37:48,869 [WARN] PackLoader:240 - Cannot read IP mode file for STMicroelectronics.X-CUBE-AZRTOS-L5.2.0.0
2026-01-07 23:37:48,876 [WARN] PackLoader:240 - Cannot read IP mode file for STMicroelectronics.X-CUBE-NFC6.3.1.0
2026-01-07 23:37:48,884 [WARN] PackLoader:240 - Cannot read IP mode file for STMicroelectronics.X-CUBE-DPower.1.2.0
2026-01-07 23:37:48,888 [WARN] PackLoader:240 - Cannot read IP mode file for STMicroelectronics.X-CUBE-FREERTOS.1.3.0
2026-01-07 23:37:48,894 [WARN] PackLoader:240 - Cannot read IP mode file for STMicroelectronics.X-CUBE-NFC7.1.0.1
2026-01-07 23:37:48,901 [WARN] PackLoader:240 - Cannot read IP mode file for STMicroelectronics.X-CUBE-TOUCHGFX.4.26.0
2026-01-07 23:37:48,906 [WARN] PackLoader:240 - Cannot read IP mode file for STMicroelectronics.FP-SNS-STAIOTCFT.1.0.0
2026-01-07 23:37:48,911 [WARN] PackLoader:240 - Cannot read IP mode file for STMicroelectronics.X-CUBE-DPower.1.3.0
2026-01-07 23:37:48,924 [WARN] ConditionMgr:438 - getConditionDescription Invalid condition id : LAN8742 Phy interface Condition cause : null
2026-01-07 23:37:48,925 [WARN] PackLoader:240 - Cannot read IP mode file for STMicroelectronics.X-CUBE-AZRTOS-L4.2.0.0
2026-01-07 23:37:48,926 [WARN] ConditionMgr:1044 - genDependencies : Invalid condition id : LAN8742 Phy interface Condition cause : null
2026-01-07 23:37:48,926 [WARN] ConditionMgr:1044 - genDependencies : Invalid condition id : LAN8742 Phy interface Condition cause : null
2026-01-07 23:37:48,926 [WARN] ConditionMgr:1044 - genDependencies : Invalid condition id : LAN8742 Phy interface Condition cause : null
2026-01-07 23:37:48,939 [WARN] PackLoader:240 - Cannot read IP mode file for STMicroelectronics.X-CUBE-SFXS2LP1.4.0.0
2026-01-07 23:37:48,968 [WARN] PackLoader:240 - Cannot read IP mode file for STMicroelectronics.X-CUBE-AZRTOS-H7.3.3.0
2026-01-07 23:37:48,982 [WARN] PackLoader:240 - Cannot read IP mode file for STMicroelectronics.X-CUBE-BLEMGR.4.1.0
2026-01-07 23:37:49,002 [WARN] ConditionMgr:438 - getConditionDescription Invalid condition id : UX DEVICE CLASS RTOS Condition cause : null
2026-01-07 23:37:49,002 [WARN] ConditionMgr:438 - getConditionDescription Invalid condition id : UX DEVICE CLASS RTOS Condition cause : null
2026-01-07 23:37:49,003 [WARN] PackLoader:240 - Cannot read IP mode file for STMicroelectronics.X-CUBE-AZRTOS-WB.2.0.0
2026-01-07 23:37:49,004 [WARN] ConditionMgr:1044 - genDependencies : Invalid condition id : UX DEVICE CLASS RTOS Condition cause : null
2026-01-07 23:37:49,004 [WARN] ConditionMgr:1044 - genDependencies : Invalid condition id : UX DEVICE CLASS RTOS Condition cause : null
2026-01-07 23:37:49,004 [WARN] ConditionMgr:1044 - genDependencies : Invalid condition id : UX DEVICE CLASS RTOS Condition cause : null
2026-01-07 23:37:49,004 [WARN] ConditionMgr:1044 - genDependencies : Invalid condition id : UX DEVICE CLASS RTOS Condition cause : null
2026-01-07 23:37:49,004 [WARN] ConditionMgr:1044 - genDependencies : Invalid condition id : UX DEVICE CLASS RTOS Condition cause : null
2026-01-07 23:37:49,010 [WARN] PackLoader:240 - Cannot read IP mode file for STMicroelectronics.X-CUBE-GNSS1.7.0.1
2026-01-07 23:37:49,014 [WARN] PackLoader:240 - Cannot read IP mode file for STMicroelectronics.X-CUBE-TOUCHGFX.4.25.0
2026-01-07 23:37:49,022 [WARN] PackLoader:240 - Cannot read IP mode file for STMicroelectronics.FP-SNS-STBOX1.2.0.0
2026-01-07 23:37:49,032 [WARN] PackLoader:240 - Cannot read IP mode file for STMicroelectronics.X-CUBE-SUBG2.5.0.0
2026-01-07 23:37:49,050 [WARN] PackLoader:240 - Cannot read IP mode file for STMicroelectronics.X-CUBE-AZRTOS-H7RS.1.1.0
2026-01-07 23:37:49,104 [WARN] PackLoader:240 - Cannot read IP mode file for Cesanta.I-CUBE-Mongoose.7.13.0
2026-01-07 23:37:49,145 [WARN] PackLoader:240 - Cannot read IP mode file for STMicroelectronics.X-CUBE-AZRTOS-G4.2.0.0
2026-01-07 23:37:49,150 [WARN] PackLoader:240 - Cannot read IP mode file for wolfSSL.I-CUBE-wolfSSH.1.4.20
2026-01-07 23:37:49,154 [WARN] PackLoader:240 - Cannot read IP mode file for STMicroelectronics.X-CUBE-NFC7.2.0.0
2026-01-07 23:37:49,166 [WARN] PackLoader:240 - Cannot read IP mode file for STMicroelectronics.X-CUBE-IPS.3.1.0
2026-01-07 23:37:49,171 [WARN] PackLoader:240 - Cannot read IP mode file for STMicroelectronics.X-CUBE-ALS.1.0.2
2026-01-07 23:37:49,183 [WARN] PackLoader:240 - Cannot read IP mode file for STMicroelectronics.X-CUBE-STSE01.1.0.0
2026-01-07 23:37:49,189 [WARN] PackLoader:240 - Cannot read IP mode file for portGmbH.I-Cube-SoM-uGOAL.1.1.0
2026-01-07 23:37:49,196 [WARN] PackLoader:240 - Cannot read IP mode file for STMicroelectronics.X-CUBE-TOF1.3.4.2
2026-01-07 23:37:49,207 [WARN] PackLoader:240 - Cannot read IP mode file for STMicroelectronics.X-CUBE-TOF1.3.4.3
2026-01-07 23:37:49,213 [INFO] ThirdParty:978 - Integrity check success = true
2026-01-07 23:37:49,213 [INFO] IntegrityCheckThread:100 - exiting critical section [integrity check]
2026-01-07 23:37:49,213 [INFO] IntegrityCheckThread:103 - End integrity checks thread
2026-01-07 23:37:49,464 [INFO] WebApp:463 - Apply proxy settings
2026-01-07 23:37:49,464 [INFO] WebApp:548 - Chromium requires no authentication
2026-01-07 23:37:49,516 [INFO] WebApp:491 - Direct internet connection detected
2026-01-07 23:37:49,568 [INFO] WebApp:900 - Register for checkConnection events
2026-01-07 23:37:49,568 [INFO] WebApp:463 - Apply proxy settings
2026-01-07 23:37:49,568 [INFO] WebApp:548 - Chromium requires no authentication
2026-01-07 23:37:49,568 [INFO] WebApp:491 - Direct internet connection detected
2026-01-07 23:37:49,703 [INFO] ApiDb:240 - Found 880 in-development CPN: [B-G473E-ZEST1S, B-WB1M-WPAN1, B-WBA5M-WPAN, B-WL5M-SUBG1, NUCLEO-C031C6, NUCLEO-C051C8, NUCLEO-C071RB, NUCLEO-C092RC, NUCLEO-H503RB, NUCLEO-H533RE, NUCLEO-H563ZI, NUCLEO-H7S3L8, NUCLEO-N657X0-Q, NUCLEO-U031R8, NUCLEO-U083RC, NUCLEO-U385RG-Q, NUCLEO-U545RE-Q, NUCLEO-U5A5ZJ-Q, NUCLEO-WB05KZ, NUCLEO-WB07CC, NUCLEO-WB09KE, NUCLEO-WBA52CG, NUCLEO-WBA55CG, NUCLEO-WL33CC1, NUCLEO-WL33CC2, STEVAL-PROTEUS1, STEVAL-SMARTAG2, STEVAL-STWINBX1, STM320518-EVAL, STM32C0116-DK, STM32C011D6Y3TR, STM32C011D6Y6TR, STM32C011F4P3, STM32C011F4P6, STM32C011F4U3, STM32C011F4U6TR, STM32C011F6P3, STM32C011F6P6, STM32C011F6U3, STM32C011F6U6TR, STM32C011J4M3, STM32C011J4M6, STM32C011J6M3, STM32C011J6M6, STM32C0316-DK, STM32C031C4T3, STM32C031C4T6, STM32C031C4U3, STM32C031C4U6, STM32C031C6T3, STM32C031C6T6, STM32C031C6U3, STM32C031C6U6, STM32C031F4P3, STM32C031F4P6, STM32C031F6P3, STM32C031F6P6, STM32C031G4U3, STM32C031G4U6, STM32C031G6U3, STM32C031G6U6, STM32C031K4T3, STM32C031K4T6, STM32C031K4U3, STM32C031K4U6, STM32C031K6T3, STM32C031K6T6, STM32C031K6U3, STM32C031K6U6, STM32C051C6T6, STM32C051C6U6, STM32C051C8T6, STM32C051C8U6, STM32C051D8Y6TR, STM32C051F6P6, STM32C051F8P6, STM32C051G6U6, STM32C051G8U6, STM32C051K6T6, STM32C051K6U6, STM32C051K8T6, STM32C071C8T6, STM32C071C8T6N, STM32C071C8U6, STM32C071C8U6N, STM32C071CBT6, STM32C071CBT6N, STM32C071CBU6, STM32C071CBU6N, STM32C071F8P6, STM32C071F8P6N, STM32C071FBP6, STM32C071FBP6N, STM32C071FBY6TR, STM32C071G8U6, STM32C071G8U6N, STM32C071GBU6, STM32C071GBU6N, STM32C071K8T6, STM32C071K8T6N, STM32C071K8U6, STM32C071K8U6N, STM32C071KBT6, STM32C071KBT6N, STM32C071KBU6, STM32C071KBU6N, STM32C071R8T6, STM32C071R8T6N, STM32C071RBI6N, STM32C071RBT6, STM32C071RBT6N, STM32C091CBT6, STM32C091CBU6, STM32C091CCT6, STM32C091CCU6, STM32C091ECY6TR, STM32C091FBP6, STM32C091FCP6, STM32C091GBU6, STM32C091GCU6, STM32C091KBT6, STM32C091KBU6, STM32C091KCT6, STM32C091KCU6, STM32C091RBT6, STM32C091RCI6, STM32C091RCT6, STM32C092CBT6, STM32C092CBU6, STM32C092CCT6, STM32C092CCU6, STM32C092ECY6TR, STM32C092FBP6, STM32C092FCP6, STM32C092GBU6, STM32C092GCU6, STM32C092KBT6, STM32C092KBU6, STM32C092KCT6, STM32C092KCU6, STM32C092RBT6, STM32C092RCI6, STM32C092RCT6, STM32G071K8TXN, STM32G071K8UXN, STM32G081GBU6N, STM32G081KBT6N, STM32G081KBUXN, STM32G0B1CCT6N, STM32G0B1KCT6, STM32G0B1NEY6TR, STM32G0B1RCT6N, STM32G0C1CCT6, STM32G0C1CCT6N, STM32G0C1CCU6N, STM32G0C1CET6N, STM32G0C1CEU6N, STM32G0C1KCT6, STM32G0C1NEY6TR, STM32G0C1RCI6N, STM32G0C1RCT6N, STM32G0C1REI6N, STM32G0C1RET6N, STM32G0C1VCI6, STM32G0C1VEI6, STM32G411C6T3, STM32G411C6T6, STM32G411C6U3, STM32G411C6U6, STM32G411C8T3, STM32G411C8T6, STM32G411C8U3, STM32G411C8U6, STM32G411CBT3, STM32G411CBT6, STM32G411CBU3, STM32G411CBU6, STM32G411K6T3, STM32G411K6T6, STM32G411K6U3, STM32G411K6U6, STM32G411K8T3, STM32G411K8T6, STM32G411K8U3, STM32G411K8U6, STM32G411KBT3, STM32G411KBT6, STM32G411KBU3, STM32G411KBU6, STM32G411M6T3, STM32G411M6T6, STM32G411M8T3, STM32G411M8T6, STM32G411MBT3, STM32G411MBT6, STM32G411R6T3, STM32G411R6T6, STM32G411R8T3, STM32G411R8T6, STM32G411RBT3, STM32G411RBT6, STM32G414CBT3, STM32G414CBT6, STM32G414CBU3, STM32G414CBU6, STM32G414CCT3, STM32G414CCT6, STM32G414CCU3, STM32G414CCU6, STM32G414MBT3, STM32G414MBT6, STM32G414MCT3, STM32G414MCT6, STM32G414RBT3, STM32G414RBT6, STM32G414RCT3, STM32G414RCT6, STM32G414VBT3, STM32G414VBT6, STM32G414VCT3, STM32G414VCT6, STM32G431CBT3Z, STM32G431RBT3Z, STM32G471CCT6, STM32G471CCU6, STM32G471CET3, STM32G471CET6, STM32G471CEU3, STM32G471CEU6, STM32G471MCT6, STM32G471MET3, STM32G471MET6, STM32G471MEY6TR, STM32G471QCT6, STM32G471QET3, STM32G471RCT6, STM32G471RET3, STM32G471RET6, STM32G471VCH6, STM32G471VCI6, STM32G471VCT6, STM32G471VEH3, STM32G471VEH6, STM32G471VEI3, STM32G471VEI6, STM32G471VET3, STM32G471VET6, STM32G473QET3Z, STM32G473RET3Z, STM32G474CCT6, STM32G491RET3Z, STM32H503CBT6, STM32H503CBU6, STM32H503EBY6TR, STM32H503KBU6, STM32H503RBT6, STM32H523CCT6, STM32H523CCU6, STM32H523CET6, STM32H523CEU6, STM32H523HEY6TR, STM32H523RCT6, STM32H523RET6, STM32H523VCI6, STM32H523VCT6, STM32H523VEI6, STM32H523VET6, STM32H523ZCJ6, STM32H523ZCT6, STM32H523ZEJ6, STM32H523ZET6, STM32H533CET6, STM32H533CEU6, STM32H533HEY6TR, STM32H533RET6, STM32H533VEI6, STM32H533VET6, STM32H533ZEJ6, STM32H533ZET6, STM32H562AGI6, STM32H562AII6, STM32H562IGK6, STM32H562IGT6, STM32H562IIK6, STM32H562IIT6, STM32H562RGT6, STM32H562RGV6, STM32H562RIT6, STM32H562RIV6, STM32H562VGT6, STM32H562VIT6, STM32H562ZGT6, STM32H562ZIT6, STM32H563AGI6, STM32H563AII3Q, STM32H563AII6, STM32H563IGK6, STM32H563IGT6, STM32H563IIK3Q, STM32H563IIK6, STM32H563IIT3Q, STM32H563IIT6, STM32H563MIY3QTR, STM32H563RGT6, STM32H563RGV6, STM32H563RIT6, STM32H563RIV6, STM32H563VGT6, STM32H563VIT3Q, STM32H563VIT6, STM32H563ZGT6, STM32H563ZIT3Q, STM32H563ZIT6, STM32H573AII3Q, STM32H573AII6, STM32H573I-DK, STM32H573IIK3Q, STM32H573IIK6, STM32H573IIT3Q, STM32H573IIT6, STM32H573MIY3QTR, STM32H573RIT6, STM32H573RIV6, STM32H573VIT3Q, STM32H573VIT6, STM32H573ZIT3Q, STM32H573ZIT6, STM32H7R3A8I6, STM32H7R3I8K6, STM32H7R3I8T6, STM32H7R3L8H6, STM32H7R3L8H6H, STM32H7R3R8V6, STM32H7R3V8H6, STM32H7R3V8T6, STM32H7R3V8Y6TR, STM32H7R3Z8J6, STM32H7R3Z8T6, STM32H7R7A8I6, STM32H7R7I8K6, STM32H7R7I8T6, STM32H7R7L8H6, STM32H7R7L8H6H, STM32H7R7Z8J6, STM32H7S3A8I6, STM32H7S3I8K6, STM32H7S3I8T6, STM32H7S3L8H6, STM32H7S3L8H6H, STM32H7S3R8V6, STM32H7S3V8H6, STM32H7S3V8T6, STM32H7S3V8Y6TR, STM32H7S3Z8J6, STM32H7S3Z8T6, STM32H7S78-DK, STM32H7S7A8I6, STM32H7S7I8K6, STM32H7S7I8T6, STM32H7S7L8H6, STM32H7S7L8H6H, STM32H7S7Z8J6, STM32L4R5QGI6STR, STM32MP131AAE3, STM32MP131AAF3, STM32MP131AAG3, STM32MP131CAE3, STM32MP131CAF3, STM32MP131CAG3, STM32MP131DAE7, STM32MP131DAF7, STM32MP131DAG7, STM32MP131FAE7, STM32MP131FAF7, STM32MP131FAG7, STM32MP133AAE3, STM32MP133AAF3, STM32MP133AAG3, STM32MP133CAE3, STM32MP133CAF3, STM32MP133CAG3, STM32MP133DAE7, STM32MP133DAF7, STM32MP133DAG7, STM32MP133FAE7, STM32MP133FAF7, STM32MP133FAG7, STM32MP135AAE3, STM32MP135AAF3, STM32MP135AAG3, STM32MP135CAE3, STM32MP135CAF3, STM32MP135CAG3, STM32MP135DAE7, STM32MP135DAF7, STM32MP135DAG7, STM32MP135F-DK, STM32MP135FAE7, STM32MP135FAF7, STM32MP135FAF7T, STM32MP135FAF7U, STM32MP135FAG7, STM32MP211AAL3, STM32MP211AAM3, STM32MP211AAN3, STM32MP211AAO3, STM32MP211CAL3, STM32MP211CAM3, STM32MP211CAN3, STM32MP211CAO3, STM32MP211DAL3, STM32MP211DAM3, STM32MP211DAN3, STM32MP211DAO3, STM32MP211FAL3, STM32MP211FAM3, STM32MP211FAN3, STM32MP211FAO3, STM32MP213AAL3, STM32MP213AAM3, STM32MP213AAN3, STM32MP213AAO3, STM32MP213CAL3, STM32MP213CAM3, STM32MP213CAN3, STM32MP213CAO3, STM32MP213DAL3, STM32MP213DAM3, STM32MP213DAN3, STM32MP213DAO3, STM32MP213FAL3, STM32MP213FAM3, STM32MP213FAN3, STM32MP213FAO3, STM32MP215AAL3, STM32MP215AAM3, STM32MP215AAN3, STM32MP215AAO3, STM32MP215CAL3, STM32MP215CAM3, STM32MP215CAN3, STM32MP215CAO3, STM32MP215DAL3, STM32MP215DAM3, STM32MP215DAN3, STM32MP215DAO3, STM32MP215F-DK, STM32MP215FAL3, STM32MP215FAM3, STM32MP215FAN3, STM32MP215FAO3, STM32MP231AAJ3, STM32MP231AAK3, STM32MP231AAL3, STM32MP231CAJ3, STM32MP231CAK3, STM32MP231CAL3, STM32MP231DAJ3, STM32MP231DAK3, STM32MP231DAL3, STM32MP231FAJ3, STM32MP231FAK3, STM32MP231FAL3, STM32MP233AAJ3, STM32MP233AAK3, STM32MP233AAL3, STM32MP233CAJ3, STM32MP233CAK3, STM32MP233CAL3, STM32MP233DAJ3, STM32MP233DAK3, STM32MP233DAL3, STM32MP233FAJ3, STM32MP233FAK3, STM32MP233FAL3, STM32MP235AAJ3, STM32MP235AAK3, STM32MP235AAL3, STM32MP235CAJ3, STM32MP235CAK3, STM32MP235CAL3, STM32MP235DAJ3, STM32MP235DAK3, STM32MP235DAL3, STM32MP235FAJ3, STM32MP235FAK3, STM32MP235FAL3, STM32MP251AAI3, STM32MP251AAK3, STM32MP251AAL3, STM32MP251CAI3, STM32MP251CAK3, STM32MP251CAL3, STM32MP251DAI3, STM32MP251DAK3, STM32MP251DAL3, STM32MP251FAI3, STM32MP251FAK3, STM32MP251FAL3, STM32MP253AAI3, STM32MP253AAK3, STM32MP253AAL3, STM32MP253CAI3, STM32MP253CAK3, STM32MP253CAL3, STM32MP253DAI3, STM32MP253DAK3, STM32MP253DAL3, STM32MP253FAI3, STM32MP253FAK3, STM32MP253FAL3, STM32MP255AAI3, STM32MP255AAK3, STM32MP255AAL3, STM32MP255CAI3, STM32MP255CAK3, STM32MP255CAL3, STM32MP255DAI3, STM32MP255DAK3, STM32MP255DAL3, STM32MP255FAI3, STM32MP255FAK3, STM32MP255FAL3, STM32MP257AAI3, STM32MP257AAK3, STM32MP257AAL3, STM32MP257CAI3, STM32MP257CAK3, STM32MP257CAL3, STM32MP257DAI3, STM32MP257DAK3, STM32MP257DAL3, STM32MP257F-DK, STM32MP257F-EV1, STM32MP257FAI3, STM32MP257FAK3, STM32MP257FAL3, STM32N645A0H3Q, STM32N645B0H3Q, STM32N645I0H3Q, STM32N645L0H3Q, STM32N645X0H3Q, STM32N645Z0H3Q, STM32N647A0H3Q, STM32N647B0H3Q, STM32N647I0H3Q, STM32N647L0H3Q, STM32N647X0H3Q, STM32N647Z0H3Q, STM32N655A0H3Q, STM32N655B0H3Q, STM32N655I0H3Q, STM32N655L0H3Q, STM32N655X0H3Q, STM32N655Z0H3Q, STM32N6570-DK, STM32N657A0H3Q, STM32N657B0H3Q, STM32N657I0H3Q, STM32N657L0H3Q, STM32N657X0H3Q, STM32N657Z0H3Q, STM32U031C6T6, STM32U031C6U6, STM32U031C8T6, STM32U031C8U6, STM32U031F4P6, STM32U031F6P6, STM32U031F8P6, STM32U031G6Y6TR, STM32U031G8Y6TR, STM32U031K4U6, STM32U031K6U6, STM32U031K8U6, STM32U031R6I6, STM32U031R6T6, STM32U031R8I6, STM32U031R8T6, STM32U073C8T6, STM32U073C8U6, STM32U073CBT6, STM32U073CBU6, STM32U073CCT6, STM32U073CCU6, STM32U073H8Y6TR, STM32U073HBY6TR, STM32U073HCY6TR, STM32U073K8U6, STM32U073KBU6, STM32U073KCU6, STM32U073M8I6, STM32U073M8T6, STM32U073MBI6, STM32U073MBT6, STM32U073MCI6, STM32U073MCT6, STM32U073R8I6, STM32U073R8T6, STM32U073RBI6, STM32U073RBT6, STM32U073RCI6, STM32U073RCT6, STM32U083C-DK, STM32U083CCT6, STM32U083CCU6, STM32U083HCY6TR, STM32U083KCU6, STM32U083MCI6, STM32U083MCT6, STM32U083RCI6, STM32U083RCT6, STM32U375CET6, STM32U375CET6Q, STM32U375CEU6, STM32U375CEU6Q, STM32U375CEY6QTR, STM32U375CGT6, STM32U375CGT6Q, STM32U375CGU6, STM32U375CGU6Q, STM32U375CGY6QTR, STM32U375KEU6, STM32U375KGU6, STM32U375REI6, STM32U375REI6Q, STM32U375RET6, STM32U375RET6Q, STM32U375REY6GTR, STM32U375REY6QTR, STM32U375RGI6, STM32U375RGI6Q, STM32U375RGT6, STM32U375RGT6Q, STM32U375RGY6GTR, STM32U375RGY6QTR, STM32U375VEI6, STM32U375VEI6Q, STM32U375VET6, STM32U375VET6Q, STM32U375VGI6, STM32U375VGI6Q, STM32U375VGT6, STM32U375VGT6Q, STM32U385CGT6, STM32U385CGT6Q, STM32U385CGU6, STM32U385CGU6Q, STM32U385CGY6QTR, STM32U385KGU6, STM32U385RGI6, STM32U385RGI6Q, STM32U385RGT6, STM32U385RGT6Q, STM32U385RGY6GTR, STM32U385RGY6QTR, STM32U385VGI6, STM32U385VGI6Q, STM32U385VGT6, STM32U385VGT6Q, STM32U535CBT6, STM32U535CBT6Q, STM32U535CBU6, STM32U535CBU6Q, STM32U535CCT6, STM32U535CCT6Q, STM32U535CCU6, STM32U535CCU6Q, STM32U535CET6, STM32U535CET6Q, STM32U535CEU6, STM32U535CEU6Q, STM32U535JEY6QTR, STM32U535NCY6QTR, STM32U535NEY6QTR, STM32U535RBI6, STM32U535RBI6Q, STM32U535RBT6, STM32U535RBT6Q, STM32U535RCI6, STM32U535RCI6Q, STM32U535RCT6, STM32U535RCT6Q, STM32U535REI6, STM32U535REI6Q, STM32U535RET6, STM32U535RET6Q, STM32U535VCI6, STM32U535VCI6Q, STM32U535VCT6, STM32U535VCT6Q, STM32U535VEI6, STM32U535VEI6Q, STM32U535VET6, STM32U535VET6Q, STM32U545CET6, STM32U545CET6Q, STM32U545CEU6, STM32U545CEU6Q, STM32U545JEY6QTR, STM32U545NEY6QTR, STM32U545REI6, STM32U545REI6Q, STM32U545RET6, STM32U545RET6Q, STM32U545VEI6, STM32U545VEI6Q, STM32U545VET6, STM32U545VET6Q, STM32U595AIH6, STM32U595AIH6Q, STM32U595AJH6, STM32U595AJH6Q, STM32U595QII6, STM32U595QII6Q, STM32U595QJI6, STM32U595QJI6Q, STM32U595RIT6, STM32U595RIT6Q, STM32U595RJT6, STM32U595RJT6Q, STM32U595VIT6, STM32U595VIT6Q, STM32U595VJT6, STM32U595VJT6Q, STM32U595ZIT6, STM32U595ZIT6Q, STM32U595ZIY6QTR, STM32U595ZJT6, STM32U595ZJT6Q, STM32U595ZJY6QTR, STM32U599BJY6QTR, STM32U599NIH6Q, STM32U599NJH6Q, STM32U599VIT6Q, STM32U599VJT6, STM32U599VJT6Q, STM32U599ZIT6Q, STM32U599ZIY6QTR, STM32U599ZJT6Q, STM32U599ZJY6QTR, STM32U5A5AJH6, STM32U5A5AJH6Q, STM32U5A5QII3Q , STM32U5A5QJI6, STM32U5A5QJI6Q, STM32U5A5RJT6, STM32U5A5RJT6Q, STM32U5A5VJT6, STM32U5A5VJT6Q, STM32U5A5ZJT6, STM32U5A5ZJT6Q, STM32U5A5ZJY6QTR, STM32U5A9BJY6QTR, STM32U5A9J-DK, STM32U5A9NJH6Q, STM32U5A9VJT6Q, STM32U5A9ZJT6Q, STM32U5A9ZJY6QTR, STM32U5F7VIT6, STM32U5F7VIT6Q, STM32U5F7VJT6, STM32U5F7VJT6Q, STM32U5F9BJY6QTR, STM32U5F9NJH6Q, STM32U5F9VIT6Q, STM32U5F9VJT6Q, STM32U5F9ZIJ6QTR, STM32U5F9ZIT6Q, STM32U5F9ZJJ6QTR, STM32U5F9ZJT6Q, STM32U5G7VJT6, STM32U5G7VJT6Q, STM32U5G9BJY6QTR, STM32U5G9J-DK1, STM32U5G9J-DK2, STM32U5G9NJH6Q, STM32U5G9VJT6Q, STM32U5G9ZJJ6QTR, STM32U5G9ZJT6Q, STM32WB05KZV6TR, STM32WB05KZV7TR, STM32WB05TZF6TR, STM32WB05TZF7TR, STM32WB06CCF6TR, STM32WB06CCF7TR, STM32WB06CCV6TR, STM32WB06CCV7TR, STM32WB06KCV6TR, STM32WB06KCV7TR, STM32WB07CCF6TR, STM32WB07CCF7TR, STM32WB07CCV6TR, STM32WB07CCV7TR, STM32WB07KCV6TR, STM32WB07KCV7TR, STM32WB09KEV6TR, STM32WB09KEV7TR, STM32WB09TEF6TR, STM32WB09TEF7TR, STM32WB1MMCH6, STM32WBA50KGU6, STM32WBA50KGU6TR, STM32WBA52CEU6, STM32WBA52CEU6TR, STM32WBA52CEU7, STM32WBA52CEU7TR, STM32WBA52CGU6, STM32WBA52CGU6TR, STM32WBA52CGU6U, STM32WBA52CGU7, STM32WBA52CGU7TR, STM32WBA52KEU6, STM32WBA52KEU6TR, STM32WBA52KGU6, STM32WBA52KGU6TR, STM32WBA54CEU6, STM32WBA54CEU6TR, STM32WBA54CEU7, STM32WBA54CEU7TR, STM32WBA54CGU6, STM32WBA54CGU6TR, STM32WBA54CGU7, STM32WBA54CGU7TR, STM32WBA54KEU6, STM32WBA54KEU6TR, STM32WBA54KEU7, STM32WBA54KEU7TR, STM32WBA54KGU6, STM32WBA54KGU6TR, STM32WBA54KGU7, STM32WBA54KGU7TR, STM32WBA55CEU6, STM32WBA55CEU6TR, STM32WBA55CEU7, STM32WBA55CEU7TR, STM32WBA55CGU6, STM32WBA55CGU6TR, STM32WBA55CGU6U, STM32WBA55CGU7, STM32WBA55CGU7TR, STM32WBA55G-DK1, STM32WBA55HEF6, STM32WBA55HEF7, STM32WBA55HGF6, STM32WBA55HGF7, STM32WBA55UEI6, STM32WBA55UEI6TR, STM32WBA55UEI7, STM32WBA55UEI7TR, STM32WBA55UGI6, STM32WBA55UGI6TR, STM32WBA55UGI7, STM32WBA55UGI7TR, STM32WBA5MMGH6TR, STM32WBA62MGF6, STM32WBA62MIF6, STM32WBA65MGF7, STM32WBA65MIF6, STM32WBA65MIF7, STM32WL30K8V6, STM32WL30KBV6, STM32WL31C8V6, STM32WL31CBV6, STM32WL31K8V6, STM32WL31KBV6, STM32WL33C8V6, STM32WL33C8V6X, STM32WL33CBV6, STM32WL33CBV6X, STM32WL33CCV6, STM32WL33CCV6A, STM32WL33CCV6X, STM32WL33K8V7, STM32WL33K8V7X, STM32WL33KBV7 , STM32WL33KBV7X, STM32WL33KCV7, STM32WL33KCV7X, STM32WL5MOCH6, STM32WL5MOCH6TR]
2026-01-07 23:37:49,707 [INFO] DbMcus:218 - Found 4876 MCUs, 4876 are supported
2026-01-07 23:37:49,708 [INFO] ApiDb:423 - Load user favorites file C:\Users\22142/.stm32cubeide/favorites.mcus.txt: 0 item(s)
2026-01-07 23:37:49,708 [INFO] ApiDb:427 - User favorites MCUs=[]
2026-01-07 23:37:49,708 [INFO] DbMcus:224 - Set 0 / 0 favorites MCUs
2026-01-07 23:37:49,800 [INFO] WebApp:191 - Connection restablished
2026-01-07 23:37:50,067 [INFO] ApiDb:668 - CubeFinder database Data Model version=2.1
2026-01-07 23:37:50,068 [INFO] ApiDb:669 - CubeFinder database Configuration version=3.0.39
2026-01-07 23:37:50,068 [INFO] ApiDb:670 - CubeFinder database generation date=2025-12-22 (1766407740)
2026-01-07 23:37:50,068 [INFO] ApiDb:671 - CubeFinder database FW Pack versions=[FP-ATR-ASTRA1_V2.0.0, FP-SNS-FLIGHT1_V5.1.0, FP-SNS-MOTENV1_V5.1.0, FP-SNS-MOTENVWB1_V1.4.0, FP-SNS-SMARTAG2_V1.2.0, FP-SNS-STBOX1_V2.1.0, STM32Cube_FW_C0_V1.4.0, STM32Cube_FW_F4_V1.28.3, STM32Cube_FW_F7_V1.17.4, STM32Cube_FW_G0_V1.6.2, STM32Cube_FW_G4_V1.6.1, STM32Cube_FW_H5_V1.5.1, STM32Cube_FW_H7RS_V1.3.0, STM32Cube_FW_H7_V1.12.1, STM32Cube_FW_L0_V1.12.2, STM32Cube_FW_L4_V1.18.1, STM32Cube_FW_L5_V1.6.0, STM32Cube_FW_N6_V1.3.0, STM32Cube_FW_U0_V1.3.0, STM32Cube_FW_U3_V1.2.1, STM32Cube_FW_U5_V1.8.0, STM32Cube_FW_WB0_V1.4.0, STM32Cube_FW_WBA_V1.8.0, STM32Cube_FW_WB_V1.24.0, STM32Cube_FW_WL3_V1.3.0, STM32Cube_FW_WL_V1.4.0, X-CUBE-ALGOBUILD_V1.4.0, X-CUBE-ALS_V1.0.2, X-CUBE-AZRTOS-F4_V1.1.0, X-CUBE-AZRTOS-F7_V1.1.0, X-CUBE-AZRTOS-G0_V1.1.0, X-CUBE-AZRTOS-G4_V2.0.0, X-CUBE-AZRTOS-H7RS_V1.1.0, X-CUBE-AZRTOS-H7_V3.4.0, X-CUBE-AZRTOS-L4_V2.0.0, X-CUBE-AZRTOS-L5_V2.0.0, X-CUBE-AZRTOS-WB_V2.0.0, X-CUBE-AZRTOS-WL_V2.0.0, X-CUBE-BLE1_V7.1.0, X-CUBE-BLE2_V3.3.0, X-CUBE-BLEMGR_V4.1.0, X-CUBE-EEPRMA1_V5.2.0, X-CUBE-FREERTOS_V1.3.1, X-CUBE-GNSS1_V6.0.0, X-CUBE-MEMS1_V12.0.0, X-CUBE-NFC4_V3.0.0, X-CUBE-NFC7_V2.0.0, X-CUBE-SFXS2LP1_V4.0.0, X-CUBE-ST67W61_V1.1.0, X-CUBE-SUBG2_V5.0.0, X-CUBE-TOF1_V3.4.3]
2026-01-07 23:37:50,089 [INFO] WebApp:225 - Starting web application
2026-01-07 23:37:50,089 [INFO] WebApp:593 - Web application path used D:\installs\STM32CubeIDE_1.19.0\STM32CubeIDE\plugins\com.st.stm32cube.common.mx_6.15.0.202507011659\db\plugins\mcufinder\reactClient1\index.html
2026-01-07 23:37:50,160 [INFO] DbBoardsSqlite:226 - include board P-NUCLEO-WB55-NUCLEO as a kit item of type 'Nucleo-64'
2026-01-07 23:37:50,160 [INFO] DbBoardsSqlite:226 - include board P-NUCLEO-WB55-USBDONGLE as a kit item of type 'Nucleo USB Dongle'
2026-01-07 23:37:50,161 [INFO] DbBoardsSqlite:226 - include board STEVAL-IDP005V1 as a kit item of type 'Evaluation Board'
2026-01-07 23:37:50,161 [INFO] DbBoardsSqlite:226 - include board STEVAL-IDP005V2 as a kit item of type 'Evaluation Board'
2026-01-07 23:37:50,271 [INFO] ApiDb:240 - Found 880 in-development CPN: [B-G473E-ZEST1S, B-WB1M-WPAN1, B-WBA5M-WPAN, B-WL5M-SUBG1, NUCLEO-C031C6, NUCLEO-C051C8, NUCLEO-C071RB, NUCLEO-C092RC, NUCLEO-H503RB, NUCLEO-H533RE, NUCLEO-H563ZI, NUCLEO-H7S3L8, NUCLEO-N657X0-Q, NUCLEO-U031R8, NUCLEO-U083RC, NUCLEO-U385RG-Q, NUCLEO-U545RE-Q, NUCLEO-U5A5ZJ-Q, NUCLEO-WB05KZ, NUCLEO-WB07CC, NUCLEO-WB09KE, NUCLEO-WBA52CG, NUCLEO-WBA55CG, NUCLEO-WL33CC1, NUCLEO-WL33CC2, STEVAL-PROTEUS1, STEVAL-SMARTAG2, STEVAL-STWINBX1, STM320518-EVAL, STM32C0116-DK, STM32C011D6Y3TR, STM32C011D6Y6TR, STM32C011F4P3, STM32C011F4P6, STM32C011F4U3, STM32C011F4U6TR, STM32C011F6P3, STM32C011F6P6, STM32C011F6U3, STM32C011F6U6TR, STM32C011J4M3, STM32C011J4M6, STM32C011J6M3, STM32C011J6M6, STM32C0316-DK, STM32C031C4T3, STM32C031C4T6, STM32C031C4U3, STM32C031C4U6, STM32C031C6T3, STM32C031C6T6, STM32C031C6U3, STM32C031C6U6, STM32C031F4P3, STM32C031F4P6, STM32C031F6P3, STM32C031F6P6, STM32C031G4U3, STM32C031G4U6, STM32C031G6U3, STM32C031G6U6, STM32C031K4T3, STM32C031K4T6, STM32C031K4U3, STM32C031K4U6, STM32C031K6T3, STM32C031K6T6, STM32C031K6U3, STM32C031K6U6, STM32C051C6T6, STM32C051C6U6, STM32C051C8T6, STM32C051C8U6, STM32C051D8Y6TR, STM32C051F6P6, STM32C051F8P6, STM32C051G6U6, STM32C051G8U6, STM32C051K6T6, STM32C051K6U6, STM32C051K8T6, STM32C071C8T6, STM32C071C8T6N, STM32C071C8U6, STM32C071C8U6N, STM32C071CBT6, STM32C071CBT6N, STM32C071CBU6, STM32C071CBU6N, STM32C071F8P6, STM32C071F8P6N, STM32C071FBP6, STM32C071FBP6N, STM32C071FBY6TR, STM32C071G8U6, STM32C071G8U6N, STM32C071GBU6, STM32C071GBU6N, STM32C071K8T6, STM32C071K8T6N, STM32C071K8U6, STM32C071K8U6N, STM32C071KBT6, STM32C071KBT6N, STM32C071KBU6, STM32C071KBU6N, STM32C071R8T6, STM32C071R8T6N, STM32C071RBI6N, STM32C071RBT6, STM32C071RBT6N, STM32C091CBT6, STM32C091CBU6, STM32C091CCT6, STM32C091CCU6, STM32C091ECY6TR, STM32C091FBP6, STM32C091FCP6, STM32C091GBU6, STM32C091GCU6, STM32C091KBT6, STM32C091KBU6, STM32C091KCT6, STM32C091KCU6, STM32C091RBT6, STM32C091RCI6, STM32C091RCT6, STM32C092CBT6, STM32C092CBU6, STM32C092CCT6, STM32C092CCU6, STM32C092ECY6TR, STM32C092FBP6, STM32C092FCP6, STM32C092GBU6, STM32C092GCU6, STM32C092KBT6, STM32C092KBU6, STM32C092KCT6, STM32C092KCU6, STM32C092RBT6, STM32C092RCI6, STM32C092RCT6, STM32G071K8TXN, STM32G071K8UXN, STM32G081GBU6N, STM32G081KBT6N, STM32G081KBUXN, STM32G0B1CCT6N, STM32G0B1KCT6, STM32G0B1NEY6TR, STM32G0B1RCT6N, STM32G0C1CCT6, STM32G0C1CCT6N, STM32G0C1CCU6N, STM32G0C1CET6N, STM32G0C1CEU6N, STM32G0C1KCT6, STM32G0C1NEY6TR, STM32G0C1RCI6N, STM32G0C1RCT6N, STM32G0C1REI6N, STM32G0C1RET6N, STM32G0C1VCI6, STM32G0C1VEI6, STM32G411C6T3, STM32G411C6T6, STM32G411C6U3, STM32G411C6U6, STM32G411C8T3, STM32G411C8T6, STM32G411C8U3, STM32G411C8U6, STM32G411CBT3, STM32G411CBT6, STM32G411CBU3, STM32G411CBU6, STM32G411K6T3, STM32G411K6T6, STM32G411K6U3, STM32G411K6U6, STM32G411K8T3, STM32G411K8T6, STM32G411K8U3, STM32G411K8U6, STM32G411KBT3, STM32G411KBT6, STM32G411KBU3, STM32G411KBU6, STM32G411M6T3, STM32G411M6T6, STM32G411M8T3, STM32G411M8T6, STM32G411MBT3, STM32G411MBT6, STM32G411R6T3, STM32G411R6T6, STM32G411R8T3, STM32G411R8T6, STM32G411RBT3, STM32G411RBT6, STM32G414CBT3, STM32G414CBT6, STM32G414CBU3, STM32G414CBU6, STM32G414CCT3, STM32G414CCT6, STM32G414CCU3, STM32G414CCU6, STM32G414MBT3, STM32G414MBT6, STM32G414MCT3, STM32G414MCT6, STM32G414RBT3, STM32G414RBT6, STM32G414RCT3, STM32G414RCT6, STM32G414VBT3, STM32G414VBT6, STM32G414VCT3, STM32G414VCT6, STM32G431CBT3Z, STM32G431RBT3Z, STM32G471CCT6, STM32G471CCU6, STM32G471CET3, STM32G471CET6, STM32G471CEU3, STM32G471CEU6, STM32G471MCT6, STM32G471MET3, STM32G471MET6, STM32G471MEY6TR, STM32G471QCT6, STM32G471QET3, STM32G471RCT6, STM32G471RET3, STM32G471RET6, STM32G471VCH6, STM32G471VCI6, STM32G471VCT6, STM32G471VEH3, STM32G471VEH6, STM32G471VEI3, STM32G471VEI6, STM32G471VET3, STM32G471VET6, STM32G473QET3Z, STM32G473RET3Z, STM32G474CCT6, STM32G491RET3Z, STM32H503CBT6, STM32H503CBU6, STM32H503EBY6TR, STM32H503KBU6, STM32H503RBT6, STM32H523CCT6, STM32H523CCU6, STM32H523CET6, STM32H523CEU6, STM32H523HEY6TR, STM32H523RCT6, STM32H523RET6, STM32H523VCI6, STM32H523VCT6, STM32H523VEI6, STM32H523VET6, STM32H523ZCJ6, STM32H523ZCT6, STM32H523ZEJ6, STM32H523ZET6, STM32H533CET6, STM32H533CEU6, STM32H533HEY6TR, STM32H533RET6, STM32H533VEI6, STM32H533VET6, STM32H533ZEJ6, STM32H533ZET6, STM32H562AGI6, STM32H562AII6, STM32H562IGK6, STM32H562IGT6, STM32H562IIK6, STM32H562IIT6, STM32H562RGT6, STM32H562RGV6, STM32H562RIT6, STM32H562RIV6, STM32H562VGT6, STM32H562VIT6, STM32H562ZGT6, STM32H562ZIT6, STM32H563AGI6, STM32H563AII3Q, STM32H563AII6, STM32H563IGK6, STM32H563IGT6, STM32H563IIK3Q, STM32H563IIK6, STM32H563IIT3Q, STM32H563IIT6, STM32H563MIY3QTR, STM32H563RGT6, STM32H563RGV6, STM32H563RIT6, STM32H563RIV6, STM32H563VGT6, STM32H563VIT3Q, STM32H563VIT6, STM32H563ZGT6, STM32H563ZIT3Q, STM32H563ZIT6, STM32H573AII3Q, STM32H573AII6, STM32H573I-DK, STM32H573IIK3Q, STM32H573IIK6, STM32H573IIT3Q, STM32H573IIT6, STM32H573MIY3QTR, STM32H573RIT6, STM32H573RIV6, STM32H573VIT3Q, STM32H573VIT6, STM32H573ZIT3Q, STM32H573ZIT6, STM32H7R3A8I6, STM32H7R3I8K6, STM32H7R3I8T6, STM32H7R3L8H6, STM32H7R3L8H6H, STM32H7R3R8V6, STM32H7R3V8H6, STM32H7R3V8T6, STM32H7R3V8Y6TR, STM32H7R3Z8J6, STM32H7R3Z8T6, STM32H7R7A8I6, STM32H7R7I8K6, STM32H7R7I8T6, STM32H7R7L8H6, STM32H7R7L8H6H, STM32H7R7Z8J6, STM32H7S3A8I6, STM32H7S3I8K6, STM32H7S3I8T6, STM32H7S3L8H6, STM32H7S3L8H6H, STM32H7S3R8V6, STM32H7S3V8H6, STM32H7S3V8T6, STM32H7S3V8Y6TR, STM32H7S3Z8J6, STM32H7S3Z8T6, STM32H7S78-DK, STM32H7S7A8I6, STM32H7S7I8K6, STM32H7S7I8T6, STM32H7S7L8H6, STM32H7S7L8H6H, STM32H7S7Z8J6, STM32L4R5QGI6STR, STM32MP131AAE3, STM32MP131AAF3, STM32MP131AAG3, STM32MP131CAE3, STM32MP131CAF3, STM32MP131CAG3, STM32MP131DAE7, STM32MP131DAF7, STM32MP131DAG7, STM32MP131FAE7, STM32MP131FAF7, STM32MP131FAG7, STM32MP133AAE3, STM32MP133AAF3, STM32MP133AAG3, STM32MP133CAE3, STM32MP133CAF3, STM32MP133CAG3, STM32MP133DAE7, STM32MP133DAF7, STM32MP133DAG7, STM32MP133FAE7, STM32MP133FAF7, STM32MP133FAG7, STM32MP135AAE3, STM32MP135AAF3, STM32MP135AAG3, STM32MP135CAE3, STM32MP135CAF3, STM32MP135CAG3, STM32MP135DAE7, STM32MP135DAF7, STM32MP135DAG7, STM32MP135F-DK, STM32MP135FAE7, STM32MP135FAF7, STM32MP135FAF7T, STM32MP135FAF7U, STM32MP135FAG7, STM32MP211AAL3, STM32MP211AAM3, STM32MP211AAN3, STM32MP211AAO3, STM32MP211CAL3, STM32MP211CAM3, STM32MP211CAN3, STM32MP211CAO3, STM32MP211DAL3, STM32MP211DAM3, STM32MP211DAN3, STM32MP211DAO3, STM32MP211FAL3, STM32MP211FAM3, STM32MP211FAN3, STM32MP211FAO3, STM32MP213AAL3, STM32MP213AAM3, STM32MP213AAN3, STM32MP213AAO3, STM32MP213CAL3, STM32MP213CAM3, STM32MP213CAN3, STM32MP213CAO3, STM32MP213DAL3, STM32MP213DAM3, STM32MP213DAN3, STM32MP213DAO3, STM32MP213FAL3, STM32MP213FAM3, STM32MP213FAN3, STM32MP213FAO3, STM32MP215AAL3, STM32MP215AAM3, STM32MP215AAN3, STM32MP215AAO3, STM32MP215CAL3, STM32MP215CAM3, STM32MP215CAN3, STM32MP215CAO3, STM32MP215DAL3, STM32MP215DAM3, STM32MP215DAN3, STM32MP215DAO3, STM32MP215F-DK, STM32MP215FAL3, STM32MP215FAM3, STM32MP215FAN3, STM32MP215FAO3, STM32MP231AAJ3, STM32MP231AAK3, STM32MP231AAL3, STM32MP231CAJ3, STM32MP231CAK3, STM32MP231CAL3, STM32MP231DAJ3, STM32MP231DAK3, STM32MP231DAL3, STM32MP231FAJ3, STM32MP231FAK3, STM32MP231FAL3, STM32MP233AAJ3, STM32MP233AAK3, STM32MP233AAL3, STM32MP233CAJ3, STM32MP233CAK3, STM32MP233CAL3, STM32MP233DAJ3, STM32MP233DAK3, STM32MP233DAL3, STM32MP233FAJ3, STM32MP233FAK3, STM32MP233FAL3, STM32MP235AAJ3, STM32MP235AAK3, STM32MP235AAL3, STM32MP235CAJ3, STM32MP235CAK3, STM32MP235CAL3, STM32MP235DAJ3, STM32MP235DAK3, STM32MP235DAL3, STM32MP235FAJ3, STM32MP235FAK3, STM32MP235FAL3, STM32MP251AAI3, STM32MP251AAK3, STM32MP251AAL3, STM32MP251CAI3, STM32MP251CAK3, STM32MP251CAL3, STM32MP251DAI3, STM32MP251DAK3, STM32MP251DAL3, STM32MP251FAI3, STM32MP251FAK3, STM32MP251FAL3, STM32MP253AAI3, STM32MP253AAK3, STM32MP253AAL3, STM32MP253CAI3, STM32MP253CAK3, STM32MP253CAL3, STM32MP253DAI3, STM32MP253DAK3, STM32MP253DAL3, STM32MP253FAI3, STM32MP253FAK3, STM32MP253FAL3, STM32MP255AAI3, STM32MP255AAK3, STM32MP255AAL3, STM32MP255CAI3, STM32MP255CAK3, STM32MP255CAL3, STM32MP255DAI3, STM32MP255DAK3, STM32MP255DAL3, STM32MP255FAI3, STM32MP255FAK3, STM32MP255FAL3, STM32MP257AAI3, STM32MP257AAK3, STM32MP257AAL3, STM32MP257CAI3, STM32MP257CAK3, STM32MP257CAL3, STM32MP257DAI3, STM32MP257DAK3, STM32MP257DAL3, STM32MP257F-DK, STM32MP257F-EV1, STM32MP257FAI3, STM32MP257FAK3, STM32MP257FAL3, STM32N645A0H3Q, STM32N645B0H3Q, STM32N645I0H3Q, STM32N645L0H3Q, STM32N645X0H3Q, STM32N645Z0H3Q, STM32N647A0H3Q, STM32N647B0H3Q, STM32N647I0H3Q, STM32N647L0H3Q, STM32N647X0H3Q, STM32N647Z0H3Q, STM32N655A0H3Q, STM32N655B0H3Q, STM32N655I0H3Q, STM32N655L0H3Q, STM32N655X0H3Q, STM32N655Z0H3Q, STM32N6570-DK, STM32N657A0H3Q, STM32N657B0H3Q, STM32N657I0H3Q, STM32N657L0H3Q, STM32N657X0H3Q, STM32N657Z0H3Q, STM32U031C6T6, STM32U031C6U6, STM32U031C8T6, STM32U031C8U6, STM32U031F4P6, STM32U031F6P6, STM32U031F8P6, STM32U031G6Y6TR, STM32U031G8Y6TR, STM32U031K4U6, STM32U031K6U6, STM32U031K8U6, STM32U031R6I6, STM32U031R6T6, STM32U031R8I6, STM32U031R8T6, STM32U073C8T6, STM32U073C8U6, STM32U073CBT6, STM32U073CBU6, STM32U073CCT6, STM32U073CCU6, STM32U073H8Y6TR, STM32U073HBY6TR, STM32U073HCY6TR, STM32U073K8U6, STM32U073KBU6, STM32U073KCU6, STM32U073M8I6, STM32U073M8T6, STM32U073MBI6, STM32U073MBT6, STM32U073MCI6, STM32U073MCT6, STM32U073R8I6, STM32U073R8T6, STM32U073RBI6, STM32U073RBT6, STM32U073RCI6, STM32U073RCT6, STM32U083C-DK, STM32U083CCT6, STM32U083CCU6, STM32U083HCY6TR, STM32U083KCU6, STM32U083MCI6, STM32U083MCT6, STM32U083RCI6, STM32U083RCT6, STM32U375CET6, STM32U375CET6Q, STM32U375CEU6, STM32U375CEU6Q, STM32U375CEY6QTR, STM32U375CGT6, STM32U375CGT6Q, STM32U375CGU6, STM32U375CGU6Q, STM32U375CGY6QTR, STM32U375KEU6, STM32U375KGU6, STM32U375REI6, STM32U375REI6Q, STM32U375RET6, STM32U375RET6Q, STM32U375REY6GTR, STM32U375REY6QTR, STM32U375RGI6, STM32U375RGI6Q, STM32U375RGT6, STM32U375RGT6Q, STM32U375RGY6GTR, STM32U375RGY6QTR, STM32U375VEI6, STM32U375VEI6Q, STM32U375VET6, STM32U375VET6Q, STM32U375VGI6, STM32U375VGI6Q, STM32U375VGT6, STM32U375VGT6Q, STM32U385CGT6, STM32U385CGT6Q, STM32U385CGU6, STM32U385CGU6Q, STM32U385CGY6QTR, STM32U385KGU6, STM32U385RGI6, STM32U385RGI6Q, STM32U385RGT6, STM32U385RGT6Q, STM32U385RGY6GTR, STM32U385RGY6QTR, STM32U385VGI6, STM32U385VGI6Q, STM32U385VGT6, STM32U385VGT6Q, STM32U535CBT6, STM32U535CBT6Q, STM32U535CBU6, STM32U535CBU6Q, STM32U535CCT6, STM32U535CCT6Q, STM32U535CCU6, STM32U535CCU6Q, STM32U535CET6, STM32U535CET6Q, STM32U535CEU6, STM32U535CEU6Q, STM32U535JEY6QTR, STM32U535NCY6QTR, STM32U535NEY6QTR, STM32U535RBI6, STM32U535RBI6Q, STM32U535RBT6, STM32U535RBT6Q, STM32U535RCI6, STM32U535RCI6Q, STM32U535RCT6, STM32U535RCT6Q, STM32U535REI6, STM32U535REI6Q, STM32U535RET6, STM32U535RET6Q, STM32U535VCI6, STM32U535VCI6Q, STM32U535VCT6, STM32U535VCT6Q, STM32U535VEI6, STM32U535VEI6Q, STM32U535VET6, STM32U535VET6Q, STM32U545CET6, STM32U545CET6Q, STM32U545CEU6, STM32U545CEU6Q, STM32U545JEY6QTR, STM32U545NEY6QTR, STM32U545REI6, STM32U545REI6Q, STM32U545RET6, STM32U545RET6Q, STM32U545VEI6, STM32U545VEI6Q, STM32U545VET6, STM32U545VET6Q, STM32U595AIH6, STM32U595AIH6Q, STM32U595AJH6, STM32U595AJH6Q, STM32U595QII6, STM32U595QII6Q, STM32U595QJI6, STM32U595QJI6Q, STM32U595RIT6, STM32U595RIT6Q, STM32U595RJT6, STM32U595RJT6Q, STM32U595VIT6, STM32U595VIT6Q, STM32U595VJT6, STM32U595VJT6Q, STM32U595ZIT6, STM32U595ZIT6Q, STM32U595ZIY6QTR, STM32U595ZJT6, STM32U595ZJT6Q, STM32U595ZJY6QTR, STM32U599BJY6QTR, STM32U599NIH6Q, STM32U599NJH6Q, STM32U599VIT6Q, STM32U599VJT6, STM32U599VJT6Q, STM32U599ZIT6Q, STM32U599ZIY6QTR, STM32U599ZJT6Q, STM32U599ZJY6QTR, STM32U5A5AJH6, STM32U5A5AJH6Q, STM32U5A5QII3Q , STM32U5A5QJI6, STM32U5A5QJI6Q, STM32U5A5RJT6, STM32U5A5RJT6Q, STM32U5A5VJT6, STM32U5A5VJT6Q, STM32U5A5ZJT6, STM32U5A5ZJT6Q, STM32U5A5ZJY6QTR, STM32U5A9BJY6QTR, STM32U5A9J-DK, STM32U5A9NJH6Q, STM32U5A9VJT6Q, STM32U5A9ZJT6Q, STM32U5A9ZJY6QTR, STM32U5F7VIT6, STM32U5F7VIT6Q, STM32U5F7VJT6, STM32U5F7VJT6Q, STM32U5F9BJY6QTR, STM32U5F9NJH6Q, STM32U5F9VIT6Q, STM32U5F9VJT6Q, STM32U5F9ZIJ6QTR, STM32U5F9ZIT6Q, STM32U5F9ZJJ6QTR, STM32U5F9ZJT6Q, STM32U5G7VJT6, STM32U5G7VJT6Q, STM32U5G9BJY6QTR, STM32U5G9J-DK1, STM32U5G9J-DK2, STM32U5G9NJH6Q, STM32U5G9VJT6Q, STM32U5G9ZJJ6QTR, STM32U5G9ZJT6Q, STM32WB05KZV6TR, STM32WB05KZV7TR, STM32WB05TZF6TR, STM32WB05TZF7TR, STM32WB06CCF6TR, STM32WB06CCF7TR, STM32WB06CCV6TR, STM32WB06CCV7TR, STM32WB06KCV6TR, STM32WB06KCV7TR, STM32WB07CCF6TR, STM32WB07CCF7TR, STM32WB07CCV6TR, STM32WB07CCV7TR, STM32WB07KCV6TR, STM32WB07KCV7TR, STM32WB09KEV6TR, STM32WB09KEV7TR, STM32WB09TEF6TR, STM32WB09TEF7TR, STM32WB1MMCH6, STM32WBA50KGU6, STM32WBA50KGU6TR, STM32WBA52CEU6, STM32WBA52CEU6TR, STM32WBA52CEU7, STM32WBA52CEU7TR, STM32WBA52CGU6, STM32WBA52CGU6TR, STM32WBA52CGU6U, STM32WBA52CGU7, STM32WBA52CGU7TR, STM32WBA52KEU6, STM32WBA52KEU6TR, STM32WBA52KGU6, STM32WBA52KGU6TR, STM32WBA54CEU6, STM32WBA54CEU6TR, STM32WBA54CEU7, STM32WBA54CEU7TR, STM32WBA54CGU6, STM32WBA54CGU6TR, STM32WBA54CGU7, STM32WBA54CGU7TR, STM32WBA54KEU6, STM32WBA54KEU6TR, STM32WBA54KEU7, STM32WBA54KEU7TR, STM32WBA54KGU6, STM32WBA54KGU6TR, STM32WBA54KGU7, STM32WBA54KGU7TR, STM32WBA55CEU6, STM32WBA55CEU6TR, STM32WBA55CEU7, STM32WBA55CEU7TR, STM32WBA55CGU6, STM32WBA55CGU6TR, STM32WBA55CGU6U, STM32WBA55CGU7, STM32WBA55CGU7TR, STM32WBA55G-DK1, STM32WBA55HEF6, STM32WBA55HEF7, STM32WBA55HGF6, STM32WBA55HGF7, STM32WBA55UEI6, STM32WBA55UEI6TR, STM32WBA55UEI7, STM32WBA55UEI7TR, STM32WBA55UGI6, STM32WBA55UGI6TR, STM32WBA55UGI7, STM32WBA55UGI7TR, STM32WBA5MMGH6TR, STM32WBA62MGF6, STM32WBA62MIF6, STM32WBA65MGF7, STM32WBA65MIF6, STM32WBA65MIF7, STM32WL30K8V6, STM32WL30KBV6, STM32WL31C8V6, STM32WL31CBV6, STM32WL31K8V6, STM32WL31KBV6, STM32WL33C8V6, STM32WL33C8V6X, STM32WL33CBV6, STM32WL33CBV6X, STM32WL33CCV6, STM32WL33CCV6A, STM32WL33CCV6X, STM32WL33K8V7, STM32WL33K8V7X, STM32WL33KBV7 , STM32WL33KBV7X, STM32WL33KCV7, STM32WL33KCV7X, STM32WL5MOCH6, STM32WL5MOCH6TR]
2026-01-07 23:37:50,425 [INFO] BoardInfo:889 - No configuration file found for board P-NUCLEO-WB55
2026-01-07 23:37:50,427 [INFO] DbBoards:161 - Kit is not supported: P-NUCLEO-WB55
2026-01-07 23:37:50,431 [INFO] BoardInfo:889 - No configuration file found for board STEVAL-BFA001V1B
2026-01-07 23:37:50,431 [INFO] DbBoards:161 - Kit is not supported: STEVAL-BFA001V1B
2026-01-07 23:37:50,432 [INFO] BoardInfo:889 - No configuration file found for board STEVAL-BFA001V2B
2026-01-07 23:37:50,432 [INFO] DbBoards:161 - Kit is not supported: STEVAL-BFA001V2B
2026-01-07 23:37:50,542 [INFO] DbBoards:168 - Found 212 boards, 209 are supported
2026-01-07 23:37:50,542 [INFO] DbBoards:169 - Found 212 boards, 43 of them is supported for  Bsp
2026-01-07 23:37:50,545 [INFO] ApiDb:414 - User favorites file not found: C:\Users\22142/.stm32cubeide/favorites.boards.txt
2026-01-07 23:37:50,545 [INFO] DbBoards:198 - Set 0 / 0 favorites Boards
2026-01-07 23:37:50,546 [INFO] McuFinderGlobals:76 - Set McuFinderConnectedMode to true
2026-01-07 23:37:50,677 [INFO] MultiScanPanel:200 - Auto-refresh data requested => check proxy status ongoing
2026-01-07 23:37:50,692 [INFO] FinderPluginLoader:96 - Searching for filters in installed packs
2026-01-07 23:37:52,044 [INFO] LoadUrlFilesThread:185 - End of LoadServerUrlFiles without Thread
2026-01-07 23:37:52,062 [INFO] DetailPanel:341 - Set advertising image to C:/Users/22142/STM32Cube/Repository/\en.prom-st67w-expansion-board.png
2026-01-07 23:38:56,316 [INFO] MainUpdater:2872 - connection check result : 10
2026-01-07 23:38:56,316 [INFO] MainUpdater:2872 - connection check result : 10
2026-01-07 23:38:56,337 [INFO] MicroXplorer:468 - Change Database Path : 
2026-01-07 23:38:56,338 [INFO] MicroXplorer:498 - Change Database Version : DB.6.0.150
2026-01-07 23:38:56,342 [WARN] ThirdParty:871 - waiting for thirdparty lock release [close project]
2026-01-07 23:38:56,342 [INFO] ThirdParty:873 - entering critical section [close project]
2026-01-07 23:38:56,343 [INFO] ThirdParty:883 - exiting critical section [close project]
2026-01-07 23:38:56,345 [INFO] PinOutPanel:1589 - setPackage(No Configuration,No Configuration)
2026-01-07 23:38:56,347 [INFO] UtilMem:75 - Begin LoadConfig() Used Memory: 571267952 Bytes (872415232)
2026-01-07 23:38:56,347 [INFO] MicroXplorer:468 - Change Database Path : 
2026-01-07 23:38:56,347 [INFO] MicroXplorer:498 - Change Database Version : DB.6.0.150
2026-01-07 23:38:56,349 [INFO] OpenFileManager:355 - Change cursor
2026-01-07 23:38:56,409 [INFO] Mcu:2029 - Initializing MCU STM32F103C8Tx STM32F103C8Tx STM32F103C8T6
2026-01-07 23:38:57,452 [INFO] Context:786 - Trying to add GPIOservice into a context  which must be forbidden
2026-01-07 23:38:57,755 [INFO] ImportTextPane:234 - (OptionalMessage_ERROR) Unable to find key (Mcu.ThirdPartyNb) in loaded IOC file
2026-01-07 23:38:57,756 [INFO] ImportTextPane:234 - (OptionalMessage_ERROR) Unable to find key (Mcu.PinsNb) in loaded IOC file
2026-01-07 23:38:57,756 [INFO] ImportTextPane:234 - (OptionalMessage_ERROR) Pin0 (VP_RIF_VS_RIF1) cannot be retrieved for this MCU
2026-01-07 23:38:57,756 [INFO] ImportTextPane:234 - (OptionalMessage_ERROR) Unable to find key (Mcu.IPNb) in loaded IOC file
2026-01-07 23:38:57,820 [INFO] RtosManager:558 - Registered RTOS mode: class=CMSIS, group=RTOS, mode=CMSIS_V1, owner=FREERTOS
2026-01-07 23:38:57,821 [INFO] RtosManager:558 - Registered RTOS mode: class=CMSIS, group=RTOS2, mode=CMSIS_V2, owner=FREERTOS
2026-01-07 23:38:57,821 [INFO] RtosManager:558 - Registered RTOS mode: class=RTOS, group=Core, mode=CMSIS_V1, owner=FREERTOS
2026-01-07 23:38:57,821 [INFO] RtosManager:558 - Registered RTOS mode: class=RTOS, group=Core, mode=CMSIS_V2, owner=FREERTOS
2026-01-07 23:38:57,821 [WARN] ModelIntegratedComponent:184 - Missing modes for component STMicroelectronics:FreeRTOS:0.0.1:STMicroelectronics:RTOS:FreeRTOS:Core:::10.2.0:
2026-01-07 23:38:57,829 [WARN] ModelIntegratedComponent:63 - No mode defined for component null
2026-01-07 23:38:57,829 [WARN] ModelIntegratedComponent:63 - No mode defined for component null
2026-01-07 23:38:57,829 [WARN] ModelIntegratedComponent:63 - No mode defined for component null
2026-01-07 23:38:57,829 [WARN] ModelIntegratedComponent:63 - No mode defined for component null
2026-01-07 23:38:57,829 [WARN] ModelIntegratedComponent:63 - No mode defined for component null
2026-01-07 23:38:57,829 [WARN] ModelIntegratedComponent:63 - No mode defined for component null
2026-01-07 23:38:57,829 [WARN] ModelIntegratedComponent:63 - No mode defined for component null
2026-01-07 23:38:57,829 [WARN] ModelIntegratedComponent:63 - No mode defined for component null
2026-01-07 23:38:57,830 [WARN] ModelIntegratedComponent:63 - No mode defined for component null
2026-01-07 23:38:57,830 [WARN] ModelIntegratedComponent:63 - No mode defined for component null
2026-01-07 23:38:57,830 [WARN] ModelIntegratedComponent:63 - No mode defined for component null
2026-01-07 23:38:57,830 [WARN] ModelIntegratedComponent:63 - No mode defined for component null
2026-01-07 23:38:57,830 [WARN] ModelIntegratedComponent:63 - No mode defined for component null
2026-01-07 23:38:57,830 [WARN] ModelIntegratedComponent:63 - No mode defined for component null
2026-01-07 23:38:57,830 [WARN] ModelIntegratedComponent:63 - No mode defined for component null
2026-01-07 23:38:57,830 [WARN] ModelIntegratedComponent:63 - No mode defined for component null
2026-01-07 23:38:57,830 [WARN] ModelIntegratedComponent:63 - No mode defined for component null
2026-01-07 23:38:57,830 [WARN] ModelIntegratedComponent:63 - No mode defined for component null
2026-01-07 23:38:57,830 [WARN] ModelIntegratedComponent:63 - No mode defined for component null
2026-01-07 23:38:57,830 [WARN] ModelIntegratedComponent:63 - No mode defined for component null
2026-01-07 23:38:57,830 [WARN] ModelIntegratedComponent:63 - No mode defined for component null
2026-01-07 23:38:57,830 [WARN] ModelIntegratedComponent:63 - No mode defined for component null
2026-01-07 23:38:57,830 [WARN] ModelIntegratedComponent:63 - No mode defined for component null
2026-01-07 23:38:57,830 [WARN] ModelIntegratedComponent:63 - No mode defined for component null
2026-01-07 23:38:57,830 [WARN] ModelIntegratedComponent:63 - No mode defined for component null
2026-01-07 23:38:57,830 [WARN] ModelIntegratedComponent:63 - No mode defined for component null
2026-01-07 23:38:57,830 [WARN] ModelIntegratedComponent:63 - No mode defined for component null
2026-01-07 23:38:57,830 [WARN] ModelIntegratedComponent:63 - No mode defined for component null
2026-01-07 23:38:57,831 [WARN] ModelIntegratedComponent:63 - No mode defined for component null
2026-01-07 23:38:57,831 [WARN] ModelIntegratedComponent:63 - No mode defined for component null
2026-01-07 23:38:57,831 [WARN] ModelIntegratedComponent:63 - No mode defined for component null
2026-01-07 23:38:57,831 [WARN] ModelIntegratedComponent:63 - No mode defined for component null
2026-01-07 23:38:57,831 [WARN] ModelIntegratedComponent:63 - No mode defined for component null
2026-01-07 23:38:57,831 [WARN] ModelIntegratedComponent:63 - No mode defined for component null
2026-01-07 23:38:57,831 [WARN] ModelIntegratedComponent:63 - No mode defined for component null
2026-01-07 23:38:57,832 [WARN] ModelPack:524 - Component already loaded: STMicroelectronics:HAL Drivers:0.0.0:STMicroelectronics:Device:STMicro_Driver:XSPI:HAL::0.0.1:HAL_XSPI
2026-01-07 23:38:57,976 [INFO] ThirdPartyModel:298 - Start build external matchings
2026-01-07 23:38:58,937 [INFO] ThirdPartyModel:316 - End build external matchings
2026-01-07 23:38:59,111 [INFO] UtilMem:75 - End LoadConfig() Used Memory: 920794104 Bytes (1073741824)
2026-01-07 23:38:59,167 [WARN] ThirdParty:833 - waiting for thirdparty lock release [change project]
2026-01-07 23:38:59,167 [INFO] ThirdParty:835 - entering critical section [change project]
2026-01-07 23:38:59,167 [INFO] ThirdParty:1030 - CMSIS Pack Vendor :STMicroelectronics X-CUBE-PM33A1 1.0.0
2026-01-07 23:38:59,167 [INFO] ThirdParty:1030 - CMSIS Pack Vendor :STMicroelectronics USBPD 4.1
2026-01-07 23:38:59,167 [INFO] ThirdParty:1030 - CMSIS Pack Vendor :STMicroelectronics USB_HOST 2.0.0
2026-01-07 23:38:59,167 [INFO] ThirdParty:1030 - CMSIS Pack Vendor :STMicroelectronics FP-SNS-MOTENVWB1 1.4.0
2026-01-07 23:38:59,167 [INFO] ThirdParty:1030 - CMSIS Pack Vendor :STMicroelectronics X-CUBE-AZRTOS-F4 1.1.0
2026-01-07 23:38:59,167 [INFO] ThirdParty:1030 - CMSIS Pack Vendor :STMicroelectronics LIBJPEG 8.0.0
2026-01-07 23:38:59,167 [INFO] ThirdParty:1030 - CMSIS Pack Vendor :STMicroelectronics FP-ATR-ASTRA1 2.0.2
2026-01-07 23:38:59,167 [INFO] ThirdParty:1030 - CMSIS Pack Vendor :STMicroelectronics X-CUBE-SMBUS 2.1.0
2026-01-07 23:38:59,167 [INFO] ThirdParty:1030 - CMSIS Pack Vendor :STMicroelectronics X-CUBE-WB05N 1.1.0
2026-01-07 23:38:59,167 [INFO] ThirdParty:1030 - CMSIS Pack Vendor :STMicroelectronics X-CUBE-ISPU 2.1.0
2026-01-07 23:38:59,167 [INFO] ThirdParty:1030 - CMSIS Pack Vendor :STMicroelectronics X-CUBE-IPS 3.2.0
2026-01-07 23:38:59,167 [INFO] ThirdParty:1030 - CMSIS Pack Vendor :STMicroelectronics X-CUBE-NFC12 1.0.0
2026-01-07 23:38:59,167 [INFO] ThirdParty:1030 - CMSIS Pack Vendor :STMicroelectronics X-CUBE-AZRTOS-F7 1.1.0
2026-01-07 23:38:59,167 [INFO] ThirdParty:1030 - CMSIS Pack Vendor :STMicroelectronics X-CUBE-AZRTOS-L5 2.0.0
2026-01-07 23:38:59,168 [INFO] ThirdParty:1030 - CMSIS Pack Vendor :STMicroelectronics USB_DEVICE 2.0.0
2026-01-07 23:38:59,168 [INFO] ThirdParty:1030 - CMSIS Pack Vendor :STMicroelectronics X-CUBE-NFC6 3.1.0
2026-01-07 23:38:59,168 [INFO] ThirdParty:1030 - CMSIS Pack Vendor :STMicroelectronics FP-SNS-MOTENV1 5.1.0
2026-01-07 23:38:59,168 [INFO] ThirdParty:1030 - CMSIS Pack Vendor :STMicroelectronics FreeRTOS 0.0.1
2026-01-07 23:38:59,168 [INFO] ThirdParty:1030 - CMSIS Pack Vendor :STMicroelectronics X-CUBE-DPower 1.2.0
2026-01-07 23:38:59,168 [INFO] ThirdParty:1030 - CMSIS Pack Vendor :Infineon AIROC-Wi-Fi-Bluetooth-STM32 1.7.0
2026-01-07 23:38:59,168 [INFO] ThirdParty:1030 - CMSIS Pack Vendor :STMicroelectronics PDM2PCM 3.3.0
2026-01-07 23:38:59,168 [INFO] ThirdParty:1030 - CMSIS Pack Vendor :STMicroelectronics X-CUBE-AZRTOS-H7 3.4.0
2026-01-07 23:38:59,168 [INFO] ThirdParty:1030 - CMSIS Pack Vendor :STMicroelectronics X-CUBE-DISPLAY 3.0.0
2026-01-07 23:38:59,168 [INFO] ThirdParty:1030 - CMSIS Pack Vendor :STMicroelectronics X-CUBE-NFC10 1.0.0
2026-01-07 23:38:59,168 [INFO] ThirdParty:1030 - CMSIS Pack Vendor :STMicroelectronics X-CUBE-BLEMGR 4.0.0
2026-01-07 23:38:59,168 [INFO] ThirdParty:1030 - CMSIS Pack Vendor :STMicroelectronics HAL Drivers 0.0.0
2026-01-07 23:38:59,168 [INFO] ThirdParty:1030 - CMSIS Pack Vendor :STMicroelectronics X-CUBE-ST60 1.1.0
2026-01-07 23:38:59,168 [INFO] ThirdParty:1030 - CMSIS Pack Vendor :emotas I-CUBE-CANOPEN 1.3.0
2026-01-07 23:38:59,168 [INFO] ThirdParty:1030 - CMSIS Pack Vendor :STMicroelectronics X-CUBE-FREERTOS 1.3.0
2026-01-07 23:38:59,168 [INFO] ThirdParty:1030 - CMSIS Pack Vendor :STMicroelectronics X-CUBE-NFC7 1.0.1
2026-01-07 23:38:59,168 [INFO] ThirdParty:1030 - CMSIS Pack Vendor :STMicroelectronics MBEDTLS 2.14.1
2026-01-07 23:38:59,168 [INFO] ThirdParty:1030 - CMSIS Pack Vendor :STMicroelectronics X-CUBE-GNSS1 7.1.0
2026-01-07 23:38:59,168 [INFO] ThirdParty:1030 - CMSIS Pack Vendor :STMicroelectronics X-CUBE-TOUCHGFX 4.26.0
2026-01-07 23:38:59,168 [INFO] ThirdParty:1030 - CMSIS Pack Vendor :quantropi X-CUBE-qispace-sdk-base 2.0.0
2026-01-07 23:38:59,168 [INFO] ThirdParty:1030 - CMSIS Pack Vendor :STMicroelectronics X-CUBE-AI 10.0.0
2026-01-07 23:38:59,168 [INFO] ThirdParty:1030 - CMSIS Pack Vendor :STMicroelectronics FP-SNS-STBOX1 2.1.0
2026-01-07 23:38:59,168 [INFO] ThirdParty:1030 - CMSIS Pack Vendor :STMicroelectronics FP-SNS-STAIOTCFT 1.0.0
2026-01-07 23:38:59,168 [INFO] ThirdParty:1030 - CMSIS Pack Vendor :STMicroelectronics FP-SNS-SMARTAG2 1.2.0
2026-01-07 23:38:59,168 [INFO] ThirdParty:1030 - CMSIS Pack Vendor :STMicroelectronics FP-SNS-FLIGHT1 5.1.0
2026-01-07 23:38:59,168 [INFO] ThirdParty:1030 - CMSIS Pack Vendor :STMicroelectronics X-CUBE-MEMS1 11.1.0
2026-01-07 23:38:59,168 [INFO] ThirdParty:1030 - CMSIS Pack Vendor :STMicroelectronics X-CUBE-AZRTOS-WL 2.0.0
2026-01-07 23:38:59,168 [INFO] ThirdParty:1030 - CMSIS Pack Vendor :STMicroelectronics X-CUBE-DPower 1.3.0
2026-01-07 23:38:59,168 [INFO] ThirdParty:1030 - CMSIS Pack Vendor :STMicroelectronics FP-SNS-MOTENV1 5.0.0
2026-01-07 23:38:59,168 [INFO] ThirdParty:1030 - CMSIS Pack Vendor :STMicroelectronics USB_DEVICE 1.0.0
2026-01-07 23:38:59,168 [INFO] ThirdParty:1030 - CMSIS Pack Vendor :STMicroelectronics X-CUBE-AZRTOS-H7RS 1.2.0
2026-01-07 23:38:59,168 [INFO] ThirdParty:1030 - CMSIS Pack Vendor :STMicroelectronics X-CUBE-AZRTOS-L4 2.0.0
2026-01-07 23:38:59,169 [INFO] ThirdParty:1030 - CMSIS Pack Vendor :STMicroelectronics ThreadX 0.0.2
2026-01-07 23:38:59,169 [INFO] ThirdParty:1030 - CMSIS Pack Vendor :WES I-CUBE-Cesium 1.3.0
2026-01-07 23:38:59,169 [INFO] ThirdParty:1030 - CMSIS Pack Vendor :STMicroelectronics lwIP 2.1.2
2026-01-07 23:38:59,169 [INFO] ThirdParty:1030 - CMSIS Pack Vendor :STMicroelectronics X-CUBE-SFXS2LP1 4.0.0
2026-01-07 23:38:59,169 [INFO] ThirdParty:1030 - CMSIS Pack Vendor :STMicroelectronics X-CUBE-BLE2 3.3.0
2026-01-07 23:38:59,169 [INFO] ThirdParty:1030 - CMSIS Pack Vendor :Avnet-IOTCONNECT X-CUBE-iotc-st67-sdk 1.0.0
2026-01-07 23:38:59,169 [INFO] ThirdParty:1030 - CMSIS Pack Vendor :STMicroelectronics PDM2PCM 3.2.0
2026-01-07 23:38:59,169 [INFO] ThirdParty:1030 - CMSIS Pack Vendor :STMicroelectronics X-CUBE-AZRTOS-H7 3.3.0
2026-01-07 23:38:59,169 [INFO] ThirdParty:1030 - CMSIS Pack Vendor :STMicroelectronics X-CUBE-NFC9 1.0.0
2026-01-07 23:38:59,169 [INFO] ThirdParty:1030 - CMSIS Pack Vendor :STMicroelectronics X-CUBE-BLE1 7.1.0
2026-01-07 23:38:59,169 [INFO] ThirdParty:1030 - CMSIS Pack Vendor :wolfSSL I-CUBE-wolfMQTT 1.19.2
2026-01-07 23:38:59,169 [INFO] ThirdParty:1030 - CMSIS Pack Vendor :STMicroelectronics USB_DEVICE 3.0.0
2026-01-07 23:38:59,169 [INFO] ThirdParty:1030 - CMSIS Pack Vendor :STMicroelectronics X-CUBE-FREERTOS 1.4.0
2026-01-07 23:38:59,169 [INFO] ThirdParty:1030 - CMSIS Pack Vendor :STMicroelectronics X-CUBE-EEPRMA1 5.2.0
2026-01-07 23:38:59,169 [INFO] ThirdParty:1030 - CMSIS Pack Vendor :STMicroelectronics X-CUBE-BLEMGR 4.1.0
2026-01-07 23:38:59,169 [INFO] ThirdParty:1030 - CMSIS Pack Vendor :STMicroelectronics X-CUBE-AZRTOS-WB 2.0.0
2026-01-07 23:38:59,169 [INFO] ThirdParty:1030 - CMSIS Pack Vendor :STMicroelectronics X-CUBE-GNSS1 7.0.1
2026-01-07 23:38:59,169 [INFO] ThirdParty:1030 - CMSIS Pack Vendor :STMicroelectronics X-CUBE-TOUCHGFX 4.25.0
2026-01-07 23:38:59,169 [INFO] ThirdParty:1030 - CMSIS Pack Vendor :STMicroelectronics X-CUBE-ST67W61 1.1.0
2026-01-07 23:38:59,169 [INFO] ThirdParty:1030 - CMSIS Pack Vendor :STMicroelectronics FP-SNS-STBOX1 2.0.0
2026-01-07 23:38:59,169 [INFO] ThirdParty:1030 - CMSIS Pack Vendor :STMicroelectronics X-CUBE-MEMS1 12.0.0
2026-01-07 23:38:59,169 [INFO] ThirdParty:1030 - CMSIS Pack Vendor :STMicroelectronics X-CUBE-AZRTOS-G0 1.1.0
2026-01-07 23:38:59,169 [INFO] ThirdParty:1030 - CMSIS Pack Vendor :STMicroelectronics X-CUBE-SAFEA1 1.2.2
2026-01-07 23:38:59,169 [INFO] ThirdParty:1030 - CMSIS Pack Vendor :STMicroelectronics X-CUBE-NFC4 3.0.0
2026-01-07 23:38:59,169 [INFO] ThirdParty:1030 - CMSIS Pack Vendor :STMicroelectronics X-CUBE-SUBG2 5.0.0
2026-01-07 23:38:59,169 [INFO] ThirdParty:1030 - CMSIS Pack Vendor :STMicroelectronics X-CUBE-AZRTOS-H7RS 1.1.0
2026-01-07 23:38:59,169 [INFO] ThirdParty:1030 - CMSIS Pack Vendor :STMicroelectronics STM32_WPAN 1.0.0
2026-01-07 23:38:59,169 [INFO] ThirdParty:1030 - CMSIS Pack Vendor :EmbeddedOffice I-CUBE-FS-RTOS 1.0.1
2026-01-07 23:38:59,169 [INFO] ThirdParty:1030 - CMSIS Pack Vendor :STMicroelectronics lwIP 2.0.3
2026-01-07 23:38:59,171 [INFO] ThirdParty:1030 - CMSIS Pack Vendor :Cesanta I-CUBE-Mongoose 7.13.0
2026-01-07 23:38:59,171 [INFO] ThirdParty:1030 - CMSIS Pack Vendor :STMicroelectronics USB_HOST 1.0.0
2026-01-07 23:38:59,171 [INFO] ThirdParty:1030 - CMSIS Pack Vendor :STMicroelectronics X-CUBE-AZRTOS-G4 2.0.0
2026-01-07 23:38:59,171 [INFO] ThirdParty:1030 - CMSIS Pack Vendor :STMicroelectronics X-CUBE-WB05N 2.0.0
2026-01-07 23:38:59,171 [INFO] ThirdParty:1030 - CMSIS Pack Vendor :STMicroelectronics PDM2PCM 3.1.0
2026-01-07 23:38:59,171 [INFO] ThirdParty:1030 - CMSIS Pack Vendor :wolfSSL I-CUBE-wolfTPM 3.8.0
2026-01-07 23:38:59,171 [INFO] ThirdParty:1030 - CMSIS Pack Vendor :wolfSSL I-CUBE-wolfSSH 1.4.20
2026-01-07 23:38:59,171 [INFO] ThirdParty:1030 - CMSIS Pack Vendor :STMicroelectronics X-CUBE-NFC7 2.0.0
2026-01-07 23:38:59,171 [INFO] ThirdParty:1030 - CMSIS Pack Vendor :STMicroelectronics X-CUBE-TCPP 4.2.0
2026-01-07 23:38:59,171 [INFO] ThirdParty:1030 - CMSIS Pack Vendor :RealThread X-CUBE-RT-Thread_Nano 4.1.1
2026-01-07 23:38:59,171 [INFO] ThirdParty:1030 - CMSIS Pack Vendor :STMicroelectronics FP-ATR-SIGFOX1 3.2.0
2026-01-07 23:38:59,171 [INFO] ThirdParty:1030 - CMSIS Pack Vendor :STMicroelectronics X-CUBE-EEPRMA1 5.1.0
2026-01-07 23:38:59,171 [INFO] ThirdParty:1030 - CMSIS Pack Vendor :STMicroelectronics MBEDTLS 2.16.2
2026-01-07 23:38:59,171 [INFO] ThirdParty:1030 - CMSIS Pack Vendor :STMicroelectronics X-CUBE-IPS 3.1.0
2026-01-07 23:38:59,171 [INFO] ThirdParty:1030 - CMSIS Pack Vendor :STMicroelectronics X-CUBE-ALS 1.0.2
2026-01-07 23:38:59,171 [INFO] ThirdParty:1030 - CMSIS Pack Vendor :wolfSSL I-CUBE-wolfSSL 5.7.6
2026-01-07 23:38:59,171 [INFO] ThirdParty:1030 - CMSIS Pack Vendor :ITTIA_DB I-CUBE-ITTIADB 8.9.0
2026-01-07 23:38:59,171 [INFO] ThirdParty:1030 - CMSIS Pack Vendor :STMicroelectronics X-CUBE-STSE01 1.0.0
2026-01-07 23:38:59,171 [INFO] ThirdParty:1030 - CMSIS Pack Vendor :portGmbH I-Cube-SoM-uGOAL 1.1.0
2026-01-07 23:38:59,171 [INFO] ThirdParty:1030 - CMSIS Pack Vendor :STMicroelectronics X-CUBE-AI 10.2.0
2026-01-07 23:38:59,171 [INFO] ThirdParty:1030 - CMSIS Pack Vendor :STMicroelectronics ThreadX 1.0.0
2026-01-07 23:38:59,171 [INFO] ThirdParty:1030 - CMSIS Pack Vendor :SEGGER I-CUBE-embOS 1.3.1
2026-01-07 23:38:59,171 [INFO] ThirdParty:1030 - CMSIS Pack Vendor :STMicroelectronics X-CUBE-ALGOBUILD 1.4.0
2026-01-07 23:38:59,171 [INFO] ThirdParty:1030 - CMSIS Pack Vendor :STMicroelectronics X-CUBE-TOF1 3.4.2
2026-01-07 23:38:59,171 [INFO] ThirdParty:1030 - CMSIS Pack Vendor :STMicroelectronics X-CUBE-TOF1 3.4.3
2026-01-07 23:38:59,172 [INFO] ThirdParty:841 - exiting critical section [change project]
2026-01-07 23:38:59,416 [INFO] PinOutPanel:1589 - setPackage(No Configuration,No Configuration)
2026-01-07 23:38:59,417 [INFO] PinOutPanel:1589 - setPackage(STM32F103C8Tx,LQFP48)
2026-01-07 23:38:59,808 [INFO] UtilMem:75 - Before build in PCC Used Memory: 538713552 Bytes (1073741824)
2026-01-07 23:39:00,823 [INFO] UtilMem:75 - After build in PCC Used Memory: 665591248 Bytes (1073741824)
2026-01-07 23:39:00,843 [INFO] IPUIPlugin:80 - create IPUIPlugin
2026-01-07 23:39:00,843 [INFO] IPUIPlugin:80 - create IPUIPlugin
2026-01-07 23:39:00,843 [INFO] IPUIPlugin:80 - create IPUIPlugin
2026-01-07 23:39:00,843 [INFO] IPUIPlugin:80 - create IPUIPlugin
2026-01-07 23:39:00,843 [INFO] IPUIPlugin:80 - create IPUIPlugin
2026-01-07 23:39:00,843 [INFO] IPUIPlugin:80 - create IPUIPlugin
2026-01-07 23:39:00,843 [INFO] IPUIPlugin:80 - create IPUIPlugin
2026-01-07 23:39:00,844 [INFO] IPUIPlugin:80 - create IPUIPlugin
2026-01-07 23:39:00,844 [INFO] IPUIPlugin:80 - create IPUIPlugin
2026-01-07 23:39:00,844 [INFO] IPUIPlugin:80 - create IPUIPlugin
2026-01-07 23:39:00,844 [INFO] IPUIPlugin:80 - create IPUIPlugin
2026-01-07 23:39:00,844 [INFO] IPUIPlugin:80 - create IPUIPlugin
2026-01-07 23:39:00,845 [INFO] IPUIPlugin:80 - create IPUIPlugin
2026-01-07 23:39:00,845 [INFO] IPUIPlugin:80 - create IPUIPlugin
2026-01-07 23:39:00,845 [INFO] IPUIPlugin:80 - create IPUIPlugin
2026-01-07 23:39:00,845 [INFO] IPUIPlugin:80 - create IPUIPlugin
2026-01-07 23:39:00,845 [INFO] IPUIPlugin:80 - create IPUIPlugin
2026-01-07 23:39:00,845 [INFO] IPUIPlugin:80 - create IPUIPlugin
2026-01-07 23:39:00,846 [INFO] IPUIPlugin:80 - create IPUIPlugin
2026-01-07 23:39:00,846 [INFO] IPUIPlugin:80 - create IPUIPlugin
2026-01-07 23:39:00,846 [INFO] IPUIPlugin:80 - create IPUIPlugin
2026-01-07 23:39:00,846 [INFO] IPUIPlugin:80 - create IPUIPlugin
2026-01-07 23:39:00,846 [INFO] IPUIPlugin:80 - create IPUIPlugin
2026-01-07 23:39:00,846 [INFO] IPUIPlugin:80 - create IPUIPlugin
2026-01-07 23:39:00,847 [INFO] IPUIPlugin:80 - create IPUIPlugin
2026-01-07 23:39:00,847 [INFO] IPUIPlugin:80 - create IPUIPlugin
2026-01-07 23:39:00,847 [INFO] IPUIPlugin:80 - create IPUIPlugin
2026-01-07 23:39:01,036 [INFO] CADModel:165 - CPN selected for project levelSTM32F103C8T6
2026-01-07 23:39:01,036 [INFO] CADModel:114 - Register for checkConnection events
2026-01-07 23:39:01,084 [INFO] OpenFileManager:386 - Restore cursor
2026-01-07 23:39:01,822 [INFO] UtilMem:75 - End SaveConfig() Used Memory: 847872784 Bytes (1073741824)
2026-01-07 23:39:01,859 [INFO] UtilMem:75 - End SaveConfig() Used Memory: 859890568 Bytes (1073741824)
2026-01-07 23:39:02,203 [INFO] BlockDiagram:2775 - set Specific Code input for plugin: NVIC
2026-01-07 23:39:02,203 [INFO] BlockDiagram:2775 - set Specific Code input for plugin: RCC
2026-01-07 23:39:02,204 [INFO] CodeGenerator:892 - code generatio: config db path: D:\installs\STM32CubeIDE_1.19.0\STM32CubeIDE\plugins\com.st.stm32cube.common.mx_6.15.0.202507011659\\db\
2026-01-07 23:39:02,367 [INFO] CodeEngine:265 - oldGeneratedFile, D:\projects\stm32_cube_ide\blink_test\MXTmpFiles\license.tmp_save
2026-01-07 23:39:02,773 [INFO] CodeEngine:289 - Generated code: D:\projects\stm32_cube_ide\blink_test\MXTmpFiles\license.tmp
2026-01-07 23:39:02,804 [INFO] CodeEngine:265 - oldGeneratedFile, D:\projects\stm32_cube_ide\blink_test\Core\Src\stm32f1xx_it.c_save
2026-01-07 23:39:02,924 [INFO] CodeEngine:289 - Generated code: D:\projects\stm32_cube_ide\blink_test\Core\Src\stm32f1xx_it.c
2026-01-07 23:39:02,942 [INFO] CodeEngine:265 - oldGeneratedFile, D:\projects\stm32_cube_ide\blink_test\Core\Inc\stm32f1xx_it.h_save
2026-01-07 23:39:03,009 [INFO] CodeEngine:289 - Generated code: D:\projects\stm32_cube_ide\blink_test\Core\Inc\stm32f1xx_it.h
2026-01-07 23:39:03,264 [INFO] CodeEngine:265 - oldGeneratedFile, D:\projects\stm32_cube_ide\blink_test\Core\Src\stm32f1xx_hal_msp.c_save
2026-01-07 23:39:03,365 [INFO] CodeEngine:289 - Generated code: D:\projects\stm32_cube_ide\blink_test\Core\Src\stm32f1xx_hal_msp.c
2026-01-07 23:39:03,386 [INFO] CodeEngine:265 - oldGeneratedFile, D:\projects\stm32_cube_ide\blink_test\MXTmpFiles\system.tmp_save
2026-01-07 23:39:03,440 [INFO] CodeEngine:289 - Generated code: D:\projects\stm32_cube_ide\blink_test\MXTmpFiles\system.tmp
2026-01-07 23:39:03,451 [INFO] CodeEngine:321 - oldGeneratedFile, D:\projects\stm32_cube_ide\blink_test\Core\Inc\stm32f1xx_hal_conf.h_save
2026-01-07 23:39:03,510 [INFO] CodeEngine:345 - Generated code: D:\projects\stm32_cube_ide\blink_test\Core\Inc\stm32f1xx_hal_conf.h
2026-01-07 23:39:03,539 [INFO] ApiDbMcu:532 - Load IP Config File for RCC
2026-01-07 23:39:03,547 [INFO] CodeEngine:265 - oldGeneratedFile, D:\projects\stm32_cube_ide\blink_test\Core\Inc\main.h_save
2026-01-07 23:39:03,638 [INFO] CodeEngine:289 - Generated code: D:\projects\stm32_cube_ide\blink_test\Core\Inc\main.h
2026-01-07 23:39:03,652 [INFO] CodeEngine:265 - oldGeneratedFile, D:\projects\stm32_cube_ide\blink_test\Core\Src\main.c_save
2026-01-07 23:39:03,760 [INFO] CodeEngine:289 - Generated code: D:\projects\stm32_cube_ide\blink_test\Core\Src\main.c
2026-01-07 23:39:04,034 [INFO] ProjectBuilder:3606 - Time for Copy HAL[1] : 147mS.
2026-01-07 23:39:04,040 [INFO] ProjectBuilder:5216 - Project Generator version: 4.7.0-B52
2026-01-07 23:39:04,270 [INFO] ConfigFileManager:1595 - The Die is : DIE410
2026-01-07 23:39:04,303 [INFO] ApiDbMcu:532 - Load IP Config File for FATFS
2026-01-07 23:39:04,314 [INFO] ApiDbMcu:532 - Load IP Config File for FREERTOS
2026-01-07 23:39:04,378 [INFO] ApiDbMcu:532 - Load IP Config File for USB_DEVICE
2026-01-07 23:39:04,865 [INFO] LogOutputStream:77 - [STDOUT_REDIRECT] 
2026-01-07 23:39:08,519 [INFO] ProjectBuilder:5496 - Time for Generating toolchain IDE Files: 4479mS.
2026-01-07 23:39:08,520 [INFO] ProjectBuilder:3463 - Time for Copy CMSIS : 0mS.
2026-01-07 23:39:08,522 [INFO] ProjectBuilder:3463 - Time for Copy CMSIS : 0mS.
2026-01-07 23:39:09,254 [INFO] McuFinderGlobals:76 - Set McuFinderConnectedMode to true
2026-01-07 23:39:09,258 [INFO] ApiDb:448 - Save user favorites file C:\Users\22142/.stm32cubeide/favorites.mcus.txt: 0 item(s)
2026-01-07 23:39:09,259 [INFO] ApiDb:452 - User favorites MCUs=[]
2026-01-07 23:40:03,552 [INFO] DmaTabbedPanel:205 - Cannot restore the selected Tab for DMA
2026-01-07 23:40:10,609 [INFO] Gpio:278 - dependency for GPIO [RCC]
2026-01-07 23:40:56,697 [INFO] Gpio:278 - dependency for GPIO [RCC]
2026-01-07 23:41:01,114 [INFO] Gpio:278 - dependency for GPIO [RCC]
2026-01-07 23:41:04,240 [INFO] Gpio:278 - dependency for GPIO [RCC]
2026-01-07 23:41:11,299 [INFO] Gpio:278 - dependency for GPIO [RCC]
2026-01-07 23:41:40,643 [INFO] ADCParametersView:116 -                Rank 1 : false
2026-01-07 23:41:40,657 [INFO] ADCParametersView:116 -                Rank 1 : false
2026-01-07 23:41:40,657 [INFO] ADCParametersView:116 -                Rank 1 : false
2026-01-07 23:41:40,657 [INFO] ADCParametersView:116 -                Rank 1 : false
2026-01-07 23:41:40,657 [INFO] ADCParametersView:116 -                Rank 1 : false
2026-01-07 23:41:40,658 [INFO] ADCParametersView:116 -                Rank 1 : false
2026-01-07 23:41:40,658 [INFO] ADCParametersView:116 -                Rank 1 : false
2026-01-07 23:41:40,658 [INFO] ADCParametersView:116 -                Rank 1 : false
2026-01-07 23:41:40,658 [INFO] ADCParametersView:116 -                Rank 1 : false
2026-01-07 23:41:40,658 [INFO] ADCParametersView:116 -                Rank 1 : false
2026-01-07 23:41:40,658 [INFO] ADCParametersView:116 -                Rank 1 : false
2026-01-07 23:41:40,661 [INFO] ADCParametersView:116 -                Rank 1 : false
2026-01-07 23:41:40,727 [INFO] NvicIntPanel:101 - NVIC parent = com.st.microxplorer.plugins.ip.nvic.MultiNvicIntPanel[,0,0,0x0,invalid,layout=javax.swing.BoxLayout,alignmentX=0.0,alignmentY=0.0,border=,flags=9,maximumSize=,minimumSize=,preferredSize=]
2026-01-07 23:41:40,777 [INFO] NvicIntPanel:101 - NVIC parent = com.st.microxplorer.plugins.ip.nvic.MultiNvicIntPanel[,0,0,0x0,invalid,layout=javax.swing.BoxLayout,alignmentX=0.0,alignmentY=0.0,border=,flags=9,maximumSize=,minimumSize=,preferredSize=]
2026-01-07 23:41:40,817 [INFO] NvicIntPanel:101 - NVIC parent = com.st.microxplorer.plugins.ip.nvic.MultiNvicIntPanel[,0,0,0x0,invalid,layout=javax.swing.BoxLayout,alignmentX=0.0,alignmentY=0.0,border=,flags=9,maximumSize=,minimumSize=,preferredSize=]
2026-01-07 23:41:40,845 [INFO] ADCParametersView:116 -                Rank 1 : false
2026-01-07 23:41:40,845 [INFO] ADCParametersView:116 -                Rank 1 : false
2026-01-07 23:41:40,845 [INFO] ADCParametersView:116 -                Rank 1 : false
2026-01-07 23:41:40,845 [INFO] ADCParametersView:116 -                Rank 1 : false
2026-01-07 23:41:40,845 [INFO] ADCParametersView:116 -                Rank 1 : false
2026-01-07 23:41:40,845 [INFO] ADCParametersView:116 -                Rank 1 : false
2026-01-07 23:41:40,846 [INFO] ADCParametersView:116 -                Rank 1 : false
2026-01-07 23:41:40,846 [INFO] ADCParametersView:116 -                Rank 1 : false
2026-01-07 23:41:40,846 [INFO] ADCParametersView:116 -                Rank 1 : false
2026-01-07 23:41:40,846 [INFO] ADCParametersView:116 -                Rank 1 : false
2026-01-07 23:41:40,850 [INFO] ADCParametersView:116 -                Rank 1 : false
2026-01-07 23:41:40,860 [INFO] ADCParametersView:116 -                Rank 1 : false
2026-01-07 23:41:40,860 [INFO] ADCParametersView:116 -                Rank 1 : false
2026-01-07 23:41:40,860 [INFO] ADCParametersView:116 -                Rank 1 : false
2026-01-07 23:41:40,860 [INFO] ADCParametersView:116 -                Rank 1 : false
2026-01-07 23:41:40,860 [INFO] ADCParametersView:116 -                Rank 1 : false
2026-01-07 23:41:40,860 [INFO] ADCParametersView:116 -                Rank 1 : false
2026-01-07 23:41:40,860 [INFO] ADCParametersView:116 -                Rank 1 : false
2026-01-07 23:41:40,860 [INFO] ADCParametersView:116 -                Rank 1 : false
2026-01-07 23:41:40,861 [INFO] ADCParametersView:116 -                Rank 1 : false
2026-01-07 23:41:40,861 [INFO] ADCParametersView:116 -                Rank 1 : false
2026-01-07 23:41:40,865 [INFO] ADCParametersView:116 -                Rank 1 : false
2026-01-07 23:41:41,198 [INFO] ADCParametersView:116 -                Rank 1 : false
2026-01-07 23:41:41,199 [INFO] ADCParametersView:116 -                Rank 1 : false
2026-01-07 23:41:41,199 [INFO] ADCParametersView:116 -                Rank 1 : false
2026-01-07 23:41:41,199 [INFO] ADCParametersView:116 -                Rank 1 : false
2026-01-07 23:41:41,199 [INFO] ADCParametersView:116 -                Rank 1 : false
2026-01-07 23:41:41,199 [INFO] ADCParametersView:116 -                Rank 1 : false
2026-01-07 23:41:41,199 [INFO] ADCParametersView:116 -                Rank 1 : false
2026-01-07 23:41:41,199 [INFO] ADCParametersView:116 -                Rank 1 : false
2026-01-07 23:41:41,199 [INFO] ADCParametersView:116 -                Rank 1 : false
2026-01-07 23:41:41,200 [INFO] ADCParametersView:116 -                Rank 1 : false
2026-01-07 23:41:41,203 [INFO] ADCParametersView:116 -                Rank 1 : false
2026-01-07 23:41:41,217 [INFO] ADCParametersView:116 -                Rank 1 : false
2026-01-07 23:41:41,217 [INFO] ADCParametersView:116 -                Rank 1 : false
2026-01-07 23:41:41,217 [INFO] ADCParametersView:116 -                Rank 1 : false
2026-01-07 23:41:41,217 [INFO] ADCParametersView:116 -                Rank 1 : false
2026-01-07 23:41:41,217 [INFO] ADCParametersView:116 -                Rank 1 : false
2026-01-07 23:41:41,217 [INFO] ADCParametersView:116 -                Rank 1 : false
2026-01-07 23:41:41,218 [INFO] ADCParametersView:116 -                Rank 1 : false
2026-01-07 23:41:41,218 [INFO] ADCParametersView:116 -                Rank 1 : false
2026-01-07 23:41:41,218 [INFO] ADCParametersView:116 -                Rank 1 : false
2026-01-07 23:41:41,218 [INFO] ADCParametersView:116 -                Rank 1 : false
2026-01-07 23:41:41,221 [INFO] ADCParametersView:116 -                Rank 1 : false
2026-01-07 23:41:41,261 [INFO] ADCParametersView:116 -                Rank 1 : false
2026-01-07 23:41:41,261 [INFO] ADCParametersView:116 -                Rank 1 : false
2026-01-07 23:41:41,262 [INFO] ADCParametersView:116 -                Rank 1 : false
2026-01-07 23:41:41,262 [INFO] ADCParametersView:116 -                Rank 1 : false
2026-01-07 23:41:41,262 [INFO] ADCParametersView:116 -                Rank 1 : false
2026-01-07 23:41:41,262 [INFO] ADCParametersView:116 -                Rank 1 : false
2026-01-07 23:41:41,262 [INFO] ADCParametersView:116 -                Rank 1 : false
2026-01-07 23:41:41,262 [INFO] ADCParametersView:116 -                Rank 1 : false
2026-01-07 23:41:41,262 [INFO] ADCParametersView:116 -                Rank 1 : false
2026-01-07 23:41:41,262 [INFO] ADCParametersView:116 -                Rank 1 : false
2026-01-07 23:41:41,266 [INFO] ADCParametersView:116 -                Rank 1 : false
2026-01-07 23:41:41,276 [INFO] ADCParametersView:116 -                Rank 1 : false
2026-01-07 23:41:41,277 [INFO] ADCParametersView:116 -                Rank 1 : false
2026-01-07 23:41:41,277 [INFO] ADCParametersView:116 -                Rank 1 : false
2026-01-07 23:41:41,277 [INFO] ADCParametersView:116 -                Rank 1 : false
2026-01-07 23:41:41,277 [INFO] ADCParametersView:116 -                Rank 1 : false
2026-01-07 23:41:41,277 [INFO] ADCParametersView:116 -                Rank 1 : false
2026-01-07 23:41:41,277 [INFO] ADCParametersView:116 -                Rank 1 : false
2026-01-07 23:41:41,277 [INFO] ADCParametersView:116 -                Rank 1 : false
2026-01-07 23:41:41,277 [INFO] ADCParametersView:116 -                Rank 1 : false
2026-01-07 23:41:41,277 [INFO] ADCParametersView:116 -                Rank 1 : false
2026-01-07 23:41:41,281 [INFO] ADCParametersView:116 -                Rank 1 : false
2026-01-07 23:41:42,642 [INFO] ADCParametersView:116 -                Rank 1 : false
2026-01-07 23:41:42,643 [INFO] ADCParametersView:116 -                Rank 1 : false
2026-01-07 23:41:42,643 [INFO] ADCParametersView:116 -                Rank 1 : false
2026-01-07 23:41:42,643 [INFO] ADCParametersView:116 -                Rank 1 : false
2026-01-07 23:41:42,643 [INFO] ADCParametersView:116 -                Rank 1 : false
2026-01-07 23:41:42,643 [INFO] ADCParametersView:116 -                Rank 1 : false
2026-01-07 23:41:42,643 [INFO] ADCParametersView:116 -                Rank 1 : false
2026-01-07 23:41:42,643 [INFO] ADCParametersView:116 -                Rank 1 : false
2026-01-07 23:41:42,643 [INFO] ADCParametersView:116 -                Rank 1 : false
2026-01-07 23:41:42,643 [INFO] ADCParametersView:116 -                Rank 1 : false
2026-01-07 23:41:42,647 [INFO] ADCParametersView:116 -                Rank 1 : false
2026-01-07 23:41:42,658 [INFO] ADCParametersView:116 -                Rank 1 : false
2026-01-07 23:41:42,658 [INFO] ADCParametersView:116 -                Rank 1 : false
2026-01-07 23:41:42,658 [INFO] ADCParametersView:116 -                Rank 1 : false
2026-01-07 23:41:42,658 [INFO] ADCParametersView:116 -                Rank 1 : false
2026-01-07 23:41:42,658 [INFO] ADCParametersView:116 -                Rank 1 : false
2026-01-07 23:41:42,658 [INFO] ADCParametersView:116 -                Rank 1 : false
2026-01-07 23:41:42,658 [INFO] ADCParametersView:116 -                Rank 1 : false
2026-01-07 23:41:42,658 [INFO] ADCParametersView:116 -                Rank 1 : false
2026-01-07 23:41:42,658 [INFO] ADCParametersView:116 -                Rank 1 : false
2026-01-07 23:41:42,658 [INFO] ADCParametersView:116 -                Rank 1 : false
2026-01-07 23:41:42,662 [INFO] ADCParametersView:116 -                Rank 1 : false
2026-01-07 23:41:42,697 [INFO] ADCParametersView:116 -                Rank 1 : false
2026-01-07 23:41:42,698 [INFO] ADCParametersView:116 -                Rank 1 : false
2026-01-07 23:41:42,698 [INFO] ADCParametersView:116 -                Rank 1 : false
2026-01-07 23:41:42,698 [INFO] ADCParametersView:116 -                Rank 1 : false
2026-01-07 23:41:42,698 [INFO] ADCParametersView:116 -                Rank 1 : false
2026-01-07 23:41:42,698 [INFO] ADCParametersView:116 -                Rank 1 : false
2026-01-07 23:41:42,698 [INFO] ADCParametersView:116 -                Rank 1 : false
2026-01-07 23:41:42,698 [INFO] ADCParametersView:116 -                Rank 1 : false
2026-01-07 23:41:42,698 [INFO] ADCParametersView:116 -                Rank 1 : false
2026-01-07 23:41:42,698 [INFO] ADCParametersView:116 -                Rank 1 : false
2026-01-07 23:41:42,701 [INFO] ADCParametersView:116 -                Rank 1 : false
2026-01-07 23:41:42,711 [INFO] ADCParametersView:116 -                Rank 1 : false
2026-01-07 23:41:42,711 [INFO] ADCParametersView:116 -                Rank 1 : false
2026-01-07 23:41:42,711 [INFO] ADCParametersView:116 -                Rank 1 : false
2026-01-07 23:41:42,711 [INFO] ADCParametersView:116 -                Rank 1 : false
2026-01-07 23:41:42,711 [INFO] ADCParametersView:116 -                Rank 1 : false
2026-01-07 23:41:42,711 [INFO] ADCParametersView:116 -                Rank 1 : false
2026-01-07 23:41:42,711 [INFO] ADCParametersView:116 -                Rank 1 : false
2026-01-07 23:41:42,711 [INFO] ADCParametersView:116 -                Rank 1 : false
2026-01-07 23:41:42,712 [INFO] ADCParametersView:116 -                Rank 1 : false
2026-01-07 23:41:42,712 [INFO] ADCParametersView:116 -                Rank 1 : false
2026-01-07 23:41:42,716 [INFO] ADCParametersView:116 -                Rank 1 : false
2026-01-07 23:42:15,692 [INFO] Can:71 - Can Add PropertyChangeListener com.st.microxplorer.plugins.ip.can.Can@3c42bad4
2026-01-07 23:42:24,601 [WARN] IP:2250 - I2C_Coeff_DF not found: check if there is a RefParameter without a condition.
2026-01-07 23:42:24,601 [WARN] IP:2250 - Analog_Filter not found: check if there is a RefParameter without a condition.
2026-01-07 23:42:24,611 [WARN] IP:2250 - I2C_Coeff_DF not found: check if there is a RefParameter without a condition.
2026-01-07 23:42:24,611 [WARN] IP:2250 - Analog_Filter not found: check if there is a RefParameter without a condition.
2026-01-07 23:42:24,612 [WARN] IP:2250 - I2C_Coeff_DF not found: check if there is a RefParameter without a condition.
2026-01-07 23:42:24,612 [WARN] IP:2250 - Analog_Filter not found: check if there is a RefParameter without a condition.
2026-01-07 23:42:24,651 [WARN] IP:2250 - I2C_Coeff_DF not found: check if there is a RefParameter without a condition.
2026-01-07 23:42:24,651 [WARN] IP:2250 - Analog_Filter not found: check if there is a RefParameter without a condition.
2026-01-07 23:42:24,653 [WARN] IP:2250 - I2C_Coeff_DF not found: check if there is a RefParameter without a condition.
2026-01-07 23:42:24,653 [WARN] IP:2250 - Analog_Filter not found: check if there is a RefParameter without a condition.
2026-01-07 23:42:54,581 [INFO] UtilMem:75 - End SaveConfig() Used Memory: 725536432 Bytes (1073741824)
2026-01-07 23:42:54,644 [INFO] UtilMem:75 - End SaveConfig() Used Memory: 740175288 Bytes (1073741824)
2026-01-07 23:42:55,390 [INFO] UtilMem:75 - End SaveConfig() Used Memory: 792261144 Bytes (1073741824)
2026-01-07 23:42:55,719 [INFO] BlockDiagram:2775 - set Specific Code input for plugin: NVIC
2026-01-07 23:42:55,719 [INFO] BlockDiagram:2775 - set Specific Code input for plugin: SYS
2026-01-07 23:42:55,719 [INFO] BlockDiagram:2775 - set Specific Code input for plugin: GPIO
2026-01-07 23:42:55,719 [INFO] BlockDiagram:2775 - set Specific Code input for plugin: RCC
2026-01-07 23:42:55,720 [INFO] CodeGenerator:892 - code generatio: config db path: D:\installs\STM32CubeIDE_1.19.0\STM32CubeIDE\plugins\com.st.stm32cube.common.mx_6.15.0.202507011659\\db\
2026-01-07 23:42:55,772 [INFO] CodeEngine:265 - oldGeneratedFile, D:\projects\stm32_cube_ide\blink_test\MXTmpFiles\license.tmp_save
2026-01-07 23:42:55,915 [INFO] CodeEngine:289 - Generated code: D:\projects\stm32_cube_ide\blink_test\MXTmpFiles\license.tmp
2026-01-07 23:42:55,975 [INFO] CodeEngine:265 - oldGeneratedFile, D:\projects\stm32_cube_ide\blink_test\MXTmpFiles\gpio.tmp_save
2026-01-07 23:42:56,063 [INFO] CodeEngine:289 - Generated code: D:\projects\stm32_cube_ide\blink_test\MXTmpFiles\gpio.tmp
2026-01-07 23:42:56,077 [INFO] CodeEngine:265 - oldGeneratedFile, D:\projects\stm32_cube_ide\blink_test\Core\Src\stm32f1xx_it.c_save
2026-01-07 23:42:56,161 [INFO] CodeEngine:289 - Generated code: D:\projects\stm32_cube_ide\blink_test\Core\Src\stm32f1xx_it.c
2026-01-07 23:42:56,166 [INFO] CodeEngine:265 - oldGeneratedFile, D:\projects\stm32_cube_ide\blink_test\Core\Inc\stm32f1xx_it.h_save
2026-01-07 23:42:56,241 [INFO] CodeEngine:289 - Generated code: D:\projects\stm32_cube_ide\blink_test\Core\Inc\stm32f1xx_it.h
2026-01-07 23:42:56,250 [INFO] CodeEngine:265 - oldGeneratedFile, D:\projects\stm32_cube_ide\blink_test\Core\Src\stm32f1xx_hal_msp.c_save
2026-01-07 23:42:56,357 [INFO] CodeEngine:289 - Generated code: D:\projects\stm32_cube_ide\blink_test\Core\Src\stm32f1xx_hal_msp.c
2026-01-07 23:42:56,362 [INFO] CodeEngine:265 - oldGeneratedFile, D:\projects\stm32_cube_ide\blink_test\MXTmpFiles\system.tmp_save
2026-01-07 23:42:56,419 [INFO] CodeEngine:289 - Generated code: D:\projects\stm32_cube_ide\blink_test\MXTmpFiles\system.tmp
2026-01-07 23:42:56,426 [INFO] CodeEngine:321 - oldGeneratedFile, D:\projects\stm32_cube_ide\blink_test\Core\Inc\stm32f1xx_hal_conf.h_save
2026-01-07 23:42:56,490 [INFO] CodeEngine:345 - Generated code: D:\projects\stm32_cube_ide\blink_test\Core\Inc\stm32f1xx_hal_conf.h
2026-01-07 23:42:56,513 [INFO] CodeEngine:265 - oldGeneratedFile, D:\projects\stm32_cube_ide\blink_test\Core\Inc\main.h_save
2026-01-07 23:42:56,574 [INFO] CodeEngine:289 - Generated code: D:\projects\stm32_cube_ide\blink_test\Core\Inc\main.h
2026-01-07 23:42:56,578 [INFO] CodeEngine:265 - oldGeneratedFile, D:\projects\stm32_cube_ide\blink_test\Core\Src\main.c_save
2026-01-07 23:42:56,669 [INFO] CodeEngine:289 - Generated code: D:\projects\stm32_cube_ide\blink_test\Core\Src\main.c
2026-01-07 23:42:56,877 [INFO] ProjectBuilder:3606 - Time for Copy HAL[1] : 92mS.
2026-01-07 23:42:56,879 [INFO] ProjectBuilder:5216 - Project Generator version: 4.7.0-B52
2026-01-07 23:42:56,937 [INFO] ConfigFileManager:1595 - The Die is : DIE410
2026-01-07 23:42:58,111 [INFO] ProjectBuilder:5496 - Time for Generating toolchain IDE Files: 1230mS.
2026-01-07 23:42:58,111 [INFO] ProjectBuilder:3463 - Time for Copy CMSIS : 0mS.
2026-01-07 23:42:58,112 [INFO] ProjectBuilder:3463 - Time for Copy CMSIS : 0mS.
2026-01-07 23:53:39,765 [INFO] MainUpdater:2872 - connection check result : 10
2026-01-07 23:53:39,765 [INFO] MainUpdater:2872 - connection check result : 10
2026-01-07 23:53:39,836 [INFO] MicroXplorer:468 - Change Database Path : 
2026-01-07 23:53:39,836 [INFO] MicroXplorer:498 - Change Database Version : DB.6.0.150
2026-01-07 23:53:39,851 [ERROR] ProjectManagerView:395 - 
java.lang.NullPointerException: Cannot invoke "javax.swing.JTextField.getText()" because the return value of "java.util.List.get(int)" is null
	at com.st.microxplorer.plugins.projectmanager.gui.ProjectChoiceTab$9.caretUpdate(ProjectChoiceTab.java:2706) ~[filemanager.jar:?]
	at javax.swing.text.JTextComponent.fireCaretUpdate(JTextComponent.java:408) ~[?:?]
	at javax.swing.text.JTextComponent$MutableCaretEvent.fire(JTextComponent.java:4484) ~[?:?]
	at javax.swing.text.JTextComponent$MutableCaretEvent.stateChanged(JTextComponent.java:4506) ~[?:?]
	at javax.swing.text.DefaultCaret.fireStateChanged(DefaultCaret.java:857) ~[?:?]
	at javax.swing.text.DefaultCaret.changeCaretPosition(DefaultCaret.java:1343) ~[?:?]
	at javax.swing.text.DefaultCaret.handleSetDot(DefaultCaret.java:1242) ~[?:?]
	at javax.swing.text.DefaultCaret.setDot(DefaultCaret.java:1223) ~[?:?]
	at javax.swing.text.DefaultCaret$Handler.insertUpdate(DefaultCaret.java:1819) ~[?:?]
	at javax.swing.text.AbstractDocument.fireInsertUpdate(AbstractDocument.java:227) ~[?:?]
	at javax.swing.text.AbstractDocument.handleInsertString(AbstractDocument.java:781) ~[?:?]
	at javax.swing.text.AbstractDocument.insertString(AbstractDocument.java:740) ~[?:?]
	at javax.swing.text.PlainDocument.insertString(PlainDocument.java:131) ~[?:?]
	at javax.swing.text.AbstractDocument.replace(AbstractDocument.java:699) ~[?:?]
	at javax.swing.text.JTextComponent.setText(JTextComponent.java:1725) ~[?:?]
	at com.st.microxplorer.plugins.projectmanager.gui.ProjectChoiceTab.createHeapStackFields(ProjectChoiceTab.java:993) ~[filemanager.jar:?]
	at com.st.microxplorer.plugins.projectmanager.gui.ProjectChoiceTab.buildLinkSettingsPanel(ProjectChoiceTab.java:3813) ~[filemanager.jar:?]
	at com.st.microxplorer.plugins.projectmanager.gui.ProjectChoiceTab.defineWindowsFields(ProjectChoiceTab.java:1987) ~[filemanager.jar:?]
	at com.st.microxplorer.plugins.projectmanager.gui.ProjectChoiceTab.updateSettings(ProjectChoiceTab.java:558) ~[filemanager.jar:?]
	at com.st.microxplorer.plugins.projectmanager.gui.ProjectSettingsPanel.UpdateDialog(ProjectSettingsPanel.java:247) ~[filemanager.jar:?]
	at com.st.microxplorer.plugins.projectmanager.ProjectManagerView.propertyChange(ProjectManagerView.java:392) ~[filemanager.jar:?]
	at java.beans.PropertyChangeSupport.fire(PropertyChangeSupport.java:343) ~[?:?]
	at java.beans.PropertyChangeSupport.firePropertyChange(PropertyChangeSupport.java:335) ~[?:?]
	at java.beans.PropertyChangeSupport.firePropertyChange(PropertyChangeSupport.java:268) ~[?:?]
	at com.st.microxplorer.util.MXPropertyChangeSupport.firePropertyChange(MXPropertyChangeSupport.java:54) ~[STM32CubeMX.jar:?]
	at com.st.microxplorer.mxsystem.MxSystem.closeConfig(MxSystem.java:899) ~[STM32CubeMX.jar:?]
	at com.st.microxplorer.maingui.MainPanel.closeConfig(MainPanel.java:792) ~[STM32CubeMX.jar:?]
	at com.st.microxplorer.plugins.filemanager.engine.OpenFileManager.loadConfigurationFile(OpenFileManager.java:288) ~[filemanager.jar:?]
	at com.st.microxplorer.plugins.filemanager.engine.MainFileManager.userLoadConfig(MainFileManager.java:364) ~[filemanager.jar:?]
	at com.st.microxplorer.plugins.filemanager.engine.MainFileManager.userLoadConfig(MainFileManager.java:342) ~[filemanager.jar:?]
	at com.st.microxplorer.plugins.filemanager.FileManagerView.getSpecificTask(FileManagerView.java:264) ~[filemanager.jar:?]
	at com.st.stm32cube.common.mx.editor.CubeMxEditor.getMxTabbedPaneInstance(CubeMxEditor.java:1198) ~[com.st.stm32cube.common.mx_6.15.0.202507011659/:?]
	at com.st.stm32cube.common.mx.editor.CubeMxEditor$12$1.createSwingComponent(CubeMxEditor.java:1068) ~[com.st.stm32cube.common.mx_6.15.0.202507011659/:?]
	at com.st.stm32cube.common.mx.oss.core.awtswtbridge.EmbeddedSwingComposite.doComponentCreation(EmbeddedSwingComposite.java:492) ~[com.st.stm32cube.common.mx.oss_6.15.0.202507011659/:?]
	at com.st.stm32cube.common.mx.oss.core.awtswtbridge.EmbeddedSwingComposite$4.run(EmbeddedSwingComposite.java:291) ~[com.st.stm32cube.common.mx.oss_6.15.0.202507011659/:?]
	at com.st.stm32cube.common.mx.oss.core.awtswtbridge.AwtEnvironment$2.run(AwtEnvironment.java:166) ~[com.st.stm32cube.common.mx.oss_6.15.0.202507011659/:?]
	at java.awt.event.InvocationEvent.dispatch(InvocationEvent.java:318) ~[?:?]
	at java.awt.EventQueue.dispatchEventImpl(EventQueue.java:773) ~[?:?]
	at java.awt.EventQueue$4.run(EventQueue.java:720) ~[?:?]
	at java.awt.EventQueue$4.run(EventQueue.java:714) ~[?:?]
	at java.security.AccessController.doPrivileged(AccessController.java:400) ~[?:?]
	at java.security.ProtectionDomain$JavaSecurityAccessImpl.doIntersectionPrivilege(ProtectionDomain.java:87) ~[?:?]
	at java.awt.EventQueue.dispatchEvent(EventQueue.java:742) ~[?:?]
	at java.awt.EventDispatchThread.pumpOneEventForFilters(EventDispatchThread.java:203) ~[?:?]
	at java.awt.EventDispatchThread.pumpEventsForFilter(EventDispatchThread.java:124) ~[?:?]
	at java.awt.EventDispatchThread.pumpEventsForHierarchy(EventDispatchThread.java:113) ~[?:?]
	at java.awt.EventDispatchThread.pumpEvents(EventDispatchThread.java:109) ~[?:?]
	at java.awt.EventDispatchThread.pumpEvents(EventDispatchThread.java:101) ~[?:?]
	at java.awt.EventDispatchThread.run(EventDispatchThread.java:90) ~[?:?]
2026-01-07 23:53:39,938 [WARN] ThirdParty:871 - waiting for thirdparty lock release [close project]
2026-01-07 23:53:39,938 [INFO] ThirdParty:873 - entering critical section [close project]
2026-01-07 23:53:39,938 [INFO] ThirdParty:883 - exiting critical section [close project]
2026-01-07 23:53:39,939 [INFO] PinOutPanel:1589 - setPackage(No Configuration,No Configuration)
2026-01-07 23:53:39,966 [INFO] UtilMem:75 - Begin LoadConfig() Used Memory: 840143552 Bytes (1073741824)
2026-01-07 23:53:39,966 [INFO] MicroXplorer:468 - Change Database Path : 
2026-01-07 23:53:39,967 [INFO] MicroXplorer:498 - Change Database Version : DB.6.0.150
2026-01-07 23:53:39,967 [INFO] OpenFileManager:355 - Change cursor
2026-01-07 23:53:39,983 [INFO] RulesReader:64 - Compatibility file has been processed (317 Rules)
2026-01-07 23:53:39,988 [INFO] Mcu:2029 - Initializing MCU STM32F103C(8-B)Tx STM32F103C8Tx STM32F103C8T6
2026-01-07 23:53:40,399 [INFO] Context:786 - Trying to add GPIOservice into a context  which must be forbidden
2026-01-07 23:53:40,555 [INFO] ImportTextPane:234 - (OptionalMessage_ERROR) Pin8 (VP_RIF_VS_RIF1) cannot be retrieved for this MCU
2026-01-07 23:53:40,590 [INFO] RtosManager:558 - Registered RTOS mode: class=CMSIS, group=RTOS, mode=CMSIS_V1, owner=FREERTOS
2026-01-07 23:53:40,590 [INFO] RtosManager:558 - Registered RTOS mode: class=CMSIS, group=RTOS2, mode=CMSIS_V2, owner=FREERTOS
2026-01-07 23:53:40,590 [INFO] RtosManager:558 - Registered RTOS mode: class=RTOS, group=Core, mode=CMSIS_V1, owner=FREERTOS
2026-01-07 23:53:40,590 [INFO] RtosManager:558 - Registered RTOS mode: class=RTOS, group=Core, mode=CMSIS_V2, owner=FREERTOS
2026-01-07 23:53:40,590 [WARN] ModelIntegratedComponent:184 - Missing modes for component STMicroelectronics:FreeRTOS:0.0.1:STMicroelectronics:RTOS:FreeRTOS:Core:::10.2.0:
2026-01-07 23:53:40,602 [WARN] ModelIntegratedComponent:63 - No mode defined for component null
2026-01-07 23:53:40,602 [WARN] ModelIntegratedComponent:63 - No mode defined for component null
2026-01-07 23:53:40,602 [WARN] ModelIntegratedComponent:63 - No mode defined for component null
2026-01-07 23:53:40,602 [WARN] ModelIntegratedComponent:63 - No mode defined for component null
2026-01-07 23:53:40,602 [WARN] ModelIntegratedComponent:63 - No mode defined for component null
2026-01-07 23:53:40,602 [WARN] ModelIntegratedComponent:63 - No mode defined for component null
2026-01-07 23:53:40,602 [WARN] ModelIntegratedComponent:63 - No mode defined for component null
2026-01-07 23:53:40,602 [WARN] ModelIntegratedComponent:63 - No mode defined for component null
2026-01-07 23:53:40,602 [WARN] ModelIntegratedComponent:63 - No mode defined for component null
2026-01-07 23:53:40,602 [WARN] ModelIntegratedComponent:63 - No mode defined for component null
2026-01-07 23:53:40,602 [WARN] ModelIntegratedComponent:63 - No mode defined for component null
2026-01-07 23:53:40,602 [WARN] ModelIntegratedComponent:63 - No mode defined for component null
2026-01-07 23:53:40,602 [WARN] ModelIntegratedComponent:63 - No mode defined for component null
2026-01-07 23:53:40,602 [WARN] ModelIntegratedComponent:63 - No mode defined for component null
2026-01-07 23:53:40,602 [WARN] ModelIntegratedComponent:63 - No mode defined for component null
2026-01-07 23:53:40,602 [WARN] ModelIntegratedComponent:63 - No mode defined for component null
2026-01-07 23:53:40,603 [WARN] ModelIntegratedComponent:63 - No mode defined for component null
2026-01-07 23:53:40,603 [WARN] ModelIntegratedComponent:63 - No mode defined for component null
2026-01-07 23:53:40,603 [WARN] ModelIntegratedComponent:63 - No mode defined for component null
2026-01-07 23:53:40,603 [WARN] ModelIntegratedComponent:63 - No mode defined for component null
2026-01-07 23:53:40,603 [WARN] ModelIntegratedComponent:63 - No mode defined for component null
2026-01-07 23:53:40,603 [WARN] ModelIntegratedComponent:63 - No mode defined for component null
2026-01-07 23:53:40,603 [WARN] ModelIntegratedComponent:63 - No mode defined for component null
2026-01-07 23:53:40,603 [WARN] ModelIntegratedComponent:63 - No mode defined for component null
2026-01-07 23:53:40,603 [WARN] ModelIntegratedComponent:63 - No mode defined for component null
2026-01-07 23:53:40,603 [WARN] ModelIntegratedComponent:63 - No mode defined for component null
2026-01-07 23:53:40,603 [WARN] ModelIntegratedComponent:63 - No mode defined for component null
2026-01-07 23:53:40,603 [WARN] ModelIntegratedComponent:63 - No mode defined for component null
2026-01-07 23:53:40,603 [WARN] ModelIntegratedComponent:63 - No mode defined for component null
2026-01-07 23:53:40,603 [WARN] ModelIntegratedComponent:63 - No mode defined for component null
2026-01-07 23:53:40,603 [WARN] ModelIntegratedComponent:63 - No mode defined for component null
2026-01-07 23:53:40,603 [WARN] ModelIntegratedComponent:63 - No mode defined for component null
2026-01-07 23:53:40,603 [WARN] ModelIntegratedComponent:63 - No mode defined for component null
2026-01-07 23:53:40,603 [WARN] ModelIntegratedComponent:63 - No mode defined for component null
2026-01-07 23:53:40,603 [WARN] ModelIntegratedComponent:63 - No mode defined for component null
2026-01-07 23:53:40,603 [WARN] ModelPack:524 - Component already loaded: STMicroelectronics:HAL Drivers:0.0.0:STMicroelectronics:Device:STMicro_Driver:XSPI:HAL::0.0.1:HAL_XSPI
2026-01-07 23:53:40,780 [INFO] ThirdPartyModel:298 - Start build external matchings
2026-01-07 23:53:41,722 [INFO] ThirdPartyModel:316 - End build external matchings
2026-01-07 23:53:41,751 [INFO] ImportTextPane:234 - (OptionalMessage_ERROR) IP (RCC) : Parameter (ADCFreqValue) has invalid value (36000000)
2026-01-07 23:53:41,751 [INFO] ImportTextPane:234 - (OptionalMessage_ERROR) IP (RCC) : Invalid parameter (FamilyName)
2026-01-07 23:53:41,751 [INFO] ImportTextPane:234 - (OptionalMessage_ERROR) IP (RCC) : Parameter (MCOFreq_Value) has invalid value (72000000)
2026-01-07 23:53:41,751 [INFO] ImportTextPane:234 - (OptionalMessage_ERROR) IP (RCC) : Parameter (USBFreq_Value) has invalid value (72000000)
2026-01-07 23:53:41,934 [INFO] UtilMem:75 - End LoadConfig() Used Memory: 798776808 Bytes (1073741824)
2026-01-07 23:53:41,973 [WARN] ThirdParty:833 - waiting for thirdparty lock release [change project]
2026-01-07 23:53:41,974 [INFO] ThirdParty:835 - entering critical section [change project]
2026-01-07 23:53:41,974 [INFO] ThirdParty:1030 - CMSIS Pack Vendor :STMicroelectronics X-CUBE-PM33A1 1.0.0
2026-01-07 23:53:41,974 [INFO] ThirdParty:1030 - CMSIS Pack Vendor :STMicroelectronics USBPD 4.1
2026-01-07 23:53:41,974 [INFO] ThirdParty:1030 - CMSIS Pack Vendor :STMicroelectronics USB_HOST 2.0.0
2026-01-07 23:53:41,974 [INFO] ThirdParty:1030 - CMSIS Pack Vendor :STMicroelectronics FP-SNS-MOTENVWB1 1.4.0
2026-01-07 23:53:41,974 [INFO] ThirdParty:1030 - CMSIS Pack Vendor :STMicroelectronics X-CUBE-AZRTOS-F4 1.1.0
2026-01-07 23:53:41,974 [INFO] ThirdParty:1030 - CMSIS Pack Vendor :STMicroelectronics LIBJPEG 8.0.0
2026-01-07 23:53:41,974 [INFO] ThirdParty:1030 - CMSIS Pack Vendor :STMicroelectronics FP-ATR-ASTRA1 2.0.2
2026-01-07 23:53:41,974 [INFO] ThirdParty:1030 - CMSIS Pack Vendor :STMicroelectronics X-CUBE-SMBUS 2.1.0
2026-01-07 23:53:41,974 [INFO] ThirdParty:1030 - CMSIS Pack Vendor :STMicroelectronics X-CUBE-WB05N 1.1.0
2026-01-07 23:53:41,974 [INFO] ThirdParty:1030 - CMSIS Pack Vendor :STMicroelectronics X-CUBE-ISPU 2.1.0
2026-01-07 23:53:41,974 [INFO] ThirdParty:1030 - CMSIS Pack Vendor :STMicroelectronics X-CUBE-IPS 3.2.0
2026-01-07 23:53:41,974 [INFO] ThirdParty:1030 - CMSIS Pack Vendor :STMicroelectronics X-CUBE-NFC12 1.0.0
2026-01-07 23:53:41,974 [INFO] ThirdParty:1030 - CMSIS Pack Vendor :STMicroelectronics X-CUBE-AZRTOS-F7 1.1.0
2026-01-07 23:53:41,974 [INFO] ThirdParty:1030 - CMSIS Pack Vendor :STMicroelectronics X-CUBE-AZRTOS-L5 2.0.0
2026-01-07 23:53:41,974 [INFO] ThirdParty:1030 - CMSIS Pack Vendor :STMicroelectronics USB_DEVICE 2.0.0
2026-01-07 23:53:41,974 [INFO] ThirdParty:1030 - CMSIS Pack Vendor :STMicroelectronics X-CUBE-NFC6 3.1.0
2026-01-07 23:53:41,974 [INFO] ThirdParty:1030 - CMSIS Pack Vendor :STMicroelectronics FP-SNS-MOTENV1 5.1.0
2026-01-07 23:53:41,974 [INFO] ThirdParty:1030 - CMSIS Pack Vendor :STMicroelectronics FreeRTOS 0.0.1
2026-01-07 23:53:41,974 [INFO] ThirdParty:1030 - CMSIS Pack Vendor :STMicroelectronics X-CUBE-DPower 1.2.0
2026-01-07 23:53:41,974 [INFO] ThirdParty:1030 - CMSIS Pack Vendor :Infineon AIROC-Wi-Fi-Bluetooth-STM32 1.7.0
2026-01-07 23:53:41,974 [INFO] ThirdParty:1030 - CMSIS Pack Vendor :STMicroelectronics PDM2PCM 3.3.0
2026-01-07 23:53:41,974 [INFO] ThirdParty:1030 - CMSIS Pack Vendor :STMicroelectronics X-CUBE-AZRTOS-H7 3.4.0
2026-01-07 23:53:41,974 [INFO] ThirdParty:1030 - CMSIS Pack Vendor :STMicroelectronics X-CUBE-DISPLAY 3.0.0
2026-01-07 23:53:41,974 [INFO] ThirdParty:1030 - CMSIS Pack Vendor :STMicroelectronics X-CUBE-NFC10 1.0.0
2026-01-07 23:53:41,974 [INFO] ThirdParty:1030 - CMSIS Pack Vendor :STMicroelectronics X-CUBE-BLEMGR 4.0.0
2026-01-07 23:53:41,974 [INFO] ThirdParty:1030 - CMSIS Pack Vendor :STMicroelectronics HAL Drivers 0.0.0
2026-01-07 23:53:41,974 [INFO] ThirdParty:1030 - CMSIS Pack Vendor :STMicroelectronics X-CUBE-ST60 1.1.0
2026-01-07 23:53:41,974 [INFO] ThirdParty:1030 - CMSIS Pack Vendor :emotas I-CUBE-CANOPEN 1.3.0
2026-01-07 23:53:41,974 [INFO] ThirdParty:1030 - CMSIS Pack Vendor :STMicroelectronics X-CUBE-FREERTOS 1.3.0
2026-01-07 23:53:41,974 [INFO] ThirdParty:1030 - CMSIS Pack Vendor :STMicroelectronics X-CUBE-NFC7 1.0.1
2026-01-07 23:53:41,975 [INFO] ThirdParty:1030 - CMSIS Pack Vendor :STMicroelectronics MBEDTLS 2.14.1
2026-01-07 23:53:41,975 [INFO] ThirdParty:1030 - CMSIS Pack Vendor :STMicroelectronics X-CUBE-GNSS1 7.1.0
2026-01-07 23:53:41,975 [INFO] ThirdParty:1030 - CMSIS Pack Vendor :STMicroelectronics X-CUBE-TOUCHGFX 4.26.0
2026-01-07 23:53:41,975 [INFO] ThirdParty:1030 - CMSIS Pack Vendor :quantropi X-CUBE-qispace-sdk-base 2.0.0
2026-01-07 23:53:41,975 [INFO] ThirdParty:1030 - CMSIS Pack Vendor :STMicroelectronics X-CUBE-AI 10.0.0
2026-01-07 23:53:41,975 [INFO] ThirdParty:1030 - CMSIS Pack Vendor :STMicroelectronics FP-SNS-STBOX1 2.1.0
2026-01-07 23:53:41,975 [INFO] ThirdParty:1030 - CMSIS Pack Vendor :STMicroelectronics FP-SNS-STAIOTCFT 1.0.0
2026-01-07 23:53:41,975 [INFO] ThirdParty:1030 - CMSIS Pack Vendor :STMicroelectronics FP-SNS-SMARTAG2 1.2.0
2026-01-07 23:53:41,975 [INFO] ThirdParty:1030 - CMSIS Pack Vendor :STMicroelectronics FP-SNS-FLIGHT1 5.1.0
2026-01-07 23:53:41,975 [INFO] ThirdParty:1030 - CMSIS Pack Vendor :STMicroelectronics X-CUBE-MEMS1 11.1.0
2026-01-07 23:53:41,975 [INFO] ThirdParty:1030 - CMSIS Pack Vendor :STMicroelectronics X-CUBE-AZRTOS-WL 2.0.0
2026-01-07 23:53:41,975 [INFO] ThirdParty:1030 - CMSIS Pack Vendor :STMicroelectronics X-CUBE-DPower 1.3.0
2026-01-07 23:53:41,975 [INFO] ThirdParty:1030 - CMSIS Pack Vendor :STMicroelectronics FP-SNS-MOTENV1 5.0.0
2026-01-07 23:53:41,975 [INFO] ThirdParty:1030 - CMSIS Pack Vendor :STMicroelectronics USB_DEVICE 1.0.0
2026-01-07 23:53:41,975 [INFO] ThirdParty:1030 - CMSIS Pack Vendor :STMicroelectronics X-CUBE-AZRTOS-H7RS 1.2.0
2026-01-07 23:53:41,975 [INFO] ThirdParty:1030 - CMSIS Pack Vendor :STMicroelectronics X-CUBE-AZRTOS-L4 2.0.0
2026-01-07 23:53:41,975 [INFO] ThirdParty:1030 - CMSIS Pack Vendor :STMicroelectronics ThreadX 0.0.2
2026-01-07 23:53:41,975 [INFO] ThirdParty:1030 - CMSIS Pack Vendor :WES I-CUBE-Cesium 1.3.0
2026-01-07 23:53:41,975 [INFO] ThirdParty:1030 - CMSIS Pack Vendor :STMicroelectronics lwIP 2.1.2
2026-01-07 23:53:41,975 [INFO] ThirdParty:1030 - CMSIS Pack Vendor :STMicroelectronics X-CUBE-SFXS2LP1 4.0.0
2026-01-07 23:53:41,975 [INFO] ThirdParty:1030 - CMSIS Pack Vendor :STMicroelectronics X-CUBE-BLE2 3.3.0
2026-01-07 23:53:41,975 [INFO] ThirdParty:1030 - CMSIS Pack Vendor :Avnet-IOTCONNECT X-CUBE-iotc-st67-sdk 1.0.0
2026-01-07 23:53:41,975 [INFO] ThirdParty:1030 - CMSIS Pack Vendor :STMicroelectronics PDM2PCM 3.2.0
2026-01-07 23:53:41,975 [INFO] ThirdParty:1030 - CMSIS Pack Vendor :STMicroelectronics X-CUBE-AZRTOS-H7 3.3.0
2026-01-07 23:53:41,975 [INFO] ThirdParty:1030 - CMSIS Pack Vendor :STMicroelectronics X-CUBE-NFC9 1.0.0
2026-01-07 23:53:41,975 [INFO] ThirdParty:1030 - CMSIS Pack Vendor :STMicroelectronics X-CUBE-BLE1 7.1.0
2026-01-07 23:53:41,975 [INFO] ThirdParty:1030 - CMSIS Pack Vendor :wolfSSL I-CUBE-wolfMQTT 1.19.2
2026-01-07 23:53:41,975 [INFO] ThirdParty:1030 - CMSIS Pack Vendor :STMicroelectronics USB_DEVICE 3.0.0
2026-01-07 23:53:41,975 [INFO] ThirdParty:1030 - CMSIS Pack Vendor :STMicroelectronics X-CUBE-FREERTOS 1.4.0
2026-01-07 23:53:41,975 [INFO] ThirdParty:1030 - CMSIS Pack Vendor :STMicroelectronics X-CUBE-EEPRMA1 5.2.0
2026-01-07 23:53:41,975 [INFO] ThirdParty:1030 - CMSIS Pack Vendor :STMicroelectronics X-CUBE-BLEMGR 4.1.0
2026-01-07 23:53:41,975 [INFO] ThirdParty:1030 - CMSIS Pack Vendor :STMicroelectronics X-CUBE-AZRTOS-WB 2.0.0
2026-01-07 23:53:41,975 [INFO] ThirdParty:1030 - CMSIS Pack Vendor :STMicroelectronics X-CUBE-GNSS1 7.0.1
2026-01-07 23:53:41,975 [INFO] ThirdParty:1030 - CMSIS Pack Vendor :STMicroelectronics X-CUBE-TOUCHGFX 4.25.0
2026-01-07 23:53:41,975 [INFO] ThirdParty:1030 - CMSIS Pack Vendor :STMicroelectronics X-CUBE-ST67W61 1.1.0
2026-01-07 23:53:41,975 [INFO] ThirdParty:1030 - CMSIS Pack Vendor :STMicroelectronics FP-SNS-STBOX1 2.0.0
2026-01-07 23:53:41,975 [INFO] ThirdParty:1030 - CMSIS Pack Vendor :STMicroelectronics X-CUBE-MEMS1 12.0.0
2026-01-07 23:53:41,975 [INFO] ThirdParty:1030 - CMSIS Pack Vendor :STMicroelectronics X-CUBE-AZRTOS-G0 1.1.0
2026-01-07 23:53:41,975 [INFO] ThirdParty:1030 - CMSIS Pack Vendor :STMicroelectronics X-CUBE-SAFEA1 1.2.2
2026-01-07 23:53:41,975 [INFO] ThirdParty:1030 - CMSIS Pack Vendor :STMicroelectronics X-CUBE-NFC4 3.0.0
2026-01-07 23:53:41,975 [INFO] ThirdParty:1030 - CMSIS Pack Vendor :STMicroelectronics X-CUBE-SUBG2 5.0.0
2026-01-07 23:53:41,976 [INFO] ThirdParty:1030 - CMSIS Pack Vendor :STMicroelectronics X-CUBE-AZRTOS-H7RS 1.1.0
2026-01-07 23:53:41,976 [INFO] ThirdParty:1030 - CMSIS Pack Vendor :STMicroelectronics STM32_WPAN 1.0.0
2026-01-07 23:53:41,976 [INFO] ThirdParty:1030 - CMSIS Pack Vendor :EmbeddedOffice I-CUBE-FS-RTOS 1.0.1
2026-01-07 23:53:41,976 [INFO] ThirdParty:1030 - CMSIS Pack Vendor :STMicroelectronics lwIP 2.0.3
2026-01-07 23:53:41,976 [INFO] ThirdParty:1030 - CMSIS Pack Vendor :Cesanta I-CUBE-Mongoose 7.13.0
2026-01-07 23:53:41,976 [INFO] ThirdParty:1030 - CMSIS Pack Vendor :STMicroelectronics USB_HOST 1.0.0
2026-01-07 23:53:41,976 [INFO] ThirdParty:1030 - CMSIS Pack Vendor :STMicroelectronics X-CUBE-AZRTOS-G4 2.0.0
2026-01-07 23:53:41,976 [INFO] ThirdParty:1030 - CMSIS Pack Vendor :STMicroelectronics X-CUBE-WB05N 2.0.0
2026-01-07 23:53:41,976 [INFO] ThirdParty:1030 - CMSIS Pack Vendor :STMicroelectronics PDM2PCM 3.1.0
2026-01-07 23:53:41,976 [INFO] ThirdParty:1030 - CMSIS Pack Vendor :wolfSSL I-CUBE-wolfTPM 3.8.0
2026-01-07 23:53:41,976 [INFO] ThirdParty:1030 - CMSIS Pack Vendor :wolfSSL I-CUBE-wolfSSH 1.4.20
2026-01-07 23:53:41,976 [INFO] ThirdParty:1030 - CMSIS Pack Vendor :STMicroelectronics X-CUBE-NFC7 2.0.0
2026-01-07 23:53:41,976 [INFO] ThirdParty:1030 - CMSIS Pack Vendor :STMicroelectronics X-CUBE-TCPP 4.2.0
2026-01-07 23:53:41,976 [INFO] ThirdParty:1030 - CMSIS Pack Vendor :RealThread X-CUBE-RT-Thread_Nano 4.1.1
2026-01-07 23:53:41,976 [INFO] ThirdParty:1030 - CMSIS Pack Vendor :STMicroelectronics FP-ATR-SIGFOX1 3.2.0
2026-01-07 23:53:41,976 [INFO] ThirdParty:1030 - CMSIS Pack Vendor :STMicroelectronics X-CUBE-EEPRMA1 5.1.0
2026-01-07 23:53:41,976 [INFO] ThirdParty:1030 - CMSIS Pack Vendor :STMicroelectronics MBEDTLS 2.16.2
2026-01-07 23:53:41,976 [INFO] ThirdParty:1030 - CMSIS Pack Vendor :STMicroelectronics X-CUBE-IPS 3.1.0
2026-01-07 23:53:41,976 [INFO] ThirdParty:1030 - CMSIS Pack Vendor :STMicroelectronics X-CUBE-ALS 1.0.2
2026-01-07 23:53:41,976 [INFO] ThirdParty:1030 - CMSIS Pack Vendor :wolfSSL I-CUBE-wolfSSL 5.7.6
2026-01-07 23:53:41,976 [INFO] ThirdParty:1030 - CMSIS Pack Vendor :ITTIA_DB I-CUBE-ITTIADB 8.9.0
2026-01-07 23:53:41,976 [INFO] ThirdParty:1030 - CMSIS Pack Vendor :STMicroelectronics X-CUBE-STSE01 1.0.0
2026-01-07 23:53:41,976 [INFO] ThirdParty:1030 - CMSIS Pack Vendor :portGmbH I-Cube-SoM-uGOAL 1.1.0
2026-01-07 23:53:41,976 [INFO] ThirdParty:1030 - CMSIS Pack Vendor :STMicroelectronics X-CUBE-AI 10.2.0
2026-01-07 23:53:41,976 [INFO] ThirdParty:1030 - CMSIS Pack Vendor :STMicroelectronics ThreadX 1.0.0
2026-01-07 23:53:41,976 [INFO] ThirdParty:1030 - CMSIS Pack Vendor :SEGGER I-CUBE-embOS 1.3.1
2026-01-07 23:53:41,976 [INFO] ThirdParty:1030 - CMSIS Pack Vendor :STMicroelectronics X-CUBE-ALGOBUILD 1.4.0
2026-01-07 23:53:41,976 [INFO] ThirdParty:1030 - CMSIS Pack Vendor :STMicroelectronics X-CUBE-TOF1 3.4.2
2026-01-07 23:53:41,976 [INFO] ThirdParty:1030 - CMSIS Pack Vendor :STMicroelectronics X-CUBE-TOF1 3.4.3
2026-01-07 23:53:41,976 [INFO] ThirdParty:841 - exiting critical section [change project]
2026-01-07 23:53:42,065 [INFO] PinOutPanel:1589 - setPackage(No Configuration,No Configuration)
2026-01-07 23:53:42,066 [INFO] PinOutPanel:1589 - setPackage(STM32F103C8Tx,LQFP48)
2026-01-07 23:53:42,352 [INFO] UtilMem:75 - Before build in PCC Used Memory: 755692048 Bytes (1073741824)
2026-01-07 23:53:42,604 [INFO] UtilMem:75 - After build in PCC Used Memory: 798683664 Bytes (1073741824)
2026-01-07 23:53:42,622 [INFO] IPUIPlugin:80 - create IPUIPlugin
2026-01-07 23:53:42,623 [INFO] IPUIPlugin:80 - create IPUIPlugin
2026-01-07 23:53:42,623 [INFO] IPUIPlugin:80 - create IPUIPlugin
2026-01-07 23:53:42,624 [INFO] IPUIPlugin:80 - create IPUIPlugin
2026-01-07 23:53:42,624 [INFO] IPUIPlugin:80 - create IPUIPlugin
2026-01-07 23:53:42,624 [INFO] IPUIPlugin:80 - create IPUIPlugin
2026-01-07 23:53:42,624 [INFO] IPUIPlugin:80 - create IPUIPlugin
2026-01-07 23:53:42,624 [INFO] IPUIPlugin:80 - create IPUIPlugin
2026-01-07 23:53:42,624 [INFO] IPUIPlugin:80 - create IPUIPlugin
2026-01-07 23:53:42,624 [INFO] IPUIPlugin:80 - create IPUIPlugin
2026-01-07 23:53:42,624 [INFO] IPUIPlugin:80 - create IPUIPlugin
2026-01-07 23:53:42,625 [INFO] IPUIPlugin:80 - create IPUIPlugin
2026-01-07 23:53:42,625 [INFO] IPUIPlugin:80 - create IPUIPlugin
2026-01-07 23:53:42,625 [INFO] IPUIPlugin:80 - create IPUIPlugin
2026-01-07 23:53:42,625 [INFO] IPUIPlugin:80 - create IPUIPlugin
2026-01-07 23:53:42,625 [INFO] IPUIPlugin:80 - create IPUIPlugin
2026-01-07 23:53:42,625 [INFO] IPUIPlugin:80 - create IPUIPlugin
2026-01-07 23:53:42,626 [INFO] IPUIPlugin:80 - create IPUIPlugin
2026-01-07 23:53:42,626 [INFO] IPUIPlugin:80 - create IPUIPlugin
2026-01-07 23:53:42,626 [INFO] IPUIPlugin:80 - create IPUIPlugin
2026-01-07 23:53:42,626 [INFO] IPUIPlugin:80 - create IPUIPlugin
2026-01-07 23:53:42,626 [INFO] IPUIPlugin:80 - create IPUIPlugin
2026-01-07 23:53:42,626 [INFO] IPUIPlugin:80 - create IPUIPlugin
2026-01-07 23:53:42,626 [INFO] IPUIPlugin:80 - create IPUIPlugin
2026-01-07 23:53:42,627 [INFO] IPUIPlugin:80 - create IPUIPlugin
2026-01-07 23:53:42,627 [INFO] IPUIPlugin:80 - create IPUIPlugin
2026-01-07 23:53:42,627 [INFO] IPUIPlugin:80 - create IPUIPlugin
2026-01-07 23:53:42,629 [WARN] IP:2250 - I2C_Coeff_DF not found: check if there is a RefParameter without a condition.
2026-01-07 23:53:42,629 [WARN] IP:2250 - Analog_Filter not found: check if there is a RefParameter without a condition.
2026-01-07 23:53:42,666 [INFO] CADModel:165 - CPN selected for project levelSTM32F103C8T6
2026-01-07 23:53:42,666 [INFO] CADModel:114 - Register for checkConnection events
2026-01-07 23:53:42,725 [INFO] OpenFileManager:386 - Restore cursor
2026-01-07 23:53:42,841 [WARN] IP:2250 - I2C_Coeff_DF not found: check if there is a RefParameter without a condition.
2026-01-07 23:53:42,841 [WARN] IP:2250 - Analog_Filter not found: check if there is a RefParameter without a condition.
2026-01-07 23:53:42,841 [WARN] IP:2250 - I2C_Coeff_DF not found: check if there is a RefParameter without a condition.
2026-01-07 23:53:42,841 [WARN] IP:2250 - Analog_Filter not found: check if there is a RefParameter without a condition.
2026-01-07 23:53:46,127 [WARN] IP:2250 - I2C_Coeff_DF not found: check if there is a RefParameter without a condition.
2026-01-07 23:53:46,128 [WARN] IP:2250 - Analog_Filter not found: check if there is a RefParameter without a condition.
2026-01-07 23:53:46,129 [WARN] IP:2250 - I2C_Coeff_DF not found: check if there is a RefParameter without a condition.
2026-01-07 23:53:46,129 [WARN] IP:2250 - Analog_Filter not found: check if there is a RefParameter without a condition.
2026-01-07 23:54:46,870 [WARN] IP:2250 - I2C_Coeff_DF not found: check if there is a RefParameter without a condition.
2026-01-07 23:54:46,871 [WARN] IP:2250 - Analog_Filter not found: check if there is a RefParameter without a condition.
2026-01-07 23:54:46,871 [WARN] IP:2250 - I2C_Coeff_DF not found: check if there is a RefParameter without a condition.
2026-01-07 23:54:46,871 [WARN] IP:2250 - Analog_Filter not found: check if there is a RefParameter without a condition.
2026-01-07 23:54:46,880 [WARN] IP:2250 - I2C_Coeff_DF not found: check if there is a RefParameter without a condition.
2026-01-07 23:54:46,880 [WARN] IP:2250 - Analog_Filter not found: check if there is a RefParameter without a condition.
2026-01-07 23:54:46,890 [WARN] IP:2250 - I2C_Coeff_DF not found: check if there is a RefParameter without a condition.
2026-01-07 23:54:46,890 [WARN] IP:2250 - Analog_Filter not found: check if there is a RefParameter without a condition.
2026-01-07 23:55:18,035 [WARN] IP:2250 - I2C_Coeff_DF not found: check if there is a RefParameter without a condition.
2026-01-07 23:55:18,036 [WARN] IP:2250 - Analog_Filter not found: check if there is a RefParameter without a condition.
2026-01-07 23:55:18,036 [WARN] IP:2250 - I2C_Coeff_DF not found: check if there is a RefParameter without a condition.
2026-01-07 23:55:18,036 [WARN] IP:2250 - Analog_Filter not found: check if there is a RefParameter without a condition.
2026-01-07 23:55:18,065 [WARN] IP:2250 - I2C_Coeff_DF not found: check if there is a RefParameter without a condition.
2026-01-07 23:55:18,065 [WARN] IP:2250 - Analog_Filter not found: check if there is a RefParameter without a condition.
2026-01-07 23:55:18,089 [WARN] IP:2250 - I2C_Coeff_DF not found: check if there is a RefParameter without a condition.
2026-01-07 23:55:18,090 [WARN] IP:2250 - Analog_Filter not found: check if there is a RefParameter without a condition.
2026-01-07 23:55:22,441 [WARN] IP:2250 - I2C_Coeff_DF not found: check if there is a RefParameter without a condition.
2026-01-07 23:55:22,441 [WARN] IP:2250 - Analog_Filter not found: check if there is a RefParameter without a condition.
2026-01-07 23:55:22,441 [WARN] IP:2250 - I2C_Coeff_DF not found: check if there is a RefParameter without a condition.
2026-01-07 23:55:22,442 [WARN] IP:2250 - Analog_Filter not found: check if there is a RefParameter without a condition.
2026-01-07 23:55:22,454 [WARN] IP:2250 - I2C_Coeff_DF not found: check if there is a RefParameter without a condition.
2026-01-07 23:55:22,454 [WARN] IP:2250 - Analog_Filter not found: check if there is a RefParameter without a condition.
2026-01-07 23:55:22,466 [WARN] IP:2250 - I2C_Coeff_DF not found: check if there is a RefParameter without a condition.
2026-01-07 23:55:22,466 [WARN] IP:2250 - Analog_Filter not found: check if there is a RefParameter without a condition.
2026-01-07 23:55:31,846 [WARN] IP:2250 - I2C_Coeff_DF not found: check if there is a RefParameter without a condition.
2026-01-07 23:55:31,846 [WARN] IP:2250 - Analog_Filter not found: check if there is a RefParameter without a condition.
2026-01-07 23:57:12,305 [INFO] UtilMem:75 - End SaveConfig() Used Memory: 860572856 Bytes (1073741824)
2026-01-07 23:57:12,386 [INFO] UtilMem:75 - End SaveConfig() Used Memory: 877511312 Bytes (1073741824)
2026-01-07 23:57:15,034 [INFO] UtilMem:75 - End SaveConfig() Used Memory: 949858648 Bytes (1073741824)
2026-01-07 23:57:15,304 [INFO] ProjectBuilder:2395 - IP not ready for code generation: SPI1
2026-01-07 23:57:16,339 [INFO] BlockDiagram:2775 - set Specific Code input for plugin: SPI
2026-01-07 23:57:16,340 [INFO] BlockDiagram:2775 - set Specific Code input for plugin: NVIC
2026-01-07 23:57:16,340 [INFO] BlockDiagram:2775 - set Specific Code input for plugin: USART
2026-01-07 23:57:16,340 [INFO] BlockDiagram:2775 - set Specific Code input for plugin: SYS
2026-01-07 23:57:16,340 [INFO] BlockDiagram:2775 - set Specific Code input for plugin: GPIO
2026-01-07 23:57:16,340 [INFO] BlockDiagram:2775 - set Specific Code input for plugin: RCC
2026-01-07 23:57:16,340 [INFO] BlockDiagram:2775 - set Specific Code input for plugin: I2C
2026-01-07 23:57:16,341 [INFO] CodeGenerator:892 - code generatio: config db path: D:\installs\STM32CubeIDE_1.19.0\STM32CubeIDE\plugins\com.st.stm32cube.common.mx_6.15.0.202507011659\\db\
2026-01-07 23:57:16,342 [WARN] IP:2250 - I2C_Coeff_DF not found: check if there is a RefParameter without a condition.
2026-01-07 23:57:16,342 [WARN] IP:2250 - Analog_Filter not found: check if there is a RefParameter without a condition.
2026-01-07 23:57:16,403 [INFO] CodeEngine:265 - oldGeneratedFile, D:\projects\stm32_cube_ide\bmp180\MXTmpFiles\license.tmp_save
2026-01-07 23:57:16,603 [INFO] CodeEngine:289 - Generated code: D:\projects\stm32_cube_ide\bmp180\MXTmpFiles\license.tmp
2026-01-07 23:57:16,642 [INFO] CodeEngine:265 - oldGeneratedFile, D:\projects\stm32_cube_ide\bmp180\MXTmpFiles\gpio.tmp_save
2026-01-07 23:57:16,746 [INFO] CodeEngine:289 - Generated code: D:\projects\stm32_cube_ide\bmp180\MXTmpFiles\gpio.tmp
2026-01-07 23:57:16,885 [INFO] CodeEngine:265 - oldGeneratedFile, D:\projects\stm32_cube_ide\bmp180\Core\Src\stm32f1xx_it.c_save
2026-01-07 23:57:17,110 [INFO] CodeEngine:289 - Generated code: D:\projects\stm32_cube_ide\bmp180\Core\Src\stm32f1xx_it.c
2026-01-07 23:57:17,115 [INFO] CodeEngine:265 - oldGeneratedFile, D:\projects\stm32_cube_ide\bmp180\Core\Inc\stm32f1xx_it.h_save
2026-01-07 23:57:17,192 [INFO] CodeEngine:289 - Generated code: D:\projects\stm32_cube_ide\bmp180\Core\Inc\stm32f1xx_it.h
2026-01-07 23:57:17,202 [INFO] CodeEngine:265 - oldGeneratedFile, D:\projects\stm32_cube_ide\bmp180\Core\Src\stm32f1xx_hal_msp.c_save
2026-01-07 23:57:17,311 [INFO] CodeEngine:289 - Generated code: D:\projects\stm32_cube_ide\bmp180\Core\Src\stm32f1xx_hal_msp.c
2026-01-07 23:57:17,316 [INFO] CodeEngine:265 - oldGeneratedFile, D:\projects\stm32_cube_ide\bmp180\MXTmpFiles\system.tmp_save
2026-01-07 23:57:17,364 [INFO] CodeEngine:289 - Generated code: D:\projects\stm32_cube_ide\bmp180\MXTmpFiles\system.tmp
2026-01-07 23:57:17,372 [INFO] CodeEngine:321 - oldGeneratedFile, D:\projects\stm32_cube_ide\bmp180\Core\Inc\stm32f1xx_hal_conf.h_save
2026-01-07 23:57:17,457 [INFO] CodeEngine:345 - Generated code: D:\projects\stm32_cube_ide\bmp180\Core\Inc\stm32f1xx_hal_conf.h
2026-01-07 23:57:17,474 [INFO] ApiDbMcu:532 - Load IP Config File for I2C1
2026-01-07 23:57:17,476 [INFO] ApiDbMcu:532 - Load IP Config File for SPI1
2026-01-07 23:57:17,479 [INFO] ApiDbMcu:532 - Load IP Config File for USART1
2026-01-07 23:57:17,482 [INFO] ApiDbMcu:532 - Load IP Config File for RCC
2026-01-07 23:57:17,487 [INFO] CodeEngine:265 - oldGeneratedFile, D:\projects\stm32_cube_ide\bmp180\Core\Inc\main.h_save
2026-01-07 23:57:17,566 [INFO] CodeEngine:289 - Generated code: D:\projects\stm32_cube_ide\bmp180\Core\Inc\main.h
2026-01-07 23:57:17,570 [INFO] CodeEngine:265 - oldGeneratedFile, D:\projects\stm32_cube_ide\bmp180\Core\Src\main.c_save
2026-01-07 23:57:17,662 [INFO] CodeEngine:289 - Generated code: D:\projects\stm32_cube_ide\bmp180\Core\Src\main.c
2026-01-07 23:57:17,912 [INFO] ProjectBuilder:3606 - Time for Copy HAL[1] : 121mS.
2026-01-07 23:57:17,915 [INFO] ProjectBuilder:5216 - Project Generator version: 4.7.0-B52
2026-01-07 23:57:17,985 [INFO] ConfigFileManager:1595 - The Die is : DIE410
2026-01-07 23:57:17,987 [INFO] ApiDbMcu:532 - Load IP Config File for FATFS
2026-01-07 23:57:17,991 [INFO] ApiDbMcu:532 - Load IP Config File for FREERTOS
2026-01-07 23:57:17,995 [INFO] ApiDbMcu:532 - Load IP Config File for USB_DEVICE
2026-01-07 23:57:18,843 [INFO] ProjectBuilder:5496 - Time for Generating toolchain IDE Files: 928mS.
2026-01-07 23:57:18,845 [INFO] ProjectBuilder:3463 - Time for Copy CMSIS : 0mS.
2026-01-07 23:57:18,847 [INFO] ProjectBuilder:3463 - Time for Copy CMSIS : 0mS.
2026-01-07 23:57:21,209 [ERROR] LogOutputStream:75 - [STDERR_REDIRECT] 
