2026-01-04 00:17:36,891 [ERROR] LogOutputStream:75 - [STDERR_REDIRECT] 
2026-01-04 00:31:57,558 [INFO] Activator:176 - 


2026-01-04 00:31:57,560 [INFO] Activator:177 - !SESSION log4j initialized
2026-01-04 00:32:02,809 [INFO] LogOutputStream:77 - [STDOUT_REDIRECT] 
2026-01-04 00:32:03,100 [ERROR] ConfigurationRetriever:142 - IOException on connection: sw-center.st.com
2026-01-04 00:32:03,101 [ERROR] ConfigurationRetriever:142 - IOException on connection: sw-center.st.com
2026-01-04 00:32:03,101 [ERROR] ConfigurationRetriever:142 - IOException on connection: sw-center.st.com
2026-01-04 00:32:03,722 [INFO] ApplicationProperties:184 - Using Application install path: D:\installs\STM32CubeIDE_1.19.0\STM32CubeIDE\plugins\com.st.stm32cube.common.mx_6.15.0.202507011659
2026-01-04 00:32:03,740 [INFO] DbMcusXml:78 - Set database path to: D:\installs\STM32CubeIDE_1.19.0\STM32CubeIDE\plugins\com.st.stm32cube.common.mx_6.15.0.202507011659\\db\/mcu/
2026-01-04 00:32:03,741 [INFO] ApiDb:274 - Set plugin database path to: D:\installs\STM32CubeIDE_1.19.0\STM32CubeIDE\plugins\com.st.stm32cube.common.mx_6.15.0.202507011659\\db\/plugins/boardmanager/
2026-01-04 00:32:03,741 [WARN] ApiDb:259 - Overriding images path with different value:  => D:\installs\STM32CubeIDE_1.19.0\STM32CubeIDE\plugins\com.st.stm32cube.common.mx_6.15.0.202507011659\\db\/plugins/mcufinder/images/
2026-01-04 00:32:03,746 [INFO] ApiDb:250 - Set database path to: C:\Users\22142\.stmcufinder\plugins\mcufinder//mcu/
2026-01-04 00:32:03,747 [INFO] DbMcusAds:125 - Set database path to: C:\Users\22142\.stmcufinder\plugins\mcufinder//mcu/
2026-01-04 00:32:03,749 [INFO] CrossReferenceDbSqlite:203 - Set database path to: C:\Users\22142\.stmcufinder\plugins\mcufinder//mcu/cs/
2026-01-04 00:32:03,864 [INFO] RulesReader:64 - Compatibility file has been processed (317 Rules)
2026-01-04 00:32:03,954 [INFO] DbMcusXml:78 - Set database path to: D:\installs\STM32CubeIDE_1.19.0\STM32CubeIDE\plugins\com.st.stm32cube.common.mx_6.15.0.202507011659\\db\/mcu/
2026-01-04 00:32:03,954 [INFO] ApiDb:274 - Set plugin database path to: D:\installs\STM32CubeIDE_1.19.0\STM32CubeIDE\plugins\com.st.stm32cube.common.mx_6.15.0.202507011659\\db\/plugins/boardmanager/
2026-01-04 00:32:03,954 [INFO] ApiDb:261 - Set plugin images path to: D:\installs\STM32CubeIDE_1.19.0\STM32CubeIDE\plugins\com.st.stm32cube.common.mx_6.15.0.202507011659\\db\/plugins/mcufinder/images/
2026-01-04 00:32:03,955 [WARN] DbFile:41 - Overriding database path with different value: C:\Users\22142\.stmcufinder\plugins\mcufinder/ => C:\Users\22142\.stmcufinder\plugins\mcufinder
2026-01-04 00:32:03,955 [INFO] ApiDb:250 - Set database path to: C:\Users\22142\.stmcufinder\plugins\mcufinder//mcu/
2026-01-04 00:32:03,955 [WARN] DbFile:41 - Overriding database path with different value: C:\Users\22142\.stmcufinder\plugins\mcufinder/ => C:\Users\22142\.stmcufinder\plugins\mcufinder
2026-01-04 00:32:03,955 [INFO] DbMcusAds:125 - Set database path to: C:\Users\22142\.stmcufinder\plugins\mcufinder//mcu/
2026-01-04 00:32:03,955 [WARN] DbFile:41 - Overriding database path with different value: C:\Users\22142\.stmcufinder\plugins\mcufinder/ => C:\Users\22142\.stmcufinder\plugins\mcufinder
2026-01-04 00:32:03,955 [WARN] DbFile:41 - Overriding database path with different value: C:\Users\22142\.stmcufinder\plugins\mcufinder/ => C:\Users\22142\.stmcufinder\plugins\mcufinder
2026-01-04 00:32:03,955 [INFO] CrossReferenceDbSqlite:203 - Set database path to: C:\Users\22142\.stmcufinder\plugins\mcufinder//mcu/cs/
2026-01-04 00:32:04,023 [INFO] MainPanel:274 - HeapMemory: 268435456
2026-01-04 00:32:04,108 [INFO] DbMcusXml:78 - Set database path to: D:\installs\STM32CubeIDE_1.19.0\STM32CubeIDE\plugins\com.st.stm32cube.common.mx_6.15.0.202507011659\\db\/mcu/
2026-01-04 00:32:04,109 [INFO] ApiDb:274 - Set plugin database path to: D:\installs\STM32CubeIDE_1.19.0\STM32CubeIDE\plugins\com.st.stm32cube.common.mx_6.15.0.202507011659\\db\/plugins/boardmanager/
2026-01-04 00:32:04,109 [INFO] ApiDb:261 - Set plugin images path to: D:\installs\STM32CubeIDE_1.19.0\STM32CubeIDE\plugins\com.st.stm32cube.common.mx_6.15.0.202507011659\\db\/plugins/mcufinder/images/
2026-01-04 00:32:04,109 [WARN] DbFile:41 - Overriding database path with different value: C:\Users\22142\.stmcufinder\plugins\mcufinder/ => C:\Users\22142\.stmcufinder\plugins\mcufinder
2026-01-04 00:32:04,110 [INFO] ApiDb:250 - Set database path to: C:\Users\22142\.stmcufinder\plugins\mcufinder//mcu/
2026-01-04 00:32:04,110 [WARN] DbFile:41 - Overriding database path with different value: C:\Users\22142\.stmcufinder\plugins\mcufinder/ => C:\Users\22142\.stmcufinder\plugins\mcufinder
2026-01-04 00:32:04,110 [INFO] DbMcusAds:125 - Set database path to: C:\Users\22142\.stmcufinder\plugins\mcufinder//mcu/
2026-01-04 00:32:04,110 [WARN] DbFile:41 - Overriding database path with different value: C:\Users\22142\.stmcufinder\plugins\mcufinder/ => C:\Users\22142\.stmcufinder\plugins\mcufinder
2026-01-04 00:32:04,110 [WARN] DbFile:41 - Overriding database path with different value: C:\Users\22142\.stmcufinder\plugins\mcufinder/ => C:\Users\22142\.stmcufinder\plugins\mcufinder
2026-01-04 00:32:04,110 [INFO] CrossReferenceDbSqlite:203 - Set database path to: C:\Users\22142\.stmcufinder\plugins\mcufinder//mcu/cs/
2026-01-04 00:32:04,135 [INFO] ApplicationProperties:184 - Using Application install path: D:\installs\STM32CubeIDE_1.19.0\STM32CubeIDE\plugins\com.st.stm32cube.common.mx_6.15.0.202507011659
2026-01-04 00:32:04,136 [INFO] PluginManage:196 - Search for loadable plugins [exclusion list=, ]
2026-01-04 00:32:04,137 [INFO] PluginManage:310 - Check plugin analytics
2026-01-04 00:32:04,334 [INFO] AnalyticsPlugin:253 - Accepted Software Licenses: STM32CubeMX.6.16.1
2026-01-04 00:32:04,334 [INFO] AnalyticsPlugin:255 - Accepted CMSIS Pack Licenses: 
2026-01-04 00:32:04,334 [INFO] AnalyticsPlugin:257 - Accepted Firmware Licenses: 
2026-01-04 00:32:04,337 [INFO] PluginManage:359 - Loaded plugin analytics (category:tool,tabindex:-1)
2026-01-04 00:32:04,338 [INFO] PluginManage:310 - Check plugin cadmodel
2026-01-04 00:32:04,337 [ERROR] ConfigurationRetriever:142 - IOException on connection: sw-center.st.com
2026-01-04 00:32:04,338 [ERROR] ConfigurationRetriever:142 - IOException on connection: sw-center.st.com
2026-01-04 00:32:04,338 [ERROR] ConfigurationRetriever:142 - IOException on connection: sw-center.st.com
2026-01-04 00:32:04,342 [INFO] CADModel:105 - Init CAD model plugin
2026-01-04 00:32:04,342 [INFO] PluginManage:359 - Loaded plugin cadmodel (category:power,tabindex:5)
2026-01-04 00:32:04,342 [INFO] PluginManage:310 - Check plugin clock
2026-01-04 00:32:04,353 [INFO] PluginManage:359 - Loaded plugin clock (category:base,tabindex:2)
2026-01-04 00:32:04,353 [INFO] PluginManage:310 - Check plugin ddr
2026-01-04 00:32:04,356 [INFO] PluginManage:359 - Loaded plugin ddr (category:tool,tabindex:6)
2026-01-04 00:32:04,356 [INFO] PluginManage:310 - Check plugin filemanager
2026-01-04 00:32:04,501 [INFO] PluginManage:359 - Loaded plugin filemanager (category:base,tabindex:10)
2026-01-04 00:32:04,502 [INFO] PluginManage:310 - Check plugin ipmanager
2026-01-04 00:32:04,508 [INFO] PluginManage:359 - Loaded plugin ipmanager (category:base,tabindex:5)
2026-01-04 00:32:04,509 [INFO] PluginManage:310 - Check plugin lpbam
2026-01-04 00:32:04,516 [INFO] PluginManage:359 - Loaded plugin lpbam (category:base,tabindex:0)
2026-01-04 00:32:04,516 [INFO] PluginManage:310 - Check plugin memorymap
2026-01-04 00:32:04,526 [INFO] PluginManage:359 - Loaded plugin memorymap (category:base,tabindex:4)
2026-01-04 00:32:04,526 [INFO] PluginManage:310 - Check plugin pinoutandconfiguration
2026-01-04 00:32:04,535 [INFO] PluginManage:359 - Loaded plugin pinoutandconfiguration (category:base,tabindex:1)
2026-01-04 00:32:04,535 [INFO] PluginManage:310 - Check plugin pinoutconfig
2026-01-04 00:32:04,627 [WARN] SupportedApi:132 - Cannot load RTOS API schema: s4s-elt-must-match.1: The content of 'definitions' must match (annotation?, (simpleType | complexType)?, (unique | key | keyref)*)). A problem was found starting at: attribute.
2026-01-04 00:32:04,760 [INFO] PluginManage:359 - Loaded plugin pinoutconfig (category:base,tabindex:0)
2026-01-04 00:32:04,760 [INFO] PluginManage:310 - Check plugin power
2026-01-04 00:32:04,768 [INFO] PluginManage:359 - Loaded plugin power (category:power,tabindex:4)
2026-01-04 00:32:04,768 [INFO] PluginManage:310 - Check plugin projectmanager
2026-01-04 00:32:04,784 [INFO] PluginManage:359 - Loaded plugin projectmanager (category:projectmanager,tabindex:4)
2026-01-04 00:32:04,784 [INFO] PluginManage:310 - Check plugin rif
2026-01-04 00:32:04,792 [INFO] PluginManage:359 - Loaded plugin rif (category:base,tabindex:3)
2026-01-04 00:32:04,793 [INFO] PluginManage:310 - Check plugin thirdparty
2026-01-04 00:32:04,916 [WARN] IntegrityCheckThread:84 - waiting for thirdparty lock release [integrity check]
2026-01-04 00:32:04,916 [INFO] PluginManage:359 - Loaded plugin thirdparty (category:base,tabindex:-1)
2026-01-04 00:32:04,916 [INFO] IntegrityCheckThread:86 - entering critical section [integrity check]
2026-01-04 00:32:04,916 [INFO] PluginManage:310 - Check plugin tools
2026-01-04 00:32:04,916 [INFO] ThirdPartyUpdaterWithRetryManager:70 - Updater plugin not ready yet. [1/15]
2026-01-04 00:32:04,918 [INFO] PluginManage:359 - Loaded plugin tools (category:base,tabindex:7)
2026-01-04 00:32:04,918 [INFO] PluginManage:310 - Check plugin tutovideos
2026-01-04 00:32:05,087 [INFO] PluginManage:359 - Loaded plugin tutovideos (category:base,tabindex:-1)
2026-01-04 00:32:05,087 [INFO] PluginManage:310 - Check plugin updater
2026-01-04 00:32:05,107 [INFO] PluginManage:359 - Loaded plugin updater (category:base,tabindex:12)
2026-01-04 00:32:05,107 [INFO] PluginManage:310 - Check plugin userauth
2026-01-04 00:32:05,111 [INFO] UserAuth:118 - Init User Auth plugin
2026-01-04 00:32:05,112 [INFO] PluginManage:359 - Loaded plugin userauth (category:base,tabindex:14)
2026-01-04 00:32:05,112 [INFO] PluginManage:283 - PluginManage : Loaded plugins [18]
2026-01-04 00:32:05,324 [INFO] PinOutPanel:1589 - setPackage(No Configuration,No Configuration)
2026-01-04 00:32:05,409 [INFO] CADModel:165 - CPN selected for project level
2026-01-04 00:32:05,409 [INFO] CADModel:114 - Register for checkConnection events
2026-01-04 00:32:05,424 [INFO] IPUIPlugin:80 - create IPUIPlugin
2026-01-04 00:32:05,424 [INFO] PluginManager:220 - loadIPPluginJar : add adc
2026-01-04 00:32:05,427 [INFO] IPUIPlugin:80 - create IPUIPlugin
2026-01-04 00:32:05,427 [INFO] PluginManager:220 - loadIPPluginJar : add aes
2026-01-04 00:32:05,429 [INFO] IPUIPlugin:80 - create IPUIPlugin
2026-01-04 00:32:05,429 [INFO] PluginManager:220 - loadIPPluginJar : add can
2026-01-04 00:32:05,430 [INFO] IPUIPlugin:80 - create IPUIPlugin
2026-01-04 00:32:05,430 [INFO] PluginManager:220 - loadIPPluginJar : add comp
2026-01-04 00:32:05,432 [INFO] IPUIPlugin:80 - create IPUIPlugin
2026-01-04 00:32:05,432 [INFO] PluginManager:220 - loadIPPluginJar : add cryp
2026-01-04 00:32:05,434 [INFO] IPUIPlugin:80 - create IPUIPlugin
2026-01-04 00:32:05,434 [INFO] PluginManager:220 - loadIPPluginJar : add ddr_ctrl_phy
2026-01-04 00:32:05,436 [INFO] IPUIPlugin:80 - create IPUIPlugin
2026-01-04 00:32:05,436 [INFO] PluginManager:220 - loadIPPluginJar : add dfsdm
2026-01-04 00:32:05,441 [INFO] IPUIPlugin:80 - create IPUIPlugin
2026-01-04 00:32:05,441 [INFO] PluginManager:220 - loadIPPluginJar : add dma
2026-01-04 00:32:05,443 [INFO] IPUIPlugin:80 - create IPUIPlugin
2026-01-04 00:32:05,444 [INFO] PluginManager:220 - loadIPPluginJar : add dma3
2026-01-04 00:32:05,446 [INFO] IPUIPlugin:80 - create IPUIPlugin
2026-01-04 00:32:05,446 [INFO] PluginManager:220 - loadIPPluginJar : add extmemmanager
2026-01-04 00:32:05,447 [INFO] IPUIPlugin:80 - create IPUIPlugin
2026-01-04 00:32:05,447 [INFO] PluginManager:220 - loadIPPluginJar : add fatfs
2026-01-04 00:32:05,452 [INFO] IPUIPlugin:80 - create IPUIPlugin
2026-01-04 00:32:05,452 [INFO] PluginManager:220 - loadIPPluginJar : add fmc
2026-01-04 00:32:05,460 [INFO] IPUIPlugin:80 - create IPUIPlugin
2026-01-04 00:32:05,461 [INFO] PluginManager:220 - loadIPPluginJar : add freertos
2026-01-04 00:32:05,462 [INFO] IPUIPlugin:80 - create IPUIPlugin
2026-01-04 00:32:05,462 [INFO] PluginManager:220 - loadIPPluginJar : add genericplugin
2026-01-04 00:32:05,464 [INFO] IPUIPlugin:80 - create IPUIPlugin
2026-01-04 00:32:05,464 [INFO] PluginManager:220 - loadIPPluginJar : add gfxmmu
2026-01-04 00:32:05,470 [INFO] IPUIPlugin:80 - create IPUIPlugin
2026-01-04 00:32:05,470 [INFO] PluginManager:220 - loadIPPluginJar : add gic
2026-01-04 00:32:05,473 [INFO] IPUIPlugin:80 - create IPUIPlugin
2026-01-04 00:32:05,474 [INFO] PluginManager:220 - loadIPPluginJar : add gpio
2026-01-04 00:32:05,476 [INFO] IPUIPlugin:80 - create IPUIPlugin
2026-01-04 00:32:05,476 [INFO] PluginManager:220 - loadIPPluginJar : add gtzc
2026-01-04 00:32:05,478 [INFO] IPUIPlugin:80 - create IPUIPlugin
2026-01-04 00:32:05,478 [INFO] PluginManager:220 - loadIPPluginJar : add hash
2026-01-04 00:32:05,481 [INFO] IPUIPlugin:80 - create IPUIPlugin
2026-01-04 00:32:05,481 [INFO] PluginManager:220 - loadIPPluginJar : add i2c
2026-01-04 00:32:05,484 [INFO] IPUIPlugin:80 - create IPUIPlugin
2026-01-04 00:32:05,484 [INFO] PluginManager:220 - loadIPPluginJar : add i2s
2026-01-04 00:32:05,487 [INFO] IPUIPlugin:80 - create IPUIPlugin
2026-01-04 00:32:05,488 [INFO] PluginManager:220 - loadIPPluginJar : add i3c
2026-01-04 00:32:05,491 [INFO] IPUIPlugin:80 - create IPUIPlugin
2026-01-04 00:32:05,491 [INFO] PluginManager:220 - loadIPPluginJar : add ipddr
2026-01-04 00:32:05,498 [INFO] IPUIPlugin:80 - create IPUIPlugin
2026-01-04 00:32:05,499 [INFO] PluginManager:220 - loadIPPluginJar : add linkedlist
2026-01-04 00:32:05,502 [INFO] IPUIPlugin:80 - create IPUIPlugin
2026-01-04 00:32:05,502 [INFO] PluginManager:220 - loadIPPluginJar : add lorawan
2026-01-04 00:32:05,503 [INFO] IPUIPlugin:80 - create IPUIPlugin
2026-01-04 00:32:05,503 [INFO] PluginManager:220 - loadIPPluginJar : add ltdc
2026-01-04 00:32:05,508 [INFO] IPUIPlugin:80 - create IPUIPlugin
2026-01-04 00:32:05,509 [INFO] PluginManager:220 - loadIPPluginJar : add mdma
2026-01-04 00:32:05,511 [INFO] IPUIPlugin:80 - create IPUIPlugin
2026-01-04 00:32:05,511 [INFO] PluginManager:220 - loadIPPluginJar : add nvic
2026-01-04 00:32:05,514 [INFO] IPUIPlugin:80 - create IPUIPlugin
2026-01-04 00:32:05,514 [INFO] PluginManager:220 - loadIPPluginJar : add opamp
2026-01-04 00:32:05,516 [INFO] IPUIPlugin:80 - create IPUIPlugin
2026-01-04 00:32:05,516 [INFO] PluginManager:220 - loadIPPluginJar : add openamp
2026-01-04 00:32:05,519 [INFO] IPUIPlugin:80 - create IPUIPlugin
2026-01-04 00:32:05,519 [INFO] PluginManager:220 - loadIPPluginJar : add pdm2pcm
2026-01-04 00:32:05,525 [INFO] IPUIPlugin:80 - create IPUIPlugin
2026-01-04 00:32:05,529 [INFO] PluginManager:220 - loadIPPluginJar : add plateformsettings
2026-01-04 00:32:05,531 [INFO] IPUIPlugin:80 - create IPUIPlugin
2026-01-04 00:32:05,531 [INFO] PluginManager:220 - loadIPPluginJar : add quadspi
2026-01-04 00:32:05,532 [INFO] IPUIPlugin:80 - create IPUIPlugin
2026-01-04 00:32:05,533 [INFO] PluginManager:220 - loadIPPluginJar : add radio
2026-01-04 00:32:05,536 [INFO] IPUIPlugin:80 - create IPUIPlugin
2026-01-04 00:32:05,536 [INFO] PluginManager:220 - loadIPPluginJar : add resmgrutility
2026-01-04 00:32:05,538 [INFO] IPUIPlugin:80 - create IPUIPlugin
2026-01-04 00:32:05,539 [INFO] PluginManager:220 - loadIPPluginJar : add sai
2026-01-04 00:32:05,541 [INFO] IPUIPlugin:80 - create IPUIPlugin
2026-01-04 00:32:05,541 [INFO] PluginManager:220 - loadIPPluginJar : add spi
2026-01-04 00:32:05,549 [INFO] IPUIPlugin:80 - create IPUIPlugin
2026-01-04 00:32:05,549 [INFO] PluginManager:220 - loadIPPluginJar : add stm32_wpan
2026-01-04 00:32:05,551 [INFO] IPUIPlugin:80 - create IPUIPlugin
2026-01-04 00:32:05,551 [INFO] PluginManager:220 - loadIPPluginJar : add tim
2026-01-04 00:32:05,554 [INFO] IPUIPlugin:80 - create IPUIPlugin
2026-01-04 00:32:05,555 [INFO] PluginManager:220 - loadIPPluginJar : add touchsensing
2026-01-04 00:32:05,556 [INFO] IPUIPlugin:80 - create IPUIPlugin
2026-01-04 00:32:05,557 [INFO] PluginManager:220 - loadIPPluginJar : add tracer_emb
2026-01-04 00:32:05,559 [INFO] IPUIPlugin:80 - create IPUIPlugin
2026-01-04 00:32:05,559 [INFO] PluginManager:220 - loadIPPluginJar : add ts
2026-01-04 00:32:05,560 [INFO] IPUIPlugin:80 - create IPUIPlugin
2026-01-04 00:32:05,561 [INFO] PluginManager:220 - loadIPPluginJar : add tsc
2026-01-04 00:32:05,562 [INFO] IPUIPlugin:80 - create IPUIPlugin
2026-01-04 00:32:05,562 [INFO] PluginManager:220 - loadIPPluginJar : add ucpd
2026-01-04 00:32:05,564 [INFO] IPUIPlugin:80 - create IPUIPlugin
2026-01-04 00:32:05,564 [INFO] PluginManager:220 - loadIPPluginJar : add usart
2026-01-04 00:32:05,568 [INFO] IPUIPlugin:80 - create IPUIPlugin
2026-01-04 00:32:05,568 [INFO] PluginManager:220 - loadIPPluginJar : add usbx
2026-01-04 00:32:05,710 [FATAL] Updater:351 - Updater called before beeing initialized
2026-01-04 00:32:05,740 [INFO] RulesReader:64 - Compatibility file has been processed (317 Rules)
2026-01-04 00:32:05,750 [INFO] RulesReader:64 - Compatibility file has been processed (317 Rules)
2026-01-04 00:32:05,759 [INFO] CADModel:165 - CPN selected for project level
2026-01-04 00:32:05,759 [INFO] CADModel:114 - Register for checkConnection events
2026-01-04 00:32:05,759 [FATAL] Updater:351 - Updater called before beeing initialized
2026-01-04 00:32:05,759 [ERROR] CADModel:125 - Updater not yet initialized, retry later 
2026-01-04 00:32:05,914 [FATAL] Updater:351 - Updater called before beeing initialized
2026-01-04 00:32:05,916 [INFO] CADModel:165 - CPN selected for project level
2026-01-04 00:32:05,916 [INFO] CADModel:114 - Register for checkConnection events
2026-01-04 00:32:05,917 [FATAL] Updater:351 - Updater called before beeing initialized
2026-01-04 00:32:05,917 [ERROR] CADModel:125 - Updater not yet initialized, retry later 
2026-01-04 00:32:05,921 [FATAL] Updater:351 - Updater called before beeing initialized
2026-01-04 00:32:06,047 [FATAL] Updater:351 - Updater called before beeing initialized
2026-01-04 00:32:06,051 [INFO] DbMcusAds:53 - JSON generation date=Tue Dec 16 04:41:46 IST 2025 (1765840306612)
2026-01-04 00:32:06,051 [FATAL] Updater:351 - Updater called before beeing initialized
2026-01-04 00:32:06,082 [WARN] DetailPanel:346 - Failed to get advertising image, set to default
2026-01-04 00:32:06,170 [FATAL] Updater:351 - Updater called before beeing initialized
2026-01-04 00:32:06,172 [FATAL] Updater:351 - Updater called before beeing initialized
2026-01-04 00:32:06,172 [FATAL] Updater:351 - Updater called before beeing initialized
2026-01-04 00:32:06,172 [WARN] DetailPanel:346 - Failed to get advertising image, set to default
2026-01-04 00:32:06,172 [FATAL] Updater:351 - Updater called before beeing initialized
2026-01-04 00:32:06,218 [ERROR] Updater:1198 - MainUpdater not yet initialized. External WinMGr cannot be set.
2026-01-04 00:32:06,220 [INFO] Updater:1134 - Updater Version found : 6.15.0
2026-01-04 00:32:06,236 [INFO] ApplicationProperties:184 - Using Application install path: D:\installs\STM32CubeIDE_1.19.0\STM32CubeIDE\plugins\com.st.stm32cube.common.mx_6.15.0.202507011659
2026-01-04 00:32:06,444 [INFO] MainUpdater:2872 - connection check result : 22
2026-01-04 00:32:06,445 [INFO] MainUpdater:289 - Updater Check For Update Now.
2026-01-04 00:32:06,445 [INFO] MicroXplorer:498 - Change Database Version : DB.6.0.150
2026-01-04 00:32:06,452 [INFO] McuFinderGlobals:63 - Set McuFinder mode to 2 (CubeIDE integrated)
2026-01-04 00:32:06,452 [INFO] UserAuth:171 - activating auth plugin
2026-01-04 00:32:06,455 [INFO] UserAuth:487 - Internet connection configuration mode: 2
2026-01-04 00:32:06,473 [INFO] UserAuth:487 - Internet connection configuration mode: 2
2026-01-04 00:32:06,628 [INFO] CheckServerUpdateThread:120 - End of CheckServer Thread
2026-01-04 00:32:08,163 [WARN] PackLoader:240 - Cannot read IP mode file for STMicroelectronics.FP-SNS-MOTENVWB1.1.4.0
2026-01-04 00:32:08,173 [WARN] PackLoader:240 - Cannot read IP mode file for STMicroelectronics.FP-ATR-ASTRA1.2.0.2
2026-01-04 00:32:08,183 [WARN] PackLoader:240 - Cannot read IP mode file for STMicroelectronics.X-CUBE-SMBUS.2.1.0
2026-01-04 00:32:08,192 [WARN] PackLoader:240 - Cannot read IP mode file for STMicroelectronics.X-CUBE-WB05N.1.1.0
2026-01-04 00:32:08,224 [WARN] PackLoader:240 - Cannot read IP mode file for STMicroelectronics.X-CUBE-AZRTOS-F7.1.1.0
2026-01-04 00:32:08,233 [WARN] PackLoader:240 - Cannot read IP mode file for STMicroelectronics.FP-SNS-MOTENV1.5.1.0
2026-01-04 00:32:08,255 [WARN] PackLoader:240 - Cannot read IP mode file for Infineon.AIROC-Wi-Fi-Bluetooth-STM32.1.7.0
2026-01-04 00:32:08,284 [WARN] PackLoader:240 - Cannot read IP mode file for STMicroelectronics.X-CUBE-AZRTOS-H7.3.4.0
2026-01-04 00:32:08,296 [WARN] PackLoader:240 - Cannot read IP mode file for STMicroelectronics.X-CUBE-DISPLAY.3.0.0
2026-01-04 00:32:08,306 [WARN] PackLoader:240 - Cannot read IP mode file for STMicroelectronics.X-CUBE-NFC10.1.0.0
2026-01-04 00:32:08,316 [WARN] PackLoader:240 - Cannot read IP mode file for STMicroelectronics.X-CUBE-BLEMGR.4.0.0
2026-01-04 00:32:08,323 [WARN] PackLoader:240 - Cannot read IP mode file for STMicroelectronics.X-CUBE-ST60.1.1.0
2026-01-04 00:32:08,329 [WARN] PackLoader:240 - Cannot read IP mode file for emotas.I-CUBE-CANOPEN.1.3.0
2026-01-04 00:32:08,334 [WARN] PackLoader:240 - Cannot read IP mode file for STMicroelectronics.X-CUBE-GNSS1.7.1.0
2026-01-04 00:32:08,340 [WARN] ConditionMgr:438 - getConditionDescription Invalid condition id : Cortex-A Device cause : null
2026-01-04 00:32:08,352 [WARN] ConditionMgr:1044 - genDependencies : Invalid condition id : Cortex-A Device cause : null
2026-01-04 00:32:08,352 [WARN] ConditionMgr:1044 - genDependencies : Invalid condition id : Cortex-A Device cause : null
2026-01-04 00:32:08,352 [WARN] ConditionMgr:1044 - genDependencies : Invalid condition id : Cortex-A Device cause : null
2026-01-04 00:32:08,356 [WARN] PackLoader:240 - Cannot read IP mode file for STMicroelectronics.X-CUBE-AI.10.0.0
2026-01-04 00:32:08,362 [WARN] PackLoader:240 - Cannot read IP mode file for STMicroelectronics.FP-SNS-STBOX1.2.1.0
2026-01-04 00:32:08,367 [WARN] PackLoader:240 - Cannot read IP mode file for STMicroelectronics.FP-SNS-SMARTAG2.1.2.0
2026-01-04 00:32:08,371 [WARN] PackLoader:240 - Cannot read IP mode file for STMicroelectronics.FP-SNS-FLIGHT1.5.1.0
2026-01-04 00:32:08,406 [WARN] PackLoader:240 - Cannot read IP mode file for STMicroelectronics.X-CUBE-MEMS1.11.1.0
2026-01-04 00:32:08,517 [INFO] LogOutputStream:77 - [STDOUT_REDIRECT] 1 : Invalid condition id : UX_CORESTACK_Condition cause : null
2026-01-04 00:32:08,518 [INFO] LogOutputStream:77 - [STDOUT_REDIRECT] 1 : Invalid condition id : UX_CORESTACK_Condition cause : null
2026-01-04 00:32:08,519 [INFO] LogOutputStream:77 - [STDOUT_REDIRECT] 1 : Invalid condition id : UX_CORESTACK_Condition cause : null
2026-01-04 00:32:08,520 [INFO] LogOutputStream:77 - [STDOUT_REDIRECT] 1 : Invalid condition id : UX_CORESTACK_Condition cause : null
2026-01-04 00:32:08,521 [INFO] LogOutputStream:77 - [STDOUT_REDIRECT] 1 : Invalid condition id : UX_CORESTACK_Condition cause : null
2026-01-04 00:32:08,522 [WARN] PackLoader:240 - Cannot read IP mode file for STMicroelectronics.X-CUBE-AZRTOS-WL.2.0.0
2026-01-04 00:32:08,526 [WARN] PackLoader:240 - Cannot read IP mode file for STMicroelectronics.FP-SNS-MOTENV1.5.0.0
2026-01-04 00:32:08,553 [WARN] PackLoader:240 - Cannot read IP mode file for STMicroelectronics.X-CUBE-AZRTOS-H7RS.1.2.0
2026-01-04 00:32:08,562 [WARN] PackLoader:240 - Cannot read IP mode file for WES.I-CUBE-Cesium.1.3.0
2026-01-04 00:32:08,566 [WARN] PackLoader:240 - Cannot read IP mode file for STMicroelectronics.X-CUBE-BLE2.3.3.0
2026-01-04 00:32:08,581 [WARN] PackLoader:240 - Cannot read IP mode file for STMicroelectronics.X-CUBE-NFC9.1.0.0
2026-01-04 00:32:08,586 [WARN] PackLoader:240 - Cannot read IP mode file for STMicroelectronics.X-CUBE-BLE1.7.1.0
2026-01-04 00:32:08,590 [WARN] PackLoader:240 - Cannot read IP mode file for wolfSSL.I-CUBE-wolfMQTT.1.19.2
2026-01-04 00:32:08,595 [WARN] PackLoader:240 - Cannot read IP mode file for STMicroelectronics.X-CUBE-FREERTOS.1.4.0
2026-01-04 00:32:08,600 [WARN] PackLoader:240 - Cannot read IP mode file for STMicroelectronics.X-CUBE-EEPRMA1.5.2.0
2026-01-04 00:32:08,606 [WARN] PackLoader:240 - Cannot read IP mode file for STMicroelectronics.X-CUBE-ST67W61.1.1.0
2026-01-04 00:32:08,665 [WARN] PackLoader:240 - Cannot read IP mode file for STMicroelectronics.X-CUBE-MEMS1.12.0.0
2026-01-04 00:32:08,786 [WARN] PackLoader:240 - Cannot read IP mode file for STMicroelectronics.X-CUBE-AZRTOS-G0.1.1.0
2026-01-04 00:32:08,792 [WARN] PackLoader:240 - Cannot read IP mode file for STMicroelectronics.X-CUBE-SAFEA1.1.2.2
2026-01-04 00:32:08,798 [WARN] PackLoader:240 - Cannot read IP mode file for STMicroelectronics.X-CUBE-NFC4.3.0.0
2026-01-04 00:32:08,805 [WARN] PackLoader:240 - Cannot read IP mode file for EmbeddedOffice.I-CUBE-FS-RTOS.1.0.1
2026-01-04 00:32:08,810 [WARN] PackLoader:240 - Cannot read IP mode file for STMicroelectronics.X-CUBE-WB05N.2.0.0
2026-01-04 00:32:08,814 [WARN] PackLoader:240 - Cannot read IP mode file for wolfSSL.I-CUBE-wolfTPM.3.8.0
2026-01-04 00:32:08,819 [WARN] PackLoader:240 - Cannot read IP mode file for STMicroelectronics.X-CUBE-TCPP.4.2.0
2026-01-04 00:32:08,825 [WARN] PackLoader:240 - Cannot read IP mode file for RealThread.X-CUBE-RT-Thread_Nano.4.1.1
2026-01-04 00:32:08,829 [WARN] PackLoader:240 - Cannot read IP mode file for STMicroelectronics.FP-ATR-SIGFOX1.3.2.0
2026-01-04 00:32:08,833 [WARN] PackLoader:240 - Cannot read IP mode file for STMicroelectronics.X-CUBE-EEPRMA1.5.1.0
2026-01-04 00:32:08,838 [WARN] PackLoader:240 - Cannot read IP mode file for wolfSSL.I-CUBE-wolfSSL.5.7.6
2026-01-04 00:32:08,845 [WARN] PackLoader:240 - Cannot read IP mode file for ITTIA_DB.I-CUBE-ITTIADB.8.9.0
2026-01-04 00:32:08,848 [WARN] PackLoader:240 - Cannot read IP mode file for STMicroelectronics.X-CUBE-AI.10.2.0
2026-01-04 00:32:08,868 [WARN] PackLoader:240 - Cannot read IP mode file for SEGGER.I-CUBE-embOS.1.3.1
2026-01-04 00:32:08,898 [WARN] PackLoader:240 - Cannot read IP mode file for STMicroelectronics.X-CUBE-ALGOBUILD.1.4.0
2026-01-04 00:32:08,903 [WARN] PackLoader:240 - Cannot read IP mode file for STMicroelectronics.X-CUBE-PM33A1.1.0.0
2026-01-04 00:32:08,923 [WARN] PackLoader:240 - Cannot read IP mode file for STMicroelectronics.X-CUBE-AZRTOS-F4.1.1.0
2026-01-04 00:32:08,932 [WARN] PackLoader:240 - Cannot read IP mode file for STMicroelectronics.X-CUBE-ISPU.2.1.0
2026-01-04 00:32:08,942 [WARN] PackLoader:240 - Cannot read IP mode file for STMicroelectronics.X-CUBE-IPS.3.2.0
2026-01-04 00:32:08,957 [WARN] PackLoader:240 - Cannot read IP mode file for STMicroelectronics.X-CUBE-NFC12.1.0.0
2026-01-04 00:32:08,968 [WARN] PackLoader:240 - Cannot read IP mode file for STMicroelectronics.X-CUBE-AZRTOS-L5.2.0.0
2026-01-04 00:32:08,976 [WARN] PackLoader:240 - Cannot read IP mode file for STMicroelectronics.X-CUBE-NFC6.3.1.0
2026-01-04 00:32:08,982 [WARN] PackLoader:240 - Cannot read IP mode file for STMicroelectronics.X-CUBE-DPower.1.2.0
2026-01-04 00:32:08,987 [WARN] PackLoader:240 - Cannot read IP mode file for STMicroelectronics.X-CUBE-FREERTOS.1.3.0
2026-01-04 00:32:08,991 [WARN] PackLoader:240 - Cannot read IP mode file for STMicroelectronics.X-CUBE-NFC7.1.0.1
2026-01-04 00:32:08,997 [WARN] PackLoader:240 - Cannot read IP mode file for STMicroelectronics.X-CUBE-TOUCHGFX.4.26.0
2026-01-04 00:32:09,001 [WARN] PackLoader:240 - Cannot read IP mode file for STMicroelectronics.FP-SNS-STAIOTCFT.1.0.0
2026-01-04 00:32:09,005 [WARN] PackLoader:240 - Cannot read IP mode file for STMicroelectronics.X-CUBE-DPower.1.3.0
2026-01-04 00:32:09,016 [WARN] ConditionMgr:438 - getConditionDescription Invalid condition id : LAN8742 Phy interface Condition cause : null
2026-01-04 00:32:09,016 [WARN] PackLoader:240 - Cannot read IP mode file for STMicroelectronics.X-CUBE-AZRTOS-L4.2.0.0
2026-01-04 00:32:09,017 [WARN] ConditionMgr:1044 - genDependencies : Invalid condition id : LAN8742 Phy interface Condition cause : null
2026-01-04 00:32:09,017 [WARN] ConditionMgr:1044 - genDependencies : Invalid condition id : LAN8742 Phy interface Condition cause : null
2026-01-04 00:32:09,018 [WARN] ConditionMgr:1044 - genDependencies : Invalid condition id : LAN8742 Phy interface Condition cause : null
2026-01-04 00:32:09,023 [WARN] PackLoader:240 - Cannot read IP mode file for STMicroelectronics.X-CUBE-SFXS2LP1.4.0.0
2026-01-04 00:32:09,041 [WARN] PackLoader:240 - Cannot read IP mode file for STMicroelectronics.X-CUBE-AZRTOS-H7.3.3.0
2026-01-04 00:32:09,049 [WARN] PackLoader:240 - Cannot read IP mode file for STMicroelectronics.X-CUBE-BLEMGR.4.1.0
2026-01-04 00:32:09,059 [WARN] ConditionMgr:438 - getConditionDescription Invalid condition id : UX DEVICE CLASS RTOS Condition cause : null
2026-01-04 00:32:09,060 [WARN] ConditionMgr:438 - getConditionDescription Invalid condition id : UX DEVICE CLASS RTOS Condition cause : null
2026-01-04 00:32:09,061 [WARN] PackLoader:240 - Cannot read IP mode file for STMicroelectronics.X-CUBE-AZRTOS-WB.2.0.0
2026-01-04 00:32:09,061 [WARN] ConditionMgr:1044 - genDependencies : Invalid condition id : UX DEVICE CLASS RTOS Condition cause : null
2026-01-04 00:32:09,061 [WARN] ConditionMgr:1044 - genDependencies : Invalid condition id : UX DEVICE CLASS RTOS Condition cause : null
2026-01-04 00:32:09,062 [WARN] ConditionMgr:1044 - genDependencies : Invalid condition id : UX DEVICE CLASS RTOS Condition cause : null
2026-01-04 00:32:09,062 [WARN] ConditionMgr:1044 - genDependencies : Invalid condition id : UX DEVICE CLASS RTOS Condition cause : null
2026-01-04 00:32:09,062 [WARN] ConditionMgr:1044 - genDependencies : Invalid condition id : UX DEVICE CLASS RTOS Condition cause : null
2026-01-04 00:32:09,066 [WARN] PackLoader:240 - Cannot read IP mode file for STMicroelectronics.X-CUBE-GNSS1.7.0.1
2026-01-04 00:32:09,068 [WARN] PackLoader:240 - Cannot read IP mode file for STMicroelectronics.X-CUBE-TOUCHGFX.4.25.0
2026-01-04 00:32:09,071 [WARN] PackLoader:240 - Cannot read IP mode file for STMicroelectronics.FP-SNS-STBOX1.2.0.0
2026-01-04 00:32:09,080 [WARN] PackLoader:240 - Cannot read IP mode file for STMicroelectronics.X-CUBE-SUBG2.5.0.0
2026-01-04 00:32:09,094 [WARN] PackLoader:240 - Cannot read IP mode file for STMicroelectronics.X-CUBE-AZRTOS-H7RS.1.1.0
2026-01-04 00:32:09,099 [WARN] PackLoader:240 - Cannot read IP mode file for Cesanta.I-CUBE-Mongoose.7.13.0
2026-01-04 00:32:09,108 [WARN] PackLoader:240 - Cannot read IP mode file for STMicroelectronics.X-CUBE-AZRTOS-G4.2.0.0
2026-01-04 00:32:09,118 [WARN] PackLoader:240 - Cannot read IP mode file for wolfSSL.I-CUBE-wolfSSH.1.4.20
2026-01-04 00:32:09,121 [WARN] PackLoader:240 - Cannot read IP mode file for STMicroelectronics.X-CUBE-NFC7.2.0.0
2026-01-04 00:32:09,130 [WARN] PackLoader:240 - Cannot read IP mode file for STMicroelectronics.X-CUBE-IPS.3.1.0
2026-01-04 00:32:09,137 [WARN] PackLoader:240 - Cannot read IP mode file for STMicroelectronics.X-CUBE-ALS.1.0.2
2026-01-04 00:32:09,144 [WARN] PackLoader:240 - Cannot read IP mode file for STMicroelectronics.X-CUBE-STSE01.1.0.0
2026-01-04 00:32:09,149 [WARN] PackLoader:240 - Cannot read IP mode file for portGmbH.I-Cube-SoM-uGOAL.1.1.0
2026-01-04 00:32:09,157 [WARN] PackLoader:240 - Cannot read IP mode file for STMicroelectronics.X-CUBE-TOF1.3.4.2
2026-01-04 00:32:09,168 [WARN] PackLoader:240 - Cannot read IP mode file for STMicroelectronics.X-CUBE-TOF1.3.4.3
2026-01-04 00:32:09,174 [INFO] ThirdParty:978 - Integrity check success = true
2026-01-04 00:32:09,174 [INFO] IntegrityCheckThread:100 - exiting critical section [integrity check]
2026-01-04 00:32:09,174 [INFO] IntegrityCheckThread:103 - End integrity checks thread
2026-01-04 00:59:50,278 [INFO] McuFinderGlobals:63 - Set McuFinder mode to 2 (CubeIDE integrated)
2026-01-04 00:59:50,317 [INFO] MainUpdater:2872 - connection check result : 22
2026-01-04 00:59:50,330 [INFO] MainUpdater:2872 - connection check result : 22
2026-01-04 01:00:04,247 [INFO] MainUpdater:2872 - connection check result : 10
2026-01-04 01:00:04,498 [INFO] MicroXplorer:468 - Change Database Path : 
2026-01-04 01:00:04,498 [INFO] MicroXplorer:498 - Change Database Version : DB.6.0.150
2026-01-04 01:00:04,568 [WARN] ThirdParty:871 - waiting for thirdparty lock release [close project]
2026-01-04 01:00:04,569 [INFO] ThirdParty:873 - entering critical section [close project]
2026-01-04 01:00:04,588 [INFO] ThirdParty:883 - exiting critical section [close project]
2026-01-04 01:00:04,591 [INFO] PinOutPanel:1589 - setPackage(No Configuration,No Configuration)
2026-01-04 01:00:04,594 [INFO] UtilMem:75 - Begin LoadConfig() Used Memory: 249481968 Bytes (327155712)
2026-01-04 01:00:04,595 [INFO] MicroXplorer:468 - Change Database Path : 
2026-01-04 01:00:04,596 [INFO] MicroXplorer:498 - Change Database Version : DB.6.0.150
2026-01-04 01:00:04,596 [INFO] OpenFileManager:355 - Change cursor
2026-01-04 01:00:04,674 [INFO] Mcu:2029 - Initializing MCU STM32F103C(8-B)Tx STM32F103C8Tx STM32F103C8T6
2026-01-04 01:00:06,581 [INFO] Context:786 - Trying to add GPIOservice into a context  which must be forbidden
2026-01-04 01:00:07,155 [INFO] ImportTextPane:234 - (OptionalMessage_ERROR) Pin7 (VP_RIF_VS_RIF1) cannot be retrieved for this MCU
2026-01-04 01:00:07,462 [INFO] RtosManager:558 - Registered RTOS mode: class=CMSIS, group=RTOS, mode=CMSIS_V1, owner=FREERTOS
2026-01-04 01:00:07,463 [INFO] RtosManager:558 - Registered RTOS mode: class=CMSIS, group=RTOS2, mode=CMSIS_V2, owner=FREERTOS
2026-01-04 01:00:07,463 [INFO] RtosManager:558 - Registered RTOS mode: class=RTOS, group=Core, mode=CMSIS_V1, owner=FREERTOS
2026-01-04 01:00:07,463 [INFO] RtosManager:558 - Registered RTOS mode: class=RTOS, group=Core, mode=CMSIS_V2, owner=FREERTOS
2026-01-04 01:00:07,463 [WARN] ModelIntegratedComponent:184 - Missing modes for component STMicroelectronics:FreeRTOS:0.0.1:STMicroelectronics:RTOS:FreeRTOS:Core:::10.2.0:
2026-01-04 01:00:07,485 [WARN] ModelIntegratedComponent:63 - No mode defined for component null
2026-01-04 01:00:07,485 [WARN] ModelIntegratedComponent:63 - No mode defined for component null
2026-01-04 01:00:07,486 [WARN] ModelIntegratedComponent:63 - No mode defined for component null
2026-01-04 01:00:07,486 [WARN] ModelIntegratedComponent:63 - No mode defined for component null
2026-01-04 01:00:07,486 [WARN] ModelIntegratedComponent:63 - No mode defined for component null
2026-01-04 01:00:07,486 [WARN] ModelIntegratedComponent:63 - No mode defined for component null
2026-01-04 01:00:07,486 [WARN] ModelIntegratedComponent:63 - No mode defined for component null
2026-01-04 01:00:07,486 [WARN] ModelIntegratedComponent:63 - No mode defined for component null
2026-01-04 01:00:07,486 [WARN] ModelIntegratedComponent:63 - No mode defined for component null
2026-01-04 01:00:07,486 [WARN] ModelIntegratedComponent:63 - No mode defined for component null
2026-01-04 01:00:07,486 [WARN] ModelIntegratedComponent:63 - No mode defined for component null
2026-01-04 01:00:07,486 [WARN] ModelIntegratedComponent:63 - No mode defined for component null
2026-01-04 01:00:07,487 [WARN] ModelIntegratedComponent:63 - No mode defined for component null
2026-01-04 01:00:07,487 [WARN] ModelIntegratedComponent:63 - No mode defined for component null
2026-01-04 01:00:07,487 [WARN] ModelIntegratedComponent:63 - No mode defined for component null
2026-01-04 01:00:07,487 [WARN] ModelIntegratedComponent:63 - No mode defined for component null
2026-01-04 01:00:07,487 [WARN] ModelIntegratedComponent:63 - No mode defined for component null
2026-01-04 01:00:07,487 [WARN] ModelIntegratedComponent:63 - No mode defined for component null
2026-01-04 01:00:07,487 [WARN] ModelIntegratedComponent:63 - No mode defined for component null
2026-01-04 01:00:07,488 [WARN] ModelIntegratedComponent:63 - No mode defined for component null
2026-01-04 01:00:07,488 [WARN] ModelIntegratedComponent:63 - No mode defined for component null
2026-01-04 01:00:07,488 [WARN] ModelIntegratedComponent:63 - No mode defined for component null
2026-01-04 01:00:07,488 [WARN] ModelIntegratedComponent:63 - No mode defined for component null
2026-01-04 01:00:07,488 [WARN] ModelIntegratedComponent:63 - No mode defined for component null
2026-01-04 01:00:07,488 [WARN] ModelIntegratedComponent:63 - No mode defined for component null
2026-01-04 01:00:07,488 [WARN] ModelIntegratedComponent:63 - No mode defined for component null
2026-01-04 01:00:07,488 [WARN] ModelIntegratedComponent:63 - No mode defined for component null
2026-01-04 01:00:07,488 [WARN] ModelIntegratedComponent:63 - No mode defined for component null
2026-01-04 01:00:07,489 [WARN] ModelIntegratedComponent:63 - No mode defined for component null
2026-01-04 01:00:07,489 [WARN] ModelIntegratedComponent:63 - No mode defined for component null
2026-01-04 01:00:07,489 [WARN] ModelIntegratedComponent:63 - No mode defined for component null
2026-01-04 01:00:07,489 [WARN] ModelIntegratedComponent:63 - No mode defined for component null
2026-01-04 01:00:07,489 [WARN] ModelIntegratedComponent:63 - No mode defined for component null
2026-01-04 01:00:07,489 [WARN] ModelIntegratedComponent:63 - No mode defined for component null
2026-01-04 01:00:07,489 [WARN] ModelIntegratedComponent:63 - No mode defined for component null
2026-01-04 01:00:07,490 [WARN] ModelPack:524 - Component already loaded: STMicroelectronics:HAL Drivers:0.0.0:STMicroelectronics:Device:STMicro_Driver:XSPI:HAL::0.0.1:HAL_XSPI
2026-01-04 01:00:07,831 [INFO] ThirdPartyModel:298 - Start build external matchings
2026-01-04 01:00:09,231 [INFO] ThirdPartyModel:316 - End build external matchings
2026-01-04 01:00:09,287 [INFO] ImportTextPane:234 - (OptionalMessage_ERROR) IP (RCC) : Invalid parameter (FamilyName)
2026-01-04 01:00:09,289 [INFO] ImportTextPane:234 - (OptionalMessage_ERROR) IP (RCC) : Parameter (USBFreq_Value) has invalid value (16000000)
2026-01-04 01:00:09,923 [INFO] ApiDb:581 - Connected to CubeFinder SQLite database (C:\Users\22142\.stmcufinder\plugins\mcufinder\mcu\cube-finder-db.db)
2026-01-04 01:00:10,121 [INFO] ApiDb:668 - CubeFinder database Data Model version=2.1
2026-01-04 01:00:10,121 [INFO] ApiDb:669 - CubeFinder database Configuration version=3.0.39
2026-01-04 01:00:10,123 [INFO] ApiDb:670 - CubeFinder database generation date=2025-12-22 (1766407740)
2026-01-04 01:00:10,123 [INFO] ApiDb:671 - CubeFinder database FW Pack versions=[FP-ATR-ASTRA1_V2.0.0, FP-SNS-FLIGHT1_V5.1.0, FP-SNS-MOTENV1_V5.1.0, FP-SNS-MOTENVWB1_V1.4.0, FP-SNS-SMARTAG2_V1.2.0, FP-SNS-STBOX1_V2.1.0, STM32Cube_FW_C0_V1.4.0, STM32Cube_FW_F4_V1.28.3, STM32Cube_FW_F7_V1.17.4, STM32Cube_FW_G0_V1.6.2, STM32Cube_FW_G4_V1.6.1, STM32Cube_FW_H5_V1.5.1, STM32Cube_FW_H7RS_V1.3.0, STM32Cube_FW_H7_V1.12.1, STM32Cube_FW_L0_V1.12.2, STM32Cube_FW_L4_V1.18.1, STM32Cube_FW_L5_V1.6.0, STM32Cube_FW_N6_V1.3.0, STM32Cube_FW_U0_V1.3.0, STM32Cube_FW_U3_V1.2.1, STM32Cube_FW_U5_V1.8.0, STM32Cube_FW_WB0_V1.4.0, STM32Cube_FW_WBA_V1.8.0, STM32Cube_FW_WB_V1.24.0, STM32Cube_FW_WL3_V1.3.0, STM32Cube_FW_WL_V1.4.0, X-CUBE-ALGOBUILD_V1.4.0, X-CUBE-ALS_V1.0.2, X-CUBE-AZRTOS-F4_V1.1.0, X-CUBE-AZRTOS-F7_V1.1.0, X-CUBE-AZRTOS-G0_V1.1.0, X-CUBE-AZRTOS-G4_V2.0.0, X-CUBE-AZRTOS-H7RS_V1.1.0, X-CUBE-AZRTOS-H7_V3.4.0, X-CUBE-AZRTOS-L4_V2.0.0, X-CUBE-AZRTOS-L5_V2.0.0, X-CUBE-AZRTOS-WB_V2.0.0, X-CUBE-AZRTOS-WL_V2.0.0, X-CUBE-BLE1_V7.1.0, X-CUBE-BLE2_V3.3.0, X-CUBE-BLEMGR_V4.1.0, X-CUBE-EEPRMA1_V5.2.0, X-CUBE-FREERTOS_V1.3.1, X-CUBE-GNSS1_V6.0.0, X-CUBE-MEMS1_V12.0.0, X-CUBE-NFC4_V3.0.0, X-CUBE-NFC7_V2.0.0, X-CUBE-SFXS2LP1_V4.0.0, X-CUBE-ST67W61_V1.1.0, X-CUBE-SUBG2_V5.0.0, X-CUBE-TOF1_V3.4.3]
2026-01-04 01:00:10,387 [INFO] DbBoardsSqlite:226 - include board P-NUCLEO-WB55-NUCLEO as a kit item of type 'Nucleo-64'
2026-01-04 01:00:10,388 [INFO] DbBoardsSqlite:226 - include board P-NUCLEO-WB55-USBDONGLE as a kit item of type 'Nucleo USB Dongle'
2026-01-04 01:00:10,390 [INFO] DbBoardsSqlite:226 - include board STEVAL-IDP005V1 as a kit item of type 'Evaluation Board'
2026-01-04 01:00:10,391 [INFO] DbBoardsSqlite:226 - include board STEVAL-IDP005V2 as a kit item of type 'Evaluation Board'
2026-01-04 01:00:11,306 [INFO] ApiDb:240 - Found 880 in-development CPN: [B-G473E-ZEST1S, B-WB1M-WPAN1, B-WBA5M-WPAN, B-WL5M-SUBG1, NUCLEO-C031C6, NUCLEO-C051C8, NUCLEO-C071RB, NUCLEO-C092RC, NUCLEO-H503RB, NUCLEO-H533RE, NUCLEO-H563ZI, NUCLEO-H7S3L8, NUCLEO-N657X0-Q, NUCLEO-U031R8, NUCLEO-U083RC, NUCLEO-U385RG-Q, NUCLEO-U545RE-Q, NUCLEO-U5A5ZJ-Q, NUCLEO-WB05KZ, NUCLEO-WB07CC, NUCLEO-WB09KE, NUCLEO-WBA52CG, NUCLEO-WBA55CG, NUCLEO-WL33CC1, NUCLEO-WL33CC2, STEVAL-PROTEUS1, STEVAL-SMARTAG2, STEVAL-STWINBX1, STM320518-EVAL, STM32C0116-DK, STM32C011D6Y3TR, STM32C011D6Y6TR, STM32C011F4P3, STM32C011F4P6, STM32C011F4U3, STM32C011F4U6TR, STM32C011F6P3, STM32C011F6P6, STM32C011F6U3, STM32C011F6U6TR, STM32C011J4M3, STM32C011J4M6, STM32C011J6M3, STM32C011J6M6, STM32C0316-DK, STM32C031C4T3, STM32C031C4T6, STM32C031C4U3, STM32C031C4U6, STM32C031C6T3, STM32C031C6T6, STM32C031C6U3, STM32C031C6U6, STM32C031F4P3, STM32C031F4P6, STM32C031F6P3, STM32C031F6P6, STM32C031G4U3, STM32C031G4U6, STM32C031G6U3, STM32C031G6U6, STM32C031K4T3, STM32C031K4T6, STM32C031K4U3, STM32C031K4U6, STM32C031K6T3, STM32C031K6T6, STM32C031K6U3, STM32C031K6U6, STM32C051C6T6, STM32C051C6U6, STM32C051C8T6, STM32C051C8U6, STM32C051D8Y6TR, STM32C051F6P6, STM32C051F8P6, STM32C051G6U6, STM32C051G8U6, STM32C051K6T6, STM32C051K6U6, STM32C051K8T6, STM32C071C8T6, STM32C071C8T6N, STM32C071C8U6, STM32C071C8U6N, STM32C071CBT6, STM32C071CBT6N, STM32C071CBU6, STM32C071CBU6N, STM32C071F8P6, STM32C071F8P6N, STM32C071FBP6, STM32C071FBP6N, STM32C071FBY6TR, STM32C071G8U6, STM32C071G8U6N, STM32C071GBU6, STM32C071GBU6N, STM32C071K8T6, STM32C071K8T6N, STM32C071K8U6, STM32C071K8U6N, STM32C071KBT6, STM32C071KBT6N, STM32C071KBU6, STM32C071KBU6N, STM32C071R8T6, STM32C071R8T6N, STM32C071RBI6N, STM32C071RBT6, STM32C071RBT6N, STM32C091CBT6, STM32C091CBU6, STM32C091CCT6, STM32C091CCU6, STM32C091ECY6TR, STM32C091FBP6, STM32C091FCP6, STM32C091GBU6, STM32C091GCU6, STM32C091KBT6, STM32C091KBU6, STM32C091KCT6, STM32C091KCU6, STM32C091RBT6, STM32C091RCI6, STM32C091RCT6, STM32C092CBT6, STM32C092CBU6, STM32C092CCT6, STM32C092CCU6, STM32C092ECY6TR, STM32C092FBP6, STM32C092FCP6, STM32C092GBU6, STM32C092GCU6, STM32C092KBT6, STM32C092KBU6, STM32C092KCT6, STM32C092KCU6, STM32C092RBT6, STM32C092RCI6, STM32C092RCT6, STM32G071K8TXN, STM32G071K8UXN, STM32G081GBU6N, STM32G081KBT6N, STM32G081KBUXN, STM32G0B1CCT6N, STM32G0B1KCT6, STM32G0B1NEY6TR, STM32G0B1RCT6N, STM32G0C1CCT6, STM32G0C1CCT6N, STM32G0C1CCU6N, STM32G0C1CET6N, STM32G0C1CEU6N, STM32G0C1KCT6, STM32G0C1NEY6TR, STM32G0C1RCI6N, STM32G0C1RCT6N, STM32G0C1REI6N, STM32G0C1RET6N, STM32G0C1VCI6, STM32G0C1VEI6, STM32G411C6T3, STM32G411C6T6, STM32G411C6U3, STM32G411C6U6, STM32G411C8T3, STM32G411C8T6, STM32G411C8U3, STM32G411C8U6, STM32G411CBT3, STM32G411CBT6, STM32G411CBU3, STM32G411CBU6, STM32G411K6T3, STM32G411K6T6, STM32G411K6U3, STM32G411K6U6, STM32G411K8T3, STM32G411K8T6, STM32G411K8U3, STM32G411K8U6, STM32G411KBT3, STM32G411KBT6, STM32G411KBU3, STM32G411KBU6, STM32G411M6T3, STM32G411M6T6, STM32G411M8T3, STM32G411M8T6, STM32G411MBT3, STM32G411MBT6, STM32G411R6T3, STM32G411R6T6, STM32G411R8T3, STM32G411R8T6, STM32G411RBT3, STM32G411RBT6, STM32G414CBT3, STM32G414CBT6, STM32G414CBU3, STM32G414CBU6, STM32G414CCT3, STM32G414CCT6, STM32G414CCU3, STM32G414CCU6, STM32G414MBT3, STM32G414MBT6, STM32G414MCT3, STM32G414MCT6, STM32G414RBT3, STM32G414RBT6, STM32G414RCT3, STM32G414RCT6, STM32G414VBT3, STM32G414VBT6, STM32G414VCT3, STM32G414VCT6, STM32G431CBT3Z, STM32G431RBT3Z, STM32G471CCT6, STM32G471CCU6, STM32G471CET3, STM32G471CET6, STM32G471CEU3, STM32G471CEU6, STM32G471MCT6, STM32G471MET3, STM32G471MET6, STM32G471MEY6TR, STM32G471QCT6, STM32G471QET3, STM32G471RCT6, STM32G471RET3, STM32G471RET6, STM32G471VCH6, STM32G471VCI6, STM32G471VCT6, STM32G471VEH3, STM32G471VEH6, STM32G471VEI3, STM32G471VEI6, STM32G471VET3, STM32G471VET6, STM32G473QET3Z, STM32G473RET3Z, STM32G474CCT6, STM32G491RET3Z, STM32H503CBT6, STM32H503CBU6, STM32H503EBY6TR, STM32H503KBU6, STM32H503RBT6, STM32H523CCT6, STM32H523CCU6, STM32H523CET6, STM32H523CEU6, STM32H523HEY6TR, STM32H523RCT6, STM32H523RET6, STM32H523VCI6, STM32H523VCT6, STM32H523VEI6, STM32H523VET6, STM32H523ZCJ6, STM32H523ZCT6, STM32H523ZEJ6, STM32H523ZET6, STM32H533CET6, STM32H533CEU6, STM32H533HEY6TR, STM32H533RET6, STM32H533VEI6, STM32H533VET6, STM32H533ZEJ6, STM32H533ZET6, STM32H562AGI6, STM32H562AII6, STM32H562IGK6, STM32H562IGT6, STM32H562IIK6, STM32H562IIT6, STM32H562RGT6, STM32H562RGV6, STM32H562RIT6, STM32H562RIV6, STM32H562VGT6, STM32H562VIT6, STM32H562ZGT6, STM32H562ZIT6, STM32H563AGI6, STM32H563AII3Q, STM32H563AII6, STM32H563IGK6, STM32H563IGT6, STM32H563IIK3Q, STM32H563IIK6, STM32H563IIT3Q, STM32H563IIT6, STM32H563MIY3QTR, STM32H563RGT6, STM32H563RGV6, STM32H563RIT6, STM32H563RIV6, STM32H563VGT6, STM32H563VIT3Q, STM32H563VIT6, STM32H563ZGT6, STM32H563ZIT3Q, STM32H563ZIT6, STM32H573AII3Q, STM32H573AII6, STM32H573I-DK, STM32H573IIK3Q, STM32H573IIK6, STM32H573IIT3Q, STM32H573IIT6, STM32H573MIY3QTR, STM32H573RIT6, STM32H573RIV6, STM32H573VIT3Q, STM32H573VIT6, STM32H573ZIT3Q, STM32H573ZIT6, STM32H7R3A8I6, STM32H7R3I8K6, STM32H7R3I8T6, STM32H7R3L8H6, STM32H7R3L8H6H, STM32H7R3R8V6, STM32H7R3V8H6, STM32H7R3V8T6, STM32H7R3V8Y6TR, STM32H7R3Z8J6, STM32H7R3Z8T6, STM32H7R7A8I6, STM32H7R7I8K6, STM32H7R7I8T6, STM32H7R7L8H6, STM32H7R7L8H6H, STM32H7R7Z8J6, STM32H7S3A8I6, STM32H7S3I8K6, STM32H7S3I8T6, STM32H7S3L8H6, STM32H7S3L8H6H, STM32H7S3R8V6, STM32H7S3V8H6, STM32H7S3V8T6, STM32H7S3V8Y6TR, STM32H7S3Z8J6, STM32H7S3Z8T6, STM32H7S78-DK, STM32H7S7A8I6, STM32H7S7I8K6, STM32H7S7I8T6, STM32H7S7L8H6, STM32H7S7L8H6H, STM32H7S7Z8J6, STM32L4R5QGI6STR, STM32MP131AAE3, STM32MP131AAF3, STM32MP131AAG3, STM32MP131CAE3, STM32MP131CAF3, STM32MP131CAG3, STM32MP131DAE7, STM32MP131DAF7, STM32MP131DAG7, STM32MP131FAE7, STM32MP131FAF7, STM32MP131FAG7, STM32MP133AAE3, STM32MP133AAF3, STM32MP133AAG3, STM32MP133CAE3, STM32MP133CAF3, STM32MP133CAG3, STM32MP133DAE7, STM32MP133DAF7, STM32MP133DAG7, STM32MP133FAE7, STM32MP133FAF7, STM32MP133FAG7, STM32MP135AAE3, STM32MP135AAF3, STM32MP135AAG3, STM32MP135CAE3, STM32MP135CAF3, STM32MP135CAG3, STM32MP135DAE7, STM32MP135DAF7, STM32MP135DAG7, STM32MP135F-DK, STM32MP135FAE7, STM32MP135FAF7, STM32MP135FAF7T, STM32MP135FAF7U, STM32MP135FAG7, STM32MP211AAL3, STM32MP211AAM3, STM32MP211AAN3, STM32MP211AAO3, STM32MP211CAL3, STM32MP211CAM3, STM32MP211CAN3, STM32MP211CAO3, STM32MP211DAL3, STM32MP211DAM3, STM32MP211DAN3, STM32MP211DAO3, STM32MP211FAL3, STM32MP211FAM3, STM32MP211FAN3, STM32MP211FAO3, STM32MP213AAL3, STM32MP213AAM3, STM32MP213AAN3, STM32MP213AAO3, STM32MP213CAL3, STM32MP213CAM3, STM32MP213CAN3, STM32MP213CAO3, STM32MP213DAL3, STM32MP213DAM3, STM32MP213DAN3, STM32MP213DAO3, STM32MP213FAL3, STM32MP213FAM3, STM32MP213FAN3, STM32MP213FAO3, STM32MP215AAL3, STM32MP215AAM3, STM32MP215AAN3, STM32MP215AAO3, STM32MP215CAL3, STM32MP215CAM3, STM32MP215CAN3, STM32MP215CAO3, STM32MP215DAL3, STM32MP215DAM3, STM32MP215DAN3, STM32MP215DAO3, STM32MP215F-DK, STM32MP215FAL3, STM32MP215FAM3, STM32MP215FAN3, STM32MP215FAO3, STM32MP231AAJ3, STM32MP231AAK3, STM32MP231AAL3, STM32MP231CAJ3, STM32MP231CAK3, STM32MP231CAL3, STM32MP231DAJ3, STM32MP231DAK3, STM32MP231DAL3, STM32MP231FAJ3, STM32MP231FAK3, STM32MP231FAL3, STM32MP233AAJ3, STM32MP233AAK3, STM32MP233AAL3, STM32MP233CAJ3, STM32MP233CAK3, STM32MP233CAL3, STM32MP233DAJ3, STM32MP233DAK3, STM32MP233DAL3, STM32MP233FAJ3, STM32MP233FAK3, STM32MP233FAL3, STM32MP235AAJ3, STM32MP235AAK3, STM32MP235AAL3, STM32MP235CAJ3, STM32MP235CAK3, STM32MP235CAL3, STM32MP235DAJ3, STM32MP235DAK3, STM32MP235DAL3, STM32MP235FAJ3, STM32MP235FAK3, STM32MP235FAL3, STM32MP251AAI3, STM32MP251AAK3, STM32MP251AAL3, STM32MP251CAI3, STM32MP251CAK3, STM32MP251CAL3, STM32MP251DAI3, STM32MP251DAK3, STM32MP251DAL3, STM32MP251FAI3, STM32MP251FAK3, STM32MP251FAL3, STM32MP253AAI3, STM32MP253AAK3, STM32MP253AAL3, STM32MP253CAI3, STM32MP253CAK3, STM32MP253CAL3, STM32MP253DAI3, STM32MP253DAK3, STM32MP253DAL3, STM32MP253FAI3, STM32MP253FAK3, STM32MP253FAL3, STM32MP255AAI3, STM32MP255AAK3, STM32MP255AAL3, STM32MP255CAI3, STM32MP255CAK3, STM32MP255CAL3, STM32MP255DAI3, STM32MP255DAK3, STM32MP255DAL3, STM32MP255FAI3, STM32MP255FAK3, STM32MP255FAL3, STM32MP257AAI3, STM32MP257AAK3, STM32MP257AAL3, STM32MP257CAI3, STM32MP257CAK3, STM32MP257CAL3, STM32MP257DAI3, STM32MP257DAK3, STM32MP257DAL3, STM32MP257F-DK, STM32MP257F-EV1, STM32MP257FAI3, STM32MP257FAK3, STM32MP257FAL3, STM32N645A0H3Q, STM32N645B0H3Q, STM32N645I0H3Q, STM32N645L0H3Q, STM32N645X0H3Q, STM32N645Z0H3Q, STM32N647A0H3Q, STM32N647B0H3Q, STM32N647I0H3Q, STM32N647L0H3Q, STM32N647X0H3Q, STM32N647Z0H3Q, STM32N655A0H3Q, STM32N655B0H3Q, STM32N655I0H3Q, STM32N655L0H3Q, STM32N655X0H3Q, STM32N655Z0H3Q, STM32N6570-DK, STM32N657A0H3Q, STM32N657B0H3Q, STM32N657I0H3Q, STM32N657L0H3Q, STM32N657X0H3Q, STM32N657Z0H3Q, STM32U031C6T6, STM32U031C6U6, STM32U031C8T6, STM32U031C8U6, STM32U031F4P6, STM32U031F6P6, STM32U031F8P6, STM32U031G6Y6TR, STM32U031G8Y6TR, STM32U031K4U6, STM32U031K6U6, STM32U031K8U6, STM32U031R6I6, STM32U031R6T6, STM32U031R8I6, STM32U031R8T6, STM32U073C8T6, STM32U073C8U6, STM32U073CBT6, STM32U073CBU6, STM32U073CCT6, STM32U073CCU6, STM32U073H8Y6TR, STM32U073HBY6TR, STM32U073HCY6TR, STM32U073K8U6, STM32U073KBU6, STM32U073KCU6, STM32U073M8I6, STM32U073M8T6, STM32U073MBI6, STM32U073MBT6, STM32U073MCI6, STM32U073MCT6, STM32U073R8I6, STM32U073R8T6, STM32U073RBI6, STM32U073RBT6, STM32U073RCI6, STM32U073RCT6, STM32U083C-DK, STM32U083CCT6, STM32U083CCU6, STM32U083HCY6TR, STM32U083KCU6, STM32U083MCI6, STM32U083MCT6, STM32U083RCI6, STM32U083RCT6, STM32U375CET6, STM32U375CET6Q, STM32U375CEU6, STM32U375CEU6Q, STM32U375CEY6QTR, STM32U375CGT6, STM32U375CGT6Q, STM32U375CGU6, STM32U375CGU6Q, STM32U375CGY6QTR, STM32U375KEU6, STM32U375KGU6, STM32U375REI6, STM32U375REI6Q, STM32U375RET6, STM32U375RET6Q, STM32U375REY6GTR, STM32U375REY6QTR, STM32U375RGI6, STM32U375RGI6Q, STM32U375RGT6, STM32U375RGT6Q, STM32U375RGY6GTR, STM32U375RGY6QTR, STM32U375VEI6, STM32U375VEI6Q, STM32U375VET6, STM32U375VET6Q, STM32U375VGI6, STM32U375VGI6Q, STM32U375VGT6, STM32U375VGT6Q, STM32U385CGT6, STM32U385CGT6Q, STM32U385CGU6, STM32U385CGU6Q, STM32U385CGY6QTR, STM32U385KGU6, STM32U385RGI6, STM32U385RGI6Q, STM32U385RGT6, STM32U385RGT6Q, STM32U385RGY6GTR, STM32U385RGY6QTR, STM32U385VGI6, STM32U385VGI6Q, STM32U385VGT6, STM32U385VGT6Q, STM32U535CBT6, STM32U535CBT6Q, STM32U535CBU6, STM32U535CBU6Q, STM32U535CCT6, STM32U535CCT6Q, STM32U535CCU6, STM32U535CCU6Q, STM32U535CET6, STM32U535CET6Q, STM32U535CEU6, STM32U535CEU6Q, STM32U535JEY6QTR, STM32U535NCY6QTR, STM32U535NEY6QTR, STM32U535RBI6, STM32U535RBI6Q, STM32U535RBT6, STM32U535RBT6Q, STM32U535RCI6, STM32U535RCI6Q, STM32U535RCT6, STM32U535RCT6Q, STM32U535REI6, STM32U535REI6Q, STM32U535RET6, STM32U535RET6Q, STM32U535VCI6, STM32U535VCI6Q, STM32U535VCT6, STM32U535VCT6Q, STM32U535VEI6, STM32U535VEI6Q, STM32U535VET6, STM32U535VET6Q, STM32U545CET6, STM32U545CET6Q, STM32U545CEU6, STM32U545CEU6Q, STM32U545JEY6QTR, STM32U545NEY6QTR, STM32U545REI6, STM32U545REI6Q, STM32U545RET6, STM32U545RET6Q, STM32U545VEI6, STM32U545VEI6Q, STM32U545VET6, STM32U545VET6Q, STM32U595AIH6, STM32U595AIH6Q, STM32U595AJH6, STM32U595AJH6Q, STM32U595QII6, STM32U595QII6Q, STM32U595QJI6, STM32U595QJI6Q, STM32U595RIT6, STM32U595RIT6Q, STM32U595RJT6, STM32U595RJT6Q, STM32U595VIT6, STM32U595VIT6Q, STM32U595VJT6, STM32U595VJT6Q, STM32U595ZIT6, STM32U595ZIT6Q, STM32U595ZIY6QTR, STM32U595ZJT6, STM32U595ZJT6Q, STM32U595ZJY6QTR, STM32U599BJY6QTR, STM32U599NIH6Q, STM32U599NJH6Q, STM32U599VIT6Q, STM32U599VJT6, STM32U599VJT6Q, STM32U599ZIT6Q, STM32U599ZIY6QTR, STM32U599ZJT6Q, STM32U599ZJY6QTR, STM32U5A5AJH6, STM32U5A5AJH6Q, STM32U5A5QII3Q , STM32U5A5QJI6, STM32U5A5QJI6Q, STM32U5A5RJT6, STM32U5A5RJT6Q, STM32U5A5VJT6, STM32U5A5VJT6Q, STM32U5A5ZJT6, STM32U5A5ZJT6Q, STM32U5A5ZJY6QTR, STM32U5A9BJY6QTR, STM32U5A9J-DK, STM32U5A9NJH6Q, STM32U5A9VJT6Q, STM32U5A9ZJT6Q, STM32U5A9ZJY6QTR, STM32U5F7VIT6, STM32U5F7VIT6Q, STM32U5F7VJT6, STM32U5F7VJT6Q, STM32U5F9BJY6QTR, STM32U5F9NJH6Q, STM32U5F9VIT6Q, STM32U5F9VJT6Q, STM32U5F9ZIJ6QTR, STM32U5F9ZIT6Q, STM32U5F9ZJJ6QTR, STM32U5F9ZJT6Q, STM32U5G7VJT6, STM32U5G7VJT6Q, STM32U5G9BJY6QTR, STM32U5G9J-DK1, STM32U5G9J-DK2, STM32U5G9NJH6Q, STM32U5G9VJT6Q, STM32U5G9ZJJ6QTR, STM32U5G9ZJT6Q, STM32WB05KZV6TR, STM32WB05KZV7TR, STM32WB05TZF6TR, STM32WB05TZF7TR, STM32WB06CCF6TR, STM32WB06CCF7TR, STM32WB06CCV6TR, STM32WB06CCV7TR, STM32WB06KCV6TR, STM32WB06KCV7TR, STM32WB07CCF6TR, STM32WB07CCF7TR, STM32WB07CCV6TR, STM32WB07CCV7TR, STM32WB07KCV6TR, STM32WB07KCV7TR, STM32WB09KEV6TR, STM32WB09KEV7TR, STM32WB09TEF6TR, STM32WB09TEF7TR, STM32WB1MMCH6, STM32WBA50KGU6, STM32WBA50KGU6TR, STM32WBA52CEU6, STM32WBA52CEU6TR, STM32WBA52CEU7, STM32WBA52CEU7TR, STM32WBA52CGU6, STM32WBA52CGU6TR, STM32WBA52CGU6U, STM32WBA52CGU7, STM32WBA52CGU7TR, STM32WBA52KEU6, STM32WBA52KEU6TR, STM32WBA52KGU6, STM32WBA52KGU6TR, STM32WBA54CEU6, STM32WBA54CEU6TR, STM32WBA54CEU7, STM32WBA54CEU7TR, STM32WBA54CGU6, STM32WBA54CGU6TR, STM32WBA54CGU7, STM32WBA54CGU7TR, STM32WBA54KEU6, STM32WBA54KEU6TR, STM32WBA54KEU7, STM32WBA54KEU7TR, STM32WBA54KGU6, STM32WBA54KGU6TR, STM32WBA54KGU7, STM32WBA54KGU7TR, STM32WBA55CEU6, STM32WBA55CEU6TR, STM32WBA55CEU7, STM32WBA55CEU7TR, STM32WBA55CGU6, STM32WBA55CGU6TR, STM32WBA55CGU6U, STM32WBA55CGU7, STM32WBA55CGU7TR, STM32WBA55G-DK1, STM32WBA55HEF6, STM32WBA55HEF7, STM32WBA55HGF6, STM32WBA55HGF7, STM32WBA55UEI6, STM32WBA55UEI6TR, STM32WBA55UEI7, STM32WBA55UEI7TR, STM32WBA55UGI6, STM32WBA55UGI6TR, STM32WBA55UGI7, STM32WBA55UGI7TR, STM32WBA5MMGH6TR, STM32WBA62MGF6, STM32WBA62MIF6, STM32WBA65MGF7, STM32WBA65MIF6, STM32WBA65MIF7, STM32WL30K8V6, STM32WL30KBV6, STM32WL31C8V6, STM32WL31CBV6, STM32WL31K8V6, STM32WL31KBV6, STM32WL33C8V6, STM32WL33C8V6X, STM32WL33CBV6, STM32WL33CBV6X, STM32WL33CCV6, STM32WL33CCV6A, STM32WL33CCV6X, STM32WL33K8V7, STM32WL33K8V7X, STM32WL33KBV7 , STM32WL33KBV7X, STM32WL33KCV7, STM32WL33KCV7X, STM32WL5MOCH6, STM32WL5MOCH6TR]
2026-01-04 01:00:11,337 [INFO] ApiDb:668 - CubeFinder database Data Model version=2.1
2026-01-04 01:00:11,337 [INFO] ApiDb:669 - CubeFinder database Configuration version=3.0.39
2026-01-04 01:00:11,338 [INFO] ApiDb:670 - CubeFinder database generation date=2025-12-22 (1766407740)
2026-01-04 01:00:11,338 [INFO] ApiDb:671 - CubeFinder database FW Pack versions=[FP-ATR-ASTRA1_V2.0.0, FP-SNS-FLIGHT1_V5.1.0, FP-SNS-MOTENV1_V5.1.0, FP-SNS-MOTENVWB1_V1.4.0, FP-SNS-SMARTAG2_V1.2.0, FP-SNS-STBOX1_V2.1.0, STM32Cube_FW_C0_V1.4.0, STM32Cube_FW_F4_V1.28.3, STM32Cube_FW_F7_V1.17.4, STM32Cube_FW_G0_V1.6.2, STM32Cube_FW_G4_V1.6.1, STM32Cube_FW_H5_V1.5.1, STM32Cube_FW_H7RS_V1.3.0, STM32Cube_FW_H7_V1.12.1, STM32Cube_FW_L0_V1.12.2, STM32Cube_FW_L4_V1.18.1, STM32Cube_FW_L5_V1.6.0, STM32Cube_FW_N6_V1.3.0, STM32Cube_FW_U0_V1.3.0, STM32Cube_FW_U3_V1.2.1, STM32Cube_FW_U5_V1.8.0, STM32Cube_FW_WB0_V1.4.0, STM32Cube_FW_WBA_V1.8.0, STM32Cube_FW_WB_V1.24.0, STM32Cube_FW_WL3_V1.3.0, STM32Cube_FW_WL_V1.4.0, X-CUBE-ALGOBUILD_V1.4.0, X-CUBE-ALS_V1.0.2, X-CUBE-AZRTOS-F4_V1.1.0, X-CUBE-AZRTOS-F7_V1.1.0, X-CUBE-AZRTOS-G0_V1.1.0, X-CUBE-AZRTOS-G4_V2.0.0, X-CUBE-AZRTOS-H7RS_V1.1.0, X-CUBE-AZRTOS-H7_V3.4.0, X-CUBE-AZRTOS-L4_V2.0.0, X-CUBE-AZRTOS-L5_V2.0.0, X-CUBE-AZRTOS-WB_V2.0.0, X-CUBE-AZRTOS-WL_V2.0.0, X-CUBE-BLE1_V7.1.0, X-CUBE-BLE2_V3.3.0, X-CUBE-BLEMGR_V4.1.0, X-CUBE-EEPRMA1_V5.2.0, X-CUBE-FREERTOS_V1.3.1, X-CUBE-GNSS1_V6.0.0, X-CUBE-MEMS1_V12.0.0, X-CUBE-NFC4_V3.0.0, X-CUBE-NFC7_V2.0.0, X-CUBE-SFXS2LP1_V4.0.0, X-CUBE-ST67W61_V1.1.0, X-CUBE-SUBG2_V5.0.0, X-CUBE-TOF1_V3.4.3]
2026-01-04 01:00:16,520 [INFO] ApiDb:240 - Found 880 in-development CPN: [B-G473E-ZEST1S, B-WB1M-WPAN1, B-WBA5M-WPAN, B-WL5M-SUBG1, NUCLEO-C031C6, NUCLEO-C051C8, NUCLEO-C071RB, NUCLEO-C092RC, NUCLEO-H503RB, NUCLEO-H533RE, NUCLEO-H563ZI, NUCLEO-H7S3L8, NUCLEO-N657X0-Q, NUCLEO-U031R8, NUCLEO-U083RC, NUCLEO-U385RG-Q, NUCLEO-U545RE-Q, NUCLEO-U5A5ZJ-Q, NUCLEO-WB05KZ, NUCLEO-WB07CC, NUCLEO-WB09KE, NUCLEO-WBA52CG, NUCLEO-WBA55CG, NUCLEO-WL33CC1, NUCLEO-WL33CC2, STEVAL-PROTEUS1, STEVAL-SMARTAG2, STEVAL-STWINBX1, STM320518-EVAL, STM32C0116-DK, STM32C011D6Y3TR, STM32C011D6Y6TR, STM32C011F4P3, STM32C011F4P6, STM32C011F4U3, STM32C011F4U6TR, STM32C011F6P3, STM32C011F6P6, STM32C011F6U3, STM32C011F6U6TR, STM32C011J4M3, STM32C011J4M6, STM32C011J6M3, STM32C011J6M6, STM32C0316-DK, STM32C031C4T3, STM32C031C4T6, STM32C031C4U3, STM32C031C4U6, STM32C031C6T3, STM32C031C6T6, STM32C031C6U3, STM32C031C6U6, STM32C031F4P3, STM32C031F4P6, STM32C031F6P3, STM32C031F6P6, STM32C031G4U3, STM32C031G4U6, STM32C031G6U3, STM32C031G6U6, STM32C031K4T3, STM32C031K4T6, STM32C031K4U3, STM32C031K4U6, STM32C031K6T3, STM32C031K6T6, STM32C031K6U3, STM32C031K6U6, STM32C051C6T6, STM32C051C6U6, STM32C051C8T6, STM32C051C8U6, STM32C051D8Y6TR, STM32C051F6P6, STM32C051F8P6, STM32C051G6U6, STM32C051G8U6, STM32C051K6T6, STM32C051K6U6, STM32C051K8T6, STM32C071C8T6, STM32C071C8T6N, STM32C071C8U6, STM32C071C8U6N, STM32C071CBT6, STM32C071CBT6N, STM32C071CBU6, STM32C071CBU6N, STM32C071F8P6, STM32C071F8P6N, STM32C071FBP6, STM32C071FBP6N, STM32C071FBY6TR, STM32C071G8U6, STM32C071G8U6N, STM32C071GBU6, STM32C071GBU6N, STM32C071K8T6, STM32C071K8T6N, STM32C071K8U6, STM32C071K8U6N, STM32C071KBT6, STM32C071KBT6N, STM32C071KBU6, STM32C071KBU6N, STM32C071R8T6, STM32C071R8T6N, STM32C071RBI6N, STM32C071RBT6, STM32C071RBT6N, STM32C091CBT6, STM32C091CBU6, STM32C091CCT6, STM32C091CCU6, STM32C091ECY6TR, STM32C091FBP6, STM32C091FCP6, STM32C091GBU6, STM32C091GCU6, STM32C091KBT6, STM32C091KBU6, STM32C091KCT6, STM32C091KCU6, STM32C091RBT6, STM32C091RCI6, STM32C091RCT6, STM32C092CBT6, STM32C092CBU6, STM32C092CCT6, STM32C092CCU6, STM32C092ECY6TR, STM32C092FBP6, STM32C092FCP6, STM32C092GBU6, STM32C092GCU6, STM32C092KBT6, STM32C092KBU6, STM32C092KCT6, STM32C092KCU6, STM32C092RBT6, STM32C092RCI6, STM32C092RCT6, STM32G071K8TXN, STM32G071K8UXN, STM32G081GBU6N, STM32G081KBT6N, STM32G081KBUXN, STM32G0B1CCT6N, STM32G0B1KCT6, STM32G0B1NEY6TR, STM32G0B1RCT6N, STM32G0C1CCT6, STM32G0C1CCT6N, STM32G0C1CCU6N, STM32G0C1CET6N, STM32G0C1CEU6N, STM32G0C1KCT6, STM32G0C1NEY6TR, STM32G0C1RCI6N, STM32G0C1RCT6N, STM32G0C1REI6N, STM32G0C1RET6N, STM32G0C1VCI6, STM32G0C1VEI6, STM32G411C6T3, STM32G411C6T6, STM32G411C6U3, STM32G411C6U6, STM32G411C8T3, STM32G411C8T6, STM32G411C8U3, STM32G411C8U6, STM32G411CBT3, STM32G411CBT6, STM32G411CBU3, STM32G411CBU6, STM32G411K6T3, STM32G411K6T6, STM32G411K6U3, STM32G411K6U6, STM32G411K8T3, STM32G411K8T6, STM32G411K8U3, STM32G411K8U6, STM32G411KBT3, STM32G411KBT6, STM32G411KBU3, STM32G411KBU6, STM32G411M6T3, STM32G411M6T6, STM32G411M8T3, STM32G411M8T6, STM32G411MBT3, STM32G411MBT6, STM32G411R6T3, STM32G411R6T6, STM32G411R8T3, STM32G411R8T6, STM32G411RBT3, STM32G411RBT6, STM32G414CBT3, STM32G414CBT6, STM32G414CBU3, STM32G414CBU6, STM32G414CCT3, STM32G414CCT6, STM32G414CCU3, STM32G414CCU6, STM32G414MBT3, STM32G414MBT6, STM32G414MCT3, STM32G414MCT6, STM32G414RBT3, STM32G414RBT6, STM32G414RCT3, STM32G414RCT6, STM32G414VBT3, STM32G414VBT6, STM32G414VCT3, STM32G414VCT6, STM32G431CBT3Z, STM32G431RBT3Z, STM32G471CCT6, STM32G471CCU6, STM32G471CET3, STM32G471CET6, STM32G471CEU3, STM32G471CEU6, STM32G471MCT6, STM32G471MET3, STM32G471MET6, STM32G471MEY6TR, STM32G471QCT6, STM32G471QET3, STM32G471RCT6, STM32G471RET3, STM32G471RET6, STM32G471VCH6, STM32G471VCI6, STM32G471VCT6, STM32G471VEH3, STM32G471VEH6, STM32G471VEI3, STM32G471VEI6, STM32G471VET3, STM32G471VET6, STM32G473QET3Z, STM32G473RET3Z, STM32G474CCT6, STM32G491RET3Z, STM32H503CBT6, STM32H503CBU6, STM32H503EBY6TR, STM32H503KBU6, STM32H503RBT6, STM32H523CCT6, STM32H523CCU6, STM32H523CET6, STM32H523CEU6, STM32H523HEY6TR, STM32H523RCT6, STM32H523RET6, STM32H523VCI6, STM32H523VCT6, STM32H523VEI6, STM32H523VET6, STM32H523ZCJ6, STM32H523ZCT6, STM32H523ZEJ6, STM32H523ZET6, STM32H533CET6, STM32H533CEU6, STM32H533HEY6TR, STM32H533RET6, STM32H533VEI6, STM32H533VET6, STM32H533ZEJ6, STM32H533ZET6, STM32H562AGI6, STM32H562AII6, STM32H562IGK6, STM32H562IGT6, STM32H562IIK6, STM32H562IIT6, STM32H562RGT6, STM32H562RGV6, STM32H562RIT6, STM32H562RIV6, STM32H562VGT6, STM32H562VIT6, STM32H562ZGT6, STM32H562ZIT6, STM32H563AGI6, STM32H563AII3Q, STM32H563AII6, STM32H563IGK6, STM32H563IGT6, STM32H563IIK3Q, STM32H563IIK6, STM32H563IIT3Q, STM32H563IIT6, STM32H563MIY3QTR, STM32H563RGT6, STM32H563RGV6, STM32H563RIT6, STM32H563RIV6, STM32H563VGT6, STM32H563VIT3Q, STM32H563VIT6, STM32H563ZGT6, STM32H563ZIT3Q, STM32H563ZIT6, STM32H573AII3Q, STM32H573AII6, STM32H573I-DK, STM32H573IIK3Q, STM32H573IIK6, STM32H573IIT3Q, STM32H573IIT6, STM32H573MIY3QTR, STM32H573RIT6, STM32H573RIV6, STM32H573VIT3Q, STM32H573VIT6, STM32H573ZIT3Q, STM32H573ZIT6, STM32H7R3A8I6, STM32H7R3I8K6, STM32H7R3I8T6, STM32H7R3L8H6, STM32H7R3L8H6H, STM32H7R3R8V6, STM32H7R3V8H6, STM32H7R3V8T6, STM32H7R3V8Y6TR, STM32H7R3Z8J6, STM32H7R3Z8T6, STM32H7R7A8I6, STM32H7R7I8K6, STM32H7R7I8T6, STM32H7R7L8H6, STM32H7R7L8H6H, STM32H7R7Z8J6, STM32H7S3A8I6, STM32H7S3I8K6, STM32H7S3I8T6, STM32H7S3L8H6, STM32H7S3L8H6H, STM32H7S3R8V6, STM32H7S3V8H6, STM32H7S3V8T6, STM32H7S3V8Y6TR, STM32H7S3Z8J6, STM32H7S3Z8T6, STM32H7S78-DK, STM32H7S7A8I6, STM32H7S7I8K6, STM32H7S7I8T6, STM32H7S7L8H6, STM32H7S7L8H6H, STM32H7S7Z8J6, STM32L4R5QGI6STR, STM32MP131AAE3, STM32MP131AAF3, STM32MP131AAG3, STM32MP131CAE3, STM32MP131CAF3, STM32MP131CAG3, STM32MP131DAE7, STM32MP131DAF7, STM32MP131DAG7, STM32MP131FAE7, STM32MP131FAF7, STM32MP131FAG7, STM32MP133AAE3, STM32MP133AAF3, STM32MP133AAG3, STM32MP133CAE3, STM32MP133CAF3, STM32MP133CAG3, STM32MP133DAE7, STM32MP133DAF7, STM32MP133DAG7, STM32MP133FAE7, STM32MP133FAF7, STM32MP133FAG7, STM32MP135AAE3, STM32MP135AAF3, STM32MP135AAG3, STM32MP135CAE3, STM32MP135CAF3, STM32MP135CAG3, STM32MP135DAE7, STM32MP135DAF7, STM32MP135DAG7, STM32MP135F-DK, STM32MP135FAE7, STM32MP135FAF7, STM32MP135FAF7T, STM32MP135FAF7U, STM32MP135FAG7, STM32MP211AAL3, STM32MP211AAM3, STM32MP211AAN3, STM32MP211AAO3, STM32MP211CAL3, STM32MP211CAM3, STM32MP211CAN3, STM32MP211CAO3, STM32MP211DAL3, STM32MP211DAM3, STM32MP211DAN3, STM32MP211DAO3, STM32MP211FAL3, STM32MP211FAM3, STM32MP211FAN3, STM32MP211FAO3, STM32MP213AAL3, STM32MP213AAM3, STM32MP213AAN3, STM32MP213AAO3, STM32MP213CAL3, STM32MP213CAM3, STM32MP213CAN3, STM32MP213CAO3, STM32MP213DAL3, STM32MP213DAM3, STM32MP213DAN3, STM32MP213DAO3, STM32MP213FAL3, STM32MP213FAM3, STM32MP213FAN3, STM32MP213FAO3, STM32MP215AAL3, STM32MP215AAM3, STM32MP215AAN3, STM32MP215AAO3, STM32MP215CAL3, STM32MP215CAM3, STM32MP215CAN3, STM32MP215CAO3, STM32MP215DAL3, STM32MP215DAM3, STM32MP215DAN3, STM32MP215DAO3, STM32MP215F-DK, STM32MP215FAL3, STM32MP215FAM3, STM32MP215FAN3, STM32MP215FAO3, STM32MP231AAJ3, STM32MP231AAK3, STM32MP231AAL3, STM32MP231CAJ3, STM32MP231CAK3, STM32MP231CAL3, STM32MP231DAJ3, STM32MP231DAK3, STM32MP231DAL3, STM32MP231FAJ3, STM32MP231FAK3, STM32MP231FAL3, STM32MP233AAJ3, STM32MP233AAK3, STM32MP233AAL3, STM32MP233CAJ3, STM32MP233CAK3, STM32MP233CAL3, STM32MP233DAJ3, STM32MP233DAK3, STM32MP233DAL3, STM32MP233FAJ3, STM32MP233FAK3, STM32MP233FAL3, STM32MP235AAJ3, STM32MP235AAK3, STM32MP235AAL3, STM32MP235CAJ3, STM32MP235CAK3, STM32MP235CAL3, STM32MP235DAJ3, STM32MP235DAK3, STM32MP235DAL3, STM32MP235FAJ3, STM32MP235FAK3, STM32MP235FAL3, STM32MP251AAI3, STM32MP251AAK3, STM32MP251AAL3, STM32MP251CAI3, STM32MP251CAK3, STM32MP251CAL3, STM32MP251DAI3, STM32MP251DAK3, STM32MP251DAL3, STM32MP251FAI3, STM32MP251FAK3, STM32MP251FAL3, STM32MP253AAI3, STM32MP253AAK3, STM32MP253AAL3, STM32MP253CAI3, STM32MP253CAK3, STM32MP253CAL3, STM32MP253DAI3, STM32MP253DAK3, STM32MP253DAL3, STM32MP253FAI3, STM32MP253FAK3, STM32MP253FAL3, STM32MP255AAI3, STM32MP255AAK3, STM32MP255AAL3, STM32MP255CAI3, STM32MP255CAK3, STM32MP255CAL3, STM32MP255DAI3, STM32MP255DAK3, STM32MP255DAL3, STM32MP255FAI3, STM32MP255FAK3, STM32MP255FAL3, STM32MP257AAI3, STM32MP257AAK3, STM32MP257AAL3, STM32MP257CAI3, STM32MP257CAK3, STM32MP257CAL3, STM32MP257DAI3, STM32MP257DAK3, STM32MP257DAL3, STM32MP257F-DK, STM32MP257F-EV1, STM32MP257FAI3, STM32MP257FAK3, STM32MP257FAL3, STM32N645A0H3Q, STM32N645B0H3Q, STM32N645I0H3Q, STM32N645L0H3Q, STM32N645X0H3Q, STM32N645Z0H3Q, STM32N647A0H3Q, STM32N647B0H3Q, STM32N647I0H3Q, STM32N647L0H3Q, STM32N647X0H3Q, STM32N647Z0H3Q, STM32N655A0H3Q, STM32N655B0H3Q, STM32N655I0H3Q, STM32N655L0H3Q, STM32N655X0H3Q, STM32N655Z0H3Q, STM32N6570-DK, STM32N657A0H3Q, STM32N657B0H3Q, STM32N657I0H3Q, STM32N657L0H3Q, STM32N657X0H3Q, STM32N657Z0H3Q, STM32U031C6T6, STM32U031C6U6, STM32U031C8T6, STM32U031C8U6, STM32U031F4P6, STM32U031F6P6, STM32U031F8P6, STM32U031G6Y6TR, STM32U031G8Y6TR, STM32U031K4U6, STM32U031K6U6, STM32U031K8U6, STM32U031R6I6, STM32U031R6T6, STM32U031R8I6, STM32U031R8T6, STM32U073C8T6, STM32U073C8U6, STM32U073CBT6, STM32U073CBU6, STM32U073CCT6, STM32U073CCU6, STM32U073H8Y6TR, STM32U073HBY6TR, STM32U073HCY6TR, STM32U073K8U6, STM32U073KBU6, STM32U073KCU6, STM32U073M8I6, STM32U073M8T6, STM32U073MBI6, STM32U073MBT6, STM32U073MCI6, STM32U073MCT6, STM32U073R8I6, STM32U073R8T6, STM32U073RBI6, STM32U073RBT6, STM32U073RCI6, STM32U073RCT6, STM32U083C-DK, STM32U083CCT6, STM32U083CCU6, STM32U083HCY6TR, STM32U083KCU6, STM32U083MCI6, STM32U083MCT6, STM32U083RCI6, STM32U083RCT6, STM32U375CET6, STM32U375CET6Q, STM32U375CEU6, STM32U375CEU6Q, STM32U375CEY6QTR, STM32U375CGT6, STM32U375CGT6Q, STM32U375CGU6, STM32U375CGU6Q, STM32U375CGY6QTR, STM32U375KEU6, STM32U375KGU6, STM32U375REI6, STM32U375REI6Q, STM32U375RET6, STM32U375RET6Q, STM32U375REY6GTR, STM32U375REY6QTR, STM32U375RGI6, STM32U375RGI6Q, STM32U375RGT6, STM32U375RGT6Q, STM32U375RGY6GTR, STM32U375RGY6QTR, STM32U375VEI6, STM32U375VEI6Q, STM32U375VET6, STM32U375VET6Q, STM32U375VGI6, STM32U375VGI6Q, STM32U375VGT6, STM32U375VGT6Q, STM32U385CGT6, STM32U385CGT6Q, STM32U385CGU6, STM32U385CGU6Q, STM32U385CGY6QTR, STM32U385KGU6, STM32U385RGI6, STM32U385RGI6Q, STM32U385RGT6, STM32U385RGT6Q, STM32U385RGY6GTR, STM32U385RGY6QTR, STM32U385VGI6, STM32U385VGI6Q, STM32U385VGT6, STM32U385VGT6Q, STM32U535CBT6, STM32U535CBT6Q, STM32U535CBU6, STM32U535CBU6Q, STM32U535CCT6, STM32U535CCT6Q, STM32U535CCU6, STM32U535CCU6Q, STM32U535CET6, STM32U535CET6Q, STM32U535CEU6, STM32U535CEU6Q, STM32U535JEY6QTR, STM32U535NCY6QTR, STM32U535NEY6QTR, STM32U535RBI6, STM32U535RBI6Q, STM32U535RBT6, STM32U535RBT6Q, STM32U535RCI6, STM32U535RCI6Q, STM32U535RCT6, STM32U535RCT6Q, STM32U535REI6, STM32U535REI6Q, STM32U535RET6, STM32U535RET6Q, STM32U535VCI6, STM32U535VCI6Q, STM32U535VCT6, STM32U535VCT6Q, STM32U535VEI6, STM32U535VEI6Q, STM32U535VET6, STM32U535VET6Q, STM32U545CET6, STM32U545CET6Q, STM32U545CEU6, STM32U545CEU6Q, STM32U545JEY6QTR, STM32U545NEY6QTR, STM32U545REI6, STM32U545REI6Q, STM32U545RET6, STM32U545RET6Q, STM32U545VEI6, STM32U545VEI6Q, STM32U545VET6, STM32U545VET6Q, STM32U595AIH6, STM32U595AIH6Q, STM32U595AJH6, STM32U595AJH6Q, STM32U595QII6, STM32U595QII6Q, STM32U595QJI6, STM32U595QJI6Q, STM32U595RIT6, STM32U595RIT6Q, STM32U595RJT6, STM32U595RJT6Q, STM32U595VIT6, STM32U595VIT6Q, STM32U595VJT6, STM32U595VJT6Q, STM32U595ZIT6, STM32U595ZIT6Q, STM32U595ZIY6QTR, STM32U595ZJT6, STM32U595ZJT6Q, STM32U595ZJY6QTR, STM32U599BJY6QTR, STM32U599NIH6Q, STM32U599NJH6Q, STM32U599VIT6Q, STM32U599VJT6, STM32U599VJT6Q, STM32U599ZIT6Q, STM32U599ZIY6QTR, STM32U599ZJT6Q, STM32U599ZJY6QTR, STM32U5A5AJH6, STM32U5A5AJH6Q, STM32U5A5QII3Q , STM32U5A5QJI6, STM32U5A5QJI6Q, STM32U5A5RJT6, STM32U5A5RJT6Q, STM32U5A5VJT6, STM32U5A5VJT6Q, STM32U5A5ZJT6, STM32U5A5ZJT6Q, STM32U5A5ZJY6QTR, STM32U5A9BJY6QTR, STM32U5A9J-DK, STM32U5A9NJH6Q, STM32U5A9VJT6Q, STM32U5A9ZJT6Q, STM32U5A9ZJY6QTR, STM32U5F7VIT6, STM32U5F7VIT6Q, STM32U5F7VJT6, STM32U5F7VJT6Q, STM32U5F9BJY6QTR, STM32U5F9NJH6Q, STM32U5F9VIT6Q, STM32U5F9VJT6Q, STM32U5F9ZIJ6QTR, STM32U5F9ZIT6Q, STM32U5F9ZJJ6QTR, STM32U5F9ZJT6Q, STM32U5G7VJT6, STM32U5G7VJT6Q, STM32U5G9BJY6QTR, STM32U5G9J-DK1, STM32U5G9J-DK2, STM32U5G9NJH6Q, STM32U5G9VJT6Q, STM32U5G9ZJJ6QTR, STM32U5G9ZJT6Q, STM32WB05KZV6TR, STM32WB05KZV7TR, STM32WB05TZF6TR, STM32WB05TZF7TR, STM32WB06CCF6TR, STM32WB06CCF7TR, STM32WB06CCV6TR, STM32WB06CCV7TR, STM32WB06KCV6TR, STM32WB06KCV7TR, STM32WB07CCF6TR, STM32WB07CCF7TR, STM32WB07CCV6TR, STM32WB07CCV7TR, STM32WB07KCV6TR, STM32WB07KCV7TR, STM32WB09KEV6TR, STM32WB09KEV7TR, STM32WB09TEF6TR, STM32WB09TEF7TR, STM32WB1MMCH6, STM32WBA50KGU6, STM32WBA50KGU6TR, STM32WBA52CEU6, STM32WBA52CEU6TR, STM32WBA52CEU7, STM32WBA52CEU7TR, STM32WBA52CGU6, STM32WBA52CGU6TR, STM32WBA52CGU6U, STM32WBA52CGU7, STM32WBA52CGU7TR, STM32WBA52KEU6, STM32WBA52KEU6TR, STM32WBA52KGU6, STM32WBA52KGU6TR, STM32WBA54CEU6, STM32WBA54CEU6TR, STM32WBA54CEU7, STM32WBA54CEU7TR, STM32WBA54CGU6, STM32WBA54CGU6TR, STM32WBA54CGU7, STM32WBA54CGU7TR, STM32WBA54KEU6, STM32WBA54KEU6TR, STM32WBA54KEU7, STM32WBA54KEU7TR, STM32WBA54KGU6, STM32WBA54KGU6TR, STM32WBA54KGU7, STM32WBA54KGU7TR, STM32WBA55CEU6, STM32WBA55CEU6TR, STM32WBA55CEU7, STM32WBA55CEU7TR, STM32WBA55CGU6, STM32WBA55CGU6TR, STM32WBA55CGU6U, STM32WBA55CGU7, STM32WBA55CGU7TR, STM32WBA55G-DK1, STM32WBA55HEF6, STM32WBA55HEF7, STM32WBA55HGF6, STM32WBA55HGF7, STM32WBA55UEI6, STM32WBA55UEI6TR, STM32WBA55UEI7, STM32WBA55UEI7TR, STM32WBA55UGI6, STM32WBA55UGI6TR, STM32WBA55UGI7, STM32WBA55UGI7TR, STM32WBA5MMGH6TR, STM32WBA62MGF6, STM32WBA62MIF6, STM32WBA65MGF7, STM32WBA65MIF6, STM32WBA65MIF7, STM32WL30K8V6, STM32WL30KBV6, STM32WL31C8V6, STM32WL31CBV6, STM32WL31K8V6, STM32WL31KBV6, STM32WL33C8V6, STM32WL33C8V6X, STM32WL33CBV6, STM32WL33CBV6X, STM32WL33CCV6, STM32WL33CCV6A, STM32WL33CCV6X, STM32WL33K8V7, STM32WL33K8V7X, STM32WL33KBV7 , STM32WL33KBV7X, STM32WL33KCV7, STM32WL33KCV7X, STM32WL5MOCH6, STM32WL5MOCH6TR]
2026-01-04 01:00:16,530 [INFO] DbMcus:218 - Found 4876 MCUs, 4876 are supported
2026-01-04 01:00:16,531 [INFO] ApiDb:423 - Load user favorites file C:\Users\22142/.stm32cubeide/favorites.mcus.txt: 0 item(s)
2026-01-04 01:00:16,531 [INFO] ApiDb:427 - User favorites MCUs=[]
2026-01-04 01:00:16,531 [INFO] DbMcus:224 - Set 0 / 0 favorites MCUs
2026-01-04 01:00:17,790 [INFO] BoardInfo:889 - No configuration file found for board P-NUCLEO-WB55
2026-01-04 01:00:17,791 [INFO] DbBoards:161 - Kit is not supported: P-NUCLEO-WB55
2026-01-04 01:00:17,798 [INFO] BoardInfo:889 - No configuration file found for board STEVAL-BFA001V1B
2026-01-04 01:00:17,799 [INFO] DbBoards:161 - Kit is not supported: STEVAL-BFA001V1B
2026-01-04 01:00:17,800 [INFO] BoardInfo:889 - No configuration file found for board STEVAL-BFA001V2B
2026-01-04 01:00:17,801 [INFO] DbBoards:161 - Kit is not supported: STEVAL-BFA001V2B
2026-01-04 01:00:18,020 [INFO] DbBoards:168 - Found 212 boards, 209 are supported
2026-01-04 01:00:18,021 [INFO] DbBoards:169 - Found 212 boards, 43 of them is supported for  Bsp
2026-01-04 01:00:18,027 [INFO] ApiDb:414 - User favorites file not found: C:\Users\22142/.stm32cubeide/favorites.boards.txt
2026-01-04 01:00:18,027 [INFO] DbBoards:198 - Set 0 / 0 favorites Boards
2026-01-04 01:00:18,096 [INFO] UtilMem:75 - End LoadConfig() Used Memory: 245512920 Bytes (411041792)
2026-01-04 01:00:18,412 [WARN] ThirdParty:833 - waiting for thirdparty lock release [change project]
2026-01-04 01:00:18,413 [INFO] ThirdParty:835 - entering critical section [change project]
2026-01-04 01:00:18,413 [INFO] ThirdParty:1030 - CMSIS Pack Vendor :STMicroelectronics X-CUBE-PM33A1 1.0.0
2026-01-04 01:00:18,413 [INFO] ThirdParty:1030 - CMSIS Pack Vendor :STMicroelectronics USBPD 4.1
2026-01-04 01:00:18,414 [INFO] ThirdParty:1030 - CMSIS Pack Vendor :STMicroelectronics USB_HOST 2.0.0
2026-01-04 01:00:18,414 [INFO] ThirdParty:1030 - CMSIS Pack Vendor :STMicroelectronics FP-SNS-MOTENVWB1 1.4.0
2026-01-04 01:00:18,414 [INFO] ThirdParty:1030 - CMSIS Pack Vendor :STMicroelectronics X-CUBE-AZRTOS-F4 1.1.0
2026-01-04 01:00:18,414 [INFO] ThirdParty:1030 - CMSIS Pack Vendor :STMicroelectronics LIBJPEG 8.0.0
2026-01-04 01:00:18,414 [INFO] ThirdParty:1030 - CMSIS Pack Vendor :STMicroelectronics FP-ATR-ASTRA1 2.0.2
2026-01-04 01:00:18,414 [INFO] ThirdParty:1030 - CMSIS Pack Vendor :STMicroelectronics X-CUBE-SMBUS 2.1.0
2026-01-04 01:00:18,414 [INFO] ThirdParty:1030 - CMSIS Pack Vendor :STMicroelectronics X-CUBE-WB05N 1.1.0
2026-01-04 01:00:18,414 [INFO] ThirdParty:1030 - CMSIS Pack Vendor :STMicroelectronics X-CUBE-ISPU 2.1.0
2026-01-04 01:00:18,414 [INFO] ThirdParty:1030 - CMSIS Pack Vendor :STMicroelectronics X-CUBE-IPS 3.2.0
2026-01-04 01:00:18,414 [INFO] ThirdParty:1030 - CMSIS Pack Vendor :STMicroelectronics X-CUBE-NFC12 1.0.0
2026-01-04 01:00:18,414 [INFO] ThirdParty:1030 - CMSIS Pack Vendor :STMicroelectronics X-CUBE-AZRTOS-F7 1.1.0
2026-01-04 01:00:18,414 [INFO] ThirdParty:1030 - CMSIS Pack Vendor :STMicroelectronics X-CUBE-AZRTOS-L5 2.0.0
2026-01-04 01:00:18,414 [INFO] ThirdParty:1030 - CMSIS Pack Vendor :STMicroelectronics USB_DEVICE 2.0.0
2026-01-04 01:00:18,414 [INFO] ThirdParty:1030 - CMSIS Pack Vendor :STMicroelectronics X-CUBE-NFC6 3.1.0
2026-01-04 01:00:18,415 [INFO] ThirdParty:1030 - CMSIS Pack Vendor :STMicroelectronics FP-SNS-MOTENV1 5.1.0
2026-01-04 01:00:18,415 [INFO] ThirdParty:1030 - CMSIS Pack Vendor :STMicroelectronics FreeRTOS 0.0.1
2026-01-04 01:00:18,415 [INFO] ThirdParty:1030 - CMSIS Pack Vendor :STMicroelectronics X-CUBE-DPower 1.2.0
2026-01-04 01:00:18,415 [INFO] ThirdParty:1030 - CMSIS Pack Vendor :Infineon AIROC-Wi-Fi-Bluetooth-STM32 1.7.0
2026-01-04 01:00:18,415 [INFO] ThirdParty:1030 - CMSIS Pack Vendor :STMicroelectronics PDM2PCM 3.3.0
2026-01-04 01:00:18,415 [INFO] ThirdParty:1030 - CMSIS Pack Vendor :STMicroelectronics X-CUBE-AZRTOS-H7 3.4.0
2026-01-04 01:00:18,415 [INFO] ThirdParty:1030 - CMSIS Pack Vendor :STMicroelectronics X-CUBE-DISPLAY 3.0.0
2026-01-04 01:00:18,415 [INFO] ThirdParty:1030 - CMSIS Pack Vendor :STMicroelectronics X-CUBE-NFC10 1.0.0
2026-01-04 01:00:18,416 [INFO] ThirdParty:1030 - CMSIS Pack Vendor :STMicroelectronics X-CUBE-BLEMGR 4.0.0
2026-01-04 01:00:18,416 [INFO] ThirdParty:1030 - CMSIS Pack Vendor :STMicroelectronics HAL Drivers 0.0.0
2026-01-04 01:00:18,416 [INFO] ThirdParty:1030 - CMSIS Pack Vendor :STMicroelectronics X-CUBE-ST60 1.1.0
2026-01-04 01:00:18,416 [INFO] ThirdParty:1030 - CMSIS Pack Vendor :emotas I-CUBE-CANOPEN 1.3.0
2026-01-04 01:00:18,416 [INFO] ThirdParty:1030 - CMSIS Pack Vendor :STMicroelectronics X-CUBE-FREERTOS 1.3.0
2026-01-04 01:00:18,416 [INFO] ThirdParty:1030 - CMSIS Pack Vendor :STMicroelectronics X-CUBE-NFC7 1.0.1
2026-01-04 01:00:18,416 [INFO] ThirdParty:1030 - CMSIS Pack Vendor :STMicroelectronics MBEDTLS 2.14.1
2026-01-04 01:00:18,416 [INFO] ThirdParty:1030 - CMSIS Pack Vendor :STMicroelectronics X-CUBE-GNSS1 7.1.0
2026-01-04 01:00:18,416 [INFO] ThirdParty:1030 - CMSIS Pack Vendor :STMicroelectronics X-CUBE-TOUCHGFX 4.26.0
2026-01-04 01:00:18,416 [INFO] ThirdParty:1030 - CMSIS Pack Vendor :quantropi X-CUBE-qispace-sdk-base 2.0.0
2026-01-04 01:00:18,416 [INFO] ThirdParty:1030 - CMSIS Pack Vendor :STMicroelectronics X-CUBE-AI 10.0.0
2026-01-04 01:00:18,416 [INFO] ThirdParty:1030 - CMSIS Pack Vendor :STMicroelectronics FP-SNS-STBOX1 2.1.0
2026-01-04 01:00:18,416 [INFO] ThirdParty:1030 - CMSIS Pack Vendor :STMicroelectronics FP-SNS-STAIOTCFT 1.0.0
2026-01-04 01:00:18,417 [INFO] ThirdParty:1030 - CMSIS Pack Vendor :STMicroelectronics FP-SNS-SMARTAG2 1.2.0
2026-01-04 01:00:18,417 [INFO] ThirdParty:1030 - CMSIS Pack Vendor :STMicroelectronics FP-SNS-FLIGHT1 5.1.0
2026-01-04 01:00:18,417 [INFO] ThirdParty:1030 - CMSIS Pack Vendor :STMicroelectronics X-CUBE-MEMS1 11.1.0
2026-01-04 01:00:18,417 [INFO] ThirdParty:1030 - CMSIS Pack Vendor :STMicroelectronics X-CUBE-AZRTOS-WL 2.0.0
2026-01-04 01:00:18,417 [INFO] ThirdParty:1030 - CMSIS Pack Vendor :STMicroelectronics X-CUBE-DPower 1.3.0
2026-01-04 01:00:18,417 [INFO] ThirdParty:1030 - CMSIS Pack Vendor :STMicroelectronics FP-SNS-MOTENV1 5.0.0
2026-01-04 01:00:18,417 [INFO] ThirdParty:1030 - CMSIS Pack Vendor :STMicroelectronics USB_DEVICE 1.0.0
2026-01-04 01:00:18,417 [INFO] ThirdParty:1030 - CMSIS Pack Vendor :STMicroelectronics X-CUBE-AZRTOS-H7RS 1.2.0
2026-01-04 01:00:18,417 [INFO] ThirdParty:1030 - CMSIS Pack Vendor :STMicroelectronics X-CUBE-AZRTOS-L4 2.0.0
2026-01-04 01:00:18,418 [INFO] ThirdParty:1030 - CMSIS Pack Vendor :STMicroelectronics ThreadX 0.0.2
2026-01-04 01:00:18,418 [INFO] ThirdParty:1030 - CMSIS Pack Vendor :WES I-CUBE-Cesium 1.3.0
2026-01-04 01:00:18,418 [INFO] ThirdParty:1030 - CMSIS Pack Vendor :STMicroelectronics lwIP 2.1.2
2026-01-04 01:00:18,418 [INFO] ThirdParty:1030 - CMSIS Pack Vendor :STMicroelectronics X-CUBE-SFXS2LP1 4.0.0
2026-01-04 01:00:18,418 [INFO] ThirdParty:1030 - CMSIS Pack Vendor :STMicroelectronics X-CUBE-BLE2 3.3.0
2026-01-04 01:00:18,418 [INFO] ThirdParty:1030 - CMSIS Pack Vendor :Avnet-IOTCONNECT X-CUBE-iotc-st67-sdk 1.0.0
2026-01-04 01:00:18,418 [INFO] ThirdParty:1030 - CMSIS Pack Vendor :STMicroelectronics PDM2PCM 3.2.0
2026-01-04 01:00:18,418 [INFO] ThirdParty:1030 - CMSIS Pack Vendor :STMicroelectronics X-CUBE-AZRTOS-H7 3.3.0
2026-01-04 01:00:18,418 [INFO] ThirdParty:1030 - CMSIS Pack Vendor :STMicroelectronics X-CUBE-NFC9 1.0.0
2026-01-04 01:00:18,418 [INFO] ThirdParty:1030 - CMSIS Pack Vendor :STMicroelectronics X-CUBE-BLE1 7.1.0
2026-01-04 01:00:18,418 [INFO] ThirdParty:1030 - CMSIS Pack Vendor :wolfSSL I-CUBE-wolfMQTT 1.19.2
2026-01-04 01:00:18,418 [INFO] ThirdParty:1030 - CMSIS Pack Vendor :STMicroelectronics USB_DEVICE 3.0.0
2026-01-04 01:00:18,418 [INFO] ThirdParty:1030 - CMSIS Pack Vendor :STMicroelectronics X-CUBE-FREERTOS 1.4.0
2026-01-04 01:00:18,418 [INFO] ThirdParty:1030 - CMSIS Pack Vendor :STMicroelectronics X-CUBE-EEPRMA1 5.2.0
2026-01-04 01:00:18,419 [INFO] ThirdParty:1030 - CMSIS Pack Vendor :STMicroelectronics X-CUBE-BLEMGR 4.1.0
2026-01-04 01:00:18,419 [INFO] ThirdParty:1030 - CMSIS Pack Vendor :STMicroelectronics X-CUBE-AZRTOS-WB 2.0.0
2026-01-04 01:00:18,419 [INFO] ThirdParty:1030 - CMSIS Pack Vendor :STMicroelectronics X-CUBE-GNSS1 7.0.1
2026-01-04 01:00:18,419 [INFO] ThirdParty:1030 - CMSIS Pack Vendor :STMicroelectronics X-CUBE-TOUCHGFX 4.25.0
2026-01-04 01:00:18,419 [INFO] ThirdParty:1030 - CMSIS Pack Vendor :STMicroelectronics X-CUBE-ST67W61 1.1.0
2026-01-04 01:00:18,419 [INFO] ThirdParty:1030 - CMSIS Pack Vendor :STMicroelectronics FP-SNS-STBOX1 2.0.0
2026-01-04 01:00:18,419 [INFO] ThirdParty:1030 - CMSIS Pack Vendor :STMicroelectronics X-CUBE-MEMS1 12.0.0
2026-01-04 01:00:18,419 [INFO] ThirdParty:1030 - CMSIS Pack Vendor :STMicroelectronics X-CUBE-AZRTOS-G0 1.1.0
2026-01-04 01:00:18,419 [INFO] ThirdParty:1030 - CMSIS Pack Vendor :STMicroelectronics X-CUBE-SAFEA1 1.2.2
2026-01-04 01:00:18,419 [INFO] ThirdParty:1030 - CMSIS Pack Vendor :STMicroelectronics X-CUBE-NFC4 3.0.0
2026-01-04 01:00:18,419 [INFO] ThirdParty:1030 - CMSIS Pack Vendor :STMicroelectronics X-CUBE-SUBG2 5.0.0
2026-01-04 01:00:18,419 [INFO] ThirdParty:1030 - CMSIS Pack Vendor :STMicroelectronics X-CUBE-AZRTOS-H7RS 1.1.0
2026-01-04 01:00:18,419 [INFO] ThirdParty:1030 - CMSIS Pack Vendor :STMicroelectronics STM32_WPAN 1.0.0
2026-01-04 01:00:18,419 [INFO] ThirdParty:1030 - CMSIS Pack Vendor :EmbeddedOffice I-CUBE-FS-RTOS 1.0.1
2026-01-04 01:00:18,420 [INFO] ThirdParty:1030 - CMSIS Pack Vendor :STMicroelectronics lwIP 2.0.3
2026-01-04 01:00:18,420 [INFO] ThirdParty:1030 - CMSIS Pack Vendor :Cesanta I-CUBE-Mongoose 7.13.0
2026-01-04 01:00:18,420 [INFO] ThirdParty:1030 - CMSIS Pack Vendor :STMicroelectronics USB_HOST 1.0.0
2026-01-04 01:00:18,420 [INFO] ThirdParty:1030 - CMSIS Pack Vendor :STMicroelectronics X-CUBE-AZRTOS-G4 2.0.0
2026-01-04 01:00:18,420 [INFO] ThirdParty:1030 - CMSIS Pack Vendor :STMicroelectronics X-CUBE-WB05N 2.0.0
2026-01-04 01:00:18,420 [INFO] ThirdParty:1030 - CMSIS Pack Vendor :STMicroelectronics PDM2PCM 3.1.0
2026-01-04 01:00:18,420 [INFO] ThirdParty:1030 - CMSIS Pack Vendor :wolfSSL I-CUBE-wolfTPM 3.8.0
2026-01-04 01:00:18,420 [INFO] ThirdParty:1030 - CMSIS Pack Vendor :wolfSSL I-CUBE-wolfSSH 1.4.20
2026-01-04 01:00:18,420 [INFO] ThirdParty:1030 - CMSIS Pack Vendor :STMicroelectronics X-CUBE-NFC7 2.0.0
2026-01-04 01:00:18,420 [INFO] ThirdParty:1030 - CMSIS Pack Vendor :STMicroelectronics X-CUBE-TCPP 4.2.0
2026-01-04 01:00:18,420 [INFO] ThirdParty:1030 - CMSIS Pack Vendor :RealThread X-CUBE-RT-Thread_Nano 4.1.1
2026-01-04 01:00:18,420 [INFO] ThirdParty:1030 - CMSIS Pack Vendor :STMicroelectronics FP-ATR-SIGFOX1 3.2.0
2026-01-04 01:00:18,420 [INFO] ThirdParty:1030 - CMSIS Pack Vendor :STMicroelectronics X-CUBE-EEPRMA1 5.1.0
2026-01-04 01:00:18,420 [INFO] ThirdParty:1030 - CMSIS Pack Vendor :STMicroelectronics MBEDTLS 2.16.2
2026-01-04 01:00:18,421 [INFO] ThirdParty:1030 - CMSIS Pack Vendor :STMicroelectronics X-CUBE-IPS 3.1.0
2026-01-04 01:00:18,421 [INFO] ThirdParty:1030 - CMSIS Pack Vendor :STMicroelectronics X-CUBE-ALS 1.0.2
2026-01-04 01:00:18,421 [INFO] ThirdParty:1030 - CMSIS Pack Vendor :wolfSSL I-CUBE-wolfSSL 5.7.6
2026-01-04 01:00:18,421 [INFO] ThirdParty:1030 - CMSIS Pack Vendor :ITTIA_DB I-CUBE-ITTIADB 8.9.0
2026-01-04 01:00:18,421 [INFO] ThirdParty:1030 - CMSIS Pack Vendor :STMicroelectronics X-CUBE-STSE01 1.0.0
2026-01-04 01:00:18,421 [INFO] ThirdParty:1030 - CMSIS Pack Vendor :portGmbH I-Cube-SoM-uGOAL 1.1.0
2026-01-04 01:00:18,421 [INFO] ThirdParty:1030 - CMSIS Pack Vendor :STMicroelectronics X-CUBE-AI 10.2.0
2026-01-04 01:00:18,421 [INFO] ThirdParty:1030 - CMSIS Pack Vendor :STMicroelectronics ThreadX 1.0.0
2026-01-04 01:00:18,421 [INFO] ThirdParty:1030 - CMSIS Pack Vendor :SEGGER I-CUBE-embOS 1.3.1
2026-01-04 01:00:18,421 [INFO] ThirdParty:1030 - CMSIS Pack Vendor :STMicroelectronics X-CUBE-ALGOBUILD 1.4.0
2026-01-04 01:00:18,421 [INFO] ThirdParty:1030 - CMSIS Pack Vendor :STMicroelectronics X-CUBE-TOF1 3.4.2
2026-01-04 01:00:18,421 [INFO] ThirdParty:1030 - CMSIS Pack Vendor :STMicroelectronics X-CUBE-TOF1 3.4.3
2026-01-04 01:00:18,422 [INFO] ThirdParty:841 - exiting critical section [change project]
2026-01-04 01:00:19,306 [INFO] PinOutPanel:1589 - setPackage(No Configuration,No Configuration)
2026-01-04 01:00:19,308 [INFO] PinOutPanel:1589 - setPackage(STM32F103C8Tx,LQFP48)
2026-01-04 01:00:20,564 [INFO] UtilMem:75 - Before build in PCC Used Memory: 324358464 Bytes (411041792)
2026-01-04 01:00:22,579 [INFO] UtilMem:75 - After build in PCC Used Memory: 244802496 Bytes (411041792)
2026-01-04 01:00:22,639 [INFO] IPUIPlugin:80 - create IPUIPlugin
2026-01-04 01:00:22,639 [INFO] IPUIPlugin:80 - create IPUIPlugin
2026-01-04 01:00:22,640 [INFO] IPUIPlugin:80 - create IPUIPlugin
2026-01-04 01:00:22,640 [INFO] IPUIPlugin:80 - create IPUIPlugin
2026-01-04 01:00:22,640 [INFO] IPUIPlugin:80 - create IPUIPlugin
2026-01-04 01:00:22,641 [INFO] IPUIPlugin:80 - create IPUIPlugin
2026-01-04 01:00:22,641 [INFO] IPUIPlugin:80 - create IPUIPlugin
2026-01-04 01:00:22,641 [INFO] IPUIPlugin:80 - create IPUIPlugin
2026-01-04 01:00:22,642 [INFO] IPUIPlugin:80 - create IPUIPlugin
2026-01-04 01:00:22,642 [INFO] IPUIPlugin:80 - create IPUIPlugin
2026-01-04 01:00:22,642 [INFO] IPUIPlugin:80 - create IPUIPlugin
2026-01-04 01:00:22,642 [INFO] IPUIPlugin:80 - create IPUIPlugin
2026-01-04 01:00:22,643 [INFO] IPUIPlugin:80 - create IPUIPlugin
2026-01-04 01:00:22,644 [INFO] IPUIPlugin:80 - create IPUIPlugin
2026-01-04 01:00:22,644 [INFO] IPUIPlugin:80 - create IPUIPlugin
2026-01-04 01:00:22,644 [INFO] IPUIPlugin:80 - create IPUIPlugin
2026-01-04 01:00:22,645 [INFO] IPUIPlugin:80 - create IPUIPlugin
2026-01-04 01:00:22,645 [INFO] IPUIPlugin:80 - create IPUIPlugin
2026-01-04 01:00:22,645 [INFO] IPUIPlugin:80 - create IPUIPlugin
2026-01-04 01:00:22,646 [INFO] IPUIPlugin:80 - create IPUIPlugin
2026-01-04 01:00:22,647 [INFO] IPUIPlugin:80 - create IPUIPlugin
2026-01-04 01:00:22,647 [INFO] IPUIPlugin:80 - create IPUIPlugin
2026-01-04 01:00:22,648 [INFO] IPUIPlugin:80 - create IPUIPlugin
2026-01-04 01:00:22,648 [INFO] IPUIPlugin:80 - create IPUIPlugin
2026-01-04 01:00:22,649 [INFO] IPUIPlugin:80 - create IPUIPlugin
2026-01-04 01:00:22,649 [INFO] IPUIPlugin:80 - create IPUIPlugin
2026-01-04 01:00:22,650 [INFO] IPUIPlugin:80 - create IPUIPlugin
2026-01-04 01:00:22,671 [WARN] IP:2250 - I2C_Coeff_DF not found: check if there is a RefParameter without a condition.
2026-01-04 01:00:22,671 [WARN] IP:2250 - Analog_Filter not found: check if there is a RefParameter without a condition.
2026-01-04 01:00:23,146 [INFO] CADModel:165 - CPN selected for project levelSTM32F103C8T6
2026-01-04 01:00:23,146 [INFO] CADModel:114 - Register for checkConnection events
2026-01-04 01:00:23,188 [INFO] OpenFileManager:386 - Restore cursor
2026-01-04 01:00:23,579 [WARN] IP:2250 - I2C_Coeff_DF not found: check if there is a RefParameter without a condition.
2026-01-04 01:00:23,579 [WARN] IP:2250 - Analog_Filter not found: check if there is a RefParameter without a condition.
2026-01-04 01:00:23,582 [WARN] IP:2250 - I2C_Coeff_DF not found: check if there is a RefParameter without a condition.
2026-01-04 01:00:23,582 [WARN] IP:2250 - Analog_Filter not found: check if there is a RefParameter without a condition.
2026-01-04 01:02:47,081 [INFO] UtilMem:75 - End SaveConfig() Used Memory: 341251008 Bytes (411041792)
2026-01-04 01:02:48,759 [INFO] UtilMem:75 - End SaveConfig() Used Memory: 366806400 Bytes (411041792)
2026-01-04 01:02:51,759 [INFO] UtilMem:75 - End SaveConfig() Used Memory: 273207784 Bytes (411041792)
2026-01-04 01:02:52,648 [INFO] BlockDiagram:2775 - set Specific Code input for plugin: NVIC
2026-01-04 01:02:52,648 [INFO] BlockDiagram:2775 - set Specific Code input for plugin: USART
2026-01-04 01:02:52,648 [INFO] BlockDiagram:2775 - set Specific Code input for plugin: SYS
2026-01-04 01:02:52,649 [INFO] BlockDiagram:2775 - set Specific Code input for plugin: GPIO
2026-01-04 01:02:52,649 [INFO] BlockDiagram:2775 - set Specific Code input for plugin: RCC
2026-01-04 01:02:52,649 [INFO] BlockDiagram:2775 - set Specific Code input for plugin: I2C
2026-01-04 01:02:52,652 [INFO] CodeGenerator:892 - code generatio: config db path: D:\installs\STM32CubeIDE_1.19.0\STM32CubeIDE\plugins\com.st.stm32cube.common.mx_6.15.0.202507011659\\db\
2026-01-04 01:02:52,670 [WARN] IP:2250 - I2C_Coeff_DF not found: check if there is a RefParameter without a condition.
2026-01-04 01:02:52,671 [WARN] IP:2250 - Analog_Filter not found: check if there is a RefParameter without a condition.
2026-01-04 01:02:53,009 [INFO] CodeEngine:265 - oldGeneratedFile, D:\projects\stm32_cube_ide\uart\MXTmpFiles\license.tmp_save
2026-01-04 01:02:53,734 [INFO] CodeEngine:289 - Generated code: D:\projects\stm32_cube_ide\uart\MXTmpFiles\license.tmp
2026-01-04 01:02:53,992 [INFO] CodeEngine:265 - oldGeneratedFile, D:\projects\stm32_cube_ide\uart\MXTmpFiles\gpio.tmp_save
2026-01-04 01:02:54,264 [INFO] CodeEngine:289 - Generated code: D:\projects\stm32_cube_ide\uart\MXTmpFiles\gpio.tmp
2026-01-04 01:02:54,545 [INFO] CodeEngine:265 - oldGeneratedFile, D:\projects\stm32_cube_ide\uart\Core\Src\stm32f1xx_it.c_save
2026-01-04 01:02:54,763 [INFO] CodeEngine:289 - Generated code: D:\projects\stm32_cube_ide\uart\Core\Src\stm32f1xx_it.c
2026-01-04 01:02:54,798 [INFO] CodeEngine:265 - oldGeneratedFile, D:\projects\stm32_cube_ide\uart\Core\Inc\stm32f1xx_it.h_save
2026-01-04 01:02:54,956 [INFO] CodeEngine:289 - Generated code: D:\projects\stm32_cube_ide\uart\Core\Inc\stm32f1xx_it.h
2026-01-04 01:02:55,000 [INFO] CodeEngine:265 - oldGeneratedFile, D:\projects\stm32_cube_ide\uart\Core\Src\stm32f1xx_hal_msp.c_save
2026-01-04 01:02:55,266 [INFO] CodeEngine:289 - Generated code: D:\projects\stm32_cube_ide\uart\Core\Src\stm32f1xx_hal_msp.c
2026-01-04 01:02:55,288 [INFO] CodeEngine:265 - oldGeneratedFile, D:\projects\stm32_cube_ide\uart\MXTmpFiles\system.tmp_save
2026-01-04 01:02:55,455 [INFO] CodeEngine:289 - Generated code: D:\projects\stm32_cube_ide\uart\MXTmpFiles\system.tmp
2026-01-04 01:02:55,581 [INFO] CodeEngine:321 - oldGeneratedFile, D:\projects\stm32_cube_ide\uart\Core\Inc\stm32f1xx_hal_conf.h_save
2026-01-04 01:02:55,731 [INFO] CodeEngine:345 - Generated code: D:\projects\stm32_cube_ide\uart\Core\Inc\stm32f1xx_hal_conf.h
2026-01-04 01:02:55,776 [INFO] ApiDbMcu:532 - Load IP Config File for I2C1
2026-01-04 01:02:55,783 [INFO] ApiDbMcu:532 - Load IP Config File for USART1
2026-01-04 01:02:55,790 [INFO] ApiDbMcu:532 - Load IP Config File for RCC
2026-01-04 01:02:55,843 [INFO] CodeEngine:265 - oldGeneratedFile, D:\projects\stm32_cube_ide\uart\Core\Inc\main.h_save
2026-01-04 01:02:56,045 [INFO] CodeEngine:289 - Generated code: D:\projects\stm32_cube_ide\uart\Core\Inc\main.h
2026-01-04 01:02:56,057 [INFO] CodeEngine:265 - oldGeneratedFile, D:\projects\stm32_cube_ide\uart\Core\Src\main.c_save
2026-01-04 01:02:56,302 [INFO] CodeEngine:289 - Generated code: D:\projects\stm32_cube_ide\uart\Core\Src\main.c
2026-01-04 01:02:57,069 [INFO] ProjectBuilder:3606 - Time for Copy HAL[1] : 358mS.
2026-01-04 01:02:57,081 [INFO] ProjectBuilder:5216 - Project Generator version: 4.7.0-B52
2026-01-04 01:02:57,297 [INFO] ConfigFileManager:1595 - The Die is : DIE410
2026-01-04 01:02:57,330 [INFO] ApiDbMcu:532 - Load IP Config File for FATFS
2026-01-04 01:02:57,355 [INFO] ApiDbMcu:532 - Load IP Config File for FREERTOS
2026-01-04 01:02:57,375 [INFO] ApiDbMcu:532 - Load IP Config File for USB_DEVICE
2026-01-04 01:02:58,537 [INFO] LogOutputStream:77 - [STDOUT_REDIRECT] 
2026-01-04 01:03:01,014 [INFO] ProjectBuilder:5496 - Time for Generating toolchain IDE Files: 3932mS.
2026-01-04 01:03:01,016 [INFO] ProjectBuilder:3463 - Time for Copy CMSIS : 1mS.
2026-01-04 01:03:01,019 [INFO] ProjectBuilder:3463 - Time for Copy CMSIS : 0mS.
2026-01-04 01:13:19,252 [INFO] Gpio:278 - dependency for GPIO [I2C1, RCC, USART1]
2026-01-04 01:13:54,079 [INFO] Gpio:278 - dependency for GPIO [I2C1, RCC, USART1]
2026-01-04 01:13:54,288 [WARN] IP:2250 - I2C_Coeff_DF not found: check if there is a RefParameter without a condition.
2026-01-04 01:13:54,288 [WARN] IP:2250 - Analog_Filter not found: check if there is a RefParameter without a condition.
2026-01-04 01:13:54,289 [WARN] IP:2250 - I2C_Coeff_DF not found: check if there is a RefParameter without a condition.
2026-01-04 01:13:54,289 [WARN] IP:2250 - Analog_Filter not found: check if there is a RefParameter without a condition.
2026-01-04 01:13:54,328 [WARN] IP:2250 - I2C_Coeff_DF not found: check if there is a RefParameter without a condition.
2026-01-04 01:13:54,329 [WARN] IP:2250 - Analog_Filter not found: check if there is a RefParameter without a condition.
2026-01-04 01:13:54,368 [WARN] IP:2250 - I2C_Coeff_DF not found: check if there is a RefParameter without a condition.
2026-01-04 01:13:54,368 [WARN] IP:2250 - Analog_Filter not found: check if there is a RefParameter without a condition.
2026-01-04 01:13:54,404 [INFO] Gpio:278 - dependency for GPIO [I2C1, RCC, USART1]
2026-01-04 01:13:58,264 [INFO] UtilMem:75 - End SaveConfig() Used Memory: 540546288 Bytes (587202560)
2026-01-04 01:14:00,400 [INFO] UtilMem:75 - End SaveConfig() Used Memory: 261398192 Bytes (587202560)
2026-01-04 01:14:02,492 [INFO] UtilMem:75 - End SaveConfig() Used Memory: 334800560 Bytes (587202560)
2026-01-04 01:14:03,256 [INFO] BlockDiagram:2775 - set Specific Code input for plugin: NVIC
2026-01-04 01:14:03,258 [INFO] BlockDiagram:2775 - set Specific Code input for plugin: USART
2026-01-04 01:14:03,258 [INFO] BlockDiagram:2775 - set Specific Code input for plugin: SYS
2026-01-04 01:14:03,259 [INFO] BlockDiagram:2775 - set Specific Code input for plugin: GPIO
2026-01-04 01:14:03,259 [INFO] BlockDiagram:2775 - set Specific Code input for plugin: RCC
2026-01-04 01:14:03,259 [INFO] BlockDiagram:2775 - set Specific Code input for plugin: I2C
2026-01-04 01:14:03,260 [INFO] CodeGenerator:892 - code generatio: config db path: D:\installs\STM32CubeIDE_1.19.0\STM32CubeIDE\plugins\com.st.stm32cube.common.mx_6.15.0.202507011659\\db\
2026-01-04 01:14:03,262 [WARN] IP:2250 - I2C_Coeff_DF not found: check if there is a RefParameter without a condition.
2026-01-04 01:14:03,262 [WARN] IP:2250 - Analog_Filter not found: check if there is a RefParameter without a condition.
2026-01-04 01:14:03,384 [INFO] CodeEngine:265 - oldGeneratedFile, D:\projects\stm32_cube_ide\uart\MXTmpFiles\license.tmp_save
2026-01-04 01:14:03,618 [INFO] CodeEngine:289 - Generated code: D:\projects\stm32_cube_ide\uart\MXTmpFiles\license.tmp
2026-01-04 01:14:03,666 [INFO] CodeEngine:265 - oldGeneratedFile, D:\projects\stm32_cube_ide\uart\MXTmpFiles\gpio.tmp_save
2026-01-04 01:14:03,828 [INFO] CodeEngine:289 - Generated code: D:\projects\stm32_cube_ide\uart\MXTmpFiles\gpio.tmp
2026-01-04 01:14:03,959 [INFO] CodeEngine:265 - oldGeneratedFile, D:\projects\stm32_cube_ide\uart\Core\Src\stm32f1xx_it.c_save
2026-01-04 01:14:04,107 [INFO] CodeEngine:289 - Generated code: D:\projects\stm32_cube_ide\uart\Core\Src\stm32f1xx_it.c
2026-01-04 01:14:04,118 [INFO] CodeEngine:265 - oldGeneratedFile, D:\projects\stm32_cube_ide\uart\Core\Inc\stm32f1xx_it.h_save
2026-01-04 01:14:04,246 [INFO] CodeEngine:289 - Generated code: D:\projects\stm32_cube_ide\uart\Core\Inc\stm32f1xx_it.h
2026-01-04 01:14:04,264 [INFO] CodeEngine:265 - oldGeneratedFile, D:\projects\stm32_cube_ide\uart\Core\Src\stm32f1xx_hal_msp.c_save
2026-01-04 01:14:04,467 [INFO] CodeEngine:289 - Generated code: D:\projects\stm32_cube_ide\uart\Core\Src\stm32f1xx_hal_msp.c
2026-01-04 01:14:04,474 [INFO] CodeEngine:265 - oldGeneratedFile, D:\projects\stm32_cube_ide\uart\MXTmpFiles\system.tmp_save
2026-01-04 01:14:04,584 [INFO] CodeEngine:289 - Generated code: D:\projects\stm32_cube_ide\uart\MXTmpFiles\system.tmp
2026-01-04 01:14:04,600 [INFO] CodeEngine:321 - oldGeneratedFile, D:\projects\stm32_cube_ide\uart\Core\Inc\stm32f1xx_hal_conf.h_save
2026-01-04 01:14:04,739 [INFO] CodeEngine:345 - Generated code: D:\projects\stm32_cube_ide\uart\Core\Inc\stm32f1xx_hal_conf.h
2026-01-04 01:14:04,790 [INFO] CodeEngine:265 - oldGeneratedFile, D:\projects\stm32_cube_ide\uart\Core\Inc\main.h_save
2026-01-04 01:14:04,954 [INFO] CodeEngine:289 - Generated code: D:\projects\stm32_cube_ide\uart\Core\Inc\main.h
2026-01-04 01:14:04,963 [INFO] CodeEngine:265 - oldGeneratedFile, D:\projects\stm32_cube_ide\uart\Core\Src\main.c_save
2026-01-04 01:14:05,155 [INFO] CodeEngine:289 - Generated code: D:\projects\stm32_cube_ide\uart\Core\Src\main.c
2026-01-04 01:14:05,647 [INFO] ProjectBuilder:3606 - Time for Copy HAL[1] : 206mS.
2026-01-04 01:14:05,652 [INFO] ProjectBuilder:5216 - Project Generator version: 4.7.0-B52
2026-01-04 01:14:05,785 [INFO] ConfigFileManager:1595 - The Die is : DIE410
2026-01-04 01:14:07,829 [INFO] ProjectBuilder:5496 - Time for Generating toolchain IDE Files: 2177mS.
2026-01-04 01:14:07,831 [INFO] ProjectBuilder:3463 - Time for Copy CMSIS : 0mS.
2026-01-04 01:14:07,834 [INFO] ProjectBuilder:3463 - Time for Copy CMSIS : 0mS.
2026-01-04 01:21:16,323 [INFO] Gpio:278 - dependency for GPIO [I2C1, RCC, USART1]
2026-01-04 01:22:19,368 [INFO] UtilMem:75 - End SaveConfig() Used Memory: 329645952 Bytes (597688320)
2026-01-04 01:22:23,395 [INFO] UtilMem:75 - End SaveConfig() Used Memory: 349568896 Bytes (597688320)
2026-01-04 01:22:23,767 [INFO] UtilMem:75 - End SaveConfig() Used Memory: 392560512 Bytes (597688320)
2026-01-04 01:22:24,146 [INFO] BlockDiagram:2775 - set Specific Code input for plugin: NVIC
2026-01-04 01:22:24,148 [INFO] BlockDiagram:2775 - set Specific Code input for plugin: USART
2026-01-04 01:22:24,148 [INFO] BlockDiagram:2775 - set Specific Code input for plugin: SYS
2026-01-04 01:22:24,149 [INFO] BlockDiagram:2775 - set Specific Code input for plugin: GPIO
2026-01-04 01:22:24,149 [INFO] BlockDiagram:2775 - set Specific Code input for plugin: RCC
2026-01-04 01:22:24,149 [INFO] BlockDiagram:2775 - set Specific Code input for plugin: I2C
2026-01-04 01:22:24,151 [INFO] CodeGenerator:892 - code generatio: config db path: D:\installs\STM32CubeIDE_1.19.0\STM32CubeIDE\plugins\com.st.stm32cube.common.mx_6.15.0.202507011659\\db\
2026-01-04 01:22:24,154 [WARN] IP:2250 - I2C_Coeff_DF not found: check if there is a RefParameter without a condition.
2026-01-04 01:22:24,154 [WARN] IP:2250 - Analog_Filter not found: check if there is a RefParameter without a condition.
2026-01-04 01:22:24,277 [INFO] CodeEngine:265 - oldGeneratedFile, D:\projects\stm32_cube_ide\uart\MXTmpFiles\license.tmp_save
2026-01-04 01:22:24,385 [INFO] CodeEngine:289 - Generated code: D:\projects\stm32_cube_ide\uart\MXTmpFiles\license.tmp
2026-01-04 01:22:24,414 [INFO] CodeEngine:265 - oldGeneratedFile, D:\projects\stm32_cube_ide\uart\MXTmpFiles\gpio.tmp_save
2026-01-04 01:22:24,539 [INFO] CodeEngine:289 - Generated code: D:\projects\stm32_cube_ide\uart\MXTmpFiles\gpio.tmp
2026-01-04 01:22:24,623 [INFO] CodeEngine:265 - oldGeneratedFile, D:\projects\stm32_cube_ide\uart\Core\Src\stm32f1xx_it.c_save
2026-01-04 01:22:24,748 [INFO] CodeEngine:289 - Generated code: D:\projects\stm32_cube_ide\uart\Core\Src\stm32f1xx_it.c
2026-01-04 01:22:24,756 [INFO] CodeEngine:265 - oldGeneratedFile, D:\projects\stm32_cube_ide\uart\Core\Inc\stm32f1xx_it.h_save
2026-01-04 01:22:24,888 [INFO] CodeEngine:289 - Generated code: D:\projects\stm32_cube_ide\uart\Core\Inc\stm32f1xx_it.h
2026-01-04 01:22:24,903 [INFO] CodeEngine:265 - oldGeneratedFile, D:\projects\stm32_cube_ide\uart\Core\Src\stm32f1xx_hal_msp.c_save
2026-01-04 01:22:25,059 [INFO] CodeEngine:289 - Generated code: D:\projects\stm32_cube_ide\uart\Core\Src\stm32f1xx_hal_msp.c
2026-01-04 01:22:25,066 [INFO] CodeEngine:265 - oldGeneratedFile, D:\projects\stm32_cube_ide\uart\MXTmpFiles\system.tmp_save
2026-01-04 01:22:25,186 [INFO] CodeEngine:289 - Generated code: D:\projects\stm32_cube_ide\uart\MXTmpFiles\system.tmp
2026-01-04 01:22:25,203 [INFO] CodeEngine:321 - oldGeneratedFile, D:\projects\stm32_cube_ide\uart\Core\Inc\stm32f1xx_hal_conf.h_save
2026-01-04 01:22:25,328 [INFO] CodeEngine:345 - Generated code: D:\projects\stm32_cube_ide\uart\Core\Inc\stm32f1xx_hal_conf.h
2026-01-04 01:22:25,361 [INFO] CodeEngine:265 - oldGeneratedFile, D:\projects\stm32_cube_ide\uart\Core\Inc\main.h_save
2026-01-04 01:22:25,480 [INFO] CodeEngine:289 - Generated code: D:\projects\stm32_cube_ide\uart\Core\Inc\main.h
2026-01-04 01:22:25,489 [INFO] CodeEngine:265 - oldGeneratedFile, D:\projects\stm32_cube_ide\uart\Core\Src\main.c_save
2026-01-04 01:22:25,651 [INFO] CodeEngine:289 - Generated code: D:\projects\stm32_cube_ide\uart\Core\Src\main.c
2026-01-04 01:22:26,245 [INFO] ProjectBuilder:3606 - Time for Copy HAL[1] : 196mS.
2026-01-04 01:22:26,250 [INFO] ProjectBuilder:5216 - Project Generator version: 4.7.0-B52
2026-01-04 01:22:26,370 [INFO] ConfigFileManager:1595 - The Die is : DIE410
2026-01-04 01:22:27,449 [INFO] ProjectBuilder:5496 - Time for Generating toolchain IDE Files: 1199mS.
2026-01-04 01:22:27,449 [INFO] ProjectBuilder:3463 - Time for Copy CMSIS : 0mS.
2026-01-04 01:22:27,453 [INFO] ProjectBuilder:3463 - Time for Copy CMSIS : 1mS.
2026-01-04 01:42:00,662 [INFO] Activator:176 - 


2026-01-04 01:42:00,666 [INFO] Activator:177 - !SESSION log4j initialized
2026-01-04 01:42:10,813 [INFO] LogOutputStream:77 - [STDOUT_REDIRECT] 
2026-01-04 01:42:12,348 [INFO] ApplicationProperties:184 - Using Application install path: D:\installs\STM32CubeIDE_1.19.0\STM32CubeIDE\plugins\com.st.stm32cube.common.mx_6.15.0.202507011659
2026-01-04 01:42:12,373 [INFO] DbMcusXml:78 - Set database path to: D:\installs\STM32CubeIDE_1.19.0\STM32CubeIDE\plugins\com.st.stm32cube.common.mx_6.15.0.202507011659\\db\/mcu/
2026-01-04 01:42:12,374 [INFO] ApiDb:274 - Set plugin database path to: D:\installs\STM32CubeIDE_1.19.0\STM32CubeIDE\plugins\com.st.stm32cube.common.mx_6.15.0.202507011659\\db\/plugins/boardmanager/
2026-01-04 01:42:12,374 [WARN] ApiDb:259 - Overriding images path with different value:  => D:\installs\STM32CubeIDE_1.19.0\STM32CubeIDE\plugins\com.st.stm32cube.common.mx_6.15.0.202507011659\\db\/plugins/mcufinder/images/
2026-01-04 01:42:12,383 [INFO] ApiDb:250 - Set database path to: C:\Users\22142\.stmcufinder\plugins\mcufinder//mcu/
2026-01-04 01:42:12,385 [INFO] DbMcusAds:125 - Set database path to: C:\Users\22142\.stmcufinder\plugins\mcufinder//mcu/
2026-01-04 01:42:12,390 [INFO] CrossReferenceDbSqlite:203 - Set database path to: C:\Users\22142\.stmcufinder\plugins\mcufinder//mcu/cs/
2026-01-04 01:42:12,596 [INFO] RulesReader:64 - Compatibility file has been processed (317 Rules)
2026-01-04 01:42:12,727 [INFO] DbMcusXml:78 - Set database path to: D:\installs\STM32CubeIDE_1.19.0\STM32CubeIDE\plugins\com.st.stm32cube.common.mx_6.15.0.202507011659\\db\/mcu/
2026-01-04 01:42:12,727 [INFO] ApiDb:274 - Set plugin database path to: D:\installs\STM32CubeIDE_1.19.0\STM32CubeIDE\plugins\com.st.stm32cube.common.mx_6.15.0.202507011659\\db\/plugins/boardmanager/
2026-01-04 01:42:12,727 [INFO] ApiDb:261 - Set plugin images path to: D:\installs\STM32CubeIDE_1.19.0\STM32CubeIDE\plugins\com.st.stm32cube.common.mx_6.15.0.202507011659\\db\/plugins/mcufinder/images/
2026-01-04 01:42:12,728 [WARN] DbFile:41 - Overriding database path with different value: C:\Users\22142\.stmcufinder\plugins\mcufinder/ => C:\Users\22142\.stmcufinder\plugins\mcufinder
2026-01-04 01:42:12,728 [INFO] ApiDb:250 - Set database path to: C:\Users\22142\.stmcufinder\plugins\mcufinder//mcu/
2026-01-04 01:42:12,728 [WARN] DbFile:41 - Overriding database path with different value: C:\Users\22142\.stmcufinder\plugins\mcufinder/ => C:\Users\22142\.stmcufinder\plugins\mcufinder
2026-01-04 01:42:12,728 [INFO] DbMcusAds:125 - Set database path to: C:\Users\22142\.stmcufinder\plugins\mcufinder//mcu/
2026-01-04 01:42:12,728 [WARN] DbFile:41 - Overriding database path with different value: C:\Users\22142\.stmcufinder\plugins\mcufinder/ => C:\Users\22142\.stmcufinder\plugins\mcufinder
2026-01-04 01:42:12,728 [WARN] DbFile:41 - Overriding database path with different value: C:\Users\22142\.stmcufinder\plugins\mcufinder/ => C:\Users\22142\.stmcufinder\plugins\mcufinder
2026-01-04 01:42:12,729 [INFO] CrossReferenceDbSqlite:203 - Set database path to: C:\Users\22142\.stmcufinder\plugins\mcufinder//mcu/cs/
2026-01-04 01:42:12,837 [INFO] MainPanel:274 - HeapMemory: 268435456
2026-01-04 01:42:12,970 [INFO] DbMcusXml:78 - Set database path to: D:\installs\STM32CubeIDE_1.19.0\STM32CubeIDE\plugins\com.st.stm32cube.common.mx_6.15.0.202507011659\\db\/mcu/
2026-01-04 01:42:12,971 [INFO] ApiDb:274 - Set plugin database path to: D:\installs\STM32CubeIDE_1.19.0\STM32CubeIDE\plugins\com.st.stm32cube.common.mx_6.15.0.202507011659\\db\/plugins/boardmanager/
2026-01-04 01:42:12,971 [INFO] ApiDb:261 - Set plugin images path to: D:\installs\STM32CubeIDE_1.19.0\STM32CubeIDE\plugins\com.st.stm32cube.common.mx_6.15.0.202507011659\\db\/plugins/mcufinder/images/
2026-01-04 01:42:12,971 [WARN] DbFile:41 - Overriding database path with different value: C:\Users\22142\.stmcufinder\plugins\mcufinder/ => C:\Users\22142\.stmcufinder\plugins\mcufinder
2026-01-04 01:42:12,972 [INFO] ApiDb:250 - Set database path to: C:\Users\22142\.stmcufinder\plugins\mcufinder//mcu/
2026-01-04 01:42:12,972 [WARN] DbFile:41 - Overriding database path with different value: C:\Users\22142\.stmcufinder\plugins\mcufinder/ => C:\Users\22142\.stmcufinder\plugins\mcufinder
2026-01-04 01:42:12,972 [INFO] DbMcusAds:125 - Set database path to: C:\Users\22142\.stmcufinder\plugins\mcufinder//mcu/
2026-01-04 01:42:12,972 [WARN] DbFile:41 - Overriding database path with different value: C:\Users\22142\.stmcufinder\plugins\mcufinder/ => C:\Users\22142\.stmcufinder\plugins\mcufinder
2026-01-04 01:42:12,972 [WARN] DbFile:41 - Overriding database path with different value: C:\Users\22142\.stmcufinder\plugins\mcufinder/ => C:\Users\22142\.stmcufinder\plugins\mcufinder
2026-01-04 01:42:12,973 [INFO] CrossReferenceDbSqlite:203 - Set database path to: C:\Users\22142\.stmcufinder\plugins\mcufinder//mcu/cs/
2026-01-04 01:42:13,004 [INFO] ApplicationProperties:184 - Using Application install path: D:\installs\STM32CubeIDE_1.19.0\STM32CubeIDE\plugins\com.st.stm32cube.common.mx_6.15.0.202507011659
2026-01-04 01:42:13,006 [INFO] PluginManage:196 - Search for loadable plugins [exclusion list=, ]
2026-01-04 01:42:13,009 [INFO] PluginManage:310 - Check plugin analytics
2026-01-04 01:42:13,378 [INFO] AnalyticsPlugin:253 - Accepted Software Licenses: STM32CubeMX.6.16.1
2026-01-04 01:42:13,378 [INFO] AnalyticsPlugin:255 - Accepted CMSIS Pack Licenses: 
2026-01-04 01:42:13,378 [INFO] AnalyticsPlugin:257 - Accepted Firmware Licenses: 
2026-01-04 01:42:13,384 [INFO] PluginManage:359 - Loaded plugin analytics (category:tool,tabindex:-1)
2026-01-04 01:42:13,384 [INFO] PluginManage:310 - Check plugin cadmodel
2026-01-04 01:42:13,391 [INFO] CADModel:105 - Init CAD model plugin
2026-01-04 01:42:13,391 [INFO] PluginManage:359 - Loaded plugin cadmodel (category:power,tabindex:5)
2026-01-04 01:42:13,392 [INFO] PluginManage:310 - Check plugin clock
2026-01-04 01:42:13,407 [INFO] PluginManage:359 - Loaded plugin clock (category:base,tabindex:2)
2026-01-04 01:42:13,407 [INFO] PluginManage:310 - Check plugin ddr
2026-01-04 01:42:13,411 [INFO] PluginManage:359 - Loaded plugin ddr (category:tool,tabindex:6)
2026-01-04 01:42:13,411 [INFO] PluginManage:310 - Check plugin filemanager
2026-01-04 01:42:13,681 [INFO] PluginManage:359 - Loaded plugin filemanager (category:base,tabindex:10)
2026-01-04 01:42:13,681 [INFO] PluginManage:310 - Check plugin ipmanager
2026-01-04 01:42:13,693 [INFO] PluginManage:359 - Loaded plugin ipmanager (category:base,tabindex:5)
2026-01-04 01:42:13,693 [INFO] PluginManage:310 - Check plugin lpbam
2026-01-04 01:42:13,704 [INFO] PluginManage:359 - Loaded plugin lpbam (category:base,tabindex:0)
2026-01-04 01:42:13,705 [INFO] PluginManage:310 - Check plugin memorymap
2026-01-04 01:42:13,722 [INFO] PluginManage:359 - Loaded plugin memorymap (category:base,tabindex:4)
2026-01-04 01:42:13,723 [INFO] PluginManage:310 - Check plugin pinoutandconfiguration
2026-01-04 01:42:13,735 [INFO] PluginManage:359 - Loaded plugin pinoutandconfiguration (category:base,tabindex:1)
2026-01-04 01:42:13,735 [INFO] PluginManage:310 - Check plugin pinoutconfig
2026-01-04 01:42:13,900 [WARN] SupportedApi:132 - Cannot load RTOS API schema: s4s-elt-must-match.1: The content of 'definitions' must match (annotation?, (simpleType | complexType)?, (unique | key | keyref)*)). A problem was found starting at: attribute.
2026-01-04 01:42:14,150 [INFO] PluginManage:359 - Loaded plugin pinoutconfig (category:base,tabindex:0)
2026-01-04 01:42:14,151 [INFO] PluginManage:310 - Check plugin power
2026-01-04 01:42:14,171 [INFO] PluginManage:359 - Loaded plugin power (category:power,tabindex:4)
2026-01-04 01:42:14,171 [INFO] PluginManage:310 - Check plugin projectmanager
2026-01-04 01:42:14,207 [INFO] PluginManage:359 - Loaded plugin projectmanager (category:projectmanager,tabindex:4)
2026-01-04 01:42:14,207 [INFO] PluginManage:310 - Check plugin rif
2026-01-04 01:42:14,223 [INFO] PluginManage:359 - Loaded plugin rif (category:base,tabindex:3)
2026-01-04 01:42:14,224 [INFO] PluginManage:310 - Check plugin thirdparty
2026-01-04 01:42:14,438 [INFO] PluginManage:359 - Loaded plugin thirdparty (category:base,tabindex:-1)
2026-01-04 01:42:14,438 [INFO] PluginManage:310 - Check plugin tools
2026-01-04 01:42:14,440 [WARN] IntegrityCheckThread:84 - waiting for thirdparty lock release [integrity check]
2026-01-04 01:42:14,441 [INFO] IntegrityCheckThread:86 - entering critical section [integrity check]
2026-01-04 01:42:14,442 [INFO] ThirdPartyUpdaterWithRetryManager:70 - Updater plugin not ready yet. [1/15]
2026-01-04 01:42:14,444 [INFO] PluginManage:359 - Loaded plugin tools (category:base,tabindex:7)
2026-01-04 01:42:14,445 [INFO] PluginManage:310 - Check plugin tutovideos
2026-01-04 01:42:14,763 [INFO] PluginManage:359 - Loaded plugin tutovideos (category:base,tabindex:-1)
2026-01-04 01:42:14,763 [INFO] PluginManage:310 - Check plugin updater
2026-01-04 01:42:14,801 [INFO] PluginManage:359 - Loaded plugin updater (category:base,tabindex:12)
2026-01-04 01:42:14,801 [INFO] PluginManage:310 - Check plugin userauth
2026-01-04 01:42:14,807 [INFO] UserAuth:118 - Init User Auth plugin
2026-01-04 01:42:14,809 [INFO] PluginManage:359 - Loaded plugin userauth (category:base,tabindex:14)
2026-01-04 01:42:14,810 [INFO] PluginManage:283 - PluginManage : Loaded plugins [18]
2026-01-04 01:42:15,191 [INFO] PinOutPanel:1589 - setPackage(No Configuration,No Configuration)
2026-01-04 01:42:15,341 [INFO] CADModel:165 - CPN selected for project level
2026-01-04 01:42:15,342 [INFO] CADModel:114 - Register for checkConnection events
2026-01-04 01:42:15,367 [INFO] IPUIPlugin:80 - create IPUIPlugin
2026-01-04 01:42:15,389 [INFO] PluginManager:220 - loadIPPluginJar : add adc
2026-01-04 01:42:15,393 [INFO] IPUIPlugin:80 - create IPUIPlugin
2026-01-04 01:42:15,393 [INFO] PluginManager:220 - loadIPPluginJar : add aes
2026-01-04 01:42:15,398 [INFO] IPUIPlugin:80 - create IPUIPlugin
2026-01-04 01:42:15,398 [INFO] PluginManager:220 - loadIPPluginJar : add can
2026-01-04 01:42:15,400 [INFO] IPUIPlugin:80 - create IPUIPlugin
2026-01-04 01:42:15,400 [INFO] PluginManager:220 - loadIPPluginJar : add comp
2026-01-04 01:42:15,403 [INFO] IPUIPlugin:80 - create IPUIPlugin
2026-01-04 01:42:15,403 [INFO] PluginManager:220 - loadIPPluginJar : add cryp
2026-01-04 01:42:15,406 [INFO] IPUIPlugin:80 - create IPUIPlugin
2026-01-04 01:42:15,406 [INFO] PluginManager:220 - loadIPPluginJar : add ddr_ctrl_phy
2026-01-04 01:42:15,410 [INFO] IPUIPlugin:80 - create IPUIPlugin
2026-01-04 01:42:15,410 [INFO] PluginManager:220 - loadIPPluginJar : add dfsdm
2026-01-04 01:42:15,417 [INFO] IPUIPlugin:80 - create IPUIPlugin
2026-01-04 01:42:15,418 [INFO] PluginManager:220 - loadIPPluginJar : add dma
2026-01-04 01:42:15,421 [INFO] IPUIPlugin:80 - create IPUIPlugin
2026-01-04 01:42:15,421 [INFO] PluginManager:220 - loadIPPluginJar : add dma3
2026-01-04 01:42:15,425 [INFO] IPUIPlugin:80 - create IPUIPlugin
2026-01-04 01:42:15,425 [INFO] PluginManager:220 - loadIPPluginJar : add extmemmanager
2026-01-04 01:42:15,426 [INFO] IPUIPlugin:80 - create IPUIPlugin
2026-01-04 01:42:15,427 [INFO] PluginManager:220 - loadIPPluginJar : add fatfs
2026-01-04 01:42:15,432 [INFO] IPUIPlugin:80 - create IPUIPlugin
2026-01-04 01:42:15,432 [INFO] PluginManager:220 - loadIPPluginJar : add fmc
2026-01-04 01:42:15,442 [INFO] IPUIPlugin:80 - create IPUIPlugin
2026-01-04 01:42:15,442 [INFO] PluginManager:220 - loadIPPluginJar : add freertos
2026-01-04 01:42:15,444 [INFO] IPUIPlugin:80 - create IPUIPlugin
2026-01-04 01:42:15,444 [INFO] PluginManager:220 - loadIPPluginJar : add genericplugin
2026-01-04 01:42:15,447 [INFO] IPUIPlugin:80 - create IPUIPlugin
2026-01-04 01:42:15,447 [INFO] PluginManager:220 - loadIPPluginJar : add gfxmmu
2026-01-04 01:42:15,453 [INFO] IPUIPlugin:80 - create IPUIPlugin
2026-01-04 01:42:15,453 [INFO] PluginManager:220 - loadIPPluginJar : add gic
2026-01-04 01:42:15,460 [INFO] IPUIPlugin:80 - create IPUIPlugin
2026-01-04 01:42:15,460 [INFO] PluginManager:220 - loadIPPluginJar : add gpio
2026-01-04 01:42:15,464 [INFO] IPUIPlugin:80 - create IPUIPlugin
2026-01-04 01:42:15,464 [INFO] PluginManager:220 - loadIPPluginJar : add gtzc
2026-01-04 01:42:15,468 [INFO] IPUIPlugin:80 - create IPUIPlugin
2026-01-04 01:42:15,468 [INFO] PluginManager:220 - loadIPPluginJar : add hash
2026-01-04 01:42:15,472 [INFO] IPUIPlugin:80 - create IPUIPlugin
2026-01-04 01:42:15,472 [INFO] PluginManager:220 - loadIPPluginJar : add i2c
2026-01-04 01:42:15,475 [INFO] IPUIPlugin:80 - create IPUIPlugin
2026-01-04 01:42:15,475 [INFO] PluginManager:220 - loadIPPluginJar : add i2s
2026-01-04 01:42:15,479 [INFO] IPUIPlugin:80 - create IPUIPlugin
2026-01-04 01:42:15,479 [INFO] PluginManager:220 - loadIPPluginJar : add i3c
2026-01-04 01:42:15,484 [INFO] IPUIPlugin:80 - create IPUIPlugin
2026-01-04 01:42:15,484 [INFO] PluginManager:220 - loadIPPluginJar : add ipddr
2026-01-04 01:42:15,495 [INFO] IPUIPlugin:80 - create IPUIPlugin
2026-01-04 01:42:15,495 [INFO] PluginManager:220 - loadIPPluginJar : add linkedlist
2026-01-04 01:42:15,500 [INFO] IPUIPlugin:80 - create IPUIPlugin
2026-01-04 01:42:15,500 [INFO] PluginManager:220 - loadIPPluginJar : add lorawan
2026-01-04 01:42:15,502 [INFO] IPUIPlugin:80 - create IPUIPlugin
2026-01-04 01:42:15,502 [INFO] PluginManager:220 - loadIPPluginJar : add ltdc
2026-01-04 01:42:15,510 [INFO] IPUIPlugin:80 - create IPUIPlugin
2026-01-04 01:42:15,511 [INFO] PluginManager:220 - loadIPPluginJar : add mdma
2026-01-04 01:42:15,515 [INFO] IPUIPlugin:80 - create IPUIPlugin
2026-01-04 01:42:15,516 [INFO] PluginManager:220 - loadIPPluginJar : add nvic
2026-01-04 01:42:15,521 [INFO] IPUIPlugin:80 - create IPUIPlugin
2026-01-04 01:42:15,521 [INFO] PluginManager:220 - loadIPPluginJar : add opamp
2026-01-04 01:42:15,526 [INFO] IPUIPlugin:80 - create IPUIPlugin
2026-01-04 01:42:15,527 [INFO] PluginManager:220 - loadIPPluginJar : add openamp
2026-01-04 01:42:15,531 [INFO] IPUIPlugin:80 - create IPUIPlugin
2026-01-04 01:42:15,531 [INFO] PluginManager:220 - loadIPPluginJar : add pdm2pcm
2026-01-04 01:42:15,539 [INFO] IPUIPlugin:80 - create IPUIPlugin
2026-01-04 01:42:15,543 [INFO] PluginManager:220 - loadIPPluginJar : add plateformsettings
2026-01-04 01:42:15,545 [INFO] IPUIPlugin:80 - create IPUIPlugin
2026-01-04 01:42:15,545 [INFO] PluginManager:220 - loadIPPluginJar : add quadspi
2026-01-04 01:42:15,547 [INFO] IPUIPlugin:80 - create IPUIPlugin
2026-01-04 01:42:15,548 [INFO] PluginManager:220 - loadIPPluginJar : add radio
2026-01-04 01:42:15,553 [INFO] IPUIPlugin:80 - create IPUIPlugin
2026-01-04 01:42:15,553 [INFO] PluginManager:220 - loadIPPluginJar : add resmgrutility
2026-01-04 01:42:15,557 [INFO] IPUIPlugin:80 - create IPUIPlugin
2026-01-04 01:42:15,557 [INFO] PluginManager:220 - loadIPPluginJar : add sai
2026-01-04 01:42:15,561 [INFO] IPUIPlugin:80 - create IPUIPlugin
2026-01-04 01:42:15,561 [INFO] PluginManager:220 - loadIPPluginJar : add spi
2026-01-04 01:42:15,571 [INFO] IPUIPlugin:80 - create IPUIPlugin
2026-01-04 01:42:15,571 [INFO] PluginManager:220 - loadIPPluginJar : add stm32_wpan
2026-01-04 01:42:15,573 [INFO] IPUIPlugin:80 - create IPUIPlugin
2026-01-04 01:42:15,573 [INFO] PluginManager:220 - loadIPPluginJar : add tim
2026-01-04 01:42:15,578 [INFO] IPUIPlugin:80 - create IPUIPlugin
2026-01-04 01:42:15,578 [INFO] PluginManager:220 - loadIPPluginJar : add touchsensing
2026-01-04 01:42:15,581 [INFO] IPUIPlugin:80 - create IPUIPlugin
2026-01-04 01:42:15,581 [INFO] PluginManager:220 - loadIPPluginJar : add tracer_emb
2026-01-04 01:42:15,585 [INFO] IPUIPlugin:80 - create IPUIPlugin
2026-01-04 01:42:15,585 [INFO] PluginManager:220 - loadIPPluginJar : add ts
2026-01-04 01:42:15,588 [INFO] IPUIPlugin:80 - create IPUIPlugin
2026-01-04 01:42:15,588 [INFO] PluginManager:220 - loadIPPluginJar : add tsc
2026-01-04 01:42:15,590 [INFO] IPUIPlugin:80 - create IPUIPlugin
2026-01-04 01:42:15,591 [INFO] PluginManager:220 - loadIPPluginJar : add ucpd
2026-01-04 01:42:15,594 [INFO] IPUIPlugin:80 - create IPUIPlugin
2026-01-04 01:42:15,594 [INFO] PluginManager:220 - loadIPPluginJar : add usart
2026-01-04 01:42:15,600 [INFO] IPUIPlugin:80 - create IPUIPlugin
2026-01-04 01:42:15,600 [INFO] PluginManager:220 - loadIPPluginJar : add usbx
2026-01-04 01:42:15,789 [FATAL] Updater:351 - Updater called before beeing initialized
2026-01-04 01:42:15,833 [INFO] RulesReader:64 - Compatibility file has been processed (317 Rules)
2026-01-04 01:42:15,855 [INFO] RulesReader:64 - Compatibility file has been processed (317 Rules)
2026-01-04 01:42:15,868 [INFO] CADModel:165 - CPN selected for project level
2026-01-04 01:42:15,868 [INFO] CADModel:114 - Register for checkConnection events
2026-01-04 01:42:15,869 [FATAL] Updater:351 - Updater called before beeing initialized
2026-01-04 01:42:15,869 [ERROR] CADModel:125 - Updater not yet initialized, retry later 
2026-01-04 01:42:16,140 [FATAL] Updater:351 - Updater called before beeing initialized
2026-01-04 01:42:16,144 [INFO] CADModel:165 - CPN selected for project level
2026-01-04 01:42:16,145 [INFO] CADModel:114 - Register for checkConnection events
2026-01-04 01:42:16,145 [FATAL] Updater:351 - Updater called before beeing initialized
2026-01-04 01:42:16,145 [ERROR] CADModel:125 - Updater not yet initialized, retry later 
2026-01-04 01:42:16,151 [FATAL] Updater:351 - Updater called before beeing initialized
2026-01-04 01:42:16,387 [FATAL] Updater:351 - Updater called before beeing initialized
2026-01-04 01:42:16,394 [INFO] DbMcusAds:53 - JSON generation date=Tue Dec 16 04:41:46 IST 2025 (1765840306612)
2026-01-04 01:42:16,394 [FATAL] Updater:351 - Updater called before beeing initialized
2026-01-04 01:42:16,447 [WARN] DetailPanel:346 - Failed to get advertising image, set to default
2026-01-04 01:42:16,601 [FATAL] Updater:351 - Updater called before beeing initialized
2026-01-04 01:42:16,603 [FATAL] Updater:351 - Updater called before beeing initialized
2026-01-04 01:42:16,604 [FATAL] Updater:351 - Updater called before beeing initialized
2026-01-04 01:42:16,604 [WARN] DetailPanel:346 - Failed to get advertising image, set to default
2026-01-04 01:42:16,606 [FATAL] Updater:351 - Updater called before beeing initialized
2026-01-04 01:42:16,688 [ERROR] Updater:1198 - MainUpdater not yet initialized. External WinMGr cannot be set.
2026-01-04 01:42:16,691 [INFO] Updater:1134 - Updater Version found : 6.15.0
2026-01-04 01:42:16,721 [INFO] ApplicationProperties:184 - Using Application install path: D:\installs\STM32CubeIDE_1.19.0\STM32CubeIDE\plugins\com.st.stm32cube.common.mx_6.15.0.202507011659
2026-01-04 01:42:17,196 [INFO] MainUpdater:2872 - connection check result : 10
2026-01-04 01:42:17,198 [INFO] MainUpdater:289 - Updater Check For Update Now.
2026-01-04 01:42:17,198 [INFO] MicroXplorer:498 - Change Database Version : DB.6.0.150
2026-01-04 01:42:17,211 [INFO] McuFinderGlobals:63 - Set McuFinder mode to 2 (CubeIDE integrated)
2026-01-04 01:42:17,211 [INFO] UserAuth:171 - activating auth plugin
2026-01-04 01:42:17,216 [INFO] UserAuth:487 - Internet connection configuration mode: 1
2026-01-04 01:42:17,444 [WARN] MainUpdater:1193 - Updater busy. Cannot search thirdparties
2026-01-04 01:42:17,444 [INFO] ThirdPartyUpdaterWithRetryManager:96 - Updater plugin is busy. [1/15]
2026-01-04 01:42:17,459 [INFO] JxBrowserEngine:152 - Initiate JxBrowser Engine with user profile folder
2026-01-04 01:42:17,586 [INFO] CheckServerUpdateThread:120 - End of CheckServer Thread
2026-01-04 01:42:18,298 [INFO] McuFinderGlobals:63 - Set McuFinder mode to 2 (CubeIDE integrated)
2026-01-04 01:42:18,302 [INFO] MainUpdater:2872 - connection check result : 10
2026-01-04 01:42:19,008 [INFO] ApiDb:581 - Connected to CubeFinder SQLite database (C:\Users\22142\.stmcufinder\plugins\mcufinder\mcu\cube-finder-db.db)
2026-01-04 01:42:19,176 [INFO] ApiDb:668 - CubeFinder database Data Model version=2.1
2026-01-04 01:42:19,176 [INFO] ApiDb:669 - CubeFinder database Configuration version=3.0.39
2026-01-04 01:42:19,178 [INFO] ApiDb:670 - CubeFinder database generation date=2025-12-22 (1766407740)
2026-01-04 01:42:19,178 [INFO] ApiDb:671 - CubeFinder database FW Pack versions=[FP-ATR-ASTRA1_V2.0.0, FP-SNS-FLIGHT1_V5.1.0, FP-SNS-MOTENV1_V5.1.0, FP-SNS-MOTENVWB1_V1.4.0, FP-SNS-SMARTAG2_V1.2.0, FP-SNS-STBOX1_V2.1.0, STM32Cube_FW_C0_V1.4.0, STM32Cube_FW_F4_V1.28.3, STM32Cube_FW_F7_V1.17.4, STM32Cube_FW_G0_V1.6.2, STM32Cube_FW_G4_V1.6.1, STM32Cube_FW_H5_V1.5.1, STM32Cube_FW_H7RS_V1.3.0, STM32Cube_FW_H7_V1.12.1, STM32Cube_FW_L0_V1.12.2, STM32Cube_FW_L4_V1.18.1, STM32Cube_FW_L5_V1.6.0, STM32Cube_FW_N6_V1.3.0, STM32Cube_FW_U0_V1.3.0, STM32Cube_FW_U3_V1.2.1, STM32Cube_FW_U5_V1.8.0, STM32Cube_FW_WB0_V1.4.0, STM32Cube_FW_WBA_V1.8.0, STM32Cube_FW_WB_V1.24.0, STM32Cube_FW_WL3_V1.3.0, STM32Cube_FW_WL_V1.4.0, X-CUBE-ALGOBUILD_V1.4.0, X-CUBE-ALS_V1.0.2, X-CUBE-AZRTOS-F4_V1.1.0, X-CUBE-AZRTOS-F7_V1.1.0, X-CUBE-AZRTOS-G0_V1.1.0, X-CUBE-AZRTOS-G4_V2.0.0, X-CUBE-AZRTOS-H7RS_V1.1.0, X-CUBE-AZRTOS-H7_V3.4.0, X-CUBE-AZRTOS-L4_V2.0.0, X-CUBE-AZRTOS-L5_V2.0.0, X-CUBE-AZRTOS-WB_V2.0.0, X-CUBE-AZRTOS-WL_V2.0.0, X-CUBE-BLE1_V7.1.0, X-CUBE-BLE2_V3.3.0, X-CUBE-BLEMGR_V4.1.0, X-CUBE-EEPRMA1_V5.2.0, X-CUBE-FREERTOS_V1.3.1, X-CUBE-GNSS1_V6.0.0, X-CUBE-MEMS1_V12.0.0, X-CUBE-NFC4_V3.0.0, X-CUBE-NFC7_V2.0.0, X-CUBE-SFXS2LP1_V4.0.0, X-CUBE-ST67W61_V1.1.0, X-CUBE-SUBG2_V5.0.0, X-CUBE-TOF1_V3.4.3]
2026-01-04 01:42:20,462 [INFO] WebApp:169 - Instantiating new browser for Auth
2026-01-04 01:42:21,040 [WARN] PackLoader:240 - Cannot read IP mode file for STMicroelectronics.FP-SNS-MOTENVWB1.1.4.0
2026-01-04 01:42:21,070 [WARN] PackLoader:240 - Cannot read IP mode file for STMicroelectronics.FP-ATR-ASTRA1.2.0.2
2026-01-04 01:42:21,109 [WARN] PackLoader:240 - Cannot read IP mode file for STMicroelectronics.X-CUBE-SMBUS.2.1.0
2026-01-04 01:42:21,137 [WARN] PackLoader:240 - Cannot read IP mode file for STMicroelectronics.X-CUBE-WB05N.1.1.0
2026-01-04 01:42:21,191 [WARN] PackLoader:240 - Cannot read IP mode file for STMicroelectronics.X-CUBE-AZRTOS-F7.1.1.0
2026-01-04 01:42:21,204 [WARN] PackLoader:240 - Cannot read IP mode file for STMicroelectronics.FP-SNS-MOTENV1.5.1.0
2026-01-04 01:42:21,265 [WARN] PackLoader:240 - Cannot read IP mode file for Infineon.AIROC-Wi-Fi-Bluetooth-STM32.1.7.0
2026-01-04 01:42:21,318 [WARN] PackLoader:240 - Cannot read IP mode file for STMicroelectronics.X-CUBE-AZRTOS-H7.3.4.0
2026-01-04 01:42:21,345 [WARN] PackLoader:240 - Cannot read IP mode file for STMicroelectronics.X-CUBE-DISPLAY.3.0.0
2026-01-04 01:42:21,363 [WARN] PackLoader:240 - Cannot read IP mode file for STMicroelectronics.X-CUBE-NFC10.1.0.0
2026-01-04 01:42:21,390 [WARN] PackLoader:240 - Cannot read IP mode file for STMicroelectronics.X-CUBE-BLEMGR.4.0.0
2026-01-04 01:42:21,410 [WARN] PackLoader:240 - Cannot read IP mode file for STMicroelectronics.X-CUBE-ST60.1.1.0
2026-01-04 01:42:21,425 [WARN] PackLoader:240 - Cannot read IP mode file for emotas.I-CUBE-CANOPEN.1.3.0
2026-01-04 01:42:21,438 [WARN] PackLoader:240 - Cannot read IP mode file for STMicroelectronics.X-CUBE-GNSS1.7.1.0
2026-01-04 01:42:21,449 [WARN] ConditionMgr:438 - getConditionDescription Invalid condition id : Cortex-A Device cause : null
2026-01-04 01:42:21,491 [WARN] ConditionMgr:1044 - genDependencies : Invalid condition id : Cortex-A Device cause : null
2026-01-04 01:42:21,491 [WARN] ConditionMgr:1044 - genDependencies : Invalid condition id : Cortex-A Device cause : null
2026-01-04 01:42:21,491 [WARN] ConditionMgr:1044 - genDependencies : Invalid condition id : Cortex-A Device cause : null
2026-01-04 01:42:21,497 [WARN] PackLoader:240 - Cannot read IP mode file for STMicroelectronics.X-CUBE-AI.10.0.0
2026-01-04 01:42:21,527 [WARN] PackLoader:240 - Cannot read IP mode file for STMicroelectronics.FP-SNS-STBOX1.2.1.0
2026-01-04 01:42:21,540 [WARN] PackLoader:240 - Cannot read IP mode file for STMicroelectronics.FP-SNS-SMARTAG2.1.2.0
2026-01-04 01:42:21,548 [WARN] PackLoader:240 - Cannot read IP mode file for STMicroelectronics.FP-SNS-FLIGHT1.5.1.0
2026-01-04 01:42:21,628 [WARN] PackLoader:240 - Cannot read IP mode file for STMicroelectronics.X-CUBE-MEMS1.11.1.0
2026-01-04 01:42:21,868 [INFO] LogOutputStream:77 - [STDOUT_REDIRECT] 1 : Invalid condition id : UX_CORESTACK_Condition cause : null
2026-01-04 01:42:21,870 [INFO] LogOutputStream:77 - [STDOUT_REDIRECT] 1 : Invalid condition id : UX_CORESTACK_Condition cause : null
2026-01-04 01:42:21,872 [INFO] LogOutputStream:77 - [STDOUT_REDIRECT] 1 : Invalid condition id : UX_CORESTACK_Condition cause : null
2026-01-04 01:42:21,874 [INFO] LogOutputStream:77 - [STDOUT_REDIRECT] 1 : Invalid condition id : UX_CORESTACK_Condition cause : null
2026-01-04 01:42:21,877 [INFO] LogOutputStream:77 - [STDOUT_REDIRECT] 1 : Invalid condition id : UX_CORESTACK_Condition cause : null
2026-01-04 01:42:21,882 [WARN] PackLoader:240 - Cannot read IP mode file for STMicroelectronics.X-CUBE-AZRTOS-WL.2.0.0
2026-01-04 01:42:21,892 [WARN] PackLoader:240 - Cannot read IP mode file for STMicroelectronics.FP-SNS-MOTENV1.5.0.0
2026-01-04 01:42:21,937 [WARN] PackLoader:240 - Cannot read IP mode file for STMicroelectronics.X-CUBE-AZRTOS-H7RS.1.2.0
2026-01-04 01:42:21,986 [WARN] PackLoader:240 - Cannot read IP mode file for WES.I-CUBE-Cesium.1.3.0
2026-01-04 01:42:21,999 [WARN] PackLoader:240 - Cannot read IP mode file for STMicroelectronics.X-CUBE-BLE2.3.3.0
2026-01-04 01:42:22,034 [WARN] PackLoader:240 - Cannot read IP mode file for STMicroelectronics.X-CUBE-NFC9.1.0.0
2026-01-04 01:42:22,046 [WARN] PackLoader:240 - Cannot read IP mode file for STMicroelectronics.X-CUBE-BLE1.7.1.0
2026-01-04 01:42:22,056 [WARN] PackLoader:240 - Cannot read IP mode file for wolfSSL.I-CUBE-wolfMQTT.1.19.2
2026-01-04 01:42:22,068 [WARN] PackLoader:240 - Cannot read IP mode file for STMicroelectronics.X-CUBE-FREERTOS.1.4.0
2026-01-04 01:42:22,081 [WARN] PackLoader:240 - Cannot read IP mode file for STMicroelectronics.X-CUBE-EEPRMA1.5.2.0
2026-01-04 01:42:22,094 [WARN] PackLoader:240 - Cannot read IP mode file for STMicroelectronics.X-CUBE-ST67W61.1.1.0
2026-01-04 01:42:22,180 [WARN] PackLoader:240 - Cannot read IP mode file for STMicroelectronics.X-CUBE-MEMS1.12.0.0
2026-01-04 01:42:22,315 [WARN] PackLoader:240 - Cannot read IP mode file for STMicroelectronics.X-CUBE-AZRTOS-G0.1.1.0
2026-01-04 01:42:22,329 [WARN] PackLoader:240 - Cannot read IP mode file for STMicroelectronics.X-CUBE-SAFEA1.1.2.2
2026-01-04 01:42:22,342 [WARN] PackLoader:240 - Cannot read IP mode file for STMicroelectronics.X-CUBE-NFC4.3.0.0
2026-01-04 01:42:22,396 [WARN] PackLoader:240 - Cannot read IP mode file for EmbeddedOffice.I-CUBE-FS-RTOS.1.0.1
2026-01-04 01:42:22,409 [WARN] PackLoader:240 - Cannot read IP mode file for STMicroelectronics.X-CUBE-WB05N.2.0.0
2026-01-04 01:42:22,417 [WARN] PackLoader:240 - Cannot read IP mode file for wolfSSL.I-CUBE-wolfTPM.3.8.0
2026-01-04 01:42:22,432 [WARN] PackLoader:240 - Cannot read IP mode file for STMicroelectronics.X-CUBE-TCPP.4.2.0
2026-01-04 01:42:22,446 [WARN] PackLoader:240 - Cannot read IP mode file for RealThread.X-CUBE-RT-Thread_Nano.4.1.1
2026-01-04 01:42:22,453 [WARN] PackLoader:240 - Cannot read IP mode file for STMicroelectronics.FP-ATR-SIGFOX1.3.2.0
2026-01-04 01:42:22,461 [WARN] PackLoader:240 - Cannot read IP mode file for STMicroelectronics.X-CUBE-EEPRMA1.5.1.0
2026-01-04 01:42:22,468 [WARN] PackLoader:240 - Cannot read IP mode file for wolfSSL.I-CUBE-wolfSSL.5.7.6
2026-01-04 01:42:22,477 [WARN] PackLoader:240 - Cannot read IP mode file for ITTIA_DB.I-CUBE-ITTIADB.8.9.0
2026-01-04 01:42:22,482 [WARN] PackLoader:240 - Cannot read IP mode file for STMicroelectronics.X-CUBE-AI.10.2.0
2026-01-04 01:42:22,512 [WARN] PackLoader:240 - Cannot read IP mode file for SEGGER.I-CUBE-embOS.1.3.1
2026-01-04 01:42:22,554 [WARN] PackLoader:240 - Cannot read IP mode file for STMicroelectronics.X-CUBE-ALGOBUILD.1.4.0
2026-01-04 01:42:22,567 [WARN] PackLoader:240 - Cannot read IP mode file for STMicroelectronics.X-CUBE-PM33A1.1.0.0
2026-01-04 01:42:22,598 [WARN] PackLoader:240 - Cannot read IP mode file for STMicroelectronics.X-CUBE-AZRTOS-F4.1.1.0
2026-01-04 01:42:22,622 [WARN] PackLoader:240 - Cannot read IP mode file for STMicroelectronics.X-CUBE-ISPU.2.1.0
2026-01-04 01:42:22,641 [WARN] PackLoader:240 - Cannot read IP mode file for STMicroelectronics.X-CUBE-IPS.3.2.0
2026-01-04 01:42:22,663 [WARN] PackLoader:240 - Cannot read IP mode file for STMicroelectronics.X-CUBE-NFC12.1.0.0
2026-01-04 01:42:22,689 [WARN] PackLoader:240 - Cannot read IP mode file for STMicroelectronics.X-CUBE-AZRTOS-L5.2.0.0
2026-01-04 01:42:22,714 [WARN] PackLoader:240 - Cannot read IP mode file for STMicroelectronics.X-CUBE-NFC6.3.1.0
2026-01-04 01:42:22,727 [WARN] PackLoader:240 - Cannot read IP mode file for STMicroelectronics.X-CUBE-DPower.1.2.0
2026-01-04 01:42:22,733 [WARN] PackLoader:240 - Cannot read IP mode file for STMicroelectronics.X-CUBE-FREERTOS.1.3.0
2026-01-04 01:42:22,742 [WARN] PackLoader:240 - Cannot read IP mode file for STMicroelectronics.X-CUBE-NFC7.1.0.1
2026-01-04 01:42:22,766 [WARN] PackLoader:240 - Cannot read IP mode file for STMicroelectronics.X-CUBE-TOUCHGFX.4.26.0
2026-01-04 01:42:22,782 [WARN] PackLoader:240 - Cannot read IP mode file for STMicroelectronics.FP-SNS-STAIOTCFT.1.0.0
2026-01-04 01:42:22,801 [WARN] PackLoader:240 - Cannot read IP mode file for STMicroelectronics.X-CUBE-DPower.1.3.0
2026-01-04 01:42:22,842 [WARN] ConditionMgr:438 - getConditionDescription Invalid condition id : LAN8742 Phy interface Condition cause : null
2026-01-04 01:42:22,843 [WARN] PackLoader:240 - Cannot read IP mode file for STMicroelectronics.X-CUBE-AZRTOS-L4.2.0.0
2026-01-04 01:42:22,845 [WARN] ConditionMgr:1044 - genDependencies : Invalid condition id : LAN8742 Phy interface Condition cause : null
2026-01-04 01:42:22,845 [WARN] ConditionMgr:1044 - genDependencies : Invalid condition id : LAN8742 Phy interface Condition cause : null
2026-01-04 01:42:22,846 [WARN] ConditionMgr:1044 - genDependencies : Invalid condition id : LAN8742 Phy interface Condition cause : null
2026-01-04 01:42:22,859 [WARN] PackLoader:240 - Cannot read IP mode file for STMicroelectronics.X-CUBE-SFXS2LP1.4.0.0
2026-01-04 01:42:22,894 [WARN] PackLoader:240 - Cannot read IP mode file for STMicroelectronics.X-CUBE-AZRTOS-H7.3.3.0
2026-01-04 01:42:22,914 [WARN] PackLoader:240 - Cannot read IP mode file for STMicroelectronics.X-CUBE-BLEMGR.4.1.0
2026-01-04 01:42:22,940 [WARN] ConditionMgr:438 - getConditionDescription Invalid condition id : UX DEVICE CLASS RTOS Condition cause : null
2026-01-04 01:42:22,940 [WARN] ConditionMgr:438 - getConditionDescription Invalid condition id : UX DEVICE CLASS RTOS Condition cause : null
2026-01-04 01:42:22,943 [WARN] PackLoader:240 - Cannot read IP mode file for STMicroelectronics.X-CUBE-AZRTOS-WB.2.0.0
2026-01-04 01:42:22,944 [WARN] ConditionMgr:1044 - genDependencies : Invalid condition id : UX DEVICE CLASS RTOS Condition cause : null
2026-01-04 01:42:22,944 [WARN] ConditionMgr:1044 - genDependencies : Invalid condition id : UX DEVICE CLASS RTOS Condition cause : null
2026-01-04 01:42:22,945 [WARN] ConditionMgr:1044 - genDependencies : Invalid condition id : UX DEVICE CLASS RTOS Condition cause : null
2026-01-04 01:42:22,946 [WARN] ConditionMgr:1044 - genDependencies : Invalid condition id : UX DEVICE CLASS RTOS Condition cause : null
2026-01-04 01:42:22,946 [WARN] ConditionMgr:1044 - genDependencies : Invalid condition id : UX DEVICE CLASS RTOS Condition cause : null
2026-01-04 01:42:22,956 [WARN] PackLoader:240 - Cannot read IP mode file for STMicroelectronics.X-CUBE-GNSS1.7.0.1
2026-01-04 01:42:22,962 [WARN] PackLoader:240 - Cannot read IP mode file for STMicroelectronics.X-CUBE-TOUCHGFX.4.25.0
2026-01-04 01:42:22,970 [WARN] PackLoader:240 - Cannot read IP mode file for STMicroelectronics.FP-SNS-STBOX1.2.0.0
2026-01-04 01:42:22,989 [WARN] PackLoader:240 - Cannot read IP mode file for STMicroelectronics.X-CUBE-SUBG2.5.0.0
2026-01-04 01:42:23,023 [WARN] PackLoader:240 - Cannot read IP mode file for STMicroelectronics.X-CUBE-AZRTOS-H7RS.1.1.0
2026-01-04 01:42:23,037 [WARN] PackLoader:240 - Cannot read IP mode file for Cesanta.I-CUBE-Mongoose.7.13.0
2026-01-04 01:42:23,061 [WARN] PackLoader:240 - Cannot read IP mode file for STMicroelectronics.X-CUBE-AZRTOS-G4.2.0.0
2026-01-04 01:42:23,072 [WARN] PackLoader:240 - Cannot read IP mode file for wolfSSL.I-CUBE-wolfSSH.1.4.20
2026-01-04 01:42:23,078 [WARN] PackLoader:240 - Cannot read IP mode file for STMicroelectronics.X-CUBE-NFC7.2.0.0
2026-01-04 01:42:23,092 [INFO] WebApp:463 - Apply proxy settings
2026-01-04 01:42:23,094 [INFO] WebApp:548 - Chromium requires no authentication
2026-01-04 01:42:23,094 [WARN] PackLoader:240 - Cannot read IP mode file for STMicroelectronics.X-CUBE-IPS.3.1.0
2026-01-04 01:42:23,141 [WARN] PackLoader:240 - Cannot read IP mode file for STMicroelectronics.X-CUBE-ALS.1.0.2
2026-01-04 01:42:23,150 [INFO] WebApp:491 - Direct internet connection detected
2026-01-04 01:42:23,152 [WARN] PackLoader:240 - Cannot read IP mode file for STMicroelectronics.X-CUBE-STSE01.1.0.0
2026-01-04 01:42:23,184 [WARN] PackLoader:240 - Cannot read IP mode file for portGmbH.I-Cube-SoM-uGOAL.1.1.0
2026-01-04 01:42:23,208 [WARN] PackLoader:240 - Cannot read IP mode file for STMicroelectronics.X-CUBE-TOF1.3.4.2
2026-01-04 01:42:23,253 [WARN] PackLoader:240 - Cannot read IP mode file for STMicroelectronics.X-CUBE-TOF1.3.4.3
2026-01-04 01:42:23,255 [INFO] WebApp:900 - Register for checkConnection events
2026-01-04 01:42:23,256 [INFO] WebApp:463 - Apply proxy settings
2026-01-04 01:42:23,256 [INFO] WebApp:548 - Chromium requires no authentication
2026-01-04 01:42:23,257 [INFO] WebApp:491 - Direct internet connection detected
2026-01-04 01:42:23,269 [INFO] ThirdParty:978 - Integrity check success = true
2026-01-04 01:42:23,271 [INFO] IntegrityCheckThread:100 - exiting critical section [integrity check]
2026-01-04 01:42:23,271 [INFO] IntegrityCheckThread:103 - End integrity checks thread
2026-01-04 01:42:23,851 [INFO] WebApp:191 - Connection restablished
2026-01-04 01:42:24,029 [INFO] WebApp:225 - Starting web application
2026-01-04 01:42:24,029 [INFO] WebApp:593 - Web application path used D:\installs\STM32CubeIDE_1.19.0\STM32CubeIDE\plugins\com.st.stm32cube.common.mx_6.15.0.202507011659\db\plugins\mcufinder\reactClient1\index.html
2026-01-04 01:42:24,691 [INFO] ApiDb:240 - Found 880 in-development CPN: [B-G473E-ZEST1S, B-WB1M-WPAN1, B-WBA5M-WPAN, B-WL5M-SUBG1, NUCLEO-C031C6, NUCLEO-C051C8, NUCLEO-C071RB, NUCLEO-C092RC, NUCLEO-H503RB, NUCLEO-H533RE, NUCLEO-H563ZI, NUCLEO-H7S3L8, NUCLEO-N657X0-Q, NUCLEO-U031R8, NUCLEO-U083RC, NUCLEO-U385RG-Q, NUCLEO-U545RE-Q, NUCLEO-U5A5ZJ-Q, NUCLEO-WB05KZ, NUCLEO-WB07CC, NUCLEO-WB09KE, NUCLEO-WBA52CG, NUCLEO-WBA55CG, NUCLEO-WL33CC1, NUCLEO-WL33CC2, STEVAL-PROTEUS1, STEVAL-SMARTAG2, STEVAL-STWINBX1, STM320518-EVAL, STM32C0116-DK, STM32C011D6Y3TR, STM32C011D6Y6TR, STM32C011F4P3, STM32C011F4P6, STM32C011F4U3, STM32C011F4U6TR, STM32C011F6P3, STM32C011F6P6, STM32C011F6U3, STM32C011F6U6TR, STM32C011J4M3, STM32C011J4M6, STM32C011J6M3, STM32C011J6M6, STM32C0316-DK, STM32C031C4T3, STM32C031C4T6, STM32C031C4U3, STM32C031C4U6, STM32C031C6T3, STM32C031C6T6, STM32C031C6U3, STM32C031C6U6, STM32C031F4P3, STM32C031F4P6, STM32C031F6P3, STM32C031F6P6, STM32C031G4U3, STM32C031G4U6, STM32C031G6U3, STM32C031G6U6, STM32C031K4T3, STM32C031K4T6, STM32C031K4U3, STM32C031K4U6, STM32C031K6T3, STM32C031K6T6, STM32C031K6U3, STM32C031K6U6, STM32C051C6T6, STM32C051C6U6, STM32C051C8T6, STM32C051C8U6, STM32C051D8Y6TR, STM32C051F6P6, STM32C051F8P6, STM32C051G6U6, STM32C051G8U6, STM32C051K6T6, STM32C051K6U6, STM32C051K8T6, STM32C071C8T6, STM32C071C8T6N, STM32C071C8U6, STM32C071C8U6N, STM32C071CBT6, STM32C071CBT6N, STM32C071CBU6, STM32C071CBU6N, STM32C071F8P6, STM32C071F8P6N, STM32C071FBP6, STM32C071FBP6N, STM32C071FBY6TR, STM32C071G8U6, STM32C071G8U6N, STM32C071GBU6, STM32C071GBU6N, STM32C071K8T6, STM32C071K8T6N, STM32C071K8U6, STM32C071K8U6N, STM32C071KBT6, STM32C071KBT6N, STM32C071KBU6, STM32C071KBU6N, STM32C071R8T6, STM32C071R8T6N, STM32C071RBI6N, STM32C071RBT6, STM32C071RBT6N, STM32C091CBT6, STM32C091CBU6, STM32C091CCT6, STM32C091CCU6, STM32C091ECY6TR, STM32C091FBP6, STM32C091FCP6, STM32C091GBU6, STM32C091GCU6, STM32C091KBT6, STM32C091KBU6, STM32C091KCT6, STM32C091KCU6, STM32C091RBT6, STM32C091RCI6, STM32C091RCT6, STM32C092CBT6, STM32C092CBU6, STM32C092CCT6, STM32C092CCU6, STM32C092ECY6TR, STM32C092FBP6, STM32C092FCP6, STM32C092GBU6, STM32C092GCU6, STM32C092KBT6, STM32C092KBU6, STM32C092KCT6, STM32C092KCU6, STM32C092RBT6, STM32C092RCI6, STM32C092RCT6, STM32G071K8TXN, STM32G071K8UXN, STM32G081GBU6N, STM32G081KBT6N, STM32G081KBUXN, STM32G0B1CCT6N, STM32G0B1KCT6, STM32G0B1NEY6TR, STM32G0B1RCT6N, STM32G0C1CCT6, STM32G0C1CCT6N, STM32G0C1CCU6N, STM32G0C1CET6N, STM32G0C1CEU6N, STM32G0C1KCT6, STM32G0C1NEY6TR, STM32G0C1RCI6N, STM32G0C1RCT6N, STM32G0C1REI6N, STM32G0C1RET6N, STM32G0C1VCI6, STM32G0C1VEI6, STM32G411C6T3, STM32G411C6T6, STM32G411C6U3, STM32G411C6U6, STM32G411C8T3, STM32G411C8T6, STM32G411C8U3, STM32G411C8U6, STM32G411CBT3, STM32G411CBT6, STM32G411CBU3, STM32G411CBU6, STM32G411K6T3, STM32G411K6T6, STM32G411K6U3, STM32G411K6U6, STM32G411K8T3, STM32G411K8T6, STM32G411K8U3, STM32G411K8U6, STM32G411KBT3, STM32G411KBT6, STM32G411KBU3, STM32G411KBU6, STM32G411M6T3, STM32G411M6T6, STM32G411M8T3, STM32G411M8T6, STM32G411MBT3, STM32G411MBT6, STM32G411R6T3, STM32G411R6T6, STM32G411R8T3, STM32G411R8T6, STM32G411RBT3, STM32G411RBT6, STM32G414CBT3, STM32G414CBT6, STM32G414CBU3, STM32G414CBU6, STM32G414CCT3, STM32G414CCT6, STM32G414CCU3, STM32G414CCU6, STM32G414MBT3, STM32G414MBT6, STM32G414MCT3, STM32G414MCT6, STM32G414RBT3, STM32G414RBT6, STM32G414RCT3, STM32G414RCT6, STM32G414VBT3, STM32G414VBT6, STM32G414VCT3, STM32G414VCT6, STM32G431CBT3Z, STM32G431RBT3Z, STM32G471CCT6, STM32G471CCU6, STM32G471CET3, STM32G471CET6, STM32G471CEU3, STM32G471CEU6, STM32G471MCT6, STM32G471MET3, STM32G471MET6, STM32G471MEY6TR, STM32G471QCT6, STM32G471QET3, STM32G471RCT6, STM32G471RET3, STM32G471RET6, STM32G471VCH6, STM32G471VCI6, STM32G471VCT6, STM32G471VEH3, STM32G471VEH6, STM32G471VEI3, STM32G471VEI6, STM32G471VET3, STM32G471VET6, STM32G473QET3Z, STM32G473RET3Z, STM32G474CCT6, STM32G491RET3Z, STM32H503CBT6, STM32H503CBU6, STM32H503EBY6TR, STM32H503KBU6, STM32H503RBT6, STM32H523CCT6, STM32H523CCU6, STM32H523CET6, STM32H523CEU6, STM32H523HEY6TR, STM32H523RCT6, STM32H523RET6, STM32H523VCI6, STM32H523VCT6, STM32H523VEI6, STM32H523VET6, STM32H523ZCJ6, STM32H523ZCT6, STM32H523ZEJ6, STM32H523ZET6, STM32H533CET6, STM32H533CEU6, STM32H533HEY6TR, STM32H533RET6, STM32H533VEI6, STM32H533VET6, STM32H533ZEJ6, STM32H533ZET6, STM32H562AGI6, STM32H562AII6, STM32H562IGK6, STM32H562IGT6, STM32H562IIK6, STM32H562IIT6, STM32H562RGT6, STM32H562RGV6, STM32H562RIT6, STM32H562RIV6, STM32H562VGT6, STM32H562VIT6, STM32H562ZGT6, STM32H562ZIT6, STM32H563AGI6, STM32H563AII3Q, STM32H563AII6, STM32H563IGK6, STM32H563IGT6, STM32H563IIK3Q, STM32H563IIK6, STM32H563IIT3Q, STM32H563IIT6, STM32H563MIY3QTR, STM32H563RGT6, STM32H563RGV6, STM32H563RIT6, STM32H563RIV6, STM32H563VGT6, STM32H563VIT3Q, STM32H563VIT6, STM32H563ZGT6, STM32H563ZIT3Q, STM32H563ZIT6, STM32H573AII3Q, STM32H573AII6, STM32H573I-DK, STM32H573IIK3Q, STM32H573IIK6, STM32H573IIT3Q, STM32H573IIT6, STM32H573MIY3QTR, STM32H573RIT6, STM32H573RIV6, STM32H573VIT3Q, STM32H573VIT6, STM32H573ZIT3Q, STM32H573ZIT6, STM32H7R3A8I6, STM32H7R3I8K6, STM32H7R3I8T6, STM32H7R3L8H6, STM32H7R3L8H6H, STM32H7R3R8V6, STM32H7R3V8H6, STM32H7R3V8T6, STM32H7R3V8Y6TR, STM32H7R3Z8J6, STM32H7R3Z8T6, STM32H7R7A8I6, STM32H7R7I8K6, STM32H7R7I8T6, STM32H7R7L8H6, STM32H7R7L8H6H, STM32H7R7Z8J6, STM32H7S3A8I6, STM32H7S3I8K6, STM32H7S3I8T6, STM32H7S3L8H6, STM32H7S3L8H6H, STM32H7S3R8V6, STM32H7S3V8H6, STM32H7S3V8T6, STM32H7S3V8Y6TR, STM32H7S3Z8J6, STM32H7S3Z8T6, STM32H7S78-DK, STM32H7S7A8I6, STM32H7S7I8K6, STM32H7S7I8T6, STM32H7S7L8H6, STM32H7S7L8H6H, STM32H7S7Z8J6, STM32L4R5QGI6STR, STM32MP131AAE3, STM32MP131AAF3, STM32MP131AAG3, STM32MP131CAE3, STM32MP131CAF3, STM32MP131CAG3, STM32MP131DAE7, STM32MP131DAF7, STM32MP131DAG7, STM32MP131FAE7, STM32MP131FAF7, STM32MP131FAG7, STM32MP133AAE3, STM32MP133AAF3, STM32MP133AAG3, STM32MP133CAE3, STM32MP133CAF3, STM32MP133CAG3, STM32MP133DAE7, STM32MP133DAF7, STM32MP133DAG7, STM32MP133FAE7, STM32MP133FAF7, STM32MP133FAG7, STM32MP135AAE3, STM32MP135AAF3, STM32MP135AAG3, STM32MP135CAE3, STM32MP135CAF3, STM32MP135CAG3, STM32MP135DAE7, STM32MP135DAF7, STM32MP135DAG7, STM32MP135F-DK, STM32MP135FAE7, STM32MP135FAF7, STM32MP135FAF7T, STM32MP135FAF7U, STM32MP135FAG7, STM32MP211AAL3, STM32MP211AAM3, STM32MP211AAN3, STM32MP211AAO3, STM32MP211CAL3, STM32MP211CAM3, STM32MP211CAN3, STM32MP211CAO3, STM32MP211DAL3, STM32MP211DAM3, STM32MP211DAN3, STM32MP211DAO3, STM32MP211FAL3, STM32MP211FAM3, STM32MP211FAN3, STM32MP211FAO3, STM32MP213AAL3, STM32MP213AAM3, STM32MP213AAN3, STM32MP213AAO3, STM32MP213CAL3, STM32MP213CAM3, STM32MP213CAN3, STM32MP213CAO3, STM32MP213DAL3, STM32MP213DAM3, STM32MP213DAN3, STM32MP213DAO3, STM32MP213FAL3, STM32MP213FAM3, STM32MP213FAN3, STM32MP213FAO3, STM32MP215AAL3, STM32MP215AAM3, STM32MP215AAN3, STM32MP215AAO3, STM32MP215CAL3, STM32MP215CAM3, STM32MP215CAN3, STM32MP215CAO3, STM32MP215DAL3, STM32MP215DAM3, STM32MP215DAN3, STM32MP215DAO3, STM32MP215F-DK, STM32MP215FAL3, STM32MP215FAM3, STM32MP215FAN3, STM32MP215FAO3, STM32MP231AAJ3, STM32MP231AAK3, STM32MP231AAL3, STM32MP231CAJ3, STM32MP231CAK3, STM32MP231CAL3, STM32MP231DAJ3, STM32MP231DAK3, STM32MP231DAL3, STM32MP231FAJ3, STM32MP231FAK3, STM32MP231FAL3, STM32MP233AAJ3, STM32MP233AAK3, STM32MP233AAL3, STM32MP233CAJ3, STM32MP233CAK3, STM32MP233CAL3, STM32MP233DAJ3, STM32MP233DAK3, STM32MP233DAL3, STM32MP233FAJ3, STM32MP233FAK3, STM32MP233FAL3, STM32MP235AAJ3, STM32MP235AAK3, STM32MP235AAL3, STM32MP235CAJ3, STM32MP235CAK3, STM32MP235CAL3, STM32MP235DAJ3, STM32MP235DAK3, STM32MP235DAL3, STM32MP235FAJ3, STM32MP235FAK3, STM32MP235FAL3, STM32MP251AAI3, STM32MP251AAK3, STM32MP251AAL3, STM32MP251CAI3, STM32MP251CAK3, STM32MP251CAL3, STM32MP251DAI3, STM32MP251DAK3, STM32MP251DAL3, STM32MP251FAI3, STM32MP251FAK3, STM32MP251FAL3, STM32MP253AAI3, STM32MP253AAK3, STM32MP253AAL3, STM32MP253CAI3, STM32MP253CAK3, STM32MP253CAL3, STM32MP253DAI3, STM32MP253DAK3, STM32MP253DAL3, STM32MP253FAI3, STM32MP253FAK3, STM32MP253FAL3, STM32MP255AAI3, STM32MP255AAK3, STM32MP255AAL3, STM32MP255CAI3, STM32MP255CAK3, STM32MP255CAL3, STM32MP255DAI3, STM32MP255DAK3, STM32MP255DAL3, STM32MP255FAI3, STM32MP255FAK3, STM32MP255FAL3, STM32MP257AAI3, STM32MP257AAK3, STM32MP257AAL3, STM32MP257CAI3, STM32MP257CAK3, STM32MP257CAL3, STM32MP257DAI3, STM32MP257DAK3, STM32MP257DAL3, STM32MP257F-DK, STM32MP257F-EV1, STM32MP257FAI3, STM32MP257FAK3, STM32MP257FAL3, STM32N645A0H3Q, STM32N645B0H3Q, STM32N645I0H3Q, STM32N645L0H3Q, STM32N645X0H3Q, STM32N645Z0H3Q, STM32N647A0H3Q, STM32N647B0H3Q, STM32N647I0H3Q, STM32N647L0H3Q, STM32N647X0H3Q, STM32N647Z0H3Q, STM32N655A0H3Q, STM32N655B0H3Q, STM32N655I0H3Q, STM32N655L0H3Q, STM32N655X0H3Q, STM32N655Z0H3Q, STM32N6570-DK, STM32N657A0H3Q, STM32N657B0H3Q, STM32N657I0H3Q, STM32N657L0H3Q, STM32N657X0H3Q, STM32N657Z0H3Q, STM32U031C6T6, STM32U031C6U6, STM32U031C8T6, STM32U031C8U6, STM32U031F4P6, STM32U031F6P6, STM32U031F8P6, STM32U031G6Y6TR, STM32U031G8Y6TR, STM32U031K4U6, STM32U031K6U6, STM32U031K8U6, STM32U031R6I6, STM32U031R6T6, STM32U031R8I6, STM32U031R8T6, STM32U073C8T6, STM32U073C8U6, STM32U073CBT6, STM32U073CBU6, STM32U073CCT6, STM32U073CCU6, STM32U073H8Y6TR, STM32U073HBY6TR, STM32U073HCY6TR, STM32U073K8U6, STM32U073KBU6, STM32U073KCU6, STM32U073M8I6, STM32U073M8T6, STM32U073MBI6, STM32U073MBT6, STM32U073MCI6, STM32U073MCT6, STM32U073R8I6, STM32U073R8T6, STM32U073RBI6, STM32U073RBT6, STM32U073RCI6, STM32U073RCT6, STM32U083C-DK, STM32U083CCT6, STM32U083CCU6, STM32U083HCY6TR, STM32U083KCU6, STM32U083MCI6, STM32U083MCT6, STM32U083RCI6, STM32U083RCT6, STM32U375CET6, STM32U375CET6Q, STM32U375CEU6, STM32U375CEU6Q, STM32U375CEY6QTR, STM32U375CGT6, STM32U375CGT6Q, STM32U375CGU6, STM32U375CGU6Q, STM32U375CGY6QTR, STM32U375KEU6, STM32U375KGU6, STM32U375REI6, STM32U375REI6Q, STM32U375RET6, STM32U375RET6Q, STM32U375REY6GTR, STM32U375REY6QTR, STM32U375RGI6, STM32U375RGI6Q, STM32U375RGT6, STM32U375RGT6Q, STM32U375RGY6GTR, STM32U375RGY6QTR, STM32U375VEI6, STM32U375VEI6Q, STM32U375VET6, STM32U375VET6Q, STM32U375VGI6, STM32U375VGI6Q, STM32U375VGT6, STM32U375VGT6Q, STM32U385CGT6, STM32U385CGT6Q, STM32U385CGU6, STM32U385CGU6Q, STM32U385CGY6QTR, STM32U385KGU6, STM32U385RGI6, STM32U385RGI6Q, STM32U385RGT6, STM32U385RGT6Q, STM32U385RGY6GTR, STM32U385RGY6QTR, STM32U385VGI6, STM32U385VGI6Q, STM32U385VGT6, STM32U385VGT6Q, STM32U535CBT6, STM32U535CBT6Q, STM32U535CBU6, STM32U535CBU6Q, STM32U535CCT6, STM32U535CCT6Q, STM32U535CCU6, STM32U535CCU6Q, STM32U535CET6, STM32U535CET6Q, STM32U535CEU6, STM32U535CEU6Q, STM32U535JEY6QTR, STM32U535NCY6QTR, STM32U535NEY6QTR, STM32U535RBI6, STM32U535RBI6Q, STM32U535RBT6, STM32U535RBT6Q, STM32U535RCI6, STM32U535RCI6Q, STM32U535RCT6, STM32U535RCT6Q, STM32U535REI6, STM32U535REI6Q, STM32U535RET6, STM32U535RET6Q, STM32U535VCI6, STM32U535VCI6Q, STM32U535VCT6, STM32U535VCT6Q, STM32U535VEI6, STM32U535VEI6Q, STM32U535VET6, STM32U535VET6Q, STM32U545CET6, STM32U545CET6Q, STM32U545CEU6, STM32U545CEU6Q, STM32U545JEY6QTR, STM32U545NEY6QTR, STM32U545REI6, STM32U545REI6Q, STM32U545RET6, STM32U545RET6Q, STM32U545VEI6, STM32U545VEI6Q, STM32U545VET6, STM32U545VET6Q, STM32U595AIH6, STM32U595AIH6Q, STM32U595AJH6, STM32U595AJH6Q, STM32U595QII6, STM32U595QII6Q, STM32U595QJI6, STM32U595QJI6Q, STM32U595RIT6, STM32U595RIT6Q, STM32U595RJT6, STM32U595RJT6Q, STM32U595VIT6, STM32U595VIT6Q, STM32U595VJT6, STM32U595VJT6Q, STM32U595ZIT6, STM32U595ZIT6Q, STM32U595ZIY6QTR, STM32U595ZJT6, STM32U595ZJT6Q, STM32U595ZJY6QTR, STM32U599BJY6QTR, STM32U599NIH6Q, STM32U599NJH6Q, STM32U599VIT6Q, STM32U599VJT6, STM32U599VJT6Q, STM32U599ZIT6Q, STM32U599ZIY6QTR, STM32U599ZJT6Q, STM32U599ZJY6QTR, STM32U5A5AJH6, STM32U5A5AJH6Q, STM32U5A5QII3Q , STM32U5A5QJI6, STM32U5A5QJI6Q, STM32U5A5RJT6, STM32U5A5RJT6Q, STM32U5A5VJT6, STM32U5A5VJT6Q, STM32U5A5ZJT6, STM32U5A5ZJT6Q, STM32U5A5ZJY6QTR, STM32U5A9BJY6QTR, STM32U5A9J-DK, STM32U5A9NJH6Q, STM32U5A9VJT6Q, STM32U5A9ZJT6Q, STM32U5A9ZJY6QTR, STM32U5F7VIT6, STM32U5F7VIT6Q, STM32U5F7VJT6, STM32U5F7VJT6Q, STM32U5F9BJY6QTR, STM32U5F9NJH6Q, STM32U5F9VIT6Q, STM32U5F9VJT6Q, STM32U5F9ZIJ6QTR, STM32U5F9ZIT6Q, STM32U5F9ZJJ6QTR, STM32U5F9ZJT6Q, STM32U5G7VJT6, STM32U5G7VJT6Q, STM32U5G9BJY6QTR, STM32U5G9J-DK1, STM32U5G9J-DK2, STM32U5G9NJH6Q, STM32U5G9VJT6Q, STM32U5G9ZJJ6QTR, STM32U5G9ZJT6Q, STM32WB05KZV6TR, STM32WB05KZV7TR, STM32WB05TZF6TR, STM32WB05TZF7TR, STM32WB06CCF6TR, STM32WB06CCF7TR, STM32WB06CCV6TR, STM32WB06CCV7TR, STM32WB06KCV6TR, STM32WB06KCV7TR, STM32WB07CCF6TR, STM32WB07CCF7TR, STM32WB07CCV6TR, STM32WB07CCV7TR, STM32WB07KCV6TR, STM32WB07KCV7TR, STM32WB09KEV6TR, STM32WB09KEV7TR, STM32WB09TEF6TR, STM32WB09TEF7TR, STM32WB1MMCH6, STM32WBA50KGU6, STM32WBA50KGU6TR, STM32WBA52CEU6, STM32WBA52CEU6TR, STM32WBA52CEU7, STM32WBA52CEU7TR, STM32WBA52CGU6, STM32WBA52CGU6TR, STM32WBA52CGU6U, STM32WBA52CGU7, STM32WBA52CGU7TR, STM32WBA52KEU6, STM32WBA52KEU6TR, STM32WBA52KGU6, STM32WBA52KGU6TR, STM32WBA54CEU6, STM32WBA54CEU6TR, STM32WBA54CEU7, STM32WBA54CEU7TR, STM32WBA54CGU6, STM32WBA54CGU6TR, STM32WBA54CGU7, STM32WBA54CGU7TR, STM32WBA54KEU6, STM32WBA54KEU6TR, STM32WBA54KEU7, STM32WBA54KEU7TR, STM32WBA54KGU6, STM32WBA54KGU6TR, STM32WBA54KGU7, STM32WBA54KGU7TR, STM32WBA55CEU6, STM32WBA55CEU6TR, STM32WBA55CEU7, STM32WBA55CEU7TR, STM32WBA55CGU6, STM32WBA55CGU6TR, STM32WBA55CGU6U, STM32WBA55CGU7, STM32WBA55CGU7TR, STM32WBA55G-DK1, STM32WBA55HEF6, STM32WBA55HEF7, STM32WBA55HGF6, STM32WBA55HGF7, STM32WBA55UEI6, STM32WBA55UEI6TR, STM32WBA55UEI7, STM32WBA55UEI7TR, STM32WBA55UGI6, STM32WBA55UGI6TR, STM32WBA55UGI7, STM32WBA55UGI7TR, STM32WBA5MMGH6TR, STM32WBA62MGF6, STM32WBA62MIF6, STM32WBA65MGF7, STM32WBA65MIF6, STM32WBA65MIF7, STM32WL30K8V6, STM32WL30KBV6, STM32WL31C8V6, STM32WL31CBV6, STM32WL31K8V6, STM32WL31KBV6, STM32WL33C8V6, STM32WL33C8V6X, STM32WL33CBV6, STM32WL33CBV6X, STM32WL33CCV6, STM32WL33CCV6A, STM32WL33CCV6X, STM32WL33K8V7, STM32WL33K8V7X, STM32WL33KBV7 , STM32WL33KBV7X, STM32WL33KCV7, STM32WL33KCV7X, STM32WL5MOCH6, STM32WL5MOCH6TR]
2026-01-04 01:42:24,702 [INFO] DbMcus:218 - Found 4876 MCUs, 4876 are supported
2026-01-04 01:42:24,704 [INFO] ApiDb:423 - Load user favorites file C:\Users\22142/.stm32cubeide/favorites.mcus.txt: 0 item(s)
2026-01-04 01:42:24,704 [INFO] ApiDb:427 - User favorites MCUs=[]
2026-01-04 01:42:24,705 [INFO] DbMcus:224 - Set 0 / 0 favorites MCUs
2026-01-04 01:42:25,572 [INFO] ApiDb:668 - CubeFinder database Data Model version=2.1
2026-01-04 01:42:25,572 [INFO] ApiDb:669 - CubeFinder database Configuration version=3.0.39
2026-01-04 01:42:25,573 [INFO] ApiDb:670 - CubeFinder database generation date=2025-12-22 (1766407740)
2026-01-04 01:42:25,573 [INFO] ApiDb:671 - CubeFinder database FW Pack versions=[FP-ATR-ASTRA1_V2.0.0, FP-SNS-FLIGHT1_V5.1.0, FP-SNS-MOTENV1_V5.1.0, FP-SNS-MOTENVWB1_V1.4.0, FP-SNS-SMARTAG2_V1.2.0, FP-SNS-STBOX1_V2.1.0, STM32Cube_FW_C0_V1.4.0, STM32Cube_FW_F4_V1.28.3, STM32Cube_FW_F7_V1.17.4, STM32Cube_FW_G0_V1.6.2, STM32Cube_FW_G4_V1.6.1, STM32Cube_FW_H5_V1.5.1, STM32Cube_FW_H7RS_V1.3.0, STM32Cube_FW_H7_V1.12.1, STM32Cube_FW_L0_V1.12.2, STM32Cube_FW_L4_V1.18.1, STM32Cube_FW_L5_V1.6.0, STM32Cube_FW_N6_V1.3.0, STM32Cube_FW_U0_V1.3.0, STM32Cube_FW_U3_V1.2.1, STM32Cube_FW_U5_V1.8.0, STM32Cube_FW_WB0_V1.4.0, STM32Cube_FW_WBA_V1.8.0, STM32Cube_FW_WB_V1.24.0, STM32Cube_FW_WL3_V1.3.0, STM32Cube_FW_WL_V1.4.0, X-CUBE-ALGOBUILD_V1.4.0, X-CUBE-ALS_V1.0.2, X-CUBE-AZRTOS-F4_V1.1.0, X-CUBE-AZRTOS-F7_V1.1.0, X-CUBE-AZRTOS-G0_V1.1.0, X-CUBE-AZRTOS-G4_V2.0.0, X-CUBE-AZRTOS-H7RS_V1.1.0, X-CUBE-AZRTOS-H7_V3.4.0, X-CUBE-AZRTOS-L4_V2.0.0, X-CUBE-AZRTOS-L5_V2.0.0, X-CUBE-AZRTOS-WB_V2.0.0, X-CUBE-AZRTOS-WL_V2.0.0, X-CUBE-BLE1_V7.1.0, X-CUBE-BLE2_V3.3.0, X-CUBE-BLEMGR_V4.1.0, X-CUBE-EEPRMA1_V5.2.0, X-CUBE-FREERTOS_V1.3.1, X-CUBE-GNSS1_V6.0.0, X-CUBE-MEMS1_V12.0.0, X-CUBE-NFC4_V3.0.0, X-CUBE-NFC7_V2.0.0, X-CUBE-SFXS2LP1_V4.0.0, X-CUBE-ST67W61_V1.1.0, X-CUBE-SUBG2_V5.0.0, X-CUBE-TOF1_V3.4.3]
2026-01-04 01:42:25,689 [INFO] DbBoardsSqlite:226 - include board P-NUCLEO-WB55-NUCLEO as a kit item of type 'Nucleo-64'
2026-01-04 01:42:25,689 [INFO] DbBoardsSqlite:226 - include board P-NUCLEO-WB55-USBDONGLE as a kit item of type 'Nucleo USB Dongle'
2026-01-04 01:42:25,690 [INFO] DbBoardsSqlite:226 - include board STEVAL-IDP005V1 as a kit item of type 'Evaluation Board'
2026-01-04 01:42:25,690 [INFO] DbBoardsSqlite:226 - include board STEVAL-IDP005V2 as a kit item of type 'Evaluation Board'
2026-01-04 01:42:25,833 [INFO] ApiDb:240 - Found 880 in-development CPN: [B-G473E-ZEST1S, B-WB1M-WPAN1, B-WBA5M-WPAN, B-WL5M-SUBG1, NUCLEO-C031C6, NUCLEO-C051C8, NUCLEO-C071RB, NUCLEO-C092RC, NUCLEO-H503RB, NUCLEO-H533RE, NUCLEO-H563ZI, NUCLEO-H7S3L8, NUCLEO-N657X0-Q, NUCLEO-U031R8, NUCLEO-U083RC, NUCLEO-U385RG-Q, NUCLEO-U545RE-Q, NUCLEO-U5A5ZJ-Q, NUCLEO-WB05KZ, NUCLEO-WB07CC, NUCLEO-WB09KE, NUCLEO-WBA52CG, NUCLEO-WBA55CG, NUCLEO-WL33CC1, NUCLEO-WL33CC2, STEVAL-PROTEUS1, STEVAL-SMARTAG2, STEVAL-STWINBX1, STM320518-EVAL, STM32C0116-DK, STM32C011D6Y3TR, STM32C011D6Y6TR, STM32C011F4P3, STM32C011F4P6, STM32C011F4U3, STM32C011F4U6TR, STM32C011F6P3, STM32C011F6P6, STM32C011F6U3, STM32C011F6U6TR, STM32C011J4M3, STM32C011J4M6, STM32C011J6M3, STM32C011J6M6, STM32C0316-DK, STM32C031C4T3, STM32C031C4T6, STM32C031C4U3, STM32C031C4U6, STM32C031C6T3, STM32C031C6T6, STM32C031C6U3, STM32C031C6U6, STM32C031F4P3, STM32C031F4P6, STM32C031F6P3, STM32C031F6P6, STM32C031G4U3, STM32C031G4U6, STM32C031G6U3, STM32C031G6U6, STM32C031K4T3, STM32C031K4T6, STM32C031K4U3, STM32C031K4U6, STM32C031K6T3, STM32C031K6T6, STM32C031K6U3, STM32C031K6U6, STM32C051C6T6, STM32C051C6U6, STM32C051C8T6, STM32C051C8U6, STM32C051D8Y6TR, STM32C051F6P6, STM32C051F8P6, STM32C051G6U6, STM32C051G8U6, STM32C051K6T6, STM32C051K6U6, STM32C051K8T6, STM32C071C8T6, STM32C071C8T6N, STM32C071C8U6, STM32C071C8U6N, STM32C071CBT6, STM32C071CBT6N, STM32C071CBU6, STM32C071CBU6N, STM32C071F8P6, STM32C071F8P6N, STM32C071FBP6, STM32C071FBP6N, STM32C071FBY6TR, STM32C071G8U6, STM32C071G8U6N, STM32C071GBU6, STM32C071GBU6N, STM32C071K8T6, STM32C071K8T6N, STM32C071K8U6, STM32C071K8U6N, STM32C071KBT6, STM32C071KBT6N, STM32C071KBU6, STM32C071KBU6N, STM32C071R8T6, STM32C071R8T6N, STM32C071RBI6N, STM32C071RBT6, STM32C071RBT6N, STM32C091CBT6, STM32C091CBU6, STM32C091CCT6, STM32C091CCU6, STM32C091ECY6TR, STM32C091FBP6, STM32C091FCP6, STM32C091GBU6, STM32C091GCU6, STM32C091KBT6, STM32C091KBU6, STM32C091KCT6, STM32C091KCU6, STM32C091RBT6, STM32C091RCI6, STM32C091RCT6, STM32C092CBT6, STM32C092CBU6, STM32C092CCT6, STM32C092CCU6, STM32C092ECY6TR, STM32C092FBP6, STM32C092FCP6, STM32C092GBU6, STM32C092GCU6, STM32C092KBT6, STM32C092KBU6, STM32C092KCT6, STM32C092KCU6, STM32C092RBT6, STM32C092RCI6, STM32C092RCT6, STM32G071K8TXN, STM32G071K8UXN, STM32G081GBU6N, STM32G081KBT6N, STM32G081KBUXN, STM32G0B1CCT6N, STM32G0B1KCT6, STM32G0B1NEY6TR, STM32G0B1RCT6N, STM32G0C1CCT6, STM32G0C1CCT6N, STM32G0C1CCU6N, STM32G0C1CET6N, STM32G0C1CEU6N, STM32G0C1KCT6, STM32G0C1NEY6TR, STM32G0C1RCI6N, STM32G0C1RCT6N, STM32G0C1REI6N, STM32G0C1RET6N, STM32G0C1VCI6, STM32G0C1VEI6, STM32G411C6T3, STM32G411C6T6, STM32G411C6U3, STM32G411C6U6, STM32G411C8T3, STM32G411C8T6, STM32G411C8U3, STM32G411C8U6, STM32G411CBT3, STM32G411CBT6, STM32G411CBU3, STM32G411CBU6, STM32G411K6T3, STM32G411K6T6, STM32G411K6U3, STM32G411K6U6, STM32G411K8T3, STM32G411K8T6, STM32G411K8U3, STM32G411K8U6, STM32G411KBT3, STM32G411KBT6, STM32G411KBU3, STM32G411KBU6, STM32G411M6T3, STM32G411M6T6, STM32G411M8T3, STM32G411M8T6, STM32G411MBT3, STM32G411MBT6, STM32G411R6T3, STM32G411R6T6, STM32G411R8T3, STM32G411R8T6, STM32G411RBT3, STM32G411RBT6, STM32G414CBT3, STM32G414CBT6, STM32G414CBU3, STM32G414CBU6, STM32G414CCT3, STM32G414CCT6, STM32G414CCU3, STM32G414CCU6, STM32G414MBT3, STM32G414MBT6, STM32G414MCT3, STM32G414MCT6, STM32G414RBT3, STM32G414RBT6, STM32G414RCT3, STM32G414RCT6, STM32G414VBT3, STM32G414VBT6, STM32G414VCT3, STM32G414VCT6, STM32G431CBT3Z, STM32G431RBT3Z, STM32G471CCT6, STM32G471CCU6, STM32G471CET3, STM32G471CET6, STM32G471CEU3, STM32G471CEU6, STM32G471MCT6, STM32G471MET3, STM32G471MET6, STM32G471MEY6TR, STM32G471QCT6, STM32G471QET3, STM32G471RCT6, STM32G471RET3, STM32G471RET6, STM32G471VCH6, STM32G471VCI6, STM32G471VCT6, STM32G471VEH3, STM32G471VEH6, STM32G471VEI3, STM32G471VEI6, STM32G471VET3, STM32G471VET6, STM32G473QET3Z, STM32G473RET3Z, STM32G474CCT6, STM32G491RET3Z, STM32H503CBT6, STM32H503CBU6, STM32H503EBY6TR, STM32H503KBU6, STM32H503RBT6, STM32H523CCT6, STM32H523CCU6, STM32H523CET6, STM32H523CEU6, STM32H523HEY6TR, STM32H523RCT6, STM32H523RET6, STM32H523VCI6, STM32H523VCT6, STM32H523VEI6, STM32H523VET6, STM32H523ZCJ6, STM32H523ZCT6, STM32H523ZEJ6, STM32H523ZET6, STM32H533CET6, STM32H533CEU6, STM32H533HEY6TR, STM32H533RET6, STM32H533VEI6, STM32H533VET6, STM32H533ZEJ6, STM32H533ZET6, STM32H562AGI6, STM32H562AII6, STM32H562IGK6, STM32H562IGT6, STM32H562IIK6, STM32H562IIT6, STM32H562RGT6, STM32H562RGV6, STM32H562RIT6, STM32H562RIV6, STM32H562VGT6, STM32H562VIT6, STM32H562ZGT6, STM32H562ZIT6, STM32H563AGI6, STM32H563AII3Q, STM32H563AII6, STM32H563IGK6, STM32H563IGT6, STM32H563IIK3Q, STM32H563IIK6, STM32H563IIT3Q, STM32H563IIT6, STM32H563MIY3QTR, STM32H563RGT6, STM32H563RGV6, STM32H563RIT6, STM32H563RIV6, STM32H563VGT6, STM32H563VIT3Q, STM32H563VIT6, STM32H563ZGT6, STM32H563ZIT3Q, STM32H563ZIT6, STM32H573AII3Q, STM32H573AII6, STM32H573I-DK, STM32H573IIK3Q, STM32H573IIK6, STM32H573IIT3Q, STM32H573IIT6, STM32H573MIY3QTR, STM32H573RIT6, STM32H573RIV6, STM32H573VIT3Q, STM32H573VIT6, STM32H573ZIT3Q, STM32H573ZIT6, STM32H7R3A8I6, STM32H7R3I8K6, STM32H7R3I8T6, STM32H7R3L8H6, STM32H7R3L8H6H, STM32H7R3R8V6, STM32H7R3V8H6, STM32H7R3V8T6, STM32H7R3V8Y6TR, STM32H7R3Z8J6, STM32H7R3Z8T6, STM32H7R7A8I6, STM32H7R7I8K6, STM32H7R7I8T6, STM32H7R7L8H6, STM32H7R7L8H6H, STM32H7R7Z8J6, STM32H7S3A8I6, STM32H7S3I8K6, STM32H7S3I8T6, STM32H7S3L8H6, STM32H7S3L8H6H, STM32H7S3R8V6, STM32H7S3V8H6, STM32H7S3V8T6, STM32H7S3V8Y6TR, STM32H7S3Z8J6, STM32H7S3Z8T6, STM32H7S78-DK, STM32H7S7A8I6, STM32H7S7I8K6, STM32H7S7I8T6, STM32H7S7L8H6, STM32H7S7L8H6H, STM32H7S7Z8J6, STM32L4R5QGI6STR, STM32MP131AAE3, STM32MP131AAF3, STM32MP131AAG3, STM32MP131CAE3, STM32MP131CAF3, STM32MP131CAG3, STM32MP131DAE7, STM32MP131DAF7, STM32MP131DAG7, STM32MP131FAE7, STM32MP131FAF7, STM32MP131FAG7, STM32MP133AAE3, STM32MP133AAF3, STM32MP133AAG3, STM32MP133CAE3, STM32MP133CAF3, STM32MP133CAG3, STM32MP133DAE7, STM32MP133DAF7, STM32MP133DAG7, STM32MP133FAE7, STM32MP133FAF7, STM32MP133FAG7, STM32MP135AAE3, STM32MP135AAF3, STM32MP135AAG3, STM32MP135CAE3, STM32MP135CAF3, STM32MP135CAG3, STM32MP135DAE7, STM32MP135DAF7, STM32MP135DAG7, STM32MP135F-DK, STM32MP135FAE7, STM32MP135FAF7, STM32MP135FAF7T, STM32MP135FAF7U, STM32MP135FAG7, STM32MP211AAL3, STM32MP211AAM3, STM32MP211AAN3, STM32MP211AAO3, STM32MP211CAL3, STM32MP211CAM3, STM32MP211CAN3, STM32MP211CAO3, STM32MP211DAL3, STM32MP211DAM3, STM32MP211DAN3, STM32MP211DAO3, STM32MP211FAL3, STM32MP211FAM3, STM32MP211FAN3, STM32MP211FAO3, STM32MP213AAL3, STM32MP213AAM3, STM32MP213AAN3, STM32MP213AAO3, STM32MP213CAL3, STM32MP213CAM3, STM32MP213CAN3, STM32MP213CAO3, STM32MP213DAL3, STM32MP213DAM3, STM32MP213DAN3, STM32MP213DAO3, STM32MP213FAL3, STM32MP213FAM3, STM32MP213FAN3, STM32MP213FAO3, STM32MP215AAL3, STM32MP215AAM3, STM32MP215AAN3, STM32MP215AAO3, STM32MP215CAL3, STM32MP215CAM3, STM32MP215CAN3, STM32MP215CAO3, STM32MP215DAL3, STM32MP215DAM3, STM32MP215DAN3, STM32MP215DAO3, STM32MP215F-DK, STM32MP215FAL3, STM32MP215FAM3, STM32MP215FAN3, STM32MP215FAO3, STM32MP231AAJ3, STM32MP231AAK3, STM32MP231AAL3, STM32MP231CAJ3, STM32MP231CAK3, STM32MP231CAL3, STM32MP231DAJ3, STM32MP231DAK3, STM32MP231DAL3, STM32MP231FAJ3, STM32MP231FAK3, STM32MP231FAL3, STM32MP233AAJ3, STM32MP233AAK3, STM32MP233AAL3, STM32MP233CAJ3, STM32MP233CAK3, STM32MP233CAL3, STM32MP233DAJ3, STM32MP233DAK3, STM32MP233DAL3, STM32MP233FAJ3, STM32MP233FAK3, STM32MP233FAL3, STM32MP235AAJ3, STM32MP235AAK3, STM32MP235AAL3, STM32MP235CAJ3, STM32MP235CAK3, STM32MP235CAL3, STM32MP235DAJ3, STM32MP235DAK3, STM32MP235DAL3, STM32MP235FAJ3, STM32MP235FAK3, STM32MP235FAL3, STM32MP251AAI3, STM32MP251AAK3, STM32MP251AAL3, STM32MP251CAI3, STM32MP251CAK3, STM32MP251CAL3, STM32MP251DAI3, STM32MP251DAK3, STM32MP251DAL3, STM32MP251FAI3, STM32MP251FAK3, STM32MP251FAL3, STM32MP253AAI3, STM32MP253AAK3, STM32MP253AAL3, STM32MP253CAI3, STM32MP253CAK3, STM32MP253CAL3, STM32MP253DAI3, STM32MP253DAK3, STM32MP253DAL3, STM32MP253FAI3, STM32MP253FAK3, STM32MP253FAL3, STM32MP255AAI3, STM32MP255AAK3, STM32MP255AAL3, STM32MP255CAI3, STM32MP255CAK3, STM32MP255CAL3, STM32MP255DAI3, STM32MP255DAK3, STM32MP255DAL3, STM32MP255FAI3, STM32MP255FAK3, STM32MP255FAL3, STM32MP257AAI3, STM32MP257AAK3, STM32MP257AAL3, STM32MP257CAI3, STM32MP257CAK3, STM32MP257CAL3, STM32MP257DAI3, STM32MP257DAK3, STM32MP257DAL3, STM32MP257F-DK, STM32MP257F-EV1, STM32MP257FAI3, STM32MP257FAK3, STM32MP257FAL3, STM32N645A0H3Q, STM32N645B0H3Q, STM32N645I0H3Q, STM32N645L0H3Q, STM32N645X0H3Q, STM32N645Z0H3Q, STM32N647A0H3Q, STM32N647B0H3Q, STM32N647I0H3Q, STM32N647L0H3Q, STM32N647X0H3Q, STM32N647Z0H3Q, STM32N655A0H3Q, STM32N655B0H3Q, STM32N655I0H3Q, STM32N655L0H3Q, STM32N655X0H3Q, STM32N655Z0H3Q, STM32N6570-DK, STM32N657A0H3Q, STM32N657B0H3Q, STM32N657I0H3Q, STM32N657L0H3Q, STM32N657X0H3Q, STM32N657Z0H3Q, STM32U031C6T6, STM32U031C6U6, STM32U031C8T6, STM32U031C8U6, STM32U031F4P6, STM32U031F6P6, STM32U031F8P6, STM32U031G6Y6TR, STM32U031G8Y6TR, STM32U031K4U6, STM32U031K6U6, STM32U031K8U6, STM32U031R6I6, STM32U031R6T6, STM32U031R8I6, STM32U031R8T6, STM32U073C8T6, STM32U073C8U6, STM32U073CBT6, STM32U073CBU6, STM32U073CCT6, STM32U073CCU6, STM32U073H8Y6TR, STM32U073HBY6TR, STM32U073HCY6TR, STM32U073K8U6, STM32U073KBU6, STM32U073KCU6, STM32U073M8I6, STM32U073M8T6, STM32U073MBI6, STM32U073MBT6, STM32U073MCI6, STM32U073MCT6, STM32U073R8I6, STM32U073R8T6, STM32U073RBI6, STM32U073RBT6, STM32U073RCI6, STM32U073RCT6, STM32U083C-DK, STM32U083CCT6, STM32U083CCU6, STM32U083HCY6TR, STM32U083KCU6, STM32U083MCI6, STM32U083MCT6, STM32U083RCI6, STM32U083RCT6, STM32U375CET6, STM32U375CET6Q, STM32U375CEU6, STM32U375CEU6Q, STM32U375CEY6QTR, STM32U375CGT6, STM32U375CGT6Q, STM32U375CGU6, STM32U375CGU6Q, STM32U375CGY6QTR, STM32U375KEU6, STM32U375KGU6, STM32U375REI6, STM32U375REI6Q, STM32U375RET6, STM32U375RET6Q, STM32U375REY6GTR, STM32U375REY6QTR, STM32U375RGI6, STM32U375RGI6Q, STM32U375RGT6, STM32U375RGT6Q, STM32U375RGY6GTR, STM32U375RGY6QTR, STM32U375VEI6, STM32U375VEI6Q, STM32U375VET6, STM32U375VET6Q, STM32U375VGI6, STM32U375VGI6Q, STM32U375VGT6, STM32U375VGT6Q, STM32U385CGT6, STM32U385CGT6Q, STM32U385CGU6, STM32U385CGU6Q, STM32U385CGY6QTR, STM32U385KGU6, STM32U385RGI6, STM32U385RGI6Q, STM32U385RGT6, STM32U385RGT6Q, STM32U385RGY6GTR, STM32U385RGY6QTR, STM32U385VGI6, STM32U385VGI6Q, STM32U385VGT6, STM32U385VGT6Q, STM32U535CBT6, STM32U535CBT6Q, STM32U535CBU6, STM32U535CBU6Q, STM32U535CCT6, STM32U535CCT6Q, STM32U535CCU6, STM32U535CCU6Q, STM32U535CET6, STM32U535CET6Q, STM32U535CEU6, STM32U535CEU6Q, STM32U535JEY6QTR, STM32U535NCY6QTR, STM32U535NEY6QTR, STM32U535RBI6, STM32U535RBI6Q, STM32U535RBT6, STM32U535RBT6Q, STM32U535RCI6, STM32U535RCI6Q, STM32U535RCT6, STM32U535RCT6Q, STM32U535REI6, STM32U535REI6Q, STM32U535RET6, STM32U535RET6Q, STM32U535VCI6, STM32U535VCI6Q, STM32U535VCT6, STM32U535VCT6Q, STM32U535VEI6, STM32U535VEI6Q, STM32U535VET6, STM32U535VET6Q, STM32U545CET6, STM32U545CET6Q, STM32U545CEU6, STM32U545CEU6Q, STM32U545JEY6QTR, STM32U545NEY6QTR, STM32U545REI6, STM32U545REI6Q, STM32U545RET6, STM32U545RET6Q, STM32U545VEI6, STM32U545VEI6Q, STM32U545VET6, STM32U545VET6Q, STM32U595AIH6, STM32U595AIH6Q, STM32U595AJH6, STM32U595AJH6Q, STM32U595QII6, STM32U595QII6Q, STM32U595QJI6, STM32U595QJI6Q, STM32U595RIT6, STM32U595RIT6Q, STM32U595RJT6, STM32U595RJT6Q, STM32U595VIT6, STM32U595VIT6Q, STM32U595VJT6, STM32U595VJT6Q, STM32U595ZIT6, STM32U595ZIT6Q, STM32U595ZIY6QTR, STM32U595ZJT6, STM32U595ZJT6Q, STM32U595ZJY6QTR, STM32U599BJY6QTR, STM32U599NIH6Q, STM32U599NJH6Q, STM32U599VIT6Q, STM32U599VJT6, STM32U599VJT6Q, STM32U599ZIT6Q, STM32U599ZIY6QTR, STM32U599ZJT6Q, STM32U599ZJY6QTR, STM32U5A5AJH6, STM32U5A5AJH6Q, STM32U5A5QII3Q , STM32U5A5QJI6, STM32U5A5QJI6Q, STM32U5A5RJT6, STM32U5A5RJT6Q, STM32U5A5VJT6, STM32U5A5VJT6Q, STM32U5A5ZJT6, STM32U5A5ZJT6Q, STM32U5A5ZJY6QTR, STM32U5A9BJY6QTR, STM32U5A9J-DK, STM32U5A9NJH6Q, STM32U5A9VJT6Q, STM32U5A9ZJT6Q, STM32U5A9ZJY6QTR, STM32U5F7VIT6, STM32U5F7VIT6Q, STM32U5F7VJT6, STM32U5F7VJT6Q, STM32U5F9BJY6QTR, STM32U5F9NJH6Q, STM32U5F9VIT6Q, STM32U5F9VJT6Q, STM32U5F9ZIJ6QTR, STM32U5F9ZIT6Q, STM32U5F9ZJJ6QTR, STM32U5F9ZJT6Q, STM32U5G7VJT6, STM32U5G7VJT6Q, STM32U5G9BJY6QTR, STM32U5G9J-DK1, STM32U5G9J-DK2, STM32U5G9NJH6Q, STM32U5G9VJT6Q, STM32U5G9ZJJ6QTR, STM32U5G9ZJT6Q, STM32WB05KZV6TR, STM32WB05KZV7TR, STM32WB05TZF6TR, STM32WB05TZF7TR, STM32WB06CCF6TR, STM32WB06CCF7TR, STM32WB06CCV6TR, STM32WB06CCV7TR, STM32WB06KCV6TR, STM32WB06KCV7TR, STM32WB07CCF6TR, STM32WB07CCF7TR, STM32WB07CCV6TR, STM32WB07CCV7TR, STM32WB07KCV6TR, STM32WB07KCV7TR, STM32WB09KEV6TR, STM32WB09KEV7TR, STM32WB09TEF6TR, STM32WB09TEF7TR, STM32WB1MMCH6, STM32WBA50KGU6, STM32WBA50KGU6TR, STM32WBA52CEU6, STM32WBA52CEU6TR, STM32WBA52CEU7, STM32WBA52CEU7TR, STM32WBA52CGU6, STM32WBA52CGU6TR, STM32WBA52CGU6U, STM32WBA52CGU7, STM32WBA52CGU7TR, STM32WBA52KEU6, STM32WBA52KEU6TR, STM32WBA52KGU6, STM32WBA52KGU6TR, STM32WBA54CEU6, STM32WBA54CEU6TR, STM32WBA54CEU7, STM32WBA54CEU7TR, STM32WBA54CGU6, STM32WBA54CGU6TR, STM32WBA54CGU7, STM32WBA54CGU7TR, STM32WBA54KEU6, STM32WBA54KEU6TR, STM32WBA54KEU7, STM32WBA54KEU7TR, STM32WBA54KGU6, STM32WBA54KGU6TR, STM32WBA54KGU7, STM32WBA54KGU7TR, STM32WBA55CEU6, STM32WBA55CEU6TR, STM32WBA55CEU7, STM32WBA55CEU7TR, STM32WBA55CGU6, STM32WBA55CGU6TR, STM32WBA55CGU6U, STM32WBA55CGU7, STM32WBA55CGU7TR, STM32WBA55G-DK1, STM32WBA55HEF6, STM32WBA55HEF7, STM32WBA55HGF6, STM32WBA55HGF7, STM32WBA55UEI6, STM32WBA55UEI6TR, STM32WBA55UEI7, STM32WBA55UEI7TR, STM32WBA55UGI6, STM32WBA55UGI6TR, STM32WBA55UGI7, STM32WBA55UGI7TR, STM32WBA5MMGH6TR, STM32WBA62MGF6, STM32WBA62MIF6, STM32WBA65MGF7, STM32WBA65MIF6, STM32WBA65MIF7, STM32WL30K8V6, STM32WL30KBV6, STM32WL31C8V6, STM32WL31CBV6, STM32WL31K8V6, STM32WL31KBV6, STM32WL33C8V6, STM32WL33C8V6X, STM32WL33CBV6, STM32WL33CBV6X, STM32WL33CCV6, STM32WL33CCV6A, STM32WL33CCV6X, STM32WL33K8V7, STM32WL33K8V7X, STM32WL33KBV7 , STM32WL33KBV7X, STM32WL33KCV7, STM32WL33KCV7X, STM32WL5MOCH6, STM32WL5MOCH6TR]
2026-01-04 01:42:26,099 [INFO] BoardInfo:889 - No configuration file found for board P-NUCLEO-WB55
2026-01-04 01:42:26,100 [INFO] DbBoards:161 - Kit is not supported: P-NUCLEO-WB55
2026-01-04 01:42:26,107 [INFO] BoardInfo:889 - No configuration file found for board STEVAL-BFA001V1B
2026-01-04 01:42:26,108 [INFO] DbBoards:161 - Kit is not supported: STEVAL-BFA001V1B
2026-01-04 01:42:26,110 [INFO] BoardInfo:889 - No configuration file found for board STEVAL-BFA001V2B
2026-01-04 01:42:26,110 [INFO] DbBoards:161 - Kit is not supported: STEVAL-BFA001V2B
2026-01-04 01:42:26,338 [INFO] DbBoards:168 - Found 212 boards, 209 are supported
2026-01-04 01:42:26,339 [INFO] DbBoards:169 - Found 212 boards, 43 of them is supported for  Bsp
2026-01-04 01:42:26,345 [INFO] ApiDb:414 - User favorites file not found: C:\Users\22142/.stm32cubeide/favorites.boards.txt
2026-01-04 01:42:26,345 [INFO] DbBoards:198 - Set 0 / 0 favorites Boards
2026-01-04 01:42:26,345 [INFO] McuFinderGlobals:76 - Set McuFinderConnectedMode to true
2026-01-04 01:42:26,388 [INFO] MultiScanPanel:200 - Auto-refresh data requested => check proxy status ongoing
2026-01-04 01:42:26,404 [INFO] FinderPluginLoader:96 - Searching for filters in installed packs
2026-01-04 01:42:29,008 [INFO] LoadUrlFilesThread:185 - End of LoadServerUrlFiles without Thread
2026-01-04 01:42:29,063 [INFO] DetailPanel:341 - Set advertising image to C:/Users/22142/STM32Cube/Repository/\en.prom-st67w-expansion-board.png
2026-01-04 01:42:55,379 [INFO] MainUpdater:2872 - connection check result : 10
2026-01-04 01:42:55,379 [INFO] MainUpdater:2872 - connection check result : 10
2026-01-04 01:42:55,407 [INFO] MicroXplorer:468 - Change Database Path : 
2026-01-04 01:42:55,407 [INFO] MicroXplorer:498 - Change Database Version : DB.6.0.150
2026-01-04 01:42:55,417 [WARN] ThirdParty:871 - waiting for thirdparty lock release [close project]
2026-01-04 01:42:55,417 [INFO] ThirdParty:873 - entering critical section [close project]
2026-01-04 01:42:55,419 [INFO] ThirdParty:883 - exiting critical section [close project]
2026-01-04 01:42:55,423 [INFO] PinOutPanel:1589 - setPackage(No Configuration,No Configuration)
2026-01-04 01:42:55,424 [INFO] UtilMem:75 - Begin LoadConfig() Used Memory: 313786208 Bytes (650117120)
2026-01-04 01:42:55,426 [INFO] MicroXplorer:468 - Change Database Path : 
2026-01-04 01:42:55,426 [INFO] MicroXplorer:498 - Change Database Version : DB.6.0.150
2026-01-04 01:42:55,426 [INFO] OpenFileManager:355 - Change cursor
2026-01-04 01:42:55,471 [INFO] Mcu:2029 - Initializing MCU STM32F103C8Tx STM32F103C8Tx STM32F103C8T6
2026-01-04 01:42:56,898 [INFO] Context:786 - Trying to add GPIOservice into a context  which must be forbidden
2026-01-04 01:42:57,271 [INFO] ImportTextPane:234 - (OptionalMessage_ERROR) Unable to find key (Mcu.ThirdPartyNb) in loaded IOC file
2026-01-04 01:42:57,271 [INFO] ImportTextPane:234 - (OptionalMessage_ERROR) Unable to find key (Mcu.PinsNb) in loaded IOC file
2026-01-04 01:42:57,272 [INFO] ImportTextPane:234 - (OptionalMessage_ERROR) Pin0 (VP_RIF_VS_RIF1) cannot be retrieved for this MCU
2026-01-04 01:42:57,272 [INFO] ImportTextPane:234 - (OptionalMessage_ERROR) Unable to find key (Mcu.IPNb) in loaded IOC file
2026-01-04 01:42:57,394 [INFO] RtosManager:558 - Registered RTOS mode: class=CMSIS, group=RTOS, mode=CMSIS_V1, owner=FREERTOS
2026-01-04 01:42:57,394 [INFO] RtosManager:558 - Registered RTOS mode: class=CMSIS, group=RTOS2, mode=CMSIS_V2, owner=FREERTOS
2026-01-04 01:42:57,395 [INFO] RtosManager:558 - Registered RTOS mode: class=RTOS, group=Core, mode=CMSIS_V1, owner=FREERTOS
2026-01-04 01:42:57,395 [INFO] RtosManager:558 - Registered RTOS mode: class=RTOS, group=Core, mode=CMSIS_V2, owner=FREERTOS
2026-01-04 01:42:57,395 [WARN] ModelIntegratedComponent:184 - Missing modes for component STMicroelectronics:FreeRTOS:0.0.1:STMicroelectronics:RTOS:FreeRTOS:Core:::10.2.0:
2026-01-04 01:42:57,411 [WARN] ModelIntegratedComponent:63 - No mode defined for component null
2026-01-04 01:42:57,412 [WARN] ModelIntegratedComponent:63 - No mode defined for component null
2026-01-04 01:42:57,412 [WARN] ModelIntegratedComponent:63 - No mode defined for component null
2026-01-04 01:42:57,412 [WARN] ModelIntegratedComponent:63 - No mode defined for component null
2026-01-04 01:42:57,412 [WARN] ModelIntegratedComponent:63 - No mode defined for component null
2026-01-04 01:42:57,412 [WARN] ModelIntegratedComponent:63 - No mode defined for component null
2026-01-04 01:42:57,412 [WARN] ModelIntegratedComponent:63 - No mode defined for component null
2026-01-04 01:42:57,412 [WARN] ModelIntegratedComponent:63 - No mode defined for component null
2026-01-04 01:42:57,412 [WARN] ModelIntegratedComponent:63 - No mode defined for component null
2026-01-04 01:42:57,412 [WARN] ModelIntegratedComponent:63 - No mode defined for component null
2026-01-04 01:42:57,413 [WARN] ModelIntegratedComponent:63 - No mode defined for component null
2026-01-04 01:42:57,413 [WARN] ModelIntegratedComponent:63 - No mode defined for component null
2026-01-04 01:42:57,413 [WARN] ModelIntegratedComponent:63 - No mode defined for component null
2026-01-04 01:42:57,413 [WARN] ModelIntegratedComponent:63 - No mode defined for component null
2026-01-04 01:42:57,413 [WARN] ModelIntegratedComponent:63 - No mode defined for component null
2026-01-04 01:42:57,414 [WARN] ModelIntegratedComponent:63 - No mode defined for component null
2026-01-04 01:42:57,414 [WARN] ModelIntegratedComponent:63 - No mode defined for component null
2026-01-04 01:42:57,414 [WARN] ModelIntegratedComponent:63 - No mode defined for component null
2026-01-04 01:42:57,414 [WARN] ModelIntegratedComponent:63 - No mode defined for component null
2026-01-04 01:42:57,414 [WARN] ModelIntegratedComponent:63 - No mode defined for component null
2026-01-04 01:42:57,414 [WARN] ModelIntegratedComponent:63 - No mode defined for component null
2026-01-04 01:42:57,414 [WARN] ModelIntegratedComponent:63 - No mode defined for component null
2026-01-04 01:42:57,414 [WARN] ModelIntegratedComponent:63 - No mode defined for component null
2026-01-04 01:42:57,415 [WARN] ModelIntegratedComponent:63 - No mode defined for component null
2026-01-04 01:42:57,415 [WARN] ModelIntegratedComponent:63 - No mode defined for component null
2026-01-04 01:42:57,415 [WARN] ModelIntegratedComponent:63 - No mode defined for component null
2026-01-04 01:42:57,415 [WARN] ModelIntegratedComponent:63 - No mode defined for component null
2026-01-04 01:42:57,415 [WARN] ModelIntegratedComponent:63 - No mode defined for component null
2026-01-04 01:42:57,415 [WARN] ModelIntegratedComponent:63 - No mode defined for component null
2026-01-04 01:42:57,415 [WARN] ModelIntegratedComponent:63 - No mode defined for component null
2026-01-04 01:42:57,415 [WARN] ModelIntegratedComponent:63 - No mode defined for component null
2026-01-04 01:42:57,416 [WARN] ModelIntegratedComponent:63 - No mode defined for component null
2026-01-04 01:42:57,416 [WARN] ModelIntegratedComponent:63 - No mode defined for component null
2026-01-04 01:42:57,416 [WARN] ModelIntegratedComponent:63 - No mode defined for component null
2026-01-04 01:42:57,416 [WARN] ModelIntegratedComponent:63 - No mode defined for component null
2026-01-04 01:42:57,416 [WARN] ModelPack:524 - Component already loaded: STMicroelectronics:HAL Drivers:0.0.0:STMicroelectronics:Device:STMicro_Driver:XSPI:HAL::0.0.1:HAL_XSPI
2026-01-04 01:42:57,967 [INFO] ThirdPartyModel:298 - Start build external matchings
2026-01-04 01:43:00,152 [INFO] ThirdPartyModel:316 - End build external matchings
2026-01-04 01:43:00,524 [INFO] UtilMem:75 - End LoadConfig() Used Memory: 474942152 Bytes (779091968)
2026-01-04 01:43:00,587 [WARN] ThirdParty:833 - waiting for thirdparty lock release [change project]
2026-01-04 01:43:00,588 [INFO] ThirdParty:835 - entering critical section [change project]
2026-01-04 01:43:00,588 [INFO] ThirdParty:1030 - CMSIS Pack Vendor :STMicroelectronics X-CUBE-PM33A1 1.0.0
2026-01-04 01:43:00,588 [INFO] ThirdParty:1030 - CMSIS Pack Vendor :STMicroelectronics USBPD 4.1
2026-01-04 01:43:00,588 [INFO] ThirdParty:1030 - CMSIS Pack Vendor :STMicroelectronics USB_HOST 2.0.0
2026-01-04 01:43:00,588 [INFO] ThirdParty:1030 - CMSIS Pack Vendor :STMicroelectronics FP-SNS-MOTENVWB1 1.4.0
2026-01-04 01:43:00,589 [INFO] ThirdParty:1030 - CMSIS Pack Vendor :STMicroelectronics X-CUBE-AZRTOS-F4 1.1.0
2026-01-04 01:43:00,589 [INFO] ThirdParty:1030 - CMSIS Pack Vendor :STMicroelectronics LIBJPEG 8.0.0
2026-01-04 01:43:00,589 [INFO] ThirdParty:1030 - CMSIS Pack Vendor :STMicroelectronics FP-ATR-ASTRA1 2.0.2
2026-01-04 01:43:00,589 [INFO] ThirdParty:1030 - CMSIS Pack Vendor :STMicroelectronics X-CUBE-SMBUS 2.1.0
2026-01-04 01:43:00,589 [INFO] ThirdParty:1030 - CMSIS Pack Vendor :STMicroelectronics X-CUBE-WB05N 1.1.0
2026-01-04 01:43:00,589 [INFO] ThirdParty:1030 - CMSIS Pack Vendor :STMicroelectronics X-CUBE-ISPU 2.1.0
2026-01-04 01:43:00,589 [INFO] ThirdParty:1030 - CMSIS Pack Vendor :STMicroelectronics X-CUBE-IPS 3.2.0
2026-01-04 01:43:00,589 [INFO] ThirdParty:1030 - CMSIS Pack Vendor :STMicroelectronics X-CUBE-NFC12 1.0.0
2026-01-04 01:43:00,589 [INFO] ThirdParty:1030 - CMSIS Pack Vendor :STMicroelectronics X-CUBE-AZRTOS-F7 1.1.0
2026-01-04 01:43:00,589 [INFO] ThirdParty:1030 - CMSIS Pack Vendor :STMicroelectronics X-CUBE-AZRTOS-L5 2.0.0
2026-01-04 01:43:00,589 [INFO] ThirdParty:1030 - CMSIS Pack Vendor :STMicroelectronics USB_DEVICE 2.0.0
2026-01-04 01:43:00,589 [INFO] ThirdParty:1030 - CMSIS Pack Vendor :STMicroelectronics X-CUBE-NFC6 3.1.0
2026-01-04 01:43:00,590 [INFO] ThirdParty:1030 - CMSIS Pack Vendor :STMicroelectronics FP-SNS-MOTENV1 5.1.0
2026-01-04 01:43:00,590 [INFO] ThirdParty:1030 - CMSIS Pack Vendor :STMicroelectronics FreeRTOS 0.0.1
2026-01-04 01:43:00,590 [INFO] ThirdParty:1030 - CMSIS Pack Vendor :STMicroelectronics X-CUBE-DPower 1.2.0
2026-01-04 01:43:00,590 [INFO] ThirdParty:1030 - CMSIS Pack Vendor :Infineon AIROC-Wi-Fi-Bluetooth-STM32 1.7.0
2026-01-04 01:43:00,590 [INFO] ThirdParty:1030 - CMSIS Pack Vendor :STMicroelectronics PDM2PCM 3.3.0
2026-01-04 01:43:00,590 [INFO] ThirdParty:1030 - CMSIS Pack Vendor :STMicroelectronics X-CUBE-AZRTOS-H7 3.4.0
2026-01-04 01:43:00,590 [INFO] ThirdParty:1030 - CMSIS Pack Vendor :STMicroelectronics X-CUBE-DISPLAY 3.0.0
2026-01-04 01:43:00,590 [INFO] ThirdParty:1030 - CMSIS Pack Vendor :STMicroelectronics X-CUBE-NFC10 1.0.0
2026-01-04 01:43:00,591 [INFO] ThirdParty:1030 - CMSIS Pack Vendor :STMicroelectronics X-CUBE-BLEMGR 4.0.0
2026-01-04 01:43:00,591 [INFO] ThirdParty:1030 - CMSIS Pack Vendor :STMicroelectronics HAL Drivers 0.0.0
2026-01-04 01:43:00,591 [INFO] ThirdParty:1030 - CMSIS Pack Vendor :STMicroelectronics X-CUBE-ST60 1.1.0
2026-01-04 01:43:00,591 [INFO] ThirdParty:1030 - CMSIS Pack Vendor :emotas I-CUBE-CANOPEN 1.3.0
2026-01-04 01:43:00,591 [INFO] ThirdParty:1030 - CMSIS Pack Vendor :STMicroelectronics X-CUBE-FREERTOS 1.3.0
2026-01-04 01:43:00,591 [INFO] ThirdParty:1030 - CMSIS Pack Vendor :STMicroelectronics X-CUBE-NFC7 1.0.1
2026-01-04 01:43:00,591 [INFO] ThirdParty:1030 - CMSIS Pack Vendor :STMicroelectronics MBEDTLS 2.14.1
2026-01-04 01:43:00,591 [INFO] ThirdParty:1030 - CMSIS Pack Vendor :STMicroelectronics X-CUBE-GNSS1 7.1.0
2026-01-04 01:43:00,591 [INFO] ThirdParty:1030 - CMSIS Pack Vendor :STMicroelectronics X-CUBE-TOUCHGFX 4.26.0
2026-01-04 01:43:00,591 [INFO] ThirdParty:1030 - CMSIS Pack Vendor :quantropi X-CUBE-qispace-sdk-base 2.0.0
2026-01-04 01:43:00,592 [INFO] ThirdParty:1030 - CMSIS Pack Vendor :STMicroelectronics X-CUBE-AI 10.0.0
2026-01-04 01:43:00,592 [INFO] ThirdParty:1030 - CMSIS Pack Vendor :STMicroelectronics FP-SNS-STBOX1 2.1.0
2026-01-04 01:43:00,592 [INFO] ThirdParty:1030 - CMSIS Pack Vendor :STMicroelectronics FP-SNS-STAIOTCFT 1.0.0
2026-01-04 01:43:00,592 [INFO] ThirdParty:1030 - CMSIS Pack Vendor :STMicroelectronics FP-SNS-SMARTAG2 1.2.0
2026-01-04 01:43:00,592 [INFO] ThirdParty:1030 - CMSIS Pack Vendor :STMicroelectronics FP-SNS-FLIGHT1 5.1.0
2026-01-04 01:43:00,592 [INFO] ThirdParty:1030 - CMSIS Pack Vendor :STMicroelectronics X-CUBE-MEMS1 11.1.0
2026-01-04 01:43:00,593 [INFO] ThirdParty:1030 - CMSIS Pack Vendor :STMicroelectronics X-CUBE-AZRTOS-WL 2.0.0
2026-01-04 01:43:00,593 [INFO] ThirdParty:1030 - CMSIS Pack Vendor :STMicroelectronics X-CUBE-DPower 1.3.0
2026-01-04 01:43:00,593 [INFO] ThirdParty:1030 - CMSIS Pack Vendor :STMicroelectronics FP-SNS-MOTENV1 5.0.0
2026-01-04 01:43:00,593 [INFO] ThirdParty:1030 - CMSIS Pack Vendor :STMicroelectronics USB_DEVICE 1.0.0
2026-01-04 01:43:00,593 [INFO] ThirdParty:1030 - CMSIS Pack Vendor :STMicroelectronics X-CUBE-AZRTOS-H7RS 1.2.0
2026-01-04 01:43:00,593 [INFO] ThirdParty:1030 - CMSIS Pack Vendor :STMicroelectronics X-CUBE-AZRTOS-L4 2.0.0
2026-01-04 01:43:00,593 [INFO] ThirdParty:1030 - CMSIS Pack Vendor :STMicroelectronics ThreadX 0.0.2
2026-01-04 01:43:00,593 [INFO] ThirdParty:1030 - CMSIS Pack Vendor :WES I-CUBE-Cesium 1.3.0
2026-01-04 01:43:00,594 [INFO] ThirdParty:1030 - CMSIS Pack Vendor :STMicroelectronics lwIP 2.1.2
2026-01-04 01:43:00,594 [INFO] ThirdParty:1030 - CMSIS Pack Vendor :STMicroelectronics X-CUBE-SFXS2LP1 4.0.0
2026-01-04 01:43:00,594 [INFO] ThirdParty:1030 - CMSIS Pack Vendor :STMicroelectronics X-CUBE-BLE2 3.3.0
2026-01-04 01:43:00,594 [INFO] ThirdParty:1030 - CMSIS Pack Vendor :Avnet-IOTCONNECT X-CUBE-iotc-st67-sdk 1.0.0
2026-01-04 01:43:00,594 [INFO] ThirdParty:1030 - CMSIS Pack Vendor :STMicroelectronics PDM2PCM 3.2.0
2026-01-04 01:43:00,594 [INFO] ThirdParty:1030 - CMSIS Pack Vendor :STMicroelectronics X-CUBE-AZRTOS-H7 3.3.0
2026-01-04 01:43:00,594 [INFO] ThirdParty:1030 - CMSIS Pack Vendor :STMicroelectronics X-CUBE-NFC9 1.0.0
2026-01-04 01:43:00,594 [INFO] ThirdParty:1030 - CMSIS Pack Vendor :STMicroelectronics X-CUBE-BLE1 7.1.0
2026-01-04 01:43:00,594 [INFO] ThirdParty:1030 - CMSIS Pack Vendor :wolfSSL I-CUBE-wolfMQTT 1.19.2
2026-01-04 01:43:00,594 [INFO] ThirdParty:1030 - CMSIS Pack Vendor :STMicroelectronics USB_DEVICE 3.0.0
2026-01-04 01:43:00,595 [INFO] ThirdParty:1030 - CMSIS Pack Vendor :STMicroelectronics X-CUBE-FREERTOS 1.4.0
2026-01-04 01:43:00,595 [INFO] ThirdParty:1030 - CMSIS Pack Vendor :STMicroelectronics X-CUBE-EEPRMA1 5.2.0
2026-01-04 01:43:00,595 [INFO] ThirdParty:1030 - CMSIS Pack Vendor :STMicroelectronics X-CUBE-BLEMGR 4.1.0
2026-01-04 01:43:00,595 [INFO] ThirdParty:1030 - CMSIS Pack Vendor :STMicroelectronics X-CUBE-AZRTOS-WB 2.0.0
2026-01-04 01:43:00,595 [INFO] ThirdParty:1030 - CMSIS Pack Vendor :STMicroelectronics X-CUBE-GNSS1 7.0.1
2026-01-04 01:43:00,595 [INFO] ThirdParty:1030 - CMSIS Pack Vendor :STMicroelectronics X-CUBE-TOUCHGFX 4.25.0
2026-01-04 01:43:00,595 [INFO] ThirdParty:1030 - CMSIS Pack Vendor :STMicroelectronics X-CUBE-ST67W61 1.1.0
2026-01-04 01:43:00,595 [INFO] ThirdParty:1030 - CMSIS Pack Vendor :STMicroelectronics FP-SNS-STBOX1 2.0.0
2026-01-04 01:43:00,595 [INFO] ThirdParty:1030 - CMSIS Pack Vendor :STMicroelectronics X-CUBE-MEMS1 12.0.0
2026-01-04 01:43:00,596 [INFO] ThirdParty:1030 - CMSIS Pack Vendor :STMicroelectronics X-CUBE-AZRTOS-G0 1.1.0
2026-01-04 01:43:00,596 [INFO] ThirdParty:1030 - CMSIS Pack Vendor :STMicroelectronics X-CUBE-SAFEA1 1.2.2
2026-01-04 01:43:00,596 [INFO] ThirdParty:1030 - CMSIS Pack Vendor :STMicroelectronics X-CUBE-NFC4 3.0.0
2026-01-04 01:43:00,596 [INFO] ThirdParty:1030 - CMSIS Pack Vendor :STMicroelectronics X-CUBE-SUBG2 5.0.0
2026-01-04 01:43:00,596 [INFO] ThirdParty:1030 - CMSIS Pack Vendor :STMicroelectronics X-CUBE-AZRTOS-H7RS 1.1.0
2026-01-04 01:43:00,596 [INFO] ThirdParty:1030 - CMSIS Pack Vendor :STMicroelectronics STM32_WPAN 1.0.0
2026-01-04 01:43:00,596 [INFO] ThirdParty:1030 - CMSIS Pack Vendor :EmbeddedOffice I-CUBE-FS-RTOS 1.0.1
2026-01-04 01:43:00,597 [INFO] ThirdParty:1030 - CMSIS Pack Vendor :STMicroelectronics lwIP 2.0.3
2026-01-04 01:43:00,597 [INFO] ThirdParty:1030 - CMSIS Pack Vendor :Cesanta I-CUBE-Mongoose 7.13.0
2026-01-04 01:43:00,597 [INFO] ThirdParty:1030 - CMSIS Pack Vendor :STMicroelectronics USB_HOST 1.0.0
2026-01-04 01:43:00,597 [INFO] ThirdParty:1030 - CMSIS Pack Vendor :STMicroelectronics X-CUBE-AZRTOS-G4 2.0.0
2026-01-04 01:43:00,597 [INFO] ThirdParty:1030 - CMSIS Pack Vendor :STMicroelectronics X-CUBE-WB05N 2.0.0
2026-01-04 01:43:00,597 [INFO] ThirdParty:1030 - CMSIS Pack Vendor :STMicroelectronics PDM2PCM 3.1.0
2026-01-04 01:43:00,597 [INFO] ThirdParty:1030 - CMSIS Pack Vendor :wolfSSL I-CUBE-wolfTPM 3.8.0
2026-01-04 01:43:00,597 [INFO] ThirdParty:1030 - CMSIS Pack Vendor :wolfSSL I-CUBE-wolfSSH 1.4.20
2026-01-04 01:43:00,597 [INFO] ThirdParty:1030 - CMSIS Pack Vendor :STMicroelectronics X-CUBE-NFC7 2.0.0
2026-01-04 01:43:00,597 [INFO] ThirdParty:1030 - CMSIS Pack Vendor :STMicroelectronics X-CUBE-TCPP 4.2.0
2026-01-04 01:43:00,598 [INFO] ThirdParty:1030 - CMSIS Pack Vendor :RealThread X-CUBE-RT-Thread_Nano 4.1.1
2026-01-04 01:43:00,598 [INFO] ThirdParty:1030 - CMSIS Pack Vendor :STMicroelectronics FP-ATR-SIGFOX1 3.2.0
2026-01-04 01:43:00,598 [INFO] ThirdParty:1030 - CMSIS Pack Vendor :STMicroelectronics X-CUBE-EEPRMA1 5.1.0
2026-01-04 01:43:00,598 [INFO] ThirdParty:1030 - CMSIS Pack Vendor :STMicroelectronics MBEDTLS 2.16.2
2026-01-04 01:43:00,598 [INFO] ThirdParty:1030 - CMSIS Pack Vendor :STMicroelectronics X-CUBE-IPS 3.1.0
2026-01-04 01:43:00,598 [INFO] ThirdParty:1030 - CMSIS Pack Vendor :STMicroelectronics X-CUBE-ALS 1.0.2
2026-01-04 01:43:00,598 [INFO] ThirdParty:1030 - CMSIS Pack Vendor :wolfSSL I-CUBE-wolfSSL 5.7.6
2026-01-04 01:43:00,598 [INFO] ThirdParty:1030 - CMSIS Pack Vendor :ITTIA_DB I-CUBE-ITTIADB 8.9.0
2026-01-04 01:43:00,598 [INFO] ThirdParty:1030 - CMSIS Pack Vendor :STMicroelectronics X-CUBE-STSE01 1.0.0
2026-01-04 01:43:00,598 [INFO] ThirdParty:1030 - CMSIS Pack Vendor :portGmbH I-Cube-SoM-uGOAL 1.1.0
2026-01-04 01:43:00,598 [INFO] ThirdParty:1030 - CMSIS Pack Vendor :STMicroelectronics X-CUBE-AI 10.2.0
2026-01-04 01:43:00,599 [INFO] ThirdParty:1030 - CMSIS Pack Vendor :STMicroelectronics ThreadX 1.0.0
2026-01-04 01:43:00,599 [INFO] ThirdParty:1030 - CMSIS Pack Vendor :SEGGER I-CUBE-embOS 1.3.1
2026-01-04 01:43:00,600 [INFO] ThirdParty:1030 - CMSIS Pack Vendor :STMicroelectronics X-CUBE-ALGOBUILD 1.4.0
2026-01-04 01:43:00,600 [INFO] ThirdParty:1030 - CMSIS Pack Vendor :STMicroelectronics X-CUBE-TOF1 3.4.2
2026-01-04 01:43:00,600 [INFO] ThirdParty:1030 - CMSIS Pack Vendor :STMicroelectronics X-CUBE-TOF1 3.4.3
2026-01-04 01:43:00,600 [INFO] ThirdParty:841 - exiting critical section [change project]
2026-01-04 01:43:01,033 [INFO] PinOutPanel:1589 - setPackage(No Configuration,No Configuration)
2026-01-04 01:43:01,036 [INFO] PinOutPanel:1589 - setPackage(STM32F103C8Tx,LQFP48)
2026-01-04 01:43:01,770 [INFO] UtilMem:75 - Before build in PCC Used Memory: 698702416 Bytes (779091968)
2026-01-04 01:43:03,111 [INFO] UtilMem:75 - After build in PCC Used Memory: 450887304 Bytes (779091968)
2026-01-04 01:43:03,152 [INFO] IPUIPlugin:80 - create IPUIPlugin
2026-01-04 01:43:03,154 [INFO] IPUIPlugin:80 - create IPUIPlugin
2026-01-04 01:43:03,154 [INFO] IPUIPlugin:80 - create IPUIPlugin
2026-01-04 01:43:03,154 [INFO] IPUIPlugin:80 - create IPUIPlugin
2026-01-04 01:43:03,154 [INFO] IPUIPlugin:80 - create IPUIPlugin
2026-01-04 01:43:03,154 [INFO] IPUIPlugin:80 - create IPUIPlugin
2026-01-04 01:43:03,154 [INFO] IPUIPlugin:80 - create IPUIPlugin
2026-01-04 01:43:03,155 [INFO] IPUIPlugin:80 - create IPUIPlugin
2026-01-04 01:43:03,155 [INFO] IPUIPlugin:80 - create IPUIPlugin
2026-01-04 01:43:03,155 [INFO] IPUIPlugin:80 - create IPUIPlugin
2026-01-04 01:43:03,156 [INFO] IPUIPlugin:80 - create IPUIPlugin
2026-01-04 01:43:03,156 [INFO] IPUIPlugin:80 - create IPUIPlugin
2026-01-04 01:43:03,156 [INFO] IPUIPlugin:80 - create IPUIPlugin
2026-01-04 01:43:03,156 [INFO] IPUIPlugin:80 - create IPUIPlugin
2026-01-04 01:43:03,157 [INFO] IPUIPlugin:80 - create IPUIPlugin
2026-01-04 01:43:03,157 [INFO] IPUIPlugin:80 - create IPUIPlugin
2026-01-04 01:43:03,157 [INFO] IPUIPlugin:80 - create IPUIPlugin
2026-01-04 01:43:03,157 [INFO] IPUIPlugin:80 - create IPUIPlugin
2026-01-04 01:43:03,158 [INFO] IPUIPlugin:80 - create IPUIPlugin
2026-01-04 01:43:03,158 [INFO] IPUIPlugin:80 - create IPUIPlugin
2026-01-04 01:43:03,159 [INFO] IPUIPlugin:80 - create IPUIPlugin
2026-01-04 01:43:03,160 [INFO] IPUIPlugin:80 - create IPUIPlugin
2026-01-04 01:43:03,160 [INFO] IPUIPlugin:80 - create IPUIPlugin
2026-01-04 01:43:03,161 [INFO] IPUIPlugin:80 - create IPUIPlugin
2026-01-04 01:43:03,161 [INFO] IPUIPlugin:80 - create IPUIPlugin
2026-01-04 01:43:03,161 [INFO] IPUIPlugin:80 - create IPUIPlugin
2026-01-04 01:43:03,162 [INFO] IPUIPlugin:80 - create IPUIPlugin
2026-01-04 01:43:03,488 [INFO] CADModel:165 - CPN selected for project levelSTM32F103C8T6
2026-01-04 01:43:03,488 [INFO] CADModel:114 - Register for checkConnection events
2026-01-04 01:43:03,564 [INFO] OpenFileManager:386 - Restore cursor
2026-01-04 01:43:04,870 [INFO] UtilMem:75 - End SaveConfig() Used Memory: 367003648 Bytes (779091968)
2026-01-04 01:43:04,982 [INFO] UtilMem:75 - End SaveConfig() Used Memory: 389545984 Bytes (779091968)
2026-01-04 01:43:05,989 [INFO] BlockDiagram:2775 - set Specific Code input for plugin: NVIC
2026-01-04 01:43:05,989 [INFO] BlockDiagram:2775 - set Specific Code input for plugin: RCC
2026-01-04 01:43:05,991 [INFO] CodeGenerator:892 - code generatio: config db path: D:\installs\STM32CubeIDE_1.19.0\STM32CubeIDE\plugins\com.st.stm32cube.common.mx_6.15.0.202507011659\\db\
2026-01-04 01:43:06,350 [INFO] CodeEngine:265 - oldGeneratedFile, D:\projects\stm32_cube_ide\uart_test\MXTmpFiles\license.tmp_save
2026-01-04 01:43:07,371 [INFO] CodeEngine:289 - Generated code: D:\projects\stm32_cube_ide\uart_test\MXTmpFiles\license.tmp
2026-01-04 01:43:07,408 [INFO] CodeEngine:265 - oldGeneratedFile, D:\projects\stm32_cube_ide\uart_test\Core\Src\stm32f1xx_it.c_save
2026-01-04 01:43:07,922 [INFO] CodeEngine:289 - Generated code: D:\projects\stm32_cube_ide\uart_test\Core\Src\stm32f1xx_it.c
2026-01-04 01:43:07,932 [INFO] CodeEngine:265 - oldGeneratedFile, D:\projects\stm32_cube_ide\uart_test\Core\Inc\stm32f1xx_it.h_save
2026-01-04 01:43:08,146 [INFO] CodeEngine:289 - Generated code: D:\projects\stm32_cube_ide\uart_test\Core\Inc\stm32f1xx_it.h
2026-01-04 01:43:08,358 [INFO] CodeEngine:265 - oldGeneratedFile, D:\projects\stm32_cube_ide\uart_test\Core\Src\stm32f1xx_hal_msp.c_save
2026-01-04 01:43:08,682 [INFO] CodeEngine:289 - Generated code: D:\projects\stm32_cube_ide\uart_test\Core\Src\stm32f1xx_hal_msp.c
2026-01-04 01:43:08,692 [INFO] CodeEngine:265 - oldGeneratedFile, D:\projects\stm32_cube_ide\uart_test\MXTmpFiles\system.tmp_save
2026-01-04 01:43:08,882 [INFO] CodeEngine:289 - Generated code: D:\projects\stm32_cube_ide\uart_test\MXTmpFiles\system.tmp
2026-01-04 01:43:08,903 [INFO] CodeEngine:321 - oldGeneratedFile, D:\projects\stm32_cube_ide\uart_test\Core\Inc\stm32f1xx_hal_conf.h_save
2026-01-04 01:43:09,106 [INFO] CodeEngine:345 - Generated code: D:\projects\stm32_cube_ide\uart_test\Core\Inc\stm32f1xx_hal_conf.h
2026-01-04 01:43:09,211 [INFO] ApiDbMcu:532 - Load IP Config File for RCC
2026-01-04 01:43:09,228 [INFO] CodeEngine:265 - oldGeneratedFile, D:\projects\stm32_cube_ide\uart_test\Core\Inc\main.h_save
2026-01-04 01:43:09,455 [INFO] CodeEngine:289 - Generated code: D:\projects\stm32_cube_ide\uart_test\Core\Inc\main.h
2026-01-04 01:43:09,464 [INFO] CodeEngine:265 - oldGeneratedFile, D:\projects\stm32_cube_ide\uart_test\Core\Src\main.c_save
2026-01-04 01:43:09,780 [INFO] CodeEngine:289 - Generated code: D:\projects\stm32_cube_ide\uart_test\Core\Src\main.c
2026-01-04 01:43:10,481 [INFO] ProjectBuilder:3606 - Time for Copy HAL[1] : 245mS.
2026-01-04 01:43:10,498 [INFO] ProjectBuilder:5216 - Project Generator version: 4.7.0-B52
2026-01-04 01:43:10,793 [INFO] ConfigFileManager:1595 - The Die is : DIE410
2026-01-04 01:43:10,831 [INFO] ApiDbMcu:532 - Load IP Config File for FATFS
2026-01-04 01:43:10,901 [INFO] ApiDbMcu:532 - Load IP Config File for FREERTOS
2026-01-04 01:43:10,953 [INFO] ApiDbMcu:532 - Load IP Config File for USB_DEVICE
2026-01-04 01:43:11,732 [INFO] LogOutputStream:77 - [STDOUT_REDIRECT] 
2026-01-04 01:43:16,563 [INFO] ProjectBuilder:5496 - Time for Generating toolchain IDE Files: 6065mS.
2026-01-04 01:43:16,565 [INFO] ProjectBuilder:3463 - Time for Copy CMSIS : 1mS.
2026-01-04 01:43:16,567 [INFO] ProjectBuilder:3463 - Time for Copy CMSIS : 0mS.
2026-01-04 01:43:17,857 [INFO] McuFinderGlobals:76 - Set McuFinderConnectedMode to true
2026-01-04 01:43:17,864 [INFO] ApiDb:448 - Save user favorites file C:\Users\22142/.stm32cubeide/favorites.mcus.txt: 0 item(s)
2026-01-04 01:43:17,877 [INFO] ApiDb:452 - User favorites MCUs=[]
2026-01-04 01:45:11,172 [ERROR] LogOutputStream:75 - [STDERR_REDIRECT] Exception in thread "AWT-EventQueue-0" java.awt.IllegalComponentStateException: component must be showing on the screen to determine its location
2026-01-04 01:45:11,175 [ERROR] LogOutputStream:75 - [STDERR_REDIRECT] 	at java.desktop/java.awt.Component.getLocationOnScreen_NoTreeLock(Component.java:2113)
2026-01-04 01:45:11,178 [ERROR] LogOutputStream:75 - [STDERR_REDIRECT] 	at java.desktop/java.awt.Component.getLocationOnScreen(Component.java:2087)
2026-01-04 01:45:11,180 [ERROR] LogOutputStream:75 - [STDERR_REDIRECT] 	at java.desktop/javax.swing.JPopupMenu.show(JPopupMenu.java:982)
2026-01-04 01:45:11,182 [ERROR] LogOutputStream:75 - [STDERR_REDIRECT] 	at java.desktop/javax.swing.plaf.basic.BasicComboPopup.show(BasicComboPopup.java:235)
2026-01-04 01:45:11,184 [ERROR] LogOutputStream:75 - [STDERR_REDIRECT] 	at java.desktop/javax.swing.plaf.basic.BasicComboPopup.togglePopup(BasicComboPopup.java:1265)
2026-01-04 01:45:11,187 [ERROR] LogOutputStream:75 - [STDERR_REDIRECT] 	at java.desktop/javax.swing.plaf.basic.BasicComboPopup$Handler.mousePressed(BasicComboPopup.java:936)
2026-01-04 01:45:11,189 [ERROR] LogOutputStream:75 - [STDERR_REDIRECT] 	at java.desktop/java.awt.Component.processMouseEvent(Component.java:6618)
2026-01-04 01:45:11,190 [ERROR] LogOutputStream:75 - [STDERR_REDIRECT] 	at java.desktop/javax.swing.JComponent.processMouseEvent(JComponent.java:3398)
2026-01-04 01:45:11,193 [ERROR] LogOutputStream:75 - [STDERR_REDIRECT] 	at java.desktop/java.awt.Component.processEvent(Component.java:6386)
2026-01-04 01:45:11,196 [ERROR] LogOutputStream:75 - [STDERR_REDIRECT] 	at java.desktop/java.awt.Container.processEvent(Container.java:2266)
2026-01-04 01:45:11,197 [ERROR] LogOutputStream:75 - [STDERR_REDIRECT] 	at java.desktop/java.awt.Component.dispatchEventImpl(Component.java:4996)
2026-01-04 01:45:11,200 [ERROR] LogOutputStream:75 - [STDERR_REDIRECT] 	at java.desktop/java.awt.Container.dispatchEventImpl(Container.java:2324)
2026-01-04 01:45:11,201 [ERROR] LogOutputStream:75 - [STDERR_REDIRECT] 	at java.desktop/java.awt.Component.dispatchEvent(Component.java:4828)
2026-01-04 01:45:11,204 [ERROR] LogOutputStream:75 - [STDERR_REDIRECT] 	at java.desktop/javax.swing.plaf.basic.BasicTableUI$Handler.repostEvent(BasicTableUI.java:978)
2026-01-04 01:45:11,206 [ERROR] LogOutputStream:75 - [STDERR_REDIRECT] 	at java.desktop/javax.swing.plaf.basic.BasicTableUI$Handler.adjustSelection(BasicTableUI.java:1140)
2026-01-04 01:45:11,208 [ERROR] LogOutputStream:75 - [STDERR_REDIRECT] 	at java.desktop/javax.swing.plaf.basic.BasicTableUI$Handler.mousePressed(BasicTableUI.java:1068)
2026-01-04 01:45:11,226 [ERROR] LogOutputStream:75 - [STDERR_REDIRECT] 	at java.desktop/java.awt.AWTEventMulticaster.mousePressed(AWTEventMulticaster.java:288)
2026-01-04 01:45:11,229 [ERROR] LogOutputStream:75 - [STDERR_REDIRECT] 	at java.desktop/java.awt.AWTEventMulticaster.mousePressed(AWTEventMulticaster.java:287)
2026-01-04 01:45:11,231 [ERROR] LogOutputStream:75 - [STDERR_REDIRECT] 	at java.desktop/java.awt.AWTEventMulticaster.mousePressed(AWTEventMulticaster.java:287)
2026-01-04 01:45:11,233 [ERROR] LogOutputStream:75 - [STDERR_REDIRECT] 	at java.desktop/java.awt.AWTEventMulticaster.mousePressed(AWTEventMulticaster.java:287)
2026-01-04 01:45:11,235 [ERROR] LogOutputStream:75 - [STDERR_REDIRECT] 	at java.desktop/java.awt.Component.processMouseEvent(Component.java:6618)
2026-01-04 01:45:11,238 [ERROR] LogOutputStream:75 - [STDERR_REDIRECT] 	at java.desktop/javax.swing.JComponent.processMouseEvent(JComponent.java:3398)
2026-01-04 01:45:11,240 [ERROR] LogOutputStream:75 - [STDERR_REDIRECT] 	at java.desktop/java.awt.Component.processEvent(Component.java:6386)
2026-01-04 01:45:11,241 [ERROR] LogOutputStream:75 - [STDERR_REDIRECT] 	at java.desktop/java.awt.Container.processEvent(Container.java:2266)
2026-01-04 01:45:11,244 [ERROR] LogOutputStream:75 - [STDERR_REDIRECT] 	at java.desktop/java.awt.Component.dispatchEventImpl(Component.java:4996)
2026-01-04 01:45:11,246 [ERROR] LogOutputStream:75 - [STDERR_REDIRECT] 	at java.desktop/java.awt.Container.dispatchEventImpl(Container.java:2324)
2026-01-04 01:45:11,248 [ERROR] LogOutputStream:75 - [STDERR_REDIRECT] 	at java.desktop/java.awt.Component.dispatchEvent(Component.java:4828)
2026-01-04 01:45:11,250 [ERROR] LogOutputStream:75 - [STDERR_REDIRECT] 	at java.desktop/java.awt.LightweightDispatcher.retargetMouseEvent(Container.java:4948)
2026-01-04 01:45:11,252 [ERROR] LogOutputStream:75 - [STDERR_REDIRECT] 	at java.desktop/java.awt.LightweightDispatcher.processMouseEvent(Container.java:4572)
2026-01-04 01:45:11,255 [ERROR] LogOutputStream:75 - [STDERR_REDIRECT] 	at java.desktop/java.awt.LightweightDispatcher.dispatchEvent(Container.java:4516)
2026-01-04 01:45:11,256 [ERROR] LogOutputStream:75 - [STDERR_REDIRECT] 	at java.desktop/java.awt.Container.dispatchEventImpl(Container.java:2310)
2026-01-04 01:45:11,258 [ERROR] LogOutputStream:75 - [STDERR_REDIRECT] 	at java.desktop/java.awt.Component.dispatchEvent(Component.java:4828)
2026-01-04 01:45:11,260 [ERROR] LogOutputStream:75 - [STDERR_REDIRECT] 	at java.desktop/java.awt.EventQueue.dispatchEventImpl(EventQueue.java:775)
2026-01-04 01:45:11,261 [ERROR] LogOutputStream:75 - [STDERR_REDIRECT] 	at java.desktop/java.awt.EventQueue$4.run(EventQueue.java:720)
2026-01-04 01:45:11,264 [ERROR] LogOutputStream:75 - [STDERR_REDIRECT] 	at java.desktop/java.awt.EventQueue$4.run(EventQueue.java:714)
2026-01-04 01:45:11,266 [ERROR] LogOutputStream:75 - [STDERR_REDIRECT] 	at java.base/java.security.AccessController.doPrivileged(AccessController.java:400)
2026-01-04 01:45:11,269 [ERROR] LogOutputStream:75 - [STDERR_REDIRECT] 	at java.base/java.security.ProtectionDomain$JavaSecurityAccessImpl.doIntersectionPrivilege(ProtectionDomain.java:87)
2026-01-04 01:45:11,272 [ERROR] LogOutputStream:75 - [STDERR_REDIRECT] 	at java.base/java.security.ProtectionDomain$JavaSecurityAccessImpl.doIntersectionPrivilege(ProtectionDomain.java:98)
2026-01-04 01:45:11,273 [ERROR] LogOutputStream:75 - [STDERR_REDIRECT] 	at java.desktop/java.awt.EventQueue$5.run(EventQueue.java:747)
2026-01-04 01:45:11,275 [ERROR] LogOutputStream:75 - [STDERR_REDIRECT] 	at java.desktop/java.awt.EventQueue$5.run(EventQueue.java:745)
2026-01-04 01:45:11,277 [ERROR] LogOutputStream:75 - [STDERR_REDIRECT] 	at java.base/java.security.AccessController.doPrivileged(AccessController.java:400)
2026-01-04 01:45:11,280 [ERROR] LogOutputStream:75 - [STDERR_REDIRECT] 	at java.base/java.security.ProtectionDomain$JavaSecurityAccessImpl.doIntersectionPrivilege(ProtectionDomain.java:87)
2026-01-04 01:45:11,282 [ERROR] LogOutputStream:75 - [STDERR_REDIRECT] 	at java.desktop/java.awt.EventQueue.dispatchEvent(EventQueue.java:744)
2026-01-04 01:45:11,284 [ERROR] LogOutputStream:75 - [STDERR_REDIRECT] 	at java.desktop/java.awt.EventDispatchThread.pumpOneEventForFilters(EventDispatchThread.java:203)
2026-01-04 01:45:11,287 [ERROR] LogOutputStream:75 - [STDERR_REDIRECT] 	at java.desktop/java.awt.EventDispatchThread.pumpEventsForFilter(EventDispatchThread.java:124)
2026-01-04 01:45:11,289 [ERROR] LogOutputStream:75 - [STDERR_REDIRECT] 	at java.desktop/java.awt.EventDispatchThread.pumpEventsForHierarchy(EventDispatchThread.java:113)
2026-01-04 01:45:11,292 [ERROR] LogOutputStream:75 - [STDERR_REDIRECT] 	at java.desktop/java.awt.EventDispatchThread.pumpEvents(EventDispatchThread.java:109)
2026-01-04 01:45:11,294 [ERROR] LogOutputStream:75 - [STDERR_REDIRECT] 	at java.desktop/java.awt.EventDispatchThread.pumpEvents(EventDispatchThread.java:101)
2026-01-04 01:45:11,297 [ERROR] LogOutputStream:75 - [STDERR_REDIRECT] 	at java.desktop/java.awt.EventDispatchThread.run(EventDispatchThread.java:90)
2026-01-04 01:46:36,916 [INFO] UtilMem:75 - End SaveConfig() Used Memory: 906550712 Bytes (1073741824)
2026-01-04 01:46:38,692 [INFO] UtilMem:75 - End SaveConfig() Used Memory: 925546040 Bytes (1073741824)
2026-01-04 01:46:43,337 [INFO] UtilMem:75 - End SaveConfig() Used Memory: 990443000 Bytes (1073741824)
2026-01-04 01:46:43,949 [INFO] BlockDiagram:2775 - set Specific Code input for plugin: NVIC
2026-01-04 01:46:43,949 [INFO] BlockDiagram:2775 - set Specific Code input for plugin: USART
2026-01-04 01:46:43,949 [INFO] BlockDiagram:2775 - set Specific Code input for plugin: SYS
2026-01-04 01:46:43,949 [INFO] BlockDiagram:2775 - set Specific Code input for plugin: GPIO
2026-01-04 01:46:43,949 [INFO] BlockDiagram:2775 - set Specific Code input for plugin: RCC
2026-01-04 01:46:43,951 [INFO] CodeGenerator:892 - code generatio: config db path: D:\installs\STM32CubeIDE_1.19.0\STM32CubeIDE\plugins\com.st.stm32cube.common.mx_6.15.0.202507011659\\db\
2026-01-04 01:46:44,059 [INFO] CodeEngine:265 - oldGeneratedFile, D:\projects\stm32_cube_ide\uart_test\MXTmpFiles\license.tmp_save
2026-01-04 01:46:44,451 [INFO] CodeEngine:289 - Generated code: D:\projects\stm32_cube_ide\uart_test\MXTmpFiles\license.tmp
2026-01-04 01:46:44,521 [INFO] CodeEngine:265 - oldGeneratedFile, D:\projects\stm32_cube_ide\uart_test\MXTmpFiles\gpio.tmp_save
2026-01-04 01:46:44,759 [INFO] CodeEngine:289 - Generated code: D:\projects\stm32_cube_ide\uart_test\MXTmpFiles\gpio.tmp
2026-01-04 01:46:44,897 [INFO] CodeEngine:265 - oldGeneratedFile, D:\projects\stm32_cube_ide\uart_test\Core\Src\stm32f1xx_it.c_save
2026-01-04 01:46:45,197 [INFO] CodeEngine:289 - Generated code: D:\projects\stm32_cube_ide\uart_test\Core\Src\stm32f1xx_it.c
2026-01-04 01:46:45,208 [INFO] CodeEngine:265 - oldGeneratedFile, D:\projects\stm32_cube_ide\uart_test\Core\Inc\stm32f1xx_it.h_save
2026-01-04 01:46:45,396 [INFO] CodeEngine:289 - Generated code: D:\projects\stm32_cube_ide\uart_test\Core\Inc\stm32f1xx_it.h
2026-01-04 01:46:45,416 [INFO] CodeEngine:265 - oldGeneratedFile, D:\projects\stm32_cube_ide\uart_test\Core\Src\stm32f1xx_hal_msp.c_save
2026-01-04 01:46:45,707 [INFO] CodeEngine:289 - Generated code: D:\projects\stm32_cube_ide\uart_test\Core\Src\stm32f1xx_hal_msp.c
2026-01-04 01:46:45,716 [INFO] CodeEngine:265 - oldGeneratedFile, D:\projects\stm32_cube_ide\uart_test\MXTmpFiles\system.tmp_save
2026-01-04 01:46:45,863 [INFO] CodeEngine:289 - Generated code: D:\projects\stm32_cube_ide\uart_test\MXTmpFiles\system.tmp
2026-01-04 01:46:45,883 [INFO] CodeEngine:321 - oldGeneratedFile, D:\projects\stm32_cube_ide\uart_test\Core\Inc\stm32f1xx_hal_conf.h_save
2026-01-04 01:46:46,058 [INFO] CodeEngine:345 - Generated code: D:\projects\stm32_cube_ide\uart_test\Core\Inc\stm32f1xx_hal_conf.h
2026-01-04 01:46:46,108 [INFO] ApiDbMcu:532 - Load IP Config File for USART1
2026-01-04 01:46:46,124 [INFO] CodeEngine:265 - oldGeneratedFile, D:\projects\stm32_cube_ide\uart_test\Core\Inc\main.h_save
2026-01-04 01:46:46,295 [INFO] CodeEngine:289 - Generated code: D:\projects\stm32_cube_ide\uart_test\Core\Inc\main.h
2026-01-04 01:46:46,308 [INFO] CodeEngine:265 - oldGeneratedFile, D:\projects\stm32_cube_ide\uart_test\Core\Src\main.c_save
2026-01-04 01:46:46,550 [INFO] CodeEngine:289 - Generated code: D:\projects\stm32_cube_ide\uart_test\Core\Src\main.c
2026-01-04 01:46:47,118 [INFO] ProjectBuilder:3606 - Time for Copy HAL[1] : 260mS.
2026-01-04 01:46:47,124 [INFO] ProjectBuilder:5216 - Project Generator version: 4.7.0-B52
2026-01-04 01:46:47,291 [INFO] ConfigFileManager:1595 - The Die is : DIE410
2026-01-04 01:46:49,136 [INFO] ProjectBuilder:5496 - Time for Generating toolchain IDE Files: 2012mS.
2026-01-04 01:46:49,138 [INFO] ProjectBuilder:3463 - Time for Copy CMSIS : 1mS.
2026-01-04 01:46:49,141 [INFO] ProjectBuilder:3463 - Time for Copy CMSIS : 0mS.
2026-01-04 02:04:12,518 [INFO] MainUpdater:2872 - connection check result : 10
2026-01-04 02:04:12,518 [INFO] MainUpdater:2872 - connection check result : 10
2026-01-04 02:04:12,614 [INFO] MicroXplorer:468 - Change Database Path : 
2026-01-04 02:04:12,614 [INFO] MicroXplorer:498 - Change Database Version : DB.6.0.150
2026-01-04 02:04:12,655 [ERROR] ProjectManagerView:395 - 
java.lang.NullPointerException: Cannot invoke "javax.swing.JTextField.getText()" because the return value of "java.util.List.get(int)" is null
	at com.st.microxplorer.plugins.projectmanager.gui.ProjectChoiceTab$9.caretUpdate(ProjectChoiceTab.java:2706) ~[filemanager.jar:?]
	at javax.swing.text.JTextComponent.fireCaretUpdate(JTextComponent.java:408) ~[?:?]
	at javax.swing.text.JTextComponent$MutableCaretEvent.fire(JTextComponent.java:4484) ~[?:?]
	at javax.swing.text.JTextComponent$MutableCaretEvent.stateChanged(JTextComponent.java:4506) ~[?:?]
	at javax.swing.text.DefaultCaret.fireStateChanged(DefaultCaret.java:857) ~[?:?]
	at javax.swing.text.DefaultCaret.changeCaretPosition(DefaultCaret.java:1343) ~[?:?]
	at javax.swing.text.DefaultCaret.handleSetDot(DefaultCaret.java:1242) ~[?:?]
	at javax.swing.text.DefaultCaret.setDot(DefaultCaret.java:1223) ~[?:?]
	at javax.swing.text.DefaultCaret$Handler.insertUpdate(DefaultCaret.java:1819) ~[?:?]
	at javax.swing.text.AbstractDocument.fireInsertUpdate(AbstractDocument.java:227) ~[?:?]
	at javax.swing.text.AbstractDocument.handleInsertString(AbstractDocument.java:781) ~[?:?]
	at javax.swing.text.AbstractDocument.insertString(AbstractDocument.java:740) ~[?:?]
	at javax.swing.text.PlainDocument.insertString(PlainDocument.java:131) ~[?:?]
	at javax.swing.text.AbstractDocument.replace(AbstractDocument.java:699) ~[?:?]
	at javax.swing.text.JTextComponent.setText(JTextComponent.java:1725) ~[?:?]
	at com.st.microxplorer.plugins.projectmanager.gui.ProjectChoiceTab.createHeapStackFields(ProjectChoiceTab.java:993) ~[filemanager.jar:?]
	at com.st.microxplorer.plugins.projectmanager.gui.ProjectChoiceTab.buildLinkSettingsPanel(ProjectChoiceTab.java:3813) ~[filemanager.jar:?]
	at com.st.microxplorer.plugins.projectmanager.gui.ProjectChoiceTab.defineWindowsFields(ProjectChoiceTab.java:1987) ~[filemanager.jar:?]
	at com.st.microxplorer.plugins.projectmanager.gui.ProjectChoiceTab.updateSettings(ProjectChoiceTab.java:558) ~[filemanager.jar:?]
	at com.st.microxplorer.plugins.projectmanager.gui.ProjectSettingsPanel.UpdateDialog(ProjectSettingsPanel.java:247) ~[filemanager.jar:?]
	at com.st.microxplorer.plugins.projectmanager.ProjectManagerView.propertyChange(ProjectManagerView.java:392) ~[filemanager.jar:?]
	at java.beans.PropertyChangeSupport.fire(PropertyChangeSupport.java:343) ~[?:?]
	at java.beans.PropertyChangeSupport.firePropertyChange(PropertyChangeSupport.java:335) ~[?:?]
	at java.beans.PropertyChangeSupport.firePropertyChange(PropertyChangeSupport.java:268) ~[?:?]
	at com.st.microxplorer.util.MXPropertyChangeSupport.firePropertyChange(MXPropertyChangeSupport.java:54) ~[STM32CubeMX.jar:?]
	at com.st.microxplorer.mxsystem.MxSystem.closeConfig(MxSystem.java:899) ~[STM32CubeMX.jar:?]
	at com.st.microxplorer.maingui.MainPanel.closeConfig(MainPanel.java:792) ~[STM32CubeMX.jar:?]
	at com.st.microxplorer.plugins.filemanager.engine.OpenFileManager.loadConfigurationFile(OpenFileManager.java:288) ~[filemanager.jar:?]
	at com.st.microxplorer.plugins.filemanager.engine.MainFileManager.userLoadConfig(MainFileManager.java:364) ~[filemanager.jar:?]
	at com.st.microxplorer.plugins.filemanager.engine.MainFileManager.userLoadConfig(MainFileManager.java:342) ~[filemanager.jar:?]
	at com.st.microxplorer.plugins.filemanager.FileManagerView.getSpecificTask(FileManagerView.java:264) ~[filemanager.jar:?]
	at com.st.stm32cube.common.mx.editor.CubeMxEditor.getMxTabbedPaneInstance(CubeMxEditor.java:1198) ~[com.st.stm32cube.common.mx_6.15.0.202507011659/:?]
	at com.st.stm32cube.common.mx.editor.CubeMxEditor$12$1.createSwingComponent(CubeMxEditor.java:1068) ~[com.st.stm32cube.common.mx_6.15.0.202507011659/:?]
	at com.st.stm32cube.common.mx.oss.core.awtswtbridge.EmbeddedSwingComposite.doComponentCreation(EmbeddedSwingComposite.java:492) ~[com.st.stm32cube.common.mx.oss_6.15.0.202507011659/:?]
	at com.st.stm32cube.common.mx.oss.core.awtswtbridge.EmbeddedSwingComposite$4.run(EmbeddedSwingComposite.java:291) ~[com.st.stm32cube.common.mx.oss_6.15.0.202507011659/:?]
	at com.st.stm32cube.common.mx.oss.core.awtswtbridge.AwtEnvironment$2.run(AwtEnvironment.java:166) ~[com.st.stm32cube.common.mx.oss_6.15.0.202507011659/:?]
	at java.awt.event.InvocationEvent.dispatch(InvocationEvent.java:318) ~[?:?]
	at java.awt.EventQueue.dispatchEventImpl(EventQueue.java:773) ~[?:?]
	at java.awt.EventQueue$4.run(EventQueue.java:720) ~[?:?]
	at java.awt.EventQueue$4.run(EventQueue.java:714) ~[?:?]
	at java.security.AccessController.doPrivileged(AccessController.java:400) ~[?:?]
	at java.security.ProtectionDomain$JavaSecurityAccessImpl.doIntersectionPrivilege(ProtectionDomain.java:87) ~[?:?]
	at java.awt.EventQueue.dispatchEvent(EventQueue.java:742) ~[?:?]
	at java.awt.EventDispatchThread.pumpOneEventForFilters(EventDispatchThread.java:203) ~[?:?]
	at java.awt.EventDispatchThread.pumpEventsForFilter(EventDispatchThread.java:124) ~[?:?]
	at java.awt.EventDispatchThread.pumpEventsForHierarchy(EventDispatchThread.java:113) ~[?:?]
	at java.awt.EventDispatchThread.pumpEvents(EventDispatchThread.java:109) ~[?:?]
	at java.awt.EventDispatchThread.pumpEvents(EventDispatchThread.java:101) ~[?:?]
	at java.awt.EventDispatchThread.run(EventDispatchThread.java:90) ~[?:?]
2026-01-04 02:04:12,998 [WARN] ThirdParty:871 - waiting for thirdparty lock release [close project]
2026-01-04 02:04:12,998 [INFO] ThirdParty:873 - entering critical section [close project]
2026-01-04 02:04:12,999 [INFO] ThirdParty:883 - exiting critical section [close project]
2026-01-04 02:04:13,000 [INFO] PinOutPanel:1589 - setPackage(No Configuration,No Configuration)
2026-01-04 02:04:13,030 [INFO] UtilMem:75 - Begin LoadConfig() Used Memory: 900244384 Bytes (1073741824)
2026-01-04 02:04:13,030 [INFO] MicroXplorer:468 - Change Database Path : 
2026-01-04 02:04:13,031 [INFO] MicroXplorer:498 - Change Database Version : DB.6.0.150
2026-01-04 02:04:13,031 [INFO] OpenFileManager:355 - Change cursor
2026-01-04 02:04:13,065 [INFO] RulesReader:64 - Compatibility file has been processed (317 Rules)
2026-01-04 02:04:13,072 [INFO] Mcu:2029 - Initializing MCU STM32F103C(8-B)Tx STM32F103C8Tx STM32F103C8T6
2026-01-04 02:04:13,954 [INFO] Context:786 - Trying to add GPIOservice into a context  which must be forbidden
2026-01-04 02:04:14,272 [INFO] ImportTextPane:234 - (OptionalMessage_ERROR) Pin6 (VP_RIF_VS_RIF1) cannot be retrieved for this MCU
2026-01-04 02:04:14,343 [INFO] RtosManager:558 - Registered RTOS mode: class=CMSIS, group=RTOS, mode=CMSIS_V1, owner=FREERTOS
2026-01-04 02:04:14,343 [INFO] RtosManager:558 - Registered RTOS mode: class=CMSIS, group=RTOS2, mode=CMSIS_V2, owner=FREERTOS
2026-01-04 02:04:14,343 [INFO] RtosManager:558 - Registered RTOS mode: class=RTOS, group=Core, mode=CMSIS_V1, owner=FREERTOS
2026-01-04 02:04:14,343 [INFO] RtosManager:558 - Registered RTOS mode: class=RTOS, group=Core, mode=CMSIS_V2, owner=FREERTOS
2026-01-04 02:04:14,344 [WARN] ModelIntegratedComponent:184 - Missing modes for component STMicroelectronics:FreeRTOS:0.0.1:STMicroelectronics:RTOS:FreeRTOS:Core:::10.2.0:
2026-01-04 02:04:14,366 [WARN] ModelIntegratedComponent:63 - No mode defined for component null
2026-01-04 02:04:14,366 [WARN] ModelIntegratedComponent:63 - No mode defined for component null
2026-01-04 02:04:14,366 [WARN] ModelIntegratedComponent:63 - No mode defined for component null
2026-01-04 02:04:14,366 [WARN] ModelIntegratedComponent:63 - No mode defined for component null
2026-01-04 02:04:14,367 [WARN] ModelIntegratedComponent:63 - No mode defined for component null
2026-01-04 02:04:14,367 [WARN] ModelIntegratedComponent:63 - No mode defined for component null
2026-01-04 02:04:14,367 [WARN] ModelIntegratedComponent:63 - No mode defined for component null
2026-01-04 02:04:14,367 [WARN] ModelIntegratedComponent:63 - No mode defined for component null
2026-01-04 02:04:14,367 [WARN] ModelIntegratedComponent:63 - No mode defined for component null
2026-01-04 02:04:14,367 [WARN] ModelIntegratedComponent:63 - No mode defined for component null
2026-01-04 02:04:14,367 [WARN] ModelIntegratedComponent:63 - No mode defined for component null
2026-01-04 02:04:14,367 [WARN] ModelIntegratedComponent:63 - No mode defined for component null
2026-01-04 02:04:14,367 [WARN] ModelIntegratedComponent:63 - No mode defined for component null
2026-01-04 02:04:14,367 [WARN] ModelIntegratedComponent:63 - No mode defined for component null
2026-01-04 02:04:14,368 [WARN] ModelIntegratedComponent:63 - No mode defined for component null
2026-01-04 02:04:14,368 [WARN] ModelIntegratedComponent:63 - No mode defined for component null
2026-01-04 02:04:14,368 [WARN] ModelIntegratedComponent:63 - No mode defined for component null
2026-01-04 02:04:14,368 [WARN] ModelIntegratedComponent:63 - No mode defined for component null
2026-01-04 02:04:14,368 [WARN] ModelIntegratedComponent:63 - No mode defined for component null
2026-01-04 02:04:14,368 [WARN] ModelIntegratedComponent:63 - No mode defined for component null
2026-01-04 02:04:14,368 [WARN] ModelIntegratedComponent:63 - No mode defined for component null
2026-01-04 02:04:14,368 [WARN] ModelIntegratedComponent:63 - No mode defined for component null
2026-01-04 02:04:14,368 [WARN] ModelIntegratedComponent:63 - No mode defined for component null
2026-01-04 02:04:14,368 [WARN] ModelIntegratedComponent:63 - No mode defined for component null
2026-01-04 02:04:14,368 [WARN] ModelIntegratedComponent:63 - No mode defined for component null
2026-01-04 02:04:14,368 [WARN] ModelIntegratedComponent:63 - No mode defined for component null
2026-01-04 02:04:14,369 [WARN] ModelIntegratedComponent:63 - No mode defined for component null
2026-01-04 02:04:14,369 [WARN] ModelIntegratedComponent:63 - No mode defined for component null
2026-01-04 02:04:14,369 [WARN] ModelIntegratedComponent:63 - No mode defined for component null
2026-01-04 02:04:14,369 [WARN] ModelIntegratedComponent:63 - No mode defined for component null
2026-01-04 02:04:14,369 [WARN] ModelIntegratedComponent:63 - No mode defined for component null
2026-01-04 02:04:14,369 [WARN] ModelIntegratedComponent:63 - No mode defined for component null
2026-01-04 02:04:14,369 [WARN] ModelIntegratedComponent:63 - No mode defined for component null
2026-01-04 02:04:14,369 [WARN] ModelIntegratedComponent:63 - No mode defined for component null
2026-01-04 02:04:14,369 [WARN] ModelIntegratedComponent:63 - No mode defined for component null
2026-01-04 02:04:14,369 [WARN] ModelPack:524 - Component already loaded: STMicroelectronics:HAL Drivers:0.0.0:STMicroelectronics:Device:STMicro_Driver:XSPI:HAL::0.0.1:HAL_XSPI
2026-01-04 02:04:14,735 [INFO] ThirdPartyModel:298 - Start build external matchings
2026-01-04 02:04:16,835 [INFO] ThirdPartyModel:316 - End build external matchings
2026-01-04 02:04:16,910 [INFO] ImportTextPane:234 - (OptionalMessage_ERROR) IP (RCC) : Invalid parameter (FamilyName)
2026-01-04 02:04:17,393 [INFO] UtilMem:75 - End LoadConfig() Used Memory: 829514888 Bytes (1073741824)
2026-01-04 02:04:17,491 [WARN] ThirdParty:833 - waiting for thirdparty lock release [change project]
2026-01-04 02:04:17,493 [INFO] ThirdParty:835 - entering critical section [change project]
2026-01-04 02:04:17,493 [INFO] ThirdParty:1030 - CMSIS Pack Vendor :STMicroelectronics X-CUBE-PM33A1 1.0.0
2026-01-04 02:04:17,493 [INFO] ThirdParty:1030 - CMSIS Pack Vendor :STMicroelectronics USBPD 4.1
2026-01-04 02:04:17,493 [INFO] ThirdParty:1030 - CMSIS Pack Vendor :STMicroelectronics USB_HOST 2.0.0
2026-01-04 02:04:17,493 [INFO] ThirdParty:1030 - CMSIS Pack Vendor :STMicroelectronics FP-SNS-MOTENVWB1 1.4.0
2026-01-04 02:04:17,493 [INFO] ThirdParty:1030 - CMSIS Pack Vendor :STMicroelectronics X-CUBE-AZRTOS-F4 1.1.0
2026-01-04 02:04:17,493 [INFO] ThirdParty:1030 - CMSIS Pack Vendor :STMicroelectronics LIBJPEG 8.0.0
2026-01-04 02:04:17,493 [INFO] ThirdParty:1030 - CMSIS Pack Vendor :STMicroelectronics FP-ATR-ASTRA1 2.0.2
2026-01-04 02:04:17,493 [INFO] ThirdParty:1030 - CMSIS Pack Vendor :STMicroelectronics X-CUBE-SMBUS 2.1.0
2026-01-04 02:04:17,493 [INFO] ThirdParty:1030 - CMSIS Pack Vendor :STMicroelectronics X-CUBE-WB05N 1.1.0
2026-01-04 02:04:17,493 [INFO] ThirdParty:1030 - CMSIS Pack Vendor :STMicroelectronics X-CUBE-ISPU 2.1.0
2026-01-04 02:04:17,493 [INFO] ThirdParty:1030 - CMSIS Pack Vendor :STMicroelectronics X-CUBE-IPS 3.2.0
2026-01-04 02:04:17,493 [INFO] ThirdParty:1030 - CMSIS Pack Vendor :STMicroelectronics X-CUBE-NFC12 1.0.0
2026-01-04 02:04:17,494 [INFO] ThirdParty:1030 - CMSIS Pack Vendor :STMicroelectronics X-CUBE-AZRTOS-F7 1.1.0
2026-01-04 02:04:17,494 [INFO] ThirdParty:1030 - CMSIS Pack Vendor :STMicroelectronics X-CUBE-AZRTOS-L5 2.0.0
2026-01-04 02:04:17,494 [INFO] ThirdParty:1030 - CMSIS Pack Vendor :STMicroelectronics USB_DEVICE 2.0.0
2026-01-04 02:04:17,494 [INFO] ThirdParty:1030 - CMSIS Pack Vendor :STMicroelectronics X-CUBE-NFC6 3.1.0
2026-01-04 02:04:17,494 [INFO] ThirdParty:1030 - CMSIS Pack Vendor :STMicroelectronics FP-SNS-MOTENV1 5.1.0
2026-01-04 02:04:17,494 [INFO] ThirdParty:1030 - CMSIS Pack Vendor :STMicroelectronics FreeRTOS 0.0.1
2026-01-04 02:04:17,550 [INFO] ThirdParty:1030 - CMSIS Pack Vendor :STMicroelectronics X-CUBE-DPower 1.2.0
2026-01-04 02:04:17,551 [INFO] ThirdParty:1030 - CMSIS Pack Vendor :Infineon AIROC-Wi-Fi-Bluetooth-STM32 1.7.0
2026-01-04 02:04:17,551 [INFO] ThirdParty:1030 - CMSIS Pack Vendor :STMicroelectronics PDM2PCM 3.3.0
2026-01-04 02:04:17,551 [INFO] ThirdParty:1030 - CMSIS Pack Vendor :STMicroelectronics X-CUBE-AZRTOS-H7 3.4.0
2026-01-04 02:04:17,551 [INFO] ThirdParty:1030 - CMSIS Pack Vendor :STMicroelectronics X-CUBE-DISPLAY 3.0.0
2026-01-04 02:04:17,551 [INFO] ThirdParty:1030 - CMSIS Pack Vendor :STMicroelectronics X-CUBE-NFC10 1.0.0
2026-01-04 02:04:17,551 [INFO] ThirdParty:1030 - CMSIS Pack Vendor :STMicroelectronics X-CUBE-BLEMGR 4.0.0
2026-01-04 02:04:17,551 [INFO] ThirdParty:1030 - CMSIS Pack Vendor :STMicroelectronics HAL Drivers 0.0.0
2026-01-04 02:04:17,551 [INFO] ThirdParty:1030 - CMSIS Pack Vendor :STMicroelectronics X-CUBE-ST60 1.1.0
2026-01-04 02:04:17,551 [INFO] ThirdParty:1030 - CMSIS Pack Vendor :emotas I-CUBE-CANOPEN 1.3.0
2026-01-04 02:04:17,551 [INFO] ThirdParty:1030 - CMSIS Pack Vendor :STMicroelectronics X-CUBE-FREERTOS 1.3.0
2026-01-04 02:04:17,552 [INFO] ThirdParty:1030 - CMSIS Pack Vendor :STMicroelectronics X-CUBE-NFC7 1.0.1
2026-01-04 02:04:17,552 [INFO] ThirdParty:1030 - CMSIS Pack Vendor :STMicroelectronics MBEDTLS 2.14.1
2026-01-04 02:04:17,552 [INFO] ThirdParty:1030 - CMSIS Pack Vendor :STMicroelectronics X-CUBE-GNSS1 7.1.0
2026-01-04 02:04:17,552 [INFO] ThirdParty:1030 - CMSIS Pack Vendor :STMicroelectronics X-CUBE-TOUCHGFX 4.26.0
2026-01-04 02:04:17,552 [INFO] ThirdParty:1030 - CMSIS Pack Vendor :quantropi X-CUBE-qispace-sdk-base 2.0.0
2026-01-04 02:04:17,552 [INFO] ThirdParty:1030 - CMSIS Pack Vendor :STMicroelectronics X-CUBE-AI 10.0.0
2026-01-04 02:04:17,553 [INFO] ThirdParty:1030 - CMSIS Pack Vendor :STMicroelectronics FP-SNS-STBOX1 2.1.0
2026-01-04 02:04:17,553 [INFO] ThirdParty:1030 - CMSIS Pack Vendor :STMicroelectronics FP-SNS-STAIOTCFT 1.0.0
2026-01-04 02:04:17,553 [INFO] ThirdParty:1030 - CMSIS Pack Vendor :STMicroelectronics FP-SNS-SMARTAG2 1.2.0
2026-01-04 02:04:17,553 [INFO] ThirdParty:1030 - CMSIS Pack Vendor :STMicroelectronics FP-SNS-FLIGHT1 5.1.0
2026-01-04 02:04:17,553 [INFO] ThirdParty:1030 - CMSIS Pack Vendor :STMicroelectronics X-CUBE-MEMS1 11.1.0
2026-01-04 02:04:17,553 [INFO] ThirdParty:1030 - CMSIS Pack Vendor :STMicroelectronics X-CUBE-AZRTOS-WL 2.0.0
2026-01-04 02:04:17,553 [INFO] ThirdParty:1030 - CMSIS Pack Vendor :STMicroelectronics X-CUBE-DPower 1.3.0
2026-01-04 02:04:17,553 [INFO] ThirdParty:1030 - CMSIS Pack Vendor :STMicroelectronics FP-SNS-MOTENV1 5.0.0
2026-01-04 02:04:17,553 [INFO] ThirdParty:1030 - CMSIS Pack Vendor :STMicroelectronics USB_DEVICE 1.0.0
2026-01-04 02:04:17,553 [INFO] ThirdParty:1030 - CMSIS Pack Vendor :STMicroelectronics X-CUBE-AZRTOS-H7RS 1.2.0
2026-01-04 02:04:17,553 [INFO] ThirdParty:1030 - CMSIS Pack Vendor :STMicroelectronics X-CUBE-AZRTOS-L4 2.0.0
2026-01-04 02:04:17,553 [INFO] ThirdParty:1030 - CMSIS Pack Vendor :STMicroelectronics ThreadX 0.0.2
2026-01-04 02:04:17,554 [INFO] ThirdParty:1030 - CMSIS Pack Vendor :WES I-CUBE-Cesium 1.3.0
2026-01-04 02:04:17,554 [INFO] ThirdParty:1030 - CMSIS Pack Vendor :STMicroelectronics lwIP 2.1.2
2026-01-04 02:04:17,554 [INFO] ThirdParty:1030 - CMSIS Pack Vendor :STMicroelectronics X-CUBE-SFXS2LP1 4.0.0
2026-01-04 02:04:17,554 [INFO] ThirdParty:1030 - CMSIS Pack Vendor :STMicroelectronics X-CUBE-BLE2 3.3.0
2026-01-04 02:04:17,554 [INFO] ThirdParty:1030 - CMSIS Pack Vendor :Avnet-IOTCONNECT X-CUBE-iotc-st67-sdk 1.0.0
2026-01-04 02:04:17,554 [INFO] ThirdParty:1030 - CMSIS Pack Vendor :STMicroelectronics PDM2PCM 3.2.0
2026-01-04 02:04:17,554 [INFO] ThirdParty:1030 - CMSIS Pack Vendor :STMicroelectronics X-CUBE-AZRTOS-H7 3.3.0
2026-01-04 02:04:17,554 [INFO] ThirdParty:1030 - CMSIS Pack Vendor :STMicroelectronics X-CUBE-NFC9 1.0.0
2026-01-04 02:04:17,554 [INFO] ThirdParty:1030 - CMSIS Pack Vendor :STMicroelectronics X-CUBE-BLE1 7.1.0
2026-01-04 02:04:17,554 [INFO] ThirdParty:1030 - CMSIS Pack Vendor :wolfSSL I-CUBE-wolfMQTT 1.19.2
2026-01-04 02:04:17,554 [INFO] ThirdParty:1030 - CMSIS Pack Vendor :STMicroelectronics USB_DEVICE 3.0.0
2026-01-04 02:04:17,554 [INFO] ThirdParty:1030 - CMSIS Pack Vendor :STMicroelectronics X-CUBE-FREERTOS 1.4.0
2026-01-04 02:04:17,554 [INFO] ThirdParty:1030 - CMSIS Pack Vendor :STMicroelectronics X-CUBE-EEPRMA1 5.2.0
2026-01-04 02:04:17,554 [INFO] ThirdParty:1030 - CMSIS Pack Vendor :STMicroelectronics X-CUBE-BLEMGR 4.1.0
2026-01-04 02:04:17,555 [INFO] ThirdParty:1030 - CMSIS Pack Vendor :STMicroelectronics X-CUBE-AZRTOS-WB 2.0.0
2026-01-04 02:04:17,555 [INFO] ThirdParty:1030 - CMSIS Pack Vendor :STMicroelectronics X-CUBE-GNSS1 7.0.1
2026-01-04 02:04:17,555 [INFO] ThirdParty:1030 - CMSIS Pack Vendor :STMicroelectronics X-CUBE-TOUCHGFX 4.25.0
2026-01-04 02:04:17,555 [INFO] ThirdParty:1030 - CMSIS Pack Vendor :STMicroelectronics X-CUBE-ST67W61 1.1.0
2026-01-04 02:04:17,555 [INFO] ThirdParty:1030 - CMSIS Pack Vendor :STMicroelectronics FP-SNS-STBOX1 2.0.0
2026-01-04 02:04:17,555 [INFO] ThirdParty:1030 - CMSIS Pack Vendor :STMicroelectronics X-CUBE-MEMS1 12.0.0
2026-01-04 02:04:17,555 [INFO] ThirdParty:1030 - CMSIS Pack Vendor :STMicroelectronics X-CUBE-AZRTOS-G0 1.1.0
2026-01-04 02:04:17,555 [INFO] ThirdParty:1030 - CMSIS Pack Vendor :STMicroelectronics X-CUBE-SAFEA1 1.2.2
2026-01-04 02:04:17,555 [INFO] ThirdParty:1030 - CMSIS Pack Vendor :STMicroelectronics X-CUBE-NFC4 3.0.0
2026-01-04 02:04:17,555 [INFO] ThirdParty:1030 - CMSIS Pack Vendor :STMicroelectronics X-CUBE-SUBG2 5.0.0
2026-01-04 02:04:17,555 [INFO] ThirdParty:1030 - CMSIS Pack Vendor :STMicroelectronics X-CUBE-AZRTOS-H7RS 1.1.0
2026-01-04 02:04:17,555 [INFO] ThirdParty:1030 - CMSIS Pack Vendor :STMicroelectronics STM32_WPAN 1.0.0
2026-01-04 02:04:17,556 [INFO] ThirdParty:1030 - CMSIS Pack Vendor :EmbeddedOffice I-CUBE-FS-RTOS 1.0.1
2026-01-04 02:04:17,556 [INFO] ThirdParty:1030 - CMSIS Pack Vendor :STMicroelectronics lwIP 2.0.3
2026-01-04 02:04:17,556 [INFO] ThirdParty:1030 - CMSIS Pack Vendor :Cesanta I-CUBE-Mongoose 7.13.0
2026-01-04 02:04:17,556 [INFO] ThirdParty:1030 - CMSIS Pack Vendor :STMicroelectronics USB_HOST 1.0.0
2026-01-04 02:04:17,556 [INFO] ThirdParty:1030 - CMSIS Pack Vendor :STMicroelectronics X-CUBE-AZRTOS-G4 2.0.0
2026-01-04 02:04:17,556 [INFO] ThirdParty:1030 - CMSIS Pack Vendor :STMicroelectronics X-CUBE-WB05N 2.0.0
2026-01-04 02:04:17,556 [INFO] ThirdParty:1030 - CMSIS Pack Vendor :STMicroelectronics PDM2PCM 3.1.0
2026-01-04 02:04:17,556 [INFO] ThirdParty:1030 - CMSIS Pack Vendor :wolfSSL I-CUBE-wolfTPM 3.8.0
2026-01-04 02:04:17,556 [INFO] ThirdParty:1030 - CMSIS Pack Vendor :wolfSSL I-CUBE-wolfSSH 1.4.20
2026-01-04 02:04:17,556 [INFO] ThirdParty:1030 - CMSIS Pack Vendor :STMicroelectronics X-CUBE-NFC7 2.0.0
2026-01-04 02:04:17,556 [INFO] ThirdParty:1030 - CMSIS Pack Vendor :STMicroelectronics X-CUBE-TCPP 4.2.0
2026-01-04 02:04:17,557 [INFO] ThirdParty:1030 - CMSIS Pack Vendor :RealThread X-CUBE-RT-Thread_Nano 4.1.1
2026-01-04 02:04:17,557 [INFO] ThirdParty:1030 - CMSIS Pack Vendor :STMicroelectronics FP-ATR-SIGFOX1 3.2.0
2026-01-04 02:04:17,558 [INFO] ThirdParty:1030 - CMSIS Pack Vendor :STMicroelectronics X-CUBE-EEPRMA1 5.1.0
2026-01-04 02:04:17,558 [INFO] ThirdParty:1030 - CMSIS Pack Vendor :STMicroelectronics MBEDTLS 2.16.2
2026-01-04 02:04:17,558 [INFO] ThirdParty:1030 - CMSIS Pack Vendor :STMicroelectronics X-CUBE-IPS 3.1.0
2026-01-04 02:04:17,558 [INFO] ThirdParty:1030 - CMSIS Pack Vendor :STMicroelectronics X-CUBE-ALS 1.0.2
2026-01-04 02:04:17,558 [INFO] ThirdParty:1030 - CMSIS Pack Vendor :wolfSSL I-CUBE-wolfSSL 5.7.6
2026-01-04 02:04:17,558 [INFO] ThirdParty:1030 - CMSIS Pack Vendor :ITTIA_DB I-CUBE-ITTIADB 8.9.0
2026-01-04 02:04:17,558 [INFO] ThirdParty:1030 - CMSIS Pack Vendor :STMicroelectronics X-CUBE-STSE01 1.0.0
2026-01-04 02:04:17,558 [INFO] ThirdParty:1030 - CMSIS Pack Vendor :portGmbH I-Cube-SoM-uGOAL 1.1.0
2026-01-04 02:04:17,559 [INFO] ThirdParty:1030 - CMSIS Pack Vendor :STMicroelectronics X-CUBE-AI 10.2.0
2026-01-04 02:04:17,559 [INFO] ThirdParty:1030 - CMSIS Pack Vendor :STMicroelectronics ThreadX 1.0.0
2026-01-04 02:04:17,559 [INFO] ThirdParty:1030 - CMSIS Pack Vendor :SEGGER I-CUBE-embOS 1.3.1
2026-01-04 02:04:17,559 [INFO] ThirdParty:1030 - CMSIS Pack Vendor :STMicroelectronics X-CUBE-ALGOBUILD 1.4.0
2026-01-04 02:04:17,559 [INFO] ThirdParty:1030 - CMSIS Pack Vendor :STMicroelectronics X-CUBE-TOF1 3.4.2
2026-01-04 02:04:17,559 [INFO] ThirdParty:1030 - CMSIS Pack Vendor :STMicroelectronics X-CUBE-TOF1 3.4.3
2026-01-04 02:04:17,559 [INFO] ThirdParty:841 - exiting critical section [change project]
2026-01-04 02:04:17,889 [INFO] PinOutPanel:1589 - setPackage(No Configuration,No Configuration)
2026-01-04 02:04:17,891 [INFO] PinOutPanel:1589 - setPackage(STM32F103C8Tx,LQFP48)
2026-01-04 02:04:18,447 [INFO] UtilMem:75 - Before build in PCC Used Memory: 918635496 Bytes (1073741824)
2026-01-04 02:04:18,956 [INFO] UtilMem:75 - After build in PCC Used Memory: 963197928 Bytes (1073741824)
2026-01-04 02:04:18,995 [INFO] IPUIPlugin:80 - create IPUIPlugin
2026-01-04 02:04:18,996 [INFO] IPUIPlugin:80 - create IPUIPlugin
2026-01-04 02:04:18,996 [INFO] IPUIPlugin:80 - create IPUIPlugin
2026-01-04 02:04:18,996 [INFO] IPUIPlugin:80 - create IPUIPlugin
2026-01-04 02:04:18,997 [INFO] IPUIPlugin:80 - create IPUIPlugin
2026-01-04 02:04:18,997 [INFO] IPUIPlugin:80 - create IPUIPlugin
2026-01-04 02:04:18,997 [INFO] IPUIPlugin:80 - create IPUIPlugin
2026-01-04 02:04:18,998 [INFO] IPUIPlugin:80 - create IPUIPlugin
2026-01-04 02:04:18,998 [INFO] IPUIPlugin:80 - create IPUIPlugin
2026-01-04 02:04:18,998 [INFO] IPUIPlugin:80 - create IPUIPlugin
2026-01-04 02:04:18,999 [INFO] IPUIPlugin:80 - create IPUIPlugin
2026-01-04 02:04:18,999 [INFO] IPUIPlugin:80 - create IPUIPlugin
2026-01-04 02:04:19,000 [INFO] IPUIPlugin:80 - create IPUIPlugin
2026-01-04 02:04:19,000 [INFO] IPUIPlugin:80 - create IPUIPlugin
2026-01-04 02:04:19,000 [INFO] IPUIPlugin:80 - create IPUIPlugin
2026-01-04 02:04:19,000 [INFO] IPUIPlugin:80 - create IPUIPlugin
2026-01-04 02:04:19,002 [INFO] IPUIPlugin:80 - create IPUIPlugin
2026-01-04 02:04:19,002 [INFO] IPUIPlugin:80 - create IPUIPlugin
2026-01-04 02:04:19,002 [INFO] IPUIPlugin:80 - create IPUIPlugin
2026-01-04 02:04:19,003 [INFO] IPUIPlugin:80 - create IPUIPlugin
2026-01-04 02:04:19,003 [INFO] IPUIPlugin:80 - create IPUIPlugin
2026-01-04 02:04:19,003 [INFO] IPUIPlugin:80 - create IPUIPlugin
2026-01-04 02:04:19,003 [INFO] IPUIPlugin:80 - create IPUIPlugin
2026-01-04 02:04:19,004 [INFO] IPUIPlugin:80 - create IPUIPlugin
2026-01-04 02:04:19,004 [INFO] IPUIPlugin:80 - create IPUIPlugin
2026-01-04 02:04:19,004 [INFO] IPUIPlugin:80 - create IPUIPlugin
2026-01-04 02:04:19,004 [INFO] IPUIPlugin:80 - create IPUIPlugin
2026-01-04 02:04:19,076 [INFO] CADModel:165 - CPN selected for project levelSTM32F103C8T6
2026-01-04 02:04:19,076 [INFO] CADModel:114 - Register for checkConnection events
2026-01-04 02:04:19,168 [INFO] OpenFileManager:386 - Restore cursor
2026-01-04 02:04:38,301 [INFO] Gpio:278 - dependency for GPIO [RCC, USART1]
2026-01-04 02:04:47,052 [INFO] Gpio:278 - dependency for GPIO [RCC, USART1]
2026-01-04 02:05:38,066 [INFO] UtilMem:75 - End SaveConfig() Used Memory: 824286176 Bytes (1073741824)
2026-01-04 02:05:40,052 [INFO] UtilMem:75 - End SaveConfig() Used Memory: 845136736 Bytes (1073741824)
2026-01-04 02:05:45,194 [INFO] UtilMem:75 - End SaveConfig() Used Memory: 964937400 Bytes (1073741824)
2026-01-04 02:05:45,437 [INFO] BlockDiagram:2775 - set Specific Code input for plugin: NVIC
2026-01-04 02:05:45,437 [INFO] BlockDiagram:2775 - set Specific Code input for plugin: USART
2026-01-04 02:05:45,437 [INFO] BlockDiagram:2775 - set Specific Code input for plugin: SYS
2026-01-04 02:05:45,437 [INFO] BlockDiagram:2775 - set Specific Code input for plugin: GPIO
2026-01-04 02:05:45,437 [INFO] BlockDiagram:2775 - set Specific Code input for plugin: RCC
2026-01-04 02:05:45,439 [INFO] CodeGenerator:892 - code generatio: config db path: D:\installs\STM32CubeIDE_1.19.0\STM32CubeIDE\plugins\com.st.stm32cube.common.mx_6.15.0.202507011659\\db\
2026-01-04 02:05:45,570 [INFO] CodeEngine:265 - oldGeneratedFile, D:\projects\stm32_cube_ide\uart_test\MXTmpFiles\license.tmp_save
2026-01-04 02:05:46,107 [INFO] CodeEngine:289 - Generated code: D:\projects\stm32_cube_ide\uart_test\MXTmpFiles\license.tmp
2026-01-04 02:05:46,163 [INFO] CodeEngine:265 - oldGeneratedFile, D:\projects\stm32_cube_ide\uart_test\MXTmpFiles\gpio.tmp_save
2026-01-04 02:05:46,453 [INFO] CodeEngine:289 - Generated code: D:\projects\stm32_cube_ide\uart_test\MXTmpFiles\gpio.tmp
2026-01-04 02:05:46,509 [INFO] CodeEngine:265 - oldGeneratedFile, D:\projects\stm32_cube_ide\uart_test\Core\Src\stm32f1xx_it.c_save
2026-01-04 02:05:46,975 [INFO] CodeEngine:289 - Generated code: D:\projects\stm32_cube_ide\uart_test\Core\Src\stm32f1xx_it.c
2026-01-04 02:05:46,985 [INFO] CodeEngine:265 - oldGeneratedFile, D:\projects\stm32_cube_ide\uart_test\Core\Inc\stm32f1xx_it.h_save
2026-01-04 02:05:47,114 [INFO] CodeEngine:289 - Generated code: D:\projects\stm32_cube_ide\uart_test\Core\Inc\stm32f1xx_it.h
2026-01-04 02:05:47,132 [INFO] CodeEngine:265 - oldGeneratedFile, D:\projects\stm32_cube_ide\uart_test\Core\Src\stm32f1xx_hal_msp.c_save
2026-01-04 02:05:47,352 [INFO] CodeEngine:289 - Generated code: D:\projects\stm32_cube_ide\uart_test\Core\Src\stm32f1xx_hal_msp.c
2026-01-04 02:05:47,359 [INFO] CodeEngine:265 - oldGeneratedFile, D:\projects\stm32_cube_ide\uart_test\MXTmpFiles\system.tmp_save
2026-01-04 02:05:47,467 [INFO] CodeEngine:289 - Generated code: D:\projects\stm32_cube_ide\uart_test\MXTmpFiles\system.tmp
2026-01-04 02:05:47,483 [INFO] CodeEngine:321 - oldGeneratedFile, D:\projects\stm32_cube_ide\uart_test\Core\Inc\stm32f1xx_hal_conf.h_save
2026-01-04 02:05:47,602 [INFO] CodeEngine:345 - Generated code: D:\projects\stm32_cube_ide\uart_test\Core\Inc\stm32f1xx_hal_conf.h
2026-01-04 02:05:47,629 [INFO] ApiDbMcu:532 - Load IP Config File for USART1
2026-01-04 02:05:47,632 [INFO] ApiDbMcu:532 - Load IP Config File for RCC
2026-01-04 02:05:47,646 [INFO] CodeEngine:265 - oldGeneratedFile, D:\projects\stm32_cube_ide\uart_test\Core\Inc\main.h_save
2026-01-04 02:05:47,831 [INFO] CodeEngine:289 - Generated code: D:\projects\stm32_cube_ide\uart_test\Core\Inc\main.h
2026-01-04 02:05:47,844 [INFO] CodeEngine:265 - oldGeneratedFile, D:\projects\stm32_cube_ide\uart_test\Core\Src\main.c_save
2026-01-04 02:05:48,059 [INFO] CodeEngine:289 - Generated code: D:\projects\stm32_cube_ide\uart_test\Core\Src\main.c
2026-01-04 02:05:48,648 [INFO] ProjectBuilder:3606 - Time for Copy HAL[1] : 268mS.
2026-01-04 02:05:48,655 [INFO] ProjectBuilder:5216 - Project Generator version: 4.7.0-B52
2026-01-04 02:05:48,813 [INFO] ConfigFileManager:1595 - The Die is : DIE410
2026-01-04 02:05:48,817 [INFO] ApiDbMcu:532 - Load IP Config File for FATFS
2026-01-04 02:05:48,822 [INFO] ApiDbMcu:532 - Load IP Config File for FREERTOS
2026-01-04 02:05:48,831 [INFO] ApiDbMcu:532 - Load IP Config File for USB_DEVICE
2026-01-04 02:05:50,047 [INFO] ProjectBuilder:5496 - Time for Generating toolchain IDE Files: 1392mS.
2026-01-04 02:05:50,048 [INFO] ProjectBuilder:3463 - Time for Copy CMSIS : 0mS.
2026-01-04 02:05:50,052 [INFO] ProjectBuilder:3463 - Time for Copy CMSIS : 0mS.
2026-01-04 02:29:15,070 [ERROR] LogOutputStream:75 - [STDERR_REDIRECT] 
2026-01-04 12:46:17,307 [INFO] Activator:176 - 


2026-01-04 12:46:17,376 [INFO] Activator:177 - !SESSION log4j initialized
2026-01-04 12:46:35,547 [INFO] LogOutputStream:77 - [STDOUT_REDIRECT] 
2026-01-04 12:46:42,195 [INFO] ApplicationProperties:184 - Using Application install path: D:\installs\STM32CubeIDE_1.19.0\STM32CubeIDE\plugins\com.st.stm32cube.common.mx_6.15.0.202507011659
2026-01-04 12:46:42,280 [INFO] DbMcusXml:78 - Set database path to: D:\installs\STM32CubeIDE_1.19.0\STM32CubeIDE\plugins\com.st.stm32cube.common.mx_6.15.0.202507011659\\db\/mcu/
2026-01-04 12:46:42,280 [INFO] ApiDb:274 - Set plugin database path to: D:\installs\STM32CubeIDE_1.19.0\STM32CubeIDE\plugins\com.st.stm32cube.common.mx_6.15.0.202507011659\\db\/plugins/boardmanager/
2026-01-04 12:46:42,280 [WARN] ApiDb:259 - Overriding images path with different value:  => D:\installs\STM32CubeIDE_1.19.0\STM32CubeIDE\plugins\com.st.stm32cube.common.mx_6.15.0.202507011659\\db\/plugins/mcufinder/images/
2026-01-04 12:46:42,320 [INFO] ApiDb:250 - Set database path to: C:\Users\22142\.stmcufinder\plugins\mcufinder//mcu/
2026-01-04 12:46:42,322 [INFO] DbMcusAds:125 - Set database path to: C:\Users\22142\.stmcufinder\plugins\mcufinder//mcu/
2026-01-04 12:46:42,326 [INFO] CrossReferenceDbSqlite:203 - Set database path to: C:\Users\22142\.stmcufinder\plugins\mcufinder//mcu/cs/
2026-01-04 12:46:42,618 [INFO] RulesReader:64 - Compatibility file has been processed (317 Rules)
2026-01-04 12:46:43,072 [INFO] DbMcusXml:78 - Set database path to: D:\installs\STM32CubeIDE_1.19.0\STM32CubeIDE\plugins\com.st.stm32cube.common.mx_6.15.0.202507011659\\db\/mcu/
2026-01-04 12:46:43,073 [INFO] ApiDb:274 - Set plugin database path to: D:\installs\STM32CubeIDE_1.19.0\STM32CubeIDE\plugins\com.st.stm32cube.common.mx_6.15.0.202507011659\\db\/plugins/boardmanager/
2026-01-04 12:46:43,073 [INFO] ApiDb:261 - Set plugin images path to: D:\installs\STM32CubeIDE_1.19.0\STM32CubeIDE\plugins\com.st.stm32cube.common.mx_6.15.0.202507011659\\db\/plugins/mcufinder/images/
2026-01-04 12:46:43,073 [WARN] DbFile:41 - Overriding database path with different value: C:\Users\22142\.stmcufinder\plugins\mcufinder/ => C:\Users\22142\.stmcufinder\plugins\mcufinder
2026-01-04 12:46:43,074 [INFO] ApiDb:250 - Set database path to: C:\Users\22142\.stmcufinder\plugins\mcufinder//mcu/
2026-01-04 12:46:43,074 [WARN] DbFile:41 - Overriding database path with different value: C:\Users\22142\.stmcufinder\plugins\mcufinder/ => C:\Users\22142\.stmcufinder\plugins\mcufinder
2026-01-04 12:46:43,074 [INFO] DbMcusAds:125 - Set database path to: C:\Users\22142\.stmcufinder\plugins\mcufinder//mcu/
2026-01-04 12:46:43,074 [WARN] DbFile:41 - Overriding database path with different value: C:\Users\22142\.stmcufinder\plugins\mcufinder/ => C:\Users\22142\.stmcufinder\plugins\mcufinder
2026-01-04 12:46:43,074 [WARN] DbFile:41 - Overriding database path with different value: C:\Users\22142\.stmcufinder\plugins\mcufinder/ => C:\Users\22142\.stmcufinder\plugins\mcufinder
2026-01-04 12:46:43,075 [INFO] CrossReferenceDbSqlite:203 - Set database path to: C:\Users\22142\.stmcufinder\plugins\mcufinder//mcu/cs/
2026-01-04 12:46:43,669 [INFO] MainPanel:274 - HeapMemory: 268435456
2026-01-04 12:46:44,481 [INFO] DbMcusXml:78 - Set database path to: D:\installs\STM32CubeIDE_1.19.0\STM32CubeIDE\plugins\com.st.stm32cube.common.mx_6.15.0.202507011659\\db\/mcu/
2026-01-04 12:46:44,481 [INFO] ApiDb:274 - Set plugin database path to: D:\installs\STM32CubeIDE_1.19.0\STM32CubeIDE\plugins\com.st.stm32cube.common.mx_6.15.0.202507011659\\db\/plugins/boardmanager/
2026-01-04 12:46:44,481 [INFO] ApiDb:261 - Set plugin images path to: D:\installs\STM32CubeIDE_1.19.0\STM32CubeIDE\plugins\com.st.stm32cube.common.mx_6.15.0.202507011659\\db\/plugins/mcufinder/images/
2026-01-04 12:46:44,481 [WARN] DbFile:41 - Overriding database path with different value: C:\Users\22142\.stmcufinder\plugins\mcufinder/ => C:\Users\22142\.stmcufinder\plugins\mcufinder
2026-01-04 12:46:44,483 [INFO] ApiDb:250 - Set database path to: C:\Users\22142\.stmcufinder\plugins\mcufinder//mcu/
2026-01-04 12:46:44,483 [WARN] DbFile:41 - Overriding database path with different value: C:\Users\22142\.stmcufinder\plugins\mcufinder/ => C:\Users\22142\.stmcufinder\plugins\mcufinder
2026-01-04 12:46:44,483 [INFO] DbMcusAds:125 - Set database path to: C:\Users\22142\.stmcufinder\plugins\mcufinder//mcu/
2026-01-04 12:46:44,483 [WARN] DbFile:41 - Overriding database path with different value: C:\Users\22142\.stmcufinder\plugins\mcufinder/ => C:\Users\22142\.stmcufinder\plugins\mcufinder
2026-01-04 12:46:44,483 [WARN] DbFile:41 - Overriding database path with different value: C:\Users\22142\.stmcufinder\plugins\mcufinder/ => C:\Users\22142\.stmcufinder\plugins\mcufinder
2026-01-04 12:46:44,483 [INFO] CrossReferenceDbSqlite:203 - Set database path to: C:\Users\22142\.stmcufinder\plugins\mcufinder//mcu/cs/
2026-01-04 12:46:44,632 [INFO] ApplicationProperties:184 - Using Application install path: D:\installs\STM32CubeIDE_1.19.0\STM32CubeIDE\plugins\com.st.stm32cube.common.mx_6.15.0.202507011659
2026-01-04 12:46:44,634 [INFO] PluginManage:196 - Search for loadable plugins [exclusion list=, ]
2026-01-04 12:46:44,645 [INFO] PluginManage:310 - Check plugin analytics
2026-01-04 12:46:45,253 [INFO] AnalyticsPlugin:253 - Accepted Software Licenses: STM32CubeMX.6.16.1
2026-01-04 12:46:45,253 [INFO] AnalyticsPlugin:255 - Accepted CMSIS Pack Licenses: 
2026-01-04 12:46:45,253 [INFO] AnalyticsPlugin:257 - Accepted Firmware Licenses: 
2026-01-04 12:46:45,261 [INFO] PluginManage:359 - Loaded plugin analytics (category:tool,tabindex:-1)
2026-01-04 12:46:45,261 [INFO] PluginManage:310 - Check plugin cadmodel
2026-01-04 12:46:45,336 [INFO] CADModel:105 - Init CAD model plugin
2026-01-04 12:46:45,336 [INFO] PluginManage:359 - Loaded plugin cadmodel (category:power,tabindex:5)
2026-01-04 12:46:45,343 [INFO] PluginManage:310 - Check plugin clock
2026-01-04 12:46:45,409 [INFO] PluginManage:359 - Loaded plugin clock (category:base,tabindex:2)
2026-01-04 12:46:45,410 [INFO] PluginManage:310 - Check plugin ddr
2026-01-04 12:46:45,446 [INFO] PluginManage:359 - Loaded plugin ddr (category:tool,tabindex:6)
2026-01-04 12:46:45,448 [INFO] PluginManage:310 - Check plugin filemanager
2026-01-04 12:46:46,099 [INFO] PluginManage:359 - Loaded plugin filemanager (category:base,tabindex:10)
2026-01-04 12:46:46,099 [INFO] PluginManage:310 - Check plugin ipmanager
2026-01-04 12:46:46,138 [INFO] PluginManage:359 - Loaded plugin ipmanager (category:base,tabindex:5)
2026-01-04 12:46:46,138 [INFO] PluginManage:310 - Check plugin lpbam
2026-01-04 12:46:46,171 [INFO] PluginManage:359 - Loaded plugin lpbam (category:base,tabindex:0)
2026-01-04 12:46:46,172 [INFO] PluginManage:310 - Check plugin memorymap
2026-01-04 12:46:46,254 [INFO] PluginManage:359 - Loaded plugin memorymap (category:base,tabindex:4)
2026-01-04 12:46:46,255 [INFO] PluginManage:310 - Check plugin pinoutandconfiguration
2026-01-04 12:46:46,296 [INFO] PluginManage:359 - Loaded plugin pinoutandconfiguration (category:base,tabindex:1)
2026-01-04 12:46:46,296 [INFO] PluginManage:310 - Check plugin pinoutconfig
2026-01-04 12:46:46,642 [WARN] SupportedApi:132 - Cannot load RTOS API schema: s4s-elt-must-match.1: The content of 'definitions' must match (annotation?, (simpleType | complexType)?, (unique | key | keyref)*)). A problem was found starting at: attribute.
2026-01-04 12:46:46,997 [INFO] PluginManage:359 - Loaded plugin pinoutconfig (category:base,tabindex:0)
2026-01-04 12:46:46,998 [INFO] PluginManage:310 - Check plugin power
2026-01-04 12:46:47,068 [INFO] PluginManage:359 - Loaded plugin power (category:power,tabindex:4)
2026-01-04 12:46:47,068 [INFO] PluginManage:310 - Check plugin projectmanager
2026-01-04 12:46:47,096 [INFO] PluginManage:359 - Loaded plugin projectmanager (category:projectmanager,tabindex:4)
2026-01-04 12:46:47,096 [INFO] PluginManage:310 - Check plugin rif
2026-01-04 12:46:47,159 [INFO] PluginManage:359 - Loaded plugin rif (category:base,tabindex:3)
2026-01-04 12:46:47,160 [INFO] PluginManage:310 - Check plugin thirdparty
2026-01-04 12:46:47,659 [INFO] PluginManage:359 - Loaded plugin thirdparty (category:base,tabindex:-1)
2026-01-04 12:46:47,659 [WARN] IntegrityCheckThread:84 - waiting for thirdparty lock release [integrity check]
2026-01-04 12:46:47,660 [INFO] PluginManage:310 - Check plugin tools
2026-01-04 12:46:47,660 [INFO] IntegrityCheckThread:86 - entering critical section [integrity check]
2026-01-04 12:46:47,661 [INFO] ThirdPartyUpdaterWithRetryManager:70 - Updater plugin not ready yet. [1/15]
2026-01-04 12:46:47,664 [INFO] PluginManage:359 - Loaded plugin tools (category:base,tabindex:7)
2026-01-04 12:46:47,664 [INFO] PluginManage:310 - Check plugin tutovideos
2026-01-04 12:46:48,160 [INFO] PluginManage:359 - Loaded plugin tutovideos (category:base,tabindex:-1)
2026-01-04 12:46:48,161 [INFO] PluginManage:310 - Check plugin updater
2026-01-04 12:46:48,240 [INFO] PluginManage:359 - Loaded plugin updater (category:base,tabindex:12)
2026-01-04 12:46:48,240 [INFO] PluginManage:310 - Check plugin userauth
2026-01-04 12:46:48,279 [INFO] UserAuth:118 - Init User Auth plugin
2026-01-04 12:46:48,281 [INFO] PluginManage:359 - Loaded plugin userauth (category:base,tabindex:14)
2026-01-04 12:46:48,282 [INFO] PluginManage:283 - PluginManage : Loaded plugins [18]
2026-01-04 12:46:49,341 [INFO] PinOutPanel:1589 - setPackage(No Configuration,No Configuration)
2026-01-04 12:46:49,697 [INFO] CADModel:165 - CPN selected for project level
2026-01-04 12:46:49,698 [INFO] CADModel:114 - Register for checkConnection events
2026-01-04 12:46:49,756 [INFO] IPUIPlugin:80 - create IPUIPlugin
2026-01-04 12:46:49,756 [INFO] PluginManager:220 - loadIPPluginJar : add adc
2026-01-04 12:46:49,761 [INFO] IPUIPlugin:80 - create IPUIPlugin
2026-01-04 12:46:49,761 [INFO] PluginManager:220 - loadIPPluginJar : add aes
2026-01-04 12:46:49,765 [INFO] IPUIPlugin:80 - create IPUIPlugin
2026-01-04 12:46:49,766 [INFO] PluginManager:220 - loadIPPluginJar : add can
2026-01-04 12:46:49,769 [INFO] IPUIPlugin:80 - create IPUIPlugin
2026-01-04 12:46:49,769 [INFO] PluginManager:220 - loadIPPluginJar : add comp
2026-01-04 12:46:49,773 [INFO] IPUIPlugin:80 - create IPUIPlugin
2026-01-04 12:46:49,773 [INFO] PluginManager:220 - loadIPPluginJar : add cryp
2026-01-04 12:46:49,793 [INFO] IPUIPlugin:80 - create IPUIPlugin
2026-01-04 12:46:49,793 [INFO] PluginManager:220 - loadIPPluginJar : add ddr_ctrl_phy
2026-01-04 12:46:49,798 [INFO] IPUIPlugin:80 - create IPUIPlugin
2026-01-04 12:46:49,798 [INFO] PluginManager:220 - loadIPPluginJar : add dfsdm
2026-01-04 12:46:49,820 [INFO] IPUIPlugin:80 - create IPUIPlugin
2026-01-04 12:46:49,821 [INFO] PluginManager:220 - loadIPPluginJar : add dma
2026-01-04 12:46:49,825 [INFO] IPUIPlugin:80 - create IPUIPlugin
2026-01-04 12:46:49,825 [INFO] PluginManager:220 - loadIPPluginJar : add dma3
2026-01-04 12:46:49,829 [INFO] IPUIPlugin:80 - create IPUIPlugin
2026-01-04 12:46:49,830 [INFO] PluginManager:220 - loadIPPluginJar : add extmemmanager
2026-01-04 12:46:49,832 [INFO] IPUIPlugin:80 - create IPUIPlugin
2026-01-04 12:46:49,832 [INFO] PluginManager:220 - loadIPPluginJar : add fatfs
2026-01-04 12:46:49,839 [INFO] IPUIPlugin:80 - create IPUIPlugin
2026-01-04 12:46:49,839 [INFO] PluginManager:220 - loadIPPluginJar : add fmc
2026-01-04 12:46:49,849 [INFO] IPUIPlugin:80 - create IPUIPlugin
2026-01-04 12:46:49,850 [INFO] PluginManager:220 - loadIPPluginJar : add freertos
2026-01-04 12:46:49,852 [INFO] IPUIPlugin:80 - create IPUIPlugin
2026-01-04 12:46:49,852 [INFO] PluginManager:220 - loadIPPluginJar : add genericplugin
2026-01-04 12:46:49,856 [INFO] IPUIPlugin:80 - create IPUIPlugin
2026-01-04 12:46:49,856 [INFO] PluginManager:220 - loadIPPluginJar : add gfxmmu
2026-01-04 12:46:49,863 [INFO] IPUIPlugin:80 - create IPUIPlugin
2026-01-04 12:46:49,864 [INFO] PluginManager:220 - loadIPPluginJar : add gic
2026-01-04 12:46:49,889 [INFO] IPUIPlugin:80 - create IPUIPlugin
2026-01-04 12:46:49,889 [INFO] PluginManager:220 - loadIPPluginJar : add gpio
2026-01-04 12:46:49,894 [INFO] IPUIPlugin:80 - create IPUIPlugin
2026-01-04 12:46:49,894 [INFO] PluginManager:220 - loadIPPluginJar : add gtzc
2026-01-04 12:46:49,898 [INFO] IPUIPlugin:80 - create IPUIPlugin
2026-01-04 12:46:49,898 [INFO] PluginManager:220 - loadIPPluginJar : add hash
2026-01-04 12:46:49,902 [INFO] IPUIPlugin:80 - create IPUIPlugin
2026-01-04 12:46:49,902 [INFO] PluginManager:220 - loadIPPluginJar : add i2c
2026-01-04 12:46:49,906 [INFO] IPUIPlugin:80 - create IPUIPlugin
2026-01-04 12:46:49,906 [INFO] PluginManager:220 - loadIPPluginJar : add i2s
2026-01-04 12:46:49,911 [INFO] IPUIPlugin:80 - create IPUIPlugin
2026-01-04 12:46:49,911 [INFO] PluginManager:220 - loadIPPluginJar : add i3c
2026-01-04 12:46:49,917 [INFO] IPUIPlugin:80 - create IPUIPlugin
2026-01-04 12:46:49,918 [INFO] PluginManager:220 - loadIPPluginJar : add ipddr
2026-01-04 12:46:49,928 [INFO] IPUIPlugin:80 - create IPUIPlugin
2026-01-04 12:46:49,928 [INFO] PluginManager:220 - loadIPPluginJar : add linkedlist
2026-01-04 12:46:49,934 [INFO] IPUIPlugin:80 - create IPUIPlugin
2026-01-04 12:46:49,934 [INFO] PluginManager:220 - loadIPPluginJar : add lorawan
2026-01-04 12:46:49,936 [INFO] IPUIPlugin:80 - create IPUIPlugin
2026-01-04 12:46:49,936 [INFO] PluginManager:220 - loadIPPluginJar : add ltdc
2026-01-04 12:46:49,944 [INFO] IPUIPlugin:80 - create IPUIPlugin
2026-01-04 12:46:49,944 [INFO] PluginManager:220 - loadIPPluginJar : add mdma
2026-01-04 12:46:49,952 [INFO] IPUIPlugin:80 - create IPUIPlugin
2026-01-04 12:46:49,952 [INFO] PluginManager:220 - loadIPPluginJar : add nvic
2026-01-04 12:46:49,958 [INFO] IPUIPlugin:80 - create IPUIPlugin
2026-01-04 12:46:49,958 [INFO] PluginManager:220 - loadIPPluginJar : add opamp
2026-01-04 12:46:49,966 [INFO] IPUIPlugin:80 - create IPUIPlugin
2026-01-04 12:46:49,966 [INFO] PluginManager:220 - loadIPPluginJar : add openamp
2026-01-04 12:46:49,972 [INFO] IPUIPlugin:80 - create IPUIPlugin
2026-01-04 12:46:49,973 [INFO] PluginManager:220 - loadIPPluginJar : add pdm2pcm
2026-01-04 12:46:49,982 [INFO] IPUIPlugin:80 - create IPUIPlugin
2026-01-04 12:46:49,989 [INFO] PluginManager:220 - loadIPPluginJar : add plateformsettings
2026-01-04 12:46:49,992 [INFO] IPUIPlugin:80 - create IPUIPlugin
2026-01-04 12:46:49,992 [INFO] PluginManager:220 - loadIPPluginJar : add quadspi
2026-01-04 12:46:50,005 [INFO] IPUIPlugin:80 - create IPUIPlugin
2026-01-04 12:46:50,005 [INFO] PluginManager:220 - loadIPPluginJar : add radio
2026-01-04 12:46:50,010 [INFO] IPUIPlugin:80 - create IPUIPlugin
2026-01-04 12:46:50,010 [INFO] PluginManager:220 - loadIPPluginJar : add resmgrutility
2026-01-04 12:46:50,015 [INFO] IPUIPlugin:80 - create IPUIPlugin
2026-01-04 12:46:50,015 [INFO] PluginManager:220 - loadIPPluginJar : add sai
2026-01-04 12:46:50,019 [INFO] IPUIPlugin:80 - create IPUIPlugin
2026-01-04 12:46:50,019 [INFO] PluginManager:220 - loadIPPluginJar : add spi
2026-01-04 12:46:50,030 [INFO] IPUIPlugin:80 - create IPUIPlugin
2026-01-04 12:46:50,031 [INFO] PluginManager:220 - loadIPPluginJar : add stm32_wpan
2026-01-04 12:46:50,034 [INFO] IPUIPlugin:80 - create IPUIPlugin
2026-01-04 12:46:50,035 [INFO] PluginManager:220 - loadIPPluginJar : add tim
2026-01-04 12:46:50,040 [INFO] IPUIPlugin:80 - create IPUIPlugin
2026-01-04 12:46:50,040 [INFO] PluginManager:220 - loadIPPluginJar : add touchsensing
2026-01-04 12:46:50,042 [INFO] IPUIPlugin:80 - create IPUIPlugin
2026-01-04 12:46:50,043 [INFO] PluginManager:220 - loadIPPluginJar : add tracer_emb
2026-01-04 12:46:50,045 [INFO] IPUIPlugin:80 - create IPUIPlugin
2026-01-04 12:46:50,046 [INFO] PluginManager:220 - loadIPPluginJar : add ts
2026-01-04 12:46:50,049 [INFO] IPUIPlugin:80 - create IPUIPlugin
2026-01-04 12:46:50,049 [INFO] PluginManager:220 - loadIPPluginJar : add tsc
2026-01-04 12:46:50,052 [INFO] IPUIPlugin:80 - create IPUIPlugin
2026-01-04 12:46:50,052 [INFO] PluginManager:220 - loadIPPluginJar : add ucpd
2026-01-04 12:46:50,056 [INFO] IPUIPlugin:80 - create IPUIPlugin
2026-01-04 12:46:50,056 [INFO] PluginManager:220 - loadIPPluginJar : add usart
2026-01-04 12:46:50,061 [INFO] IPUIPlugin:80 - create IPUIPlugin
2026-01-04 12:46:50,061 [INFO] PluginManager:220 - loadIPPluginJar : add usbx
2026-01-04 12:46:50,347 [FATAL] Updater:351 - Updater called before beeing initialized
2026-01-04 12:46:50,479 [INFO] RulesReader:64 - Compatibility file has been processed (317 Rules)
2026-01-04 12:46:50,511 [INFO] RulesReader:64 - Compatibility file has been processed (317 Rules)
2026-01-04 12:46:50,549 [INFO] CADModel:165 - CPN selected for project level
2026-01-04 12:46:50,549 [INFO] CADModel:114 - Register for checkConnection events
2026-01-04 12:46:50,549 [FATAL] Updater:351 - Updater called before beeing initialized
2026-01-04 12:46:50,549 [ERROR] CADModel:125 - Updater not yet initialized, retry later 
2026-01-04 12:46:50,673 [INFO] ThirdPartyUpdaterWithRetryManager:70 - Updater plugin not ready yet. [2/15]
2026-01-04 12:46:51,188 [FATAL] Updater:351 - Updater called before beeing initialized
2026-01-04 12:46:51,269 [INFO] CADModel:165 - CPN selected for project level
2026-01-04 12:46:51,269 [INFO] CADModel:114 - Register for checkConnection events
2026-01-04 12:46:51,269 [FATAL] Updater:351 - Updater called before beeing initialized
2026-01-04 12:46:51,270 [ERROR] CADModel:125 - Updater not yet initialized, retry later 
2026-01-04 12:46:51,279 [FATAL] Updater:351 - Updater called before beeing initialized
2026-01-04 12:46:51,540 [FATAL] Updater:351 - Updater called before beeing initialized
2026-01-04 12:46:51,554 [INFO] DbMcusAds:53 - JSON generation date=Tue Dec 16 04:41:46 IST 2025 (1765840306612)
2026-01-04 12:46:51,554 [FATAL] Updater:351 - Updater called before beeing initialized
2026-01-04 12:46:51,728 [WARN] DetailPanel:346 - Failed to get advertising image, set to default
2026-01-04 12:46:51,893 [FATAL] Updater:351 - Updater called before beeing initialized
2026-01-04 12:46:51,893 [FATAL] Updater:351 - Updater called before beeing initialized
2026-01-04 12:46:51,893 [FATAL] Updater:351 - Updater called before beeing initialized
2026-01-04 12:46:51,893 [WARN] DetailPanel:346 - Failed to get advertising image, set to default
2026-01-04 12:46:51,893 [FATAL] Updater:351 - Updater called before beeing initialized
2026-01-04 12:46:52,054 [ERROR] Updater:1198 - MainUpdater not yet initialized. External WinMGr cannot be set.
2026-01-04 12:46:52,070 [INFO] Updater:1134 - Updater Version found : 6.15.0
2026-01-04 12:46:52,125 [INFO] ApplicationProperties:184 - Using Application install path: D:\installs\STM32CubeIDE_1.19.0\STM32CubeIDE\plugins\com.st.stm32cube.common.mx_6.15.0.202507011659
2026-01-04 12:46:52,761 [INFO] MainUpdater:2872 - connection check result : 10
2026-01-04 12:46:52,762 [INFO] MainUpdater:289 - Updater Check For Update Now.
2026-01-04 12:46:52,763 [INFO] MicroXplorer:498 - Change Database Version : DB.6.0.150
2026-01-04 12:46:52,819 [INFO] McuFinderGlobals:63 - Set McuFinder mode to 2 (CubeIDE integrated)
2026-01-04 12:46:52,829 [INFO] UserAuth:171 - activating auth plugin
2026-01-04 12:46:52,857 [INFO] UserAuth:487 - Internet connection configuration mode: 1
2026-01-04 12:46:53,020 [INFO] JxBrowserEngine:152 - Initiate JxBrowser Engine with user profile folder
2026-01-04 12:46:53,200 [INFO] CheckServerUpdateThread:120 - End of CheckServer Thread
2026-01-04 12:46:54,495 [WARN] PackLoader:240 - Cannot read IP mode file for STMicroelectronics.FP-SNS-MOTENVWB1.1.4.0
2026-01-04 12:46:54,522 [WARN] PackLoader:240 - Cannot read IP mode file for STMicroelectronics.FP-ATR-ASTRA1.2.0.2
2026-01-04 12:46:54,540 [WARN] PackLoader:240 - Cannot read IP mode file for STMicroelectronics.X-CUBE-SMBUS.2.1.0
2026-01-04 12:46:54,562 [WARN] PackLoader:240 - Cannot read IP mode file for STMicroelectronics.X-CUBE-WB05N.1.1.0
2026-01-04 12:46:54,623 [WARN] PackLoader:240 - Cannot read IP mode file for STMicroelectronics.X-CUBE-AZRTOS-F7.1.1.0
2026-01-04 12:46:54,650 [WARN] PackLoader:240 - Cannot read IP mode file for STMicroelectronics.FP-SNS-MOTENV1.5.1.0
2026-01-04 12:46:54,713 [WARN] PackLoader:240 - Cannot read IP mode file for Infineon.AIROC-Wi-Fi-Bluetooth-STM32.1.7.0
2026-01-04 12:46:54,835 [WARN] PackLoader:240 - Cannot read IP mode file for STMicroelectronics.X-CUBE-AZRTOS-H7.3.4.0
2026-01-04 12:46:54,867 [WARN] PackLoader:240 - Cannot read IP mode file for STMicroelectronics.X-CUBE-DISPLAY.3.0.0
2026-01-04 12:46:54,892 [WARN] PackLoader:240 - Cannot read IP mode file for STMicroelectronics.X-CUBE-NFC10.1.0.0
2026-01-04 12:46:54,921 [WARN] PackLoader:240 - Cannot read IP mode file for STMicroelectronics.X-CUBE-BLEMGR.4.0.0
2026-01-04 12:46:54,976 [WARN] PackLoader:240 - Cannot read IP mode file for STMicroelectronics.X-CUBE-ST60.1.1.0
2026-01-04 12:46:55,013 [WARN] PackLoader:240 - Cannot read IP mode file for emotas.I-CUBE-CANOPEN.1.3.0
2026-01-04 12:46:55,042 [WARN] PackLoader:240 - Cannot read IP mode file for STMicroelectronics.X-CUBE-GNSS1.7.1.0
2026-01-04 12:46:55,085 [WARN] ConditionMgr:438 - getConditionDescription Invalid condition id : Cortex-A Device cause : null
2026-01-04 12:46:55,132 [WARN] ConditionMgr:1044 - genDependencies : Invalid condition id : Cortex-A Device cause : null
2026-01-04 12:46:55,134 [WARN] ConditionMgr:1044 - genDependencies : Invalid condition id : Cortex-A Device cause : null
2026-01-04 12:46:55,134 [WARN] ConditionMgr:1044 - genDependencies : Invalid condition id : Cortex-A Device cause : null
2026-01-04 12:46:55,152 [WARN] PackLoader:240 - Cannot read IP mode file for STMicroelectronics.X-CUBE-AI.10.0.0
2026-01-04 12:46:55,171 [WARN] PackLoader:240 - Cannot read IP mode file for STMicroelectronics.FP-SNS-STBOX1.2.1.0
2026-01-04 12:46:55,194 [WARN] PackLoader:240 - Cannot read IP mode file for STMicroelectronics.FP-SNS-SMARTAG2.1.2.0
2026-01-04 12:46:55,214 [WARN] PackLoader:240 - Cannot read IP mode file for STMicroelectronics.FP-SNS-FLIGHT1.5.1.0
2026-01-04 12:46:55,344 [WARN] PackLoader:240 - Cannot read IP mode file for STMicroelectronics.X-CUBE-MEMS1.11.1.0
2026-01-04 12:46:55,635 [INFO] LogOutputStream:77 - [STDOUT_REDIRECT] 1 : Invalid condition id : UX_CORESTACK_Condition cause : null
2026-01-04 12:46:55,636 [INFO] LogOutputStream:77 - [STDOUT_REDIRECT] 1 : Invalid condition id : UX_CORESTACK_Condition cause : null
2026-01-04 12:46:55,639 [INFO] LogOutputStream:77 - [STDOUT_REDIRECT] 1 : Invalid condition id : UX_CORESTACK_Condition cause : null
2026-01-04 12:46:55,642 [INFO] LogOutputStream:77 - [STDOUT_REDIRECT] 1 : Invalid condition id : UX_CORESTACK_Condition cause : null
2026-01-04 12:46:55,645 [INFO] LogOutputStream:77 - [STDOUT_REDIRECT] 1 : Invalid condition id : UX_CORESTACK_Condition cause : null
2026-01-04 12:46:55,650 [WARN] PackLoader:240 - Cannot read IP mode file for STMicroelectronics.X-CUBE-AZRTOS-WL.2.0.0
2026-01-04 12:46:55,660 [WARN] PackLoader:240 - Cannot read IP mode file for STMicroelectronics.FP-SNS-MOTENV1.5.0.0
2026-01-04 12:46:55,696 [WARN] PackLoader:240 - Cannot read IP mode file for STMicroelectronics.X-CUBE-AZRTOS-H7RS.1.2.0
2026-01-04 12:46:55,720 [WARN] PackLoader:240 - Cannot read IP mode file for WES.I-CUBE-Cesium.1.3.0
2026-01-04 12:46:55,730 [WARN] PackLoader:240 - Cannot read IP mode file for STMicroelectronics.X-CUBE-BLE2.3.3.0
2026-01-04 12:46:55,778 [WARN] PackLoader:240 - Cannot read IP mode file for STMicroelectronics.X-CUBE-NFC9.1.0.0
2026-01-04 12:46:55,795 [WARN] PackLoader:240 - Cannot read IP mode file for STMicroelectronics.X-CUBE-BLE1.7.1.0
2026-01-04 12:46:55,808 [WARN] PackLoader:240 - Cannot read IP mode file for wolfSSL.I-CUBE-wolfMQTT.1.19.2
2026-01-04 12:46:55,821 [WARN] PackLoader:240 - Cannot read IP mode file for STMicroelectronics.X-CUBE-FREERTOS.1.4.0
2026-01-04 12:46:55,835 [WARN] PackLoader:240 - Cannot read IP mode file for STMicroelectronics.X-CUBE-EEPRMA1.5.2.0
2026-01-04 12:46:55,850 [WARN] PackLoader:240 - Cannot read IP mode file for STMicroelectronics.X-CUBE-ST67W61.1.1.0
2026-01-04 12:46:55,880 [INFO] WebApp:169 - Instantiating new browser for Auth
2026-01-04 12:46:56,133 [WARN] PackLoader:240 - Cannot read IP mode file for STMicroelectronics.X-CUBE-MEMS1.12.0.0
2026-01-04 12:46:56,337 [WARN] PackLoader:240 - Cannot read IP mode file for STMicroelectronics.X-CUBE-AZRTOS-G0.1.1.0
2026-01-04 12:46:56,358 [WARN] PackLoader:240 - Cannot read IP mode file for STMicroelectronics.X-CUBE-SAFEA1.1.2.2
2026-01-04 12:46:56,376 [WARN] PackLoader:240 - Cannot read IP mode file for STMicroelectronics.X-CUBE-NFC4.3.0.0
2026-01-04 12:46:56,395 [WARN] PackLoader:240 - Cannot read IP mode file for EmbeddedOffice.I-CUBE-FS-RTOS.1.0.1
2026-01-04 12:46:56,405 [WARN] PackLoader:240 - Cannot read IP mode file for STMicroelectronics.X-CUBE-WB05N.2.0.0
2026-01-04 12:46:56,416 [WARN] PackLoader:240 - Cannot read IP mode file for wolfSSL.I-CUBE-wolfTPM.3.8.0
2026-01-04 12:46:56,428 [WARN] PackLoader:240 - Cannot read IP mode file for STMicroelectronics.X-CUBE-TCPP.4.2.0
2026-01-04 12:46:56,448 [WARN] PackLoader:240 - Cannot read IP mode file for RealThread.X-CUBE-RT-Thread_Nano.4.1.1
2026-01-04 12:46:56,457 [WARN] PackLoader:240 - Cannot read IP mode file for STMicroelectronics.FP-ATR-SIGFOX1.3.2.0
2026-01-04 12:46:56,470 [WARN] PackLoader:240 - Cannot read IP mode file for STMicroelectronics.X-CUBE-EEPRMA1.5.1.0
2026-01-04 12:46:56,480 [WARN] PackLoader:240 - Cannot read IP mode file for wolfSSL.I-CUBE-wolfSSL.5.7.6
2026-01-04 12:46:56,492 [WARN] PackLoader:240 - Cannot read IP mode file for ITTIA_DB.I-CUBE-ITTIADB.8.9.0
2026-01-04 12:46:56,498 [WARN] PackLoader:240 - Cannot read IP mode file for STMicroelectronics.X-CUBE-AI.10.2.0
2026-01-04 12:46:56,545 [WARN] PackLoader:240 - Cannot read IP mode file for SEGGER.I-CUBE-embOS.1.3.1
2026-01-04 12:46:56,600 [WARN] PackLoader:240 - Cannot read IP mode file for STMicroelectronics.X-CUBE-ALGOBUILD.1.4.0
2026-01-04 12:46:56,648 [WARN] PackLoader:240 - Cannot read IP mode file for STMicroelectronics.X-CUBE-PM33A1.1.0.0
2026-01-04 12:46:56,684 [WARN] PackLoader:240 - Cannot read IP mode file for STMicroelectronics.X-CUBE-AZRTOS-F4.1.1.0
2026-01-04 12:46:56,702 [WARN] PackLoader:240 - Cannot read IP mode file for STMicroelectronics.X-CUBE-ISPU.2.1.0
2026-01-04 12:46:56,722 [WARN] PackLoader:240 - Cannot read IP mode file for STMicroelectronics.X-CUBE-IPS.3.2.0
2026-01-04 12:46:56,747 [WARN] PackLoader:240 - Cannot read IP mode file for STMicroelectronics.X-CUBE-NFC12.1.0.0
2026-01-04 12:46:56,783 [WARN] PackLoader:240 - Cannot read IP mode file for STMicroelectronics.X-CUBE-AZRTOS-L5.2.0.0
2026-01-04 12:46:56,800 [WARN] PackLoader:240 - Cannot read IP mode file for STMicroelectronics.X-CUBE-NFC6.3.1.0
2026-01-04 12:46:56,819 [WARN] PackLoader:240 - Cannot read IP mode file for STMicroelectronics.X-CUBE-DPower.1.2.0
2026-01-04 12:46:56,826 [WARN] PackLoader:240 - Cannot read IP mode file for STMicroelectronics.X-CUBE-FREERTOS.1.3.0
2026-01-04 12:46:56,864 [WARN] PackLoader:240 - Cannot read IP mode file for STMicroelectronics.X-CUBE-NFC7.1.0.1
2026-01-04 12:46:56,884 [WARN] PackLoader:240 - Cannot read IP mode file for STMicroelectronics.X-CUBE-TOUCHGFX.4.26.0
2026-01-04 12:46:56,894 [WARN] PackLoader:240 - Cannot read IP mode file for STMicroelectronics.FP-SNS-STAIOTCFT.1.0.0
2026-01-04 12:46:56,904 [WARN] PackLoader:240 - Cannot read IP mode file for STMicroelectronics.X-CUBE-DPower.1.3.0
2026-01-04 12:46:56,937 [WARN] ConditionMgr:438 - getConditionDescription Invalid condition id : LAN8742 Phy interface Condition cause : null
2026-01-04 12:46:56,938 [WARN] PackLoader:240 - Cannot read IP mode file for STMicroelectronics.X-CUBE-AZRTOS-L4.2.0.0
2026-01-04 12:46:56,940 [WARN] ConditionMgr:1044 - genDependencies : Invalid condition id : LAN8742 Phy interface Condition cause : null
2026-01-04 12:46:56,941 [WARN] ConditionMgr:1044 - genDependencies : Invalid condition id : LAN8742 Phy interface Condition cause : null
2026-01-04 12:46:56,942 [WARN] ConditionMgr:1044 - genDependencies : Invalid condition id : LAN8742 Phy interface Condition cause : null
2026-01-04 12:46:56,957 [WARN] PackLoader:240 - Cannot read IP mode file for STMicroelectronics.X-CUBE-SFXS2LP1.4.0.0
2026-01-04 12:46:56,990 [WARN] PackLoader:240 - Cannot read IP mode file for STMicroelectronics.X-CUBE-AZRTOS-H7.3.3.0
2026-01-04 12:46:57,013 [WARN] PackLoader:240 - Cannot read IP mode file for STMicroelectronics.X-CUBE-BLEMGR.4.1.0
2026-01-04 12:46:57,036 [WARN] ConditionMgr:438 - getConditionDescription Invalid condition id : UX DEVICE CLASS RTOS Condition cause : null
2026-01-04 12:46:57,036 [WARN] ConditionMgr:438 - getConditionDescription Invalid condition id : UX DEVICE CLASS RTOS Condition cause : null
2026-01-04 12:46:57,039 [WARN] PackLoader:240 - Cannot read IP mode file for STMicroelectronics.X-CUBE-AZRTOS-WB.2.0.0
2026-01-04 12:46:57,040 [WARN] ConditionMgr:1044 - genDependencies : Invalid condition id : UX DEVICE CLASS RTOS Condition cause : null
2026-01-04 12:46:57,040 [WARN] ConditionMgr:1044 - genDependencies : Invalid condition id : UX DEVICE CLASS RTOS Condition cause : null
2026-01-04 12:46:57,040 [WARN] ConditionMgr:1044 - genDependencies : Invalid condition id : UX DEVICE CLASS RTOS Condition cause : null
2026-01-04 12:46:57,041 [WARN] ConditionMgr:1044 - genDependencies : Invalid condition id : UX DEVICE CLASS RTOS Condition cause : null
2026-01-04 12:46:57,041 [WARN] ConditionMgr:1044 - genDependencies : Invalid condition id : UX DEVICE CLASS RTOS Condition cause : null
2026-01-04 12:46:57,057 [WARN] PackLoader:240 - Cannot read IP mode file for STMicroelectronics.X-CUBE-GNSS1.7.0.1
2026-01-04 12:46:57,063 [WARN] PackLoader:240 - Cannot read IP mode file for STMicroelectronics.X-CUBE-TOUCHGFX.4.25.0
2026-01-04 12:46:57,073 [WARN] PackLoader:240 - Cannot read IP mode file for STMicroelectronics.FP-SNS-STBOX1.2.0.0
2026-01-04 12:46:57,092 [WARN] PackLoader:240 - Cannot read IP mode file for STMicroelectronics.X-CUBE-SUBG2.5.0.0
2026-01-04 12:46:57,119 [WARN] PackLoader:240 - Cannot read IP mode file for STMicroelectronics.X-CUBE-AZRTOS-H7RS.1.1.0
2026-01-04 12:46:57,134 [WARN] PackLoader:240 - Cannot read IP mode file for Cesanta.I-CUBE-Mongoose.7.13.0
2026-01-04 12:46:57,160 [WARN] PackLoader:240 - Cannot read IP mode file for STMicroelectronics.X-CUBE-AZRTOS-G4.2.0.0
2026-01-04 12:46:57,173 [WARN] PackLoader:240 - Cannot read IP mode file for wolfSSL.I-CUBE-wolfSSH.1.4.20
2026-01-04 12:46:57,180 [WARN] PackLoader:240 - Cannot read IP mode file for STMicroelectronics.X-CUBE-NFC7.2.0.0
2026-01-04 12:46:57,200 [WARN] PackLoader:240 - Cannot read IP mode file for STMicroelectronics.X-CUBE-IPS.3.1.0
2026-01-04 12:46:57,225 [WARN] PackLoader:240 - Cannot read IP mode file for STMicroelectronics.X-CUBE-ALS.1.0.2
2026-01-04 12:46:57,238 [WARN] PackLoader:240 - Cannot read IP mode file for STMicroelectronics.X-CUBE-STSE01.1.0.0
2026-01-04 12:46:57,252 [WARN] PackLoader:240 - Cannot read IP mode file for portGmbH.I-Cube-SoM-uGOAL.1.1.0
2026-01-04 12:46:57,272 [WARN] PackLoader:240 - Cannot read IP mode file for STMicroelectronics.X-CUBE-TOF1.3.4.2
2026-01-04 12:46:57,323 [WARN] PackLoader:240 - Cannot read IP mode file for STMicroelectronics.X-CUBE-TOF1.3.4.3
2026-01-04 12:46:57,346 [INFO] ThirdParty:978 - Integrity check success = true
2026-01-04 12:46:57,346 [INFO] IntegrityCheckThread:100 - exiting critical section [integrity check]
2026-01-04 12:46:57,347 [INFO] IntegrityCheckThread:103 - End integrity checks thread
2026-01-04 12:46:58,424 [INFO] WebApp:463 - Apply proxy settings
2026-01-04 12:46:58,424 [INFO] WebApp:548 - Chromium requires no authentication
2026-01-04 12:46:58,481 [INFO] WebApp:491 - Direct internet connection detected
2026-01-04 12:46:58,534 [INFO] WebApp:900 - Register for checkConnection events
2026-01-04 12:46:58,534 [INFO] WebApp:463 - Apply proxy settings
2026-01-04 12:46:58,534 [INFO] WebApp:548 - Chromium requires no authentication
2026-01-04 12:46:58,534 [INFO] WebApp:491 - Direct internet connection detected
2026-01-04 12:46:59,128 [INFO] WebApp:225 - Starting web application
2026-01-04 12:46:59,128 [INFO] WebApp:593 - Web application path used D:\installs\STM32CubeIDE_1.19.0\STM32CubeIDE\plugins\com.st.stm32cube.common.mx_6.15.0.202507011659\db\plugins\mcufinder\reactClient1\index.html
2026-01-04 12:46:59,950 [INFO] WebApp:191 - Connection restablished
2026-01-04 12:53:27,520 [INFO] McuFinderGlobals:63 - Set McuFinder mode to 2 (CubeIDE integrated)
2026-01-04 12:53:27,547 [INFO] MainUpdater:2872 - connection check result : 10
2026-01-04 12:53:27,561 [INFO] MainUpdater:2872 - connection check result : 10
2026-01-04 12:53:27,739 [INFO] MicroXplorer:468 - Change Database Path : 
2026-01-04 12:53:27,739 [INFO] MicroXplorer:498 - Change Database Version : DB.6.0.150
2026-01-04 12:53:27,793 [WARN] ThirdParty:871 - waiting for thirdparty lock release [close project]
2026-01-04 12:53:27,793 [INFO] ThirdParty:873 - entering critical section [close project]
2026-01-04 12:53:27,794 [INFO] ThirdParty:883 - exiting critical section [close project]
2026-01-04 12:53:27,796 [INFO] PinOutPanel:1589 - setPackage(No Configuration,No Configuration)
2026-01-04 12:53:27,798 [INFO] UtilMem:75 - Begin LoadConfig() Used Memory: 814177928 Bytes (1073741824)
2026-01-04 12:53:27,799 [INFO] MicroXplorer:468 - Change Database Path : 
2026-01-04 12:53:27,799 [INFO] MicroXplorer:498 - Change Database Version : DB.6.0.150
2026-01-04 12:53:27,799 [INFO] OpenFileManager:355 - Change cursor
2026-01-04 12:53:27,875 [INFO] Mcu:2029 - Initializing MCU STM32F103C(8-B)Tx STM32F103C8Tx STM32F103C8T6
2026-01-04 12:53:28,982 [INFO] Context:786 - Trying to add GPIOservice into a context  which must be forbidden
2026-01-04 12:53:29,202 [INFO] ImportTextPane:234 - (OptionalMessage_ERROR) Pin6 (VP_RIF_VS_RIF1) cannot be retrieved for this MCU
2026-01-04 12:53:29,283 [INFO] RtosManager:558 - Registered RTOS mode: class=CMSIS, group=RTOS, mode=CMSIS_V1, owner=FREERTOS
2026-01-04 12:53:29,283 [INFO] RtosManager:558 - Registered RTOS mode: class=CMSIS, group=RTOS2, mode=CMSIS_V2, owner=FREERTOS
2026-01-04 12:53:29,283 [INFO] RtosManager:558 - Registered RTOS mode: class=RTOS, group=Core, mode=CMSIS_V1, owner=FREERTOS
2026-01-04 12:53:29,283 [INFO] RtosManager:558 - Registered RTOS mode: class=RTOS, group=Core, mode=CMSIS_V2, owner=FREERTOS
2026-01-04 12:53:29,283 [WARN] ModelIntegratedComponent:184 - Missing modes for component STMicroelectronics:FreeRTOS:0.0.1:STMicroelectronics:RTOS:FreeRTOS:Core:::10.2.0:
2026-01-04 12:53:29,290 [WARN] ModelIntegratedComponent:63 - No mode defined for component null
2026-01-04 12:53:29,290 [WARN] ModelIntegratedComponent:63 - No mode defined for component null
2026-01-04 12:53:29,290 [WARN] ModelIntegratedComponent:63 - No mode defined for component null
2026-01-04 12:53:29,290 [WARN] ModelIntegratedComponent:63 - No mode defined for component null
2026-01-04 12:53:29,290 [WARN] ModelIntegratedComponent:63 - No mode defined for component null
2026-01-04 12:53:29,290 [WARN] ModelIntegratedComponent:63 - No mode defined for component null
2026-01-04 12:53:29,290 [WARN] ModelIntegratedComponent:63 - No mode defined for component null
2026-01-04 12:53:29,290 [WARN] ModelIntegratedComponent:63 - No mode defined for component null
2026-01-04 12:53:29,290 [WARN] ModelIntegratedComponent:63 - No mode defined for component null
2026-01-04 12:53:29,290 [WARN] ModelIntegratedComponent:63 - No mode defined for component null
2026-01-04 12:53:29,290 [WARN] ModelIntegratedComponent:63 - No mode defined for component null
2026-01-04 12:53:29,290 [WARN] ModelIntegratedComponent:63 - No mode defined for component null
2026-01-04 12:53:29,290 [WARN] ModelIntegratedComponent:63 - No mode defined for component null
2026-01-04 12:53:29,290 [WARN] ModelIntegratedComponent:63 - No mode defined for component null
2026-01-04 12:53:29,290 [WARN] ModelIntegratedComponent:63 - No mode defined for component null
2026-01-04 12:53:29,290 [WARN] ModelIntegratedComponent:63 - No mode defined for component null
2026-01-04 12:53:29,291 [WARN] ModelIntegratedComponent:63 - No mode defined for component null
2026-01-04 12:53:29,291 [WARN] ModelIntegratedComponent:63 - No mode defined for component null
2026-01-04 12:53:29,291 [WARN] ModelIntegratedComponent:63 - No mode defined for component null
2026-01-04 12:53:29,291 [WARN] ModelIntegratedComponent:63 - No mode defined for component null
2026-01-04 12:53:29,291 [WARN] ModelIntegratedComponent:63 - No mode defined for component null
2026-01-04 12:53:29,291 [WARN] ModelIntegratedComponent:63 - No mode defined for component null
2026-01-04 12:53:29,291 [WARN] ModelIntegratedComponent:63 - No mode defined for component null
2026-01-04 12:53:29,291 [WARN] ModelIntegratedComponent:63 - No mode defined for component null
2026-01-04 12:53:29,291 [WARN] ModelIntegratedComponent:63 - No mode defined for component null
2026-01-04 12:53:29,291 [WARN] ModelIntegratedComponent:63 - No mode defined for component null
2026-01-04 12:53:29,291 [WARN] ModelIntegratedComponent:63 - No mode defined for component null
2026-01-04 12:53:29,291 [WARN] ModelIntegratedComponent:63 - No mode defined for component null
2026-01-04 12:53:29,291 [WARN] ModelIntegratedComponent:63 - No mode defined for component null
2026-01-04 12:53:29,291 [WARN] ModelIntegratedComponent:63 - No mode defined for component null
2026-01-04 12:53:29,291 [WARN] ModelIntegratedComponent:63 - No mode defined for component null
2026-01-04 12:53:29,291 [WARN] ModelIntegratedComponent:63 - No mode defined for component null
2026-01-04 12:53:29,291 [WARN] ModelIntegratedComponent:63 - No mode defined for component null
2026-01-04 12:53:29,291 [WARN] ModelIntegratedComponent:63 - No mode defined for component null
2026-01-04 12:53:29,291 [WARN] ModelIntegratedComponent:63 - No mode defined for component null
2026-01-04 12:53:29,291 [WARN] ModelPack:524 - Component already loaded: STMicroelectronics:HAL Drivers:0.0.0:STMicroelectronics:Device:STMicro_Driver:XSPI:HAL::0.0.1:HAL_XSPI
2026-01-04 12:53:29,410 [INFO] ThirdPartyModel:298 - Start build external matchings
2026-01-04 12:53:29,904 [INFO] ThirdPartyModel:316 - End build external matchings
2026-01-04 12:53:29,927 [INFO] ImportTextPane:234 - (OptionalMessage_ERROR) IP (RCC) : Invalid parameter (FamilyName)
2026-01-04 12:53:30,193 [INFO] ApiDb:581 - Connected to CubeFinder SQLite database (C:\Users\22142\.stmcufinder\plugins\mcufinder\mcu\cube-finder-db.db)
2026-01-04 12:53:30,285 [INFO] ApiDb:668 - CubeFinder database Data Model version=2.1
2026-01-04 12:53:30,285 [INFO] ApiDb:669 - CubeFinder database Configuration version=3.0.39
2026-01-04 12:53:30,285 [INFO] ApiDb:670 - CubeFinder database generation date=2025-12-22 (1766407740)
2026-01-04 12:53:30,285 [INFO] ApiDb:671 - CubeFinder database FW Pack versions=[FP-ATR-ASTRA1_V2.0.0, FP-SNS-FLIGHT1_V5.1.0, FP-SNS-MOTENV1_V5.1.0, FP-SNS-MOTENVWB1_V1.4.0, FP-SNS-SMARTAG2_V1.2.0, FP-SNS-STBOX1_V2.1.0, STM32Cube_FW_C0_V1.4.0, STM32Cube_FW_F4_V1.28.3, STM32Cube_FW_F7_V1.17.4, STM32Cube_FW_G0_V1.6.2, STM32Cube_FW_G4_V1.6.1, STM32Cube_FW_H5_V1.5.1, STM32Cube_FW_H7RS_V1.3.0, STM32Cube_FW_H7_V1.12.1, STM32Cube_FW_L0_V1.12.2, STM32Cube_FW_L4_V1.18.1, STM32Cube_FW_L5_V1.6.0, STM32Cube_FW_N6_V1.3.0, STM32Cube_FW_U0_V1.3.0, STM32Cube_FW_U3_V1.2.1, STM32Cube_FW_U5_V1.8.0, STM32Cube_FW_WB0_V1.4.0, STM32Cube_FW_WBA_V1.8.0, STM32Cube_FW_WB_V1.24.0, STM32Cube_FW_WL3_V1.3.0, STM32Cube_FW_WL_V1.4.0, X-CUBE-ALGOBUILD_V1.4.0, X-CUBE-ALS_V1.0.2, X-CUBE-AZRTOS-F4_V1.1.0, X-CUBE-AZRTOS-F7_V1.1.0, X-CUBE-AZRTOS-G0_V1.1.0, X-CUBE-AZRTOS-G4_V2.0.0, X-CUBE-AZRTOS-H7RS_V1.1.0, X-CUBE-AZRTOS-H7_V3.4.0, X-CUBE-AZRTOS-L4_V2.0.0, X-CUBE-AZRTOS-L5_V2.0.0, X-CUBE-AZRTOS-WB_V2.0.0, X-CUBE-AZRTOS-WL_V2.0.0, X-CUBE-BLE1_V7.1.0, X-CUBE-BLE2_V3.3.0, X-CUBE-BLEMGR_V4.1.0, X-CUBE-EEPRMA1_V5.2.0, X-CUBE-FREERTOS_V1.3.1, X-CUBE-GNSS1_V6.0.0, X-CUBE-MEMS1_V12.0.0, X-CUBE-NFC4_V3.0.0, X-CUBE-NFC7_V2.0.0, X-CUBE-SFXS2LP1_V4.0.0, X-CUBE-ST67W61_V1.1.0, X-CUBE-SUBG2_V5.0.0, X-CUBE-TOF1_V3.4.3]
2026-01-04 12:53:30,424 [INFO] DbBoardsSqlite:226 - include board P-NUCLEO-WB55-NUCLEO as a kit item of type 'Nucleo-64'
2026-01-04 12:53:30,424 [INFO] DbBoardsSqlite:226 - include board P-NUCLEO-WB55-USBDONGLE as a kit item of type 'Nucleo USB Dongle'
2026-01-04 12:53:30,426 [INFO] DbBoardsSqlite:226 - include board STEVAL-IDP005V1 as a kit item of type 'Evaluation Board'
2026-01-04 12:53:30,427 [INFO] DbBoardsSqlite:226 - include board STEVAL-IDP005V2 as a kit item of type 'Evaluation Board'
2026-01-04 12:53:30,858 [INFO] ApiDb:240 - Found 880 in-development CPN: [B-G473E-ZEST1S, B-WB1M-WPAN1, B-WBA5M-WPAN, B-WL5M-SUBG1, NUCLEO-C031C6, NUCLEO-C051C8, NUCLEO-C071RB, NUCLEO-C092RC, NUCLEO-H503RB, NUCLEO-H533RE, NUCLEO-H563ZI, NUCLEO-H7S3L8, NUCLEO-N657X0-Q, NUCLEO-U031R8, NUCLEO-U083RC, NUCLEO-U385RG-Q, NUCLEO-U545RE-Q, NUCLEO-U5A5ZJ-Q, NUCLEO-WB05KZ, NUCLEO-WB07CC, NUCLEO-WB09KE, NUCLEO-WBA52CG, NUCLEO-WBA55CG, NUCLEO-WL33CC1, NUCLEO-WL33CC2, STEVAL-PROTEUS1, STEVAL-SMARTAG2, STEVAL-STWINBX1, STM320518-EVAL, STM32C0116-DK, STM32C011D6Y3TR, STM32C011D6Y6TR, STM32C011F4P3, STM32C011F4P6, STM32C011F4U3, STM32C011F4U6TR, STM32C011F6P3, STM32C011F6P6, STM32C011F6U3, STM32C011F6U6TR, STM32C011J4M3, STM32C011J4M6, STM32C011J6M3, STM32C011J6M6, STM32C0316-DK, STM32C031C4T3, STM32C031C4T6, STM32C031C4U3, STM32C031C4U6, STM32C031C6T3, STM32C031C6T6, STM32C031C6U3, STM32C031C6U6, STM32C031F4P3, STM32C031F4P6, STM32C031F6P3, STM32C031F6P6, STM32C031G4U3, STM32C031G4U6, STM32C031G6U3, STM32C031G6U6, STM32C031K4T3, STM32C031K4T6, STM32C031K4U3, STM32C031K4U6, STM32C031K6T3, STM32C031K6T6, STM32C031K6U3, STM32C031K6U6, STM32C051C6T6, STM32C051C6U6, STM32C051C8T6, STM32C051C8U6, STM32C051D8Y6TR, STM32C051F6P6, STM32C051F8P6, STM32C051G6U6, STM32C051G8U6, STM32C051K6T6, STM32C051K6U6, STM32C051K8T6, STM32C071C8T6, STM32C071C8T6N, STM32C071C8U6, STM32C071C8U6N, STM32C071CBT6, STM32C071CBT6N, STM32C071CBU6, STM32C071CBU6N, STM32C071F8P6, STM32C071F8P6N, STM32C071FBP6, STM32C071FBP6N, STM32C071FBY6TR, STM32C071G8U6, STM32C071G8U6N, STM32C071GBU6, STM32C071GBU6N, STM32C071K8T6, STM32C071K8T6N, STM32C071K8U6, STM32C071K8U6N, STM32C071KBT6, STM32C071KBT6N, STM32C071KBU6, STM32C071KBU6N, STM32C071R8T6, STM32C071R8T6N, STM32C071RBI6N, STM32C071RBT6, STM32C071RBT6N, STM32C091CBT6, STM32C091CBU6, STM32C091CCT6, STM32C091CCU6, STM32C091ECY6TR, STM32C091FBP6, STM32C091FCP6, STM32C091GBU6, STM32C091GCU6, STM32C091KBT6, STM32C091KBU6, STM32C091KCT6, STM32C091KCU6, STM32C091RBT6, STM32C091RCI6, STM32C091RCT6, STM32C092CBT6, STM32C092CBU6, STM32C092CCT6, STM32C092CCU6, STM32C092ECY6TR, STM32C092FBP6, STM32C092FCP6, STM32C092GBU6, STM32C092GCU6, STM32C092KBT6, STM32C092KBU6, STM32C092KCT6, STM32C092KCU6, STM32C092RBT6, STM32C092RCI6, STM32C092RCT6, STM32G071K8TXN, STM32G071K8UXN, STM32G081GBU6N, STM32G081KBT6N, STM32G081KBUXN, STM32G0B1CCT6N, STM32G0B1KCT6, STM32G0B1NEY6TR, STM32G0B1RCT6N, STM32G0C1CCT6, STM32G0C1CCT6N, STM32G0C1CCU6N, STM32G0C1CET6N, STM32G0C1CEU6N, STM32G0C1KCT6, STM32G0C1NEY6TR, STM32G0C1RCI6N, STM32G0C1RCT6N, STM32G0C1REI6N, STM32G0C1RET6N, STM32G0C1VCI6, STM32G0C1VEI6, STM32G411C6T3, STM32G411C6T6, STM32G411C6U3, STM32G411C6U6, STM32G411C8T3, STM32G411C8T6, STM32G411C8U3, STM32G411C8U6, STM32G411CBT3, STM32G411CBT6, STM32G411CBU3, STM32G411CBU6, STM32G411K6T3, STM32G411K6T6, STM32G411K6U3, STM32G411K6U6, STM32G411K8T3, STM32G411K8T6, STM32G411K8U3, STM32G411K8U6, STM32G411KBT3, STM32G411KBT6, STM32G411KBU3, STM32G411KBU6, STM32G411M6T3, STM32G411M6T6, STM32G411M8T3, STM32G411M8T6, STM32G411MBT3, STM32G411MBT6, STM32G411R6T3, STM32G411R6T6, STM32G411R8T3, STM32G411R8T6, STM32G411RBT3, STM32G411RBT6, STM32G414CBT3, STM32G414CBT6, STM32G414CBU3, STM32G414CBU6, STM32G414CCT3, STM32G414CCT6, STM32G414CCU3, STM32G414CCU6, STM32G414MBT3, STM32G414MBT6, STM32G414MCT3, STM32G414MCT6, STM32G414RBT3, STM32G414RBT6, STM32G414RCT3, STM32G414RCT6, STM32G414VBT3, STM32G414VBT6, STM32G414VCT3, STM32G414VCT6, STM32G431CBT3Z, STM32G431RBT3Z, STM32G471CCT6, STM32G471CCU6, STM32G471CET3, STM32G471CET6, STM32G471CEU3, STM32G471CEU6, STM32G471MCT6, STM32G471MET3, STM32G471MET6, STM32G471MEY6TR, STM32G471QCT6, STM32G471QET3, STM32G471RCT6, STM32G471RET3, STM32G471RET6, STM32G471VCH6, STM32G471VCI6, STM32G471VCT6, STM32G471VEH3, STM32G471VEH6, STM32G471VEI3, STM32G471VEI6, STM32G471VET3, STM32G471VET6, STM32G473QET3Z, STM32G473RET3Z, STM32G474CCT6, STM32G491RET3Z, STM32H503CBT6, STM32H503CBU6, STM32H503EBY6TR, STM32H503KBU6, STM32H503RBT6, STM32H523CCT6, STM32H523CCU6, STM32H523CET6, STM32H523CEU6, STM32H523HEY6TR, STM32H523RCT6, STM32H523RET6, STM32H523VCI6, STM32H523VCT6, STM32H523VEI6, STM32H523VET6, STM32H523ZCJ6, STM32H523ZCT6, STM32H523ZEJ6, STM32H523ZET6, STM32H533CET6, STM32H533CEU6, STM32H533HEY6TR, STM32H533RET6, STM32H533VEI6, STM32H533VET6, STM32H533ZEJ6, STM32H533ZET6, STM32H562AGI6, STM32H562AII6, STM32H562IGK6, STM32H562IGT6, STM32H562IIK6, STM32H562IIT6, STM32H562RGT6, STM32H562RGV6, STM32H562RIT6, STM32H562RIV6, STM32H562VGT6, STM32H562VIT6, STM32H562ZGT6, STM32H562ZIT6, STM32H563AGI6, STM32H563AII3Q, STM32H563AII6, STM32H563IGK6, STM32H563IGT6, STM32H563IIK3Q, STM32H563IIK6, STM32H563IIT3Q, STM32H563IIT6, STM32H563MIY3QTR, STM32H563RGT6, STM32H563RGV6, STM32H563RIT6, STM32H563RIV6, STM32H563VGT6, STM32H563VIT3Q, STM32H563VIT6, STM32H563ZGT6, STM32H563ZIT3Q, STM32H563ZIT6, STM32H573AII3Q, STM32H573AII6, STM32H573I-DK, STM32H573IIK3Q, STM32H573IIK6, STM32H573IIT3Q, STM32H573IIT6, STM32H573MIY3QTR, STM32H573RIT6, STM32H573RIV6, STM32H573VIT3Q, STM32H573VIT6, STM32H573ZIT3Q, STM32H573ZIT6, STM32H7R3A8I6, STM32H7R3I8K6, STM32H7R3I8T6, STM32H7R3L8H6, STM32H7R3L8H6H, STM32H7R3R8V6, STM32H7R3V8H6, STM32H7R3V8T6, STM32H7R3V8Y6TR, STM32H7R3Z8J6, STM32H7R3Z8T6, STM32H7R7A8I6, STM32H7R7I8K6, STM32H7R7I8T6, STM32H7R7L8H6, STM32H7R7L8H6H, STM32H7R7Z8J6, STM32H7S3A8I6, STM32H7S3I8K6, STM32H7S3I8T6, STM32H7S3L8H6, STM32H7S3L8H6H, STM32H7S3R8V6, STM32H7S3V8H6, STM32H7S3V8T6, STM32H7S3V8Y6TR, STM32H7S3Z8J6, STM32H7S3Z8T6, STM32H7S78-DK, STM32H7S7A8I6, STM32H7S7I8K6, STM32H7S7I8T6, STM32H7S7L8H6, STM32H7S7L8H6H, STM32H7S7Z8J6, STM32L4R5QGI6STR, STM32MP131AAE3, STM32MP131AAF3, STM32MP131AAG3, STM32MP131CAE3, STM32MP131CAF3, STM32MP131CAG3, STM32MP131DAE7, STM32MP131DAF7, STM32MP131DAG7, STM32MP131FAE7, STM32MP131FAF7, STM32MP131FAG7, STM32MP133AAE3, STM32MP133AAF3, STM32MP133AAG3, STM32MP133CAE3, STM32MP133CAF3, STM32MP133CAG3, STM32MP133DAE7, STM32MP133DAF7, STM32MP133DAG7, STM32MP133FAE7, STM32MP133FAF7, STM32MP133FAG7, STM32MP135AAE3, STM32MP135AAF3, STM32MP135AAG3, STM32MP135CAE3, STM32MP135CAF3, STM32MP135CAG3, STM32MP135DAE7, STM32MP135DAF7, STM32MP135DAG7, STM32MP135F-DK, STM32MP135FAE7, STM32MP135FAF7, STM32MP135FAF7T, STM32MP135FAF7U, STM32MP135FAG7, STM32MP211AAL3, STM32MP211AAM3, STM32MP211AAN3, STM32MP211AAO3, STM32MP211CAL3, STM32MP211CAM3, STM32MP211CAN3, STM32MP211CAO3, STM32MP211DAL3, STM32MP211DAM3, STM32MP211DAN3, STM32MP211DAO3, STM32MP211FAL3, STM32MP211FAM3, STM32MP211FAN3, STM32MP211FAO3, STM32MP213AAL3, STM32MP213AAM3, STM32MP213AAN3, STM32MP213AAO3, STM32MP213CAL3, STM32MP213CAM3, STM32MP213CAN3, STM32MP213CAO3, STM32MP213DAL3, STM32MP213DAM3, STM32MP213DAN3, STM32MP213DAO3, STM32MP213FAL3, STM32MP213FAM3, STM32MP213FAN3, STM32MP213FAO3, STM32MP215AAL3, STM32MP215AAM3, STM32MP215AAN3, STM32MP215AAO3, STM32MP215CAL3, STM32MP215CAM3, STM32MP215CAN3, STM32MP215CAO3, STM32MP215DAL3, STM32MP215DAM3, STM32MP215DAN3, STM32MP215DAO3, STM32MP215F-DK, STM32MP215FAL3, STM32MP215FAM3, STM32MP215FAN3, STM32MP215FAO3, STM32MP231AAJ3, STM32MP231AAK3, STM32MP231AAL3, STM32MP231CAJ3, STM32MP231CAK3, STM32MP231CAL3, STM32MP231DAJ3, STM32MP231DAK3, STM32MP231DAL3, STM32MP231FAJ3, STM32MP231FAK3, STM32MP231FAL3, STM32MP233AAJ3, STM32MP233AAK3, STM32MP233AAL3, STM32MP233CAJ3, STM32MP233CAK3, STM32MP233CAL3, STM32MP233DAJ3, STM32MP233DAK3, STM32MP233DAL3, STM32MP233FAJ3, STM32MP233FAK3, STM32MP233FAL3, STM32MP235AAJ3, STM32MP235AAK3, STM32MP235AAL3, STM32MP235CAJ3, STM32MP235CAK3, STM32MP235CAL3, STM32MP235DAJ3, STM32MP235DAK3, STM32MP235DAL3, STM32MP235FAJ3, STM32MP235FAK3, STM32MP235FAL3, STM32MP251AAI3, STM32MP251AAK3, STM32MP251AAL3, STM32MP251CAI3, STM32MP251CAK3, STM32MP251CAL3, STM32MP251DAI3, STM32MP251DAK3, STM32MP251DAL3, STM32MP251FAI3, STM32MP251FAK3, STM32MP251FAL3, STM32MP253AAI3, STM32MP253AAK3, STM32MP253AAL3, STM32MP253CAI3, STM32MP253CAK3, STM32MP253CAL3, STM32MP253DAI3, STM32MP253DAK3, STM32MP253DAL3, STM32MP253FAI3, STM32MP253FAK3, STM32MP253FAL3, STM32MP255AAI3, STM32MP255AAK3, STM32MP255AAL3, STM32MP255CAI3, STM32MP255CAK3, STM32MP255CAL3, STM32MP255DAI3, STM32MP255DAK3, STM32MP255DAL3, STM32MP255FAI3, STM32MP255FAK3, STM32MP255FAL3, STM32MP257AAI3, STM32MP257AAK3, STM32MP257AAL3, STM32MP257CAI3, STM32MP257CAK3, STM32MP257CAL3, STM32MP257DAI3, STM32MP257DAK3, STM32MP257DAL3, STM32MP257F-DK, STM32MP257F-EV1, STM32MP257FAI3, STM32MP257FAK3, STM32MP257FAL3, STM32N645A0H3Q, STM32N645B0H3Q, STM32N645I0H3Q, STM32N645L0H3Q, STM32N645X0H3Q, STM32N645Z0H3Q, STM32N647A0H3Q, STM32N647B0H3Q, STM32N647I0H3Q, STM32N647L0H3Q, STM32N647X0H3Q, STM32N647Z0H3Q, STM32N655A0H3Q, STM32N655B0H3Q, STM32N655I0H3Q, STM32N655L0H3Q, STM32N655X0H3Q, STM32N655Z0H3Q, STM32N6570-DK, STM32N657A0H3Q, STM32N657B0H3Q, STM32N657I0H3Q, STM32N657L0H3Q, STM32N657X0H3Q, STM32N657Z0H3Q, STM32U031C6T6, STM32U031C6U6, STM32U031C8T6, STM32U031C8U6, STM32U031F4P6, STM32U031F6P6, STM32U031F8P6, STM32U031G6Y6TR, STM32U031G8Y6TR, STM32U031K4U6, STM32U031K6U6, STM32U031K8U6, STM32U031R6I6, STM32U031R6T6, STM32U031R8I6, STM32U031R8T6, STM32U073C8T6, STM32U073C8U6, STM32U073CBT6, STM32U073CBU6, STM32U073CCT6, STM32U073CCU6, STM32U073H8Y6TR, STM32U073HBY6TR, STM32U073HCY6TR, STM32U073K8U6, STM32U073KBU6, STM32U073KCU6, STM32U073M8I6, STM32U073M8T6, STM32U073MBI6, STM32U073MBT6, STM32U073MCI6, STM32U073MCT6, STM32U073R8I6, STM32U073R8T6, STM32U073RBI6, STM32U073RBT6, STM32U073RCI6, STM32U073RCT6, STM32U083C-DK, STM32U083CCT6, STM32U083CCU6, STM32U083HCY6TR, STM32U083KCU6, STM32U083MCI6, STM32U083MCT6, STM32U083RCI6, STM32U083RCT6, STM32U375CET6, STM32U375CET6Q, STM32U375CEU6, STM32U375CEU6Q, STM32U375CEY6QTR, STM32U375CGT6, STM32U375CGT6Q, STM32U375CGU6, STM32U375CGU6Q, STM32U375CGY6QTR, STM32U375KEU6, STM32U375KGU6, STM32U375REI6, STM32U375REI6Q, STM32U375RET6, STM32U375RET6Q, STM32U375REY6GTR, STM32U375REY6QTR, STM32U375RGI6, STM32U375RGI6Q, STM32U375RGT6, STM32U375RGT6Q, STM32U375RGY6GTR, STM32U375RGY6QTR, STM32U375VEI6, STM32U375VEI6Q, STM32U375VET6, STM32U375VET6Q, STM32U375VGI6, STM32U375VGI6Q, STM32U375VGT6, STM32U375VGT6Q, STM32U385CGT6, STM32U385CGT6Q, STM32U385CGU6, STM32U385CGU6Q, STM32U385CGY6QTR, STM32U385KGU6, STM32U385RGI6, STM32U385RGI6Q, STM32U385RGT6, STM32U385RGT6Q, STM32U385RGY6GTR, STM32U385RGY6QTR, STM32U385VGI6, STM32U385VGI6Q, STM32U385VGT6, STM32U385VGT6Q, STM32U535CBT6, STM32U535CBT6Q, STM32U535CBU6, STM32U535CBU6Q, STM32U535CCT6, STM32U535CCT6Q, STM32U535CCU6, STM32U535CCU6Q, STM32U535CET6, STM32U535CET6Q, STM32U535CEU6, STM32U535CEU6Q, STM32U535JEY6QTR, STM32U535NCY6QTR, STM32U535NEY6QTR, STM32U535RBI6, STM32U535RBI6Q, STM32U535RBT6, STM32U535RBT6Q, STM32U535RCI6, STM32U535RCI6Q, STM32U535RCT6, STM32U535RCT6Q, STM32U535REI6, STM32U535REI6Q, STM32U535RET6, STM32U535RET6Q, STM32U535VCI6, STM32U535VCI6Q, STM32U535VCT6, STM32U535VCT6Q, STM32U535VEI6, STM32U535VEI6Q, STM32U535VET6, STM32U535VET6Q, STM32U545CET6, STM32U545CET6Q, STM32U545CEU6, STM32U545CEU6Q, STM32U545JEY6QTR, STM32U545NEY6QTR, STM32U545REI6, STM32U545REI6Q, STM32U545RET6, STM32U545RET6Q, STM32U545VEI6, STM32U545VEI6Q, STM32U545VET6, STM32U545VET6Q, STM32U595AIH6, STM32U595AIH6Q, STM32U595AJH6, STM32U595AJH6Q, STM32U595QII6, STM32U595QII6Q, STM32U595QJI6, STM32U595QJI6Q, STM32U595RIT6, STM32U595RIT6Q, STM32U595RJT6, STM32U595RJT6Q, STM32U595VIT6, STM32U595VIT6Q, STM32U595VJT6, STM32U595VJT6Q, STM32U595ZIT6, STM32U595ZIT6Q, STM32U595ZIY6QTR, STM32U595ZJT6, STM32U595ZJT6Q, STM32U595ZJY6QTR, STM32U599BJY6QTR, STM32U599NIH6Q, STM32U599NJH6Q, STM32U599VIT6Q, STM32U599VJT6, STM32U599VJT6Q, STM32U599ZIT6Q, STM32U599ZIY6QTR, STM32U599ZJT6Q, STM32U599ZJY6QTR, STM32U5A5AJH6, STM32U5A5AJH6Q, STM32U5A5QII3Q , STM32U5A5QJI6, STM32U5A5QJI6Q, STM32U5A5RJT6, STM32U5A5RJT6Q, STM32U5A5VJT6, STM32U5A5VJT6Q, STM32U5A5ZJT6, STM32U5A5ZJT6Q, STM32U5A5ZJY6QTR, STM32U5A9BJY6QTR, STM32U5A9J-DK, STM32U5A9NJH6Q, STM32U5A9VJT6Q, STM32U5A9ZJT6Q, STM32U5A9ZJY6QTR, STM32U5F7VIT6, STM32U5F7VIT6Q, STM32U5F7VJT6, STM32U5F7VJT6Q, STM32U5F9BJY6QTR, STM32U5F9NJH6Q, STM32U5F9VIT6Q, STM32U5F9VJT6Q, STM32U5F9ZIJ6QTR, STM32U5F9ZIT6Q, STM32U5F9ZJJ6QTR, STM32U5F9ZJT6Q, STM32U5G7VJT6, STM32U5G7VJT6Q, STM32U5G9BJY6QTR, STM32U5G9J-DK1, STM32U5G9J-DK2, STM32U5G9NJH6Q, STM32U5G9VJT6Q, STM32U5G9ZJJ6QTR, STM32U5G9ZJT6Q, STM32WB05KZV6TR, STM32WB05KZV7TR, STM32WB05TZF6TR, STM32WB05TZF7TR, STM32WB06CCF6TR, STM32WB06CCF7TR, STM32WB06CCV6TR, STM32WB06CCV7TR, STM32WB06KCV6TR, STM32WB06KCV7TR, STM32WB07CCF6TR, STM32WB07CCF7TR, STM32WB07CCV6TR, STM32WB07CCV7TR, STM32WB07KCV6TR, STM32WB07KCV7TR, STM32WB09KEV6TR, STM32WB09KEV7TR, STM32WB09TEF6TR, STM32WB09TEF7TR, STM32WB1MMCH6, STM32WBA50KGU6, STM32WBA50KGU6TR, STM32WBA52CEU6, STM32WBA52CEU6TR, STM32WBA52CEU7, STM32WBA52CEU7TR, STM32WBA52CGU6, STM32WBA52CGU6TR, STM32WBA52CGU6U, STM32WBA52CGU7, STM32WBA52CGU7TR, STM32WBA52KEU6, STM32WBA52KEU6TR, STM32WBA52KGU6, STM32WBA52KGU6TR, STM32WBA54CEU6, STM32WBA54CEU6TR, STM32WBA54CEU7, STM32WBA54CEU7TR, STM32WBA54CGU6, STM32WBA54CGU6TR, STM32WBA54CGU7, STM32WBA54CGU7TR, STM32WBA54KEU6, STM32WBA54KEU6TR, STM32WBA54KEU7, STM32WBA54KEU7TR, STM32WBA54KGU6, STM32WBA54KGU6TR, STM32WBA54KGU7, STM32WBA54KGU7TR, STM32WBA55CEU6, STM32WBA55CEU6TR, STM32WBA55CEU7, STM32WBA55CEU7TR, STM32WBA55CGU6, STM32WBA55CGU6TR, STM32WBA55CGU6U, STM32WBA55CGU7, STM32WBA55CGU7TR, STM32WBA55G-DK1, STM32WBA55HEF6, STM32WBA55HEF7, STM32WBA55HGF6, STM32WBA55HGF7, STM32WBA55UEI6, STM32WBA55UEI6TR, STM32WBA55UEI7, STM32WBA55UEI7TR, STM32WBA55UGI6, STM32WBA55UGI6TR, STM32WBA55UGI7, STM32WBA55UGI7TR, STM32WBA5MMGH6TR, STM32WBA62MGF6, STM32WBA62MIF6, STM32WBA65MGF7, STM32WBA65MIF6, STM32WBA65MIF7, STM32WL30K8V6, STM32WL30KBV6, STM32WL31C8V6, STM32WL31CBV6, STM32WL31K8V6, STM32WL31KBV6, STM32WL33C8V6, STM32WL33C8V6X, STM32WL33CBV6, STM32WL33CBV6X, STM32WL33CCV6, STM32WL33CCV6A, STM32WL33CCV6X, STM32WL33K8V7, STM32WL33K8V7X, STM32WL33KBV7 , STM32WL33KBV7X, STM32WL33KCV7, STM32WL33KCV7X, STM32WL5MOCH6, STM32WL5MOCH6TR]
2026-01-04 12:53:30,862 [INFO] ApiDb:668 - CubeFinder database Data Model version=2.1
2026-01-04 12:53:30,862 [INFO] ApiDb:669 - CubeFinder database Configuration version=3.0.39
2026-01-04 12:53:30,862 [INFO] ApiDb:670 - CubeFinder database generation date=2025-12-22 (1766407740)
2026-01-04 12:53:30,862 [INFO] ApiDb:671 - CubeFinder database FW Pack versions=[FP-ATR-ASTRA1_V2.0.0, FP-SNS-FLIGHT1_V5.1.0, FP-SNS-MOTENV1_V5.1.0, FP-SNS-MOTENVWB1_V1.4.0, FP-SNS-SMARTAG2_V1.2.0, FP-SNS-STBOX1_V2.1.0, STM32Cube_FW_C0_V1.4.0, STM32Cube_FW_F4_V1.28.3, STM32Cube_FW_F7_V1.17.4, STM32Cube_FW_G0_V1.6.2, STM32Cube_FW_G4_V1.6.1, STM32Cube_FW_H5_V1.5.1, STM32Cube_FW_H7RS_V1.3.0, STM32Cube_FW_H7_V1.12.1, STM32Cube_FW_L0_V1.12.2, STM32Cube_FW_L4_V1.18.1, STM32Cube_FW_L5_V1.6.0, STM32Cube_FW_N6_V1.3.0, STM32Cube_FW_U0_V1.3.0, STM32Cube_FW_U3_V1.2.1, STM32Cube_FW_U5_V1.8.0, STM32Cube_FW_WB0_V1.4.0, STM32Cube_FW_WBA_V1.8.0, STM32Cube_FW_WB_V1.24.0, STM32Cube_FW_WL3_V1.3.0, STM32Cube_FW_WL_V1.4.0, X-CUBE-ALGOBUILD_V1.4.0, X-CUBE-ALS_V1.0.2, X-CUBE-AZRTOS-F4_V1.1.0, X-CUBE-AZRTOS-F7_V1.1.0, X-CUBE-AZRTOS-G0_V1.1.0, X-CUBE-AZRTOS-G4_V2.0.0, X-CUBE-AZRTOS-H7RS_V1.1.0, X-CUBE-AZRTOS-H7_V3.4.0, X-CUBE-AZRTOS-L4_V2.0.0, X-CUBE-AZRTOS-L5_V2.0.0, X-CUBE-AZRTOS-WB_V2.0.0, X-CUBE-AZRTOS-WL_V2.0.0, X-CUBE-BLE1_V7.1.0, X-CUBE-BLE2_V3.3.0, X-CUBE-BLEMGR_V4.1.0, X-CUBE-EEPRMA1_V5.2.0, X-CUBE-FREERTOS_V1.3.1, X-CUBE-GNSS1_V6.0.0, X-CUBE-MEMS1_V12.0.0, X-CUBE-NFC4_V3.0.0, X-CUBE-NFC7_V2.0.0, X-CUBE-SFXS2LP1_V4.0.0, X-CUBE-ST67W61_V1.1.0, X-CUBE-SUBG2_V5.0.0, X-CUBE-TOF1_V3.4.3]
2026-01-04 12:53:32,756 [INFO] ApiDb:240 - Found 880 in-development CPN: [B-G473E-ZEST1S, B-WB1M-WPAN1, B-WBA5M-WPAN, B-WL5M-SUBG1, NUCLEO-C031C6, NUCLEO-C051C8, NUCLEO-C071RB, NUCLEO-C092RC, NUCLEO-H503RB, NUCLEO-H533RE, NUCLEO-H563ZI, NUCLEO-H7S3L8, NUCLEO-N657X0-Q, NUCLEO-U031R8, NUCLEO-U083RC, NUCLEO-U385RG-Q, NUCLEO-U545RE-Q, NUCLEO-U5A5ZJ-Q, NUCLEO-WB05KZ, NUCLEO-WB07CC, NUCLEO-WB09KE, NUCLEO-WBA52CG, NUCLEO-WBA55CG, NUCLEO-WL33CC1, NUCLEO-WL33CC2, STEVAL-PROTEUS1, STEVAL-SMARTAG2, STEVAL-STWINBX1, STM320518-EVAL, STM32C0116-DK, STM32C011D6Y3TR, STM32C011D6Y6TR, STM32C011F4P3, STM32C011F4P6, STM32C011F4U3, STM32C011F4U6TR, STM32C011F6P3, STM32C011F6P6, STM32C011F6U3, STM32C011F6U6TR, STM32C011J4M3, STM32C011J4M6, STM32C011J6M3, STM32C011J6M6, STM32C0316-DK, STM32C031C4T3, STM32C031C4T6, STM32C031C4U3, STM32C031C4U6, STM32C031C6T3, STM32C031C6T6, STM32C031C6U3, STM32C031C6U6, STM32C031F4P3, STM32C031F4P6, STM32C031F6P3, STM32C031F6P6, STM32C031G4U3, STM32C031G4U6, STM32C031G6U3, STM32C031G6U6, STM32C031K4T3, STM32C031K4T6, STM32C031K4U3, STM32C031K4U6, STM32C031K6T3, STM32C031K6T6, STM32C031K6U3, STM32C031K6U6, STM32C051C6T6, STM32C051C6U6, STM32C051C8T6, STM32C051C8U6, STM32C051D8Y6TR, STM32C051F6P6, STM32C051F8P6, STM32C051G6U6, STM32C051G8U6, STM32C051K6T6, STM32C051K6U6, STM32C051K8T6, STM32C071C8T6, STM32C071C8T6N, STM32C071C8U6, STM32C071C8U6N, STM32C071CBT6, STM32C071CBT6N, STM32C071CBU6, STM32C071CBU6N, STM32C071F8P6, STM32C071F8P6N, STM32C071FBP6, STM32C071FBP6N, STM32C071FBY6TR, STM32C071G8U6, STM32C071G8U6N, STM32C071GBU6, STM32C071GBU6N, STM32C071K8T6, STM32C071K8T6N, STM32C071K8U6, STM32C071K8U6N, STM32C071KBT6, STM32C071KBT6N, STM32C071KBU6, STM32C071KBU6N, STM32C071R8T6, STM32C071R8T6N, STM32C071RBI6N, STM32C071RBT6, STM32C071RBT6N, STM32C091CBT6, STM32C091CBU6, STM32C091CCT6, STM32C091CCU6, STM32C091ECY6TR, STM32C091FBP6, STM32C091FCP6, STM32C091GBU6, STM32C091GCU6, STM32C091KBT6, STM32C091KBU6, STM32C091KCT6, STM32C091KCU6, STM32C091RBT6, STM32C091RCI6, STM32C091RCT6, STM32C092CBT6, STM32C092CBU6, STM32C092CCT6, STM32C092CCU6, STM32C092ECY6TR, STM32C092FBP6, STM32C092FCP6, STM32C092GBU6, STM32C092GCU6, STM32C092KBT6, STM32C092KBU6, STM32C092KCT6, STM32C092KCU6, STM32C092RBT6, STM32C092RCI6, STM32C092RCT6, STM32G071K8TXN, STM32G071K8UXN, STM32G081GBU6N, STM32G081KBT6N, STM32G081KBUXN, STM32G0B1CCT6N, STM32G0B1KCT6, STM32G0B1NEY6TR, STM32G0B1RCT6N, STM32G0C1CCT6, STM32G0C1CCT6N, STM32G0C1CCU6N, STM32G0C1CET6N, STM32G0C1CEU6N, STM32G0C1KCT6, STM32G0C1NEY6TR, STM32G0C1RCI6N, STM32G0C1RCT6N, STM32G0C1REI6N, STM32G0C1RET6N, STM32G0C1VCI6, STM32G0C1VEI6, STM32G411C6T3, STM32G411C6T6, STM32G411C6U3, STM32G411C6U6, STM32G411C8T3, STM32G411C8T6, STM32G411C8U3, STM32G411C8U6, STM32G411CBT3, STM32G411CBT6, STM32G411CBU3, STM32G411CBU6, STM32G411K6T3, STM32G411K6T6, STM32G411K6U3, STM32G411K6U6, STM32G411K8T3, STM32G411K8T6, STM32G411K8U3, STM32G411K8U6, STM32G411KBT3, STM32G411KBT6, STM32G411KBU3, STM32G411KBU6, STM32G411M6T3, STM32G411M6T6, STM32G411M8T3, STM32G411M8T6, STM32G411MBT3, STM32G411MBT6, STM32G411R6T3, STM32G411R6T6, STM32G411R8T3, STM32G411R8T6, STM32G411RBT3, STM32G411RBT6, STM32G414CBT3, STM32G414CBT6, STM32G414CBU3, STM32G414CBU6, STM32G414CCT3, STM32G414CCT6, STM32G414CCU3, STM32G414CCU6, STM32G414MBT3, STM32G414MBT6, STM32G414MCT3, STM32G414MCT6, STM32G414RBT3, STM32G414RBT6, STM32G414RCT3, STM32G414RCT6, STM32G414VBT3, STM32G414VBT6, STM32G414VCT3, STM32G414VCT6, STM32G431CBT3Z, STM32G431RBT3Z, STM32G471CCT6, STM32G471CCU6, STM32G471CET3, STM32G471CET6, STM32G471CEU3, STM32G471CEU6, STM32G471MCT6, STM32G471MET3, STM32G471MET6, STM32G471MEY6TR, STM32G471QCT6, STM32G471QET3, STM32G471RCT6, STM32G471RET3, STM32G471RET6, STM32G471VCH6, STM32G471VCI6, STM32G471VCT6, STM32G471VEH3, STM32G471VEH6, STM32G471VEI3, STM32G471VEI6, STM32G471VET3, STM32G471VET6, STM32G473QET3Z, STM32G473RET3Z, STM32G474CCT6, STM32G491RET3Z, STM32H503CBT6, STM32H503CBU6, STM32H503EBY6TR, STM32H503KBU6, STM32H503RBT6, STM32H523CCT6, STM32H523CCU6, STM32H523CET6, STM32H523CEU6, STM32H523HEY6TR, STM32H523RCT6, STM32H523RET6, STM32H523VCI6, STM32H523VCT6, STM32H523VEI6, STM32H523VET6, STM32H523ZCJ6, STM32H523ZCT6, STM32H523ZEJ6, STM32H523ZET6, STM32H533CET6, STM32H533CEU6, STM32H533HEY6TR, STM32H533RET6, STM32H533VEI6, STM32H533VET6, STM32H533ZEJ6, STM32H533ZET6, STM32H562AGI6, STM32H562AII6, STM32H562IGK6, STM32H562IGT6, STM32H562IIK6, STM32H562IIT6, STM32H562RGT6, STM32H562RGV6, STM32H562RIT6, STM32H562RIV6, STM32H562VGT6, STM32H562VIT6, STM32H562ZGT6, STM32H562ZIT6, STM32H563AGI6, STM32H563AII3Q, STM32H563AII6, STM32H563IGK6, STM32H563IGT6, STM32H563IIK3Q, STM32H563IIK6, STM32H563IIT3Q, STM32H563IIT6, STM32H563MIY3QTR, STM32H563RGT6, STM32H563RGV6, STM32H563RIT6, STM32H563RIV6, STM32H563VGT6, STM32H563VIT3Q, STM32H563VIT6, STM32H563ZGT6, STM32H563ZIT3Q, STM32H563ZIT6, STM32H573AII3Q, STM32H573AII6, STM32H573I-DK, STM32H573IIK3Q, STM32H573IIK6, STM32H573IIT3Q, STM32H573IIT6, STM32H573MIY3QTR, STM32H573RIT6, STM32H573RIV6, STM32H573VIT3Q, STM32H573VIT6, STM32H573ZIT3Q, STM32H573ZIT6, STM32H7R3A8I6, STM32H7R3I8K6, STM32H7R3I8T6, STM32H7R3L8H6, STM32H7R3L8H6H, STM32H7R3R8V6, STM32H7R3V8H6, STM32H7R3V8T6, STM32H7R3V8Y6TR, STM32H7R3Z8J6, STM32H7R3Z8T6, STM32H7R7A8I6, STM32H7R7I8K6, STM32H7R7I8T6, STM32H7R7L8H6, STM32H7R7L8H6H, STM32H7R7Z8J6, STM32H7S3A8I6, STM32H7S3I8K6, STM32H7S3I8T6, STM32H7S3L8H6, STM32H7S3L8H6H, STM32H7S3R8V6, STM32H7S3V8H6, STM32H7S3V8T6, STM32H7S3V8Y6TR, STM32H7S3Z8J6, STM32H7S3Z8T6, STM32H7S78-DK, STM32H7S7A8I6, STM32H7S7I8K6, STM32H7S7I8T6, STM32H7S7L8H6, STM32H7S7L8H6H, STM32H7S7Z8J6, STM32L4R5QGI6STR, STM32MP131AAE3, STM32MP131AAF3, STM32MP131AAG3, STM32MP131CAE3, STM32MP131CAF3, STM32MP131CAG3, STM32MP131DAE7, STM32MP131DAF7, STM32MP131DAG7, STM32MP131FAE7, STM32MP131FAF7, STM32MP131FAG7, STM32MP133AAE3, STM32MP133AAF3, STM32MP133AAG3, STM32MP133CAE3, STM32MP133CAF3, STM32MP133CAG3, STM32MP133DAE7, STM32MP133DAF7, STM32MP133DAG7, STM32MP133FAE7, STM32MP133FAF7, STM32MP133FAG7, STM32MP135AAE3, STM32MP135AAF3, STM32MP135AAG3, STM32MP135CAE3, STM32MP135CAF3, STM32MP135CAG3, STM32MP135DAE7, STM32MP135DAF7, STM32MP135DAG7, STM32MP135F-DK, STM32MP135FAE7, STM32MP135FAF7, STM32MP135FAF7T, STM32MP135FAF7U, STM32MP135FAG7, STM32MP211AAL3, STM32MP211AAM3, STM32MP211AAN3, STM32MP211AAO3, STM32MP211CAL3, STM32MP211CAM3, STM32MP211CAN3, STM32MP211CAO3, STM32MP211DAL3, STM32MP211DAM3, STM32MP211DAN3, STM32MP211DAO3, STM32MP211FAL3, STM32MP211FAM3, STM32MP211FAN3, STM32MP211FAO3, STM32MP213AAL3, STM32MP213AAM3, STM32MP213AAN3, STM32MP213AAO3, STM32MP213CAL3, STM32MP213CAM3, STM32MP213CAN3, STM32MP213CAO3, STM32MP213DAL3, STM32MP213DAM3, STM32MP213DAN3, STM32MP213DAO3, STM32MP213FAL3, STM32MP213FAM3, STM32MP213FAN3, STM32MP213FAO3, STM32MP215AAL3, STM32MP215AAM3, STM32MP215AAN3, STM32MP215AAO3, STM32MP215CAL3, STM32MP215CAM3, STM32MP215CAN3, STM32MP215CAO3, STM32MP215DAL3, STM32MP215DAM3, STM32MP215DAN3, STM32MP215DAO3, STM32MP215F-DK, STM32MP215FAL3, STM32MP215FAM3, STM32MP215FAN3, STM32MP215FAO3, STM32MP231AAJ3, STM32MP231AAK3, STM32MP231AAL3, STM32MP231CAJ3, STM32MP231CAK3, STM32MP231CAL3, STM32MP231DAJ3, STM32MP231DAK3, STM32MP231DAL3, STM32MP231FAJ3, STM32MP231FAK3, STM32MP231FAL3, STM32MP233AAJ3, STM32MP233AAK3, STM32MP233AAL3, STM32MP233CAJ3, STM32MP233CAK3, STM32MP233CAL3, STM32MP233DAJ3, STM32MP233DAK3, STM32MP233DAL3, STM32MP233FAJ3, STM32MP233FAK3, STM32MP233FAL3, STM32MP235AAJ3, STM32MP235AAK3, STM32MP235AAL3, STM32MP235CAJ3, STM32MP235CAK3, STM32MP235CAL3, STM32MP235DAJ3, STM32MP235DAK3, STM32MP235DAL3, STM32MP235FAJ3, STM32MP235FAK3, STM32MP235FAL3, STM32MP251AAI3, STM32MP251AAK3, STM32MP251AAL3, STM32MP251CAI3, STM32MP251CAK3, STM32MP251CAL3, STM32MP251DAI3, STM32MP251DAK3, STM32MP251DAL3, STM32MP251FAI3, STM32MP251FAK3, STM32MP251FAL3, STM32MP253AAI3, STM32MP253AAK3, STM32MP253AAL3, STM32MP253CAI3, STM32MP253CAK3, STM32MP253CAL3, STM32MP253DAI3, STM32MP253DAK3, STM32MP253DAL3, STM32MP253FAI3, STM32MP253FAK3, STM32MP253FAL3, STM32MP255AAI3, STM32MP255AAK3, STM32MP255AAL3, STM32MP255CAI3, STM32MP255CAK3, STM32MP255CAL3, STM32MP255DAI3, STM32MP255DAK3, STM32MP255DAL3, STM32MP255FAI3, STM32MP255FAK3, STM32MP255FAL3, STM32MP257AAI3, STM32MP257AAK3, STM32MP257AAL3, STM32MP257CAI3, STM32MP257CAK3, STM32MP257CAL3, STM32MP257DAI3, STM32MP257DAK3, STM32MP257DAL3, STM32MP257F-DK, STM32MP257F-EV1, STM32MP257FAI3, STM32MP257FAK3, STM32MP257FAL3, STM32N645A0H3Q, STM32N645B0H3Q, STM32N645I0H3Q, STM32N645L0H3Q, STM32N645X0H3Q, STM32N645Z0H3Q, STM32N647A0H3Q, STM32N647B0H3Q, STM32N647I0H3Q, STM32N647L0H3Q, STM32N647X0H3Q, STM32N647Z0H3Q, STM32N655A0H3Q, STM32N655B0H3Q, STM32N655I0H3Q, STM32N655L0H3Q, STM32N655X0H3Q, STM32N655Z0H3Q, STM32N6570-DK, STM32N657A0H3Q, STM32N657B0H3Q, STM32N657I0H3Q, STM32N657L0H3Q, STM32N657X0H3Q, STM32N657Z0H3Q, STM32U031C6T6, STM32U031C6U6, STM32U031C8T6, STM32U031C8U6, STM32U031F4P6, STM32U031F6P6, STM32U031F8P6, STM32U031G6Y6TR, STM32U031G8Y6TR, STM32U031K4U6, STM32U031K6U6, STM32U031K8U6, STM32U031R6I6, STM32U031R6T6, STM32U031R8I6, STM32U031R8T6, STM32U073C8T6, STM32U073C8U6, STM32U073CBT6, STM32U073CBU6, STM32U073CCT6, STM32U073CCU6, STM32U073H8Y6TR, STM32U073HBY6TR, STM32U073HCY6TR, STM32U073K8U6, STM32U073KBU6, STM32U073KCU6, STM32U073M8I6, STM32U073M8T6, STM32U073MBI6, STM32U073MBT6, STM32U073MCI6, STM32U073MCT6, STM32U073R8I6, STM32U073R8T6, STM32U073RBI6, STM32U073RBT6, STM32U073RCI6, STM32U073RCT6, STM32U083C-DK, STM32U083CCT6, STM32U083CCU6, STM32U083HCY6TR, STM32U083KCU6, STM32U083MCI6, STM32U083MCT6, STM32U083RCI6, STM32U083RCT6, STM32U375CET6, STM32U375CET6Q, STM32U375CEU6, STM32U375CEU6Q, STM32U375CEY6QTR, STM32U375CGT6, STM32U375CGT6Q, STM32U375CGU6, STM32U375CGU6Q, STM32U375CGY6QTR, STM32U375KEU6, STM32U375KGU6, STM32U375REI6, STM32U375REI6Q, STM32U375RET6, STM32U375RET6Q, STM32U375REY6GTR, STM32U375REY6QTR, STM32U375RGI6, STM32U375RGI6Q, STM32U375RGT6, STM32U375RGT6Q, STM32U375RGY6GTR, STM32U375RGY6QTR, STM32U375VEI6, STM32U375VEI6Q, STM32U375VET6, STM32U375VET6Q, STM32U375VGI6, STM32U375VGI6Q, STM32U375VGT6, STM32U375VGT6Q, STM32U385CGT6, STM32U385CGT6Q, STM32U385CGU6, STM32U385CGU6Q, STM32U385CGY6QTR, STM32U385KGU6, STM32U385RGI6, STM32U385RGI6Q, STM32U385RGT6, STM32U385RGT6Q, STM32U385RGY6GTR, STM32U385RGY6QTR, STM32U385VGI6, STM32U385VGI6Q, STM32U385VGT6, STM32U385VGT6Q, STM32U535CBT6, STM32U535CBT6Q, STM32U535CBU6, STM32U535CBU6Q, STM32U535CCT6, STM32U535CCT6Q, STM32U535CCU6, STM32U535CCU6Q, STM32U535CET6, STM32U535CET6Q, STM32U535CEU6, STM32U535CEU6Q, STM32U535JEY6QTR, STM32U535NCY6QTR, STM32U535NEY6QTR, STM32U535RBI6, STM32U535RBI6Q, STM32U535RBT6, STM32U535RBT6Q, STM32U535RCI6, STM32U535RCI6Q, STM32U535RCT6, STM32U535RCT6Q, STM32U535REI6, STM32U535REI6Q, STM32U535RET6, STM32U535RET6Q, STM32U535VCI6, STM32U535VCI6Q, STM32U535VCT6, STM32U535VCT6Q, STM32U535VEI6, STM32U535VEI6Q, STM32U535VET6, STM32U535VET6Q, STM32U545CET6, STM32U545CET6Q, STM32U545CEU6, STM32U545CEU6Q, STM32U545JEY6QTR, STM32U545NEY6QTR, STM32U545REI6, STM32U545REI6Q, STM32U545RET6, STM32U545RET6Q, STM32U545VEI6, STM32U545VEI6Q, STM32U545VET6, STM32U545VET6Q, STM32U595AIH6, STM32U595AIH6Q, STM32U595AJH6, STM32U595AJH6Q, STM32U595QII6, STM32U595QII6Q, STM32U595QJI6, STM32U595QJI6Q, STM32U595RIT6, STM32U595RIT6Q, STM32U595RJT6, STM32U595RJT6Q, STM32U595VIT6, STM32U595VIT6Q, STM32U595VJT6, STM32U595VJT6Q, STM32U595ZIT6, STM32U595ZIT6Q, STM32U595ZIY6QTR, STM32U595ZJT6, STM32U595ZJT6Q, STM32U595ZJY6QTR, STM32U599BJY6QTR, STM32U599NIH6Q, STM32U599NJH6Q, STM32U599VIT6Q, STM32U599VJT6, STM32U599VJT6Q, STM32U599ZIT6Q, STM32U599ZIY6QTR, STM32U599ZJT6Q, STM32U599ZJY6QTR, STM32U5A5AJH6, STM32U5A5AJH6Q, STM32U5A5QII3Q , STM32U5A5QJI6, STM32U5A5QJI6Q, STM32U5A5RJT6, STM32U5A5RJT6Q, STM32U5A5VJT6, STM32U5A5VJT6Q, STM32U5A5ZJT6, STM32U5A5ZJT6Q, STM32U5A5ZJY6QTR, STM32U5A9BJY6QTR, STM32U5A9J-DK, STM32U5A9NJH6Q, STM32U5A9VJT6Q, STM32U5A9ZJT6Q, STM32U5A9ZJY6QTR, STM32U5F7VIT6, STM32U5F7VIT6Q, STM32U5F7VJT6, STM32U5F7VJT6Q, STM32U5F9BJY6QTR, STM32U5F9NJH6Q, STM32U5F9VIT6Q, STM32U5F9VJT6Q, STM32U5F9ZIJ6QTR, STM32U5F9ZIT6Q, STM32U5F9ZJJ6QTR, STM32U5F9ZJT6Q, STM32U5G7VJT6, STM32U5G7VJT6Q, STM32U5G9BJY6QTR, STM32U5G9J-DK1, STM32U5G9J-DK2, STM32U5G9NJH6Q, STM32U5G9VJT6Q, STM32U5G9ZJJ6QTR, STM32U5G9ZJT6Q, STM32WB05KZV6TR, STM32WB05KZV7TR, STM32WB05TZF6TR, STM32WB05TZF7TR, STM32WB06CCF6TR, STM32WB06CCF7TR, STM32WB06CCV6TR, STM32WB06CCV7TR, STM32WB06KCV6TR, STM32WB06KCV7TR, STM32WB07CCF6TR, STM32WB07CCF7TR, STM32WB07CCV6TR, STM32WB07CCV7TR, STM32WB07KCV6TR, STM32WB07KCV7TR, STM32WB09KEV6TR, STM32WB09KEV7TR, STM32WB09TEF6TR, STM32WB09TEF7TR, STM32WB1MMCH6, STM32WBA50KGU6, STM32WBA50KGU6TR, STM32WBA52CEU6, STM32WBA52CEU6TR, STM32WBA52CEU7, STM32WBA52CEU7TR, STM32WBA52CGU6, STM32WBA52CGU6TR, STM32WBA52CGU6U, STM32WBA52CGU7, STM32WBA52CGU7TR, STM32WBA52KEU6, STM32WBA52KEU6TR, STM32WBA52KGU6, STM32WBA52KGU6TR, STM32WBA54CEU6, STM32WBA54CEU6TR, STM32WBA54CEU7, STM32WBA54CEU7TR, STM32WBA54CGU6, STM32WBA54CGU6TR, STM32WBA54CGU7, STM32WBA54CGU7TR, STM32WBA54KEU6, STM32WBA54KEU6TR, STM32WBA54KEU7, STM32WBA54KEU7TR, STM32WBA54KGU6, STM32WBA54KGU6TR, STM32WBA54KGU7, STM32WBA54KGU7TR, STM32WBA55CEU6, STM32WBA55CEU6TR, STM32WBA55CEU7, STM32WBA55CEU7TR, STM32WBA55CGU6, STM32WBA55CGU6TR, STM32WBA55CGU6U, STM32WBA55CGU7, STM32WBA55CGU7TR, STM32WBA55G-DK1, STM32WBA55HEF6, STM32WBA55HEF7, STM32WBA55HGF6, STM32WBA55HGF7, STM32WBA55UEI6, STM32WBA55UEI6TR, STM32WBA55UEI7, STM32WBA55UEI7TR, STM32WBA55UGI6, STM32WBA55UGI6TR, STM32WBA55UGI7, STM32WBA55UGI7TR, STM32WBA5MMGH6TR, STM32WBA62MGF6, STM32WBA62MIF6, STM32WBA65MGF7, STM32WBA65MIF6, STM32WBA65MIF7, STM32WL30K8V6, STM32WL30KBV6, STM32WL31C8V6, STM32WL31CBV6, STM32WL31K8V6, STM32WL31KBV6, STM32WL33C8V6, STM32WL33C8V6X, STM32WL33CBV6, STM32WL33CBV6X, STM32WL33CCV6, STM32WL33CCV6A, STM32WL33CCV6X, STM32WL33K8V7, STM32WL33K8V7X, STM32WL33KBV7 , STM32WL33KBV7X, STM32WL33KCV7, STM32WL33KCV7X, STM32WL5MOCH6, STM32WL5MOCH6TR]
2026-01-04 12:53:32,761 [INFO] DbMcus:218 - Found 4876 MCUs, 4876 are supported
2026-01-04 12:53:32,761 [INFO] ApiDb:423 - Load user favorites file C:\Users\22142/.stm32cubeide/favorites.mcus.txt: 0 item(s)
2026-01-04 12:53:32,761 [INFO] ApiDb:427 - User favorites MCUs=[]
2026-01-04 12:53:32,761 [INFO] DbMcus:224 - Set 0 / 0 favorites MCUs
2026-01-04 12:53:33,200 [INFO] BoardInfo:889 - No configuration file found for board P-NUCLEO-WB55
2026-01-04 12:53:33,200 [INFO] DbBoards:161 - Kit is not supported: P-NUCLEO-WB55
2026-01-04 12:53:33,204 [INFO] BoardInfo:889 - No configuration file found for board STEVAL-BFA001V1B
2026-01-04 12:53:33,204 [INFO] DbBoards:161 - Kit is not supported: STEVAL-BFA001V1B
2026-01-04 12:53:33,205 [INFO] BoardInfo:889 - No configuration file found for board STEVAL-BFA001V2B
2026-01-04 12:53:33,205 [INFO] DbBoards:161 - Kit is not supported: STEVAL-BFA001V2B
2026-01-04 12:53:33,328 [INFO] DbBoards:168 - Found 212 boards, 209 are supported
2026-01-04 12:53:33,328 [INFO] DbBoards:169 - Found 212 boards, 43 of them is supported for  Bsp
2026-01-04 12:53:33,331 [INFO] ApiDb:414 - User favorites file not found: C:\Users\22142/.stm32cubeide/favorites.boards.txt
2026-01-04 12:53:33,331 [INFO] DbBoards:198 - Set 0 / 0 favorites Boards
2026-01-04 12:53:33,396 [INFO] UtilMem:75 - End LoadConfig() Used Memory: 728106792 Bytes (1073741824)
2026-01-04 12:53:33,553 [WARN] ThirdParty:833 - waiting for thirdparty lock release [change project]
2026-01-04 12:53:33,553 [INFO] ThirdParty:835 - entering critical section [change project]
2026-01-04 12:53:33,554 [INFO] ThirdParty:1030 - CMSIS Pack Vendor :STMicroelectronics X-CUBE-PM33A1 1.0.0
2026-01-04 12:53:33,554 [INFO] ThirdParty:1030 - CMSIS Pack Vendor :STMicroelectronics USBPD 4.1
2026-01-04 12:53:33,554 [INFO] ThirdParty:1030 - CMSIS Pack Vendor :STMicroelectronics USB_HOST 2.0.0
2026-01-04 12:53:33,554 [INFO] ThirdParty:1030 - CMSIS Pack Vendor :STMicroelectronics FP-SNS-MOTENVWB1 1.4.0
2026-01-04 12:53:33,554 [INFO] ThirdParty:1030 - CMSIS Pack Vendor :STMicroelectronics X-CUBE-AZRTOS-F4 1.1.0
2026-01-04 12:53:33,554 [INFO] ThirdParty:1030 - CMSIS Pack Vendor :STMicroelectronics LIBJPEG 8.0.0
2026-01-04 12:53:33,554 [INFO] ThirdParty:1030 - CMSIS Pack Vendor :STMicroelectronics FP-ATR-ASTRA1 2.0.2
2026-01-04 12:53:33,554 [INFO] ThirdParty:1030 - CMSIS Pack Vendor :STMicroelectronics X-CUBE-SMBUS 2.1.0
2026-01-04 12:53:33,554 [INFO] ThirdParty:1030 - CMSIS Pack Vendor :STMicroelectronics X-CUBE-WB05N 1.1.0
2026-01-04 12:53:33,554 [INFO] ThirdParty:1030 - CMSIS Pack Vendor :STMicroelectronics X-CUBE-ISPU 2.1.0
2026-01-04 12:53:33,554 [INFO] ThirdParty:1030 - CMSIS Pack Vendor :STMicroelectronics X-CUBE-IPS 3.2.0
2026-01-04 12:53:33,554 [INFO] ThirdParty:1030 - CMSIS Pack Vendor :STMicroelectronics X-CUBE-NFC12 1.0.0
2026-01-04 12:53:33,554 [INFO] ThirdParty:1030 - CMSIS Pack Vendor :STMicroelectronics X-CUBE-AZRTOS-F7 1.1.0
2026-01-04 12:53:33,554 [INFO] ThirdParty:1030 - CMSIS Pack Vendor :STMicroelectronics X-CUBE-AZRTOS-L5 2.0.0
2026-01-04 12:53:33,554 [INFO] ThirdParty:1030 - CMSIS Pack Vendor :STMicroelectronics USB_DEVICE 2.0.0
2026-01-04 12:53:33,554 [INFO] ThirdParty:1030 - CMSIS Pack Vendor :STMicroelectronics X-CUBE-NFC6 3.1.0
2026-01-04 12:53:33,554 [INFO] ThirdParty:1030 - CMSIS Pack Vendor :STMicroelectronics FP-SNS-MOTENV1 5.1.0
2026-01-04 12:53:33,554 [INFO] ThirdParty:1030 - CMSIS Pack Vendor :STMicroelectronics FreeRTOS 0.0.1
2026-01-04 12:53:33,554 [INFO] ThirdParty:1030 - CMSIS Pack Vendor :STMicroelectronics X-CUBE-DPower 1.2.0
2026-01-04 12:53:33,554 [INFO] ThirdParty:1030 - CMSIS Pack Vendor :Infineon AIROC-Wi-Fi-Bluetooth-STM32 1.7.0
2026-01-04 12:53:33,554 [INFO] ThirdParty:1030 - CMSIS Pack Vendor :STMicroelectronics PDM2PCM 3.3.0
2026-01-04 12:53:33,554 [INFO] ThirdParty:1030 - CMSIS Pack Vendor :STMicroelectronics X-CUBE-AZRTOS-H7 3.4.0
2026-01-04 12:53:33,554 [INFO] ThirdParty:1030 - CMSIS Pack Vendor :STMicroelectronics X-CUBE-DISPLAY 3.0.0
2026-01-04 12:53:33,555 [INFO] ThirdParty:1030 - CMSIS Pack Vendor :STMicroelectronics X-CUBE-NFC10 1.0.0
2026-01-04 12:53:33,555 [INFO] ThirdParty:1030 - CMSIS Pack Vendor :STMicroelectronics X-CUBE-BLEMGR 4.0.0
2026-01-04 12:53:33,555 [INFO] ThirdParty:1030 - CMSIS Pack Vendor :STMicroelectronics HAL Drivers 0.0.0
2026-01-04 12:53:33,555 [INFO] ThirdParty:1030 - CMSIS Pack Vendor :STMicroelectronics X-CUBE-ST60 1.1.0
2026-01-04 12:53:33,555 [INFO] ThirdParty:1030 - CMSIS Pack Vendor :emotas I-CUBE-CANOPEN 1.3.0
2026-01-04 12:53:33,555 [INFO] ThirdParty:1030 - CMSIS Pack Vendor :STMicroelectronics X-CUBE-FREERTOS 1.3.0
2026-01-04 12:53:33,555 [INFO] ThirdParty:1030 - CMSIS Pack Vendor :STMicroelectronics X-CUBE-NFC7 1.0.1
2026-01-04 12:53:33,555 [INFO] ThirdParty:1030 - CMSIS Pack Vendor :STMicroelectronics MBEDTLS 2.14.1
2026-01-04 12:53:33,555 [INFO] ThirdParty:1030 - CMSIS Pack Vendor :STMicroelectronics X-CUBE-GNSS1 7.1.0
2026-01-04 12:53:33,555 [INFO] ThirdParty:1030 - CMSIS Pack Vendor :STMicroelectronics X-CUBE-TOUCHGFX 4.26.0
2026-01-04 12:53:33,555 [INFO] ThirdParty:1030 - CMSIS Pack Vendor :quantropi X-CUBE-qispace-sdk-base 2.0.0
2026-01-04 12:53:33,555 [INFO] ThirdParty:1030 - CMSIS Pack Vendor :STMicroelectronics X-CUBE-AI 10.0.0
2026-01-04 12:53:33,555 [INFO] ThirdParty:1030 - CMSIS Pack Vendor :STMicroelectronics FP-SNS-STBOX1 2.1.0
2026-01-04 12:53:33,555 [INFO] ThirdParty:1030 - CMSIS Pack Vendor :STMicroelectronics FP-SNS-STAIOTCFT 1.0.0
2026-01-04 12:53:33,555 [INFO] ThirdParty:1030 - CMSIS Pack Vendor :STMicroelectronics FP-SNS-SMARTAG2 1.2.0
2026-01-04 12:53:33,555 [INFO] ThirdParty:1030 - CMSIS Pack Vendor :STMicroelectronics FP-SNS-FLIGHT1 5.1.0
2026-01-04 12:53:33,555 [INFO] ThirdParty:1030 - CMSIS Pack Vendor :STMicroelectronics X-CUBE-MEMS1 11.1.0
2026-01-04 12:53:33,555 [INFO] ThirdParty:1030 - CMSIS Pack Vendor :STMicroelectronics X-CUBE-AZRTOS-WL 2.0.0
2026-01-04 12:53:33,555 [INFO] ThirdParty:1030 - CMSIS Pack Vendor :STMicroelectronics X-CUBE-DPower 1.3.0
2026-01-04 12:53:33,555 [INFO] ThirdParty:1030 - CMSIS Pack Vendor :STMicroelectronics FP-SNS-MOTENV1 5.0.0
2026-01-04 12:53:33,555 [INFO] ThirdParty:1030 - CMSIS Pack Vendor :STMicroelectronics USB_DEVICE 1.0.0
2026-01-04 12:53:33,555 [INFO] ThirdParty:1030 - CMSIS Pack Vendor :STMicroelectronics X-CUBE-AZRTOS-H7RS 1.2.0
2026-01-04 12:53:33,555 [INFO] ThirdParty:1030 - CMSIS Pack Vendor :STMicroelectronics X-CUBE-AZRTOS-L4 2.0.0
2026-01-04 12:53:33,555 [INFO] ThirdParty:1030 - CMSIS Pack Vendor :STMicroelectronics ThreadX 0.0.2
2026-01-04 12:53:33,555 [INFO] ThirdParty:1030 - CMSIS Pack Vendor :WES I-CUBE-Cesium 1.3.0
2026-01-04 12:53:33,555 [INFO] ThirdParty:1030 - CMSIS Pack Vendor :STMicroelectronics lwIP 2.1.2
2026-01-04 12:53:33,555 [INFO] ThirdParty:1030 - CMSIS Pack Vendor :STMicroelectronics X-CUBE-SFXS2LP1 4.0.0
2026-01-04 12:53:33,555 [INFO] ThirdParty:1030 - CMSIS Pack Vendor :STMicroelectronics X-CUBE-BLE2 3.3.0
2026-01-04 12:53:33,555 [INFO] ThirdParty:1030 - CMSIS Pack Vendor :Avnet-IOTCONNECT X-CUBE-iotc-st67-sdk 1.0.0
2026-01-04 12:53:33,555 [INFO] ThirdParty:1030 - CMSIS Pack Vendor :STMicroelectronics PDM2PCM 3.2.0
2026-01-04 12:53:33,555 [INFO] ThirdParty:1030 - CMSIS Pack Vendor :STMicroelectronics X-CUBE-AZRTOS-H7 3.3.0
2026-01-04 12:53:33,555 [INFO] ThirdParty:1030 - CMSIS Pack Vendor :STMicroelectronics X-CUBE-NFC9 1.0.0
2026-01-04 12:53:33,556 [INFO] ThirdParty:1030 - CMSIS Pack Vendor :STMicroelectronics X-CUBE-BLE1 7.1.0
2026-01-04 12:53:33,556 [INFO] ThirdParty:1030 - CMSIS Pack Vendor :wolfSSL I-CUBE-wolfMQTT 1.19.2
2026-01-04 12:53:33,556 [INFO] ThirdParty:1030 - CMSIS Pack Vendor :STMicroelectronics USB_DEVICE 3.0.0
2026-01-04 12:53:33,556 [INFO] ThirdParty:1030 - CMSIS Pack Vendor :STMicroelectronics X-CUBE-FREERTOS 1.4.0
2026-01-04 12:53:33,556 [INFO] ThirdParty:1030 - CMSIS Pack Vendor :STMicroelectronics X-CUBE-EEPRMA1 5.2.0
2026-01-04 12:53:33,556 [INFO] ThirdParty:1030 - CMSIS Pack Vendor :STMicroelectronics X-CUBE-BLEMGR 4.1.0
2026-01-04 12:53:33,556 [INFO] ThirdParty:1030 - CMSIS Pack Vendor :STMicroelectronics X-CUBE-AZRTOS-WB 2.0.0
2026-01-04 12:53:33,556 [INFO] ThirdParty:1030 - CMSIS Pack Vendor :STMicroelectronics X-CUBE-GNSS1 7.0.1
2026-01-04 12:53:33,556 [INFO] ThirdParty:1030 - CMSIS Pack Vendor :STMicroelectronics X-CUBE-TOUCHGFX 4.25.0
2026-01-04 12:53:33,556 [INFO] ThirdParty:1030 - CMSIS Pack Vendor :STMicroelectronics X-CUBE-ST67W61 1.1.0
2026-01-04 12:53:33,556 [INFO] ThirdParty:1030 - CMSIS Pack Vendor :STMicroelectronics FP-SNS-STBOX1 2.0.0
2026-01-04 12:53:33,556 [INFO] ThirdParty:1030 - CMSIS Pack Vendor :STMicroelectronics X-CUBE-MEMS1 12.0.0
2026-01-04 12:53:33,556 [INFO] ThirdParty:1030 - CMSIS Pack Vendor :STMicroelectronics X-CUBE-AZRTOS-G0 1.1.0
2026-01-04 12:53:33,556 [INFO] ThirdParty:1030 - CMSIS Pack Vendor :STMicroelectronics X-CUBE-SAFEA1 1.2.2
2026-01-04 12:53:33,556 [INFO] ThirdParty:1030 - CMSIS Pack Vendor :STMicroelectronics X-CUBE-NFC4 3.0.0
2026-01-04 12:53:33,556 [INFO] ThirdParty:1030 - CMSIS Pack Vendor :STMicroelectronics X-CUBE-SUBG2 5.0.0
2026-01-04 12:53:33,556 [INFO] ThirdParty:1030 - CMSIS Pack Vendor :STMicroelectronics X-CUBE-AZRTOS-H7RS 1.1.0
2026-01-04 12:53:33,556 [INFO] ThirdParty:1030 - CMSIS Pack Vendor :STMicroelectronics STM32_WPAN 1.0.0
2026-01-04 12:53:33,556 [INFO] ThirdParty:1030 - CMSIS Pack Vendor :EmbeddedOffice I-CUBE-FS-RTOS 1.0.1
2026-01-04 12:53:33,556 [INFO] ThirdParty:1030 - CMSIS Pack Vendor :STMicroelectronics lwIP 2.0.3
2026-01-04 12:53:33,556 [INFO] ThirdParty:1030 - CMSIS Pack Vendor :Cesanta I-CUBE-Mongoose 7.13.0
2026-01-04 12:53:33,556 [INFO] ThirdParty:1030 - CMSIS Pack Vendor :STMicroelectronics USB_HOST 1.0.0
2026-01-04 12:53:33,556 [INFO] ThirdParty:1030 - CMSIS Pack Vendor :STMicroelectronics X-CUBE-AZRTOS-G4 2.0.0
2026-01-04 12:53:33,556 [INFO] ThirdParty:1030 - CMSIS Pack Vendor :STMicroelectronics X-CUBE-WB05N 2.0.0
2026-01-04 12:53:33,556 [INFO] ThirdParty:1030 - CMSIS Pack Vendor :STMicroelectronics PDM2PCM 3.1.0
2026-01-04 12:53:33,556 [INFO] ThirdParty:1030 - CMSIS Pack Vendor :wolfSSL I-CUBE-wolfTPM 3.8.0
2026-01-04 12:53:33,556 [INFO] ThirdParty:1030 - CMSIS Pack Vendor :wolfSSL I-CUBE-wolfSSH 1.4.20
2026-01-04 12:53:33,556 [INFO] ThirdParty:1030 - CMSIS Pack Vendor :STMicroelectronics X-CUBE-NFC7 2.0.0
2026-01-04 12:53:33,556 [INFO] ThirdParty:1030 - CMSIS Pack Vendor :STMicroelectronics X-CUBE-TCPP 4.2.0
2026-01-04 12:53:33,556 [INFO] ThirdParty:1030 - CMSIS Pack Vendor :RealThread X-CUBE-RT-Thread_Nano 4.1.1
2026-01-04 12:53:33,556 [INFO] ThirdParty:1030 - CMSIS Pack Vendor :STMicroelectronics FP-ATR-SIGFOX1 3.2.0
2026-01-04 12:53:33,557 [INFO] ThirdParty:1030 - CMSIS Pack Vendor :STMicroelectronics X-CUBE-EEPRMA1 5.1.0
2026-01-04 12:53:33,557 [INFO] ThirdParty:1030 - CMSIS Pack Vendor :STMicroelectronics MBEDTLS 2.16.2
2026-01-04 12:53:33,557 [INFO] ThirdParty:1030 - CMSIS Pack Vendor :STMicroelectronics X-CUBE-IPS 3.1.0
2026-01-04 12:53:33,557 [INFO] ThirdParty:1030 - CMSIS Pack Vendor :STMicroelectronics X-CUBE-ALS 1.0.2
2026-01-04 12:53:33,557 [INFO] ThirdParty:1030 - CMSIS Pack Vendor :wolfSSL I-CUBE-wolfSSL 5.7.6
2026-01-04 12:53:33,557 [INFO] ThirdParty:1030 - CMSIS Pack Vendor :ITTIA_DB I-CUBE-ITTIADB 8.9.0
2026-01-04 12:53:33,557 [INFO] ThirdParty:1030 - CMSIS Pack Vendor :STMicroelectronics X-CUBE-STSE01 1.0.0
2026-01-04 12:53:33,557 [INFO] ThirdParty:1030 - CMSIS Pack Vendor :portGmbH I-Cube-SoM-uGOAL 1.1.0
2026-01-04 12:53:33,557 [INFO] ThirdParty:1030 - CMSIS Pack Vendor :STMicroelectronics X-CUBE-AI 10.2.0
2026-01-04 12:53:33,557 [INFO] ThirdParty:1030 - CMSIS Pack Vendor :STMicroelectronics ThreadX 1.0.0
2026-01-04 12:53:33,557 [INFO] ThirdParty:1030 - CMSIS Pack Vendor :SEGGER I-CUBE-embOS 1.3.1
2026-01-04 12:53:33,557 [INFO] ThirdParty:1030 - CMSIS Pack Vendor :STMicroelectronics X-CUBE-ALGOBUILD 1.4.0
2026-01-04 12:53:33,557 [INFO] ThirdParty:1030 - CMSIS Pack Vendor :STMicroelectronics X-CUBE-TOF1 3.4.2
2026-01-04 12:53:33,557 [INFO] ThirdParty:1030 - CMSIS Pack Vendor :STMicroelectronics X-CUBE-TOF1 3.4.3
2026-01-04 12:53:33,557 [INFO] ThirdParty:841 - exiting critical section [change project]
2026-01-04 12:53:33,958 [INFO] PinOutPanel:1589 - setPackage(No Configuration,No Configuration)
2026-01-04 12:53:33,959 [INFO] PinOutPanel:1589 - setPackage(STM32F103C8Tx,LQFP48)
2026-01-04 12:53:34,407 [INFO] UtilMem:75 - Before build in PCC Used Memory: 648411776 Bytes (1073741824)
2026-01-04 12:53:35,553 [INFO] UtilMem:75 - After build in PCC Used Memory: 734917248 Bytes (1073741824)
2026-01-04 12:53:35,575 [INFO] IPUIPlugin:80 - create IPUIPlugin
2026-01-04 12:53:35,577 [INFO] IPUIPlugin:80 - create IPUIPlugin
2026-01-04 12:53:35,577 [INFO] IPUIPlugin:80 - create IPUIPlugin
2026-01-04 12:53:35,577 [INFO] IPUIPlugin:80 - create IPUIPlugin
2026-01-04 12:53:35,577 [INFO] IPUIPlugin:80 - create IPUIPlugin
2026-01-04 12:53:35,577 [INFO] IPUIPlugin:80 - create IPUIPlugin
2026-01-04 12:53:35,577 [INFO] IPUIPlugin:80 - create IPUIPlugin
2026-01-04 12:53:35,577 [INFO] IPUIPlugin:80 - create IPUIPlugin
2026-01-04 12:53:35,578 [INFO] IPUIPlugin:80 - create IPUIPlugin
2026-01-04 12:53:35,578 [INFO] IPUIPlugin:80 - create IPUIPlugin
2026-01-04 12:53:35,578 [INFO] IPUIPlugin:80 - create IPUIPlugin
2026-01-04 12:53:35,578 [INFO] IPUIPlugin:80 - create IPUIPlugin
2026-01-04 12:53:35,578 [INFO] IPUIPlugin:80 - create IPUIPlugin
2026-01-04 12:53:35,578 [INFO] IPUIPlugin:80 - create IPUIPlugin
2026-01-04 12:53:35,579 [INFO] IPUIPlugin:80 - create IPUIPlugin
2026-01-04 12:53:35,579 [INFO] IPUIPlugin:80 - create IPUIPlugin
2026-01-04 12:53:35,579 [INFO] IPUIPlugin:80 - create IPUIPlugin
2026-01-04 12:53:35,579 [INFO] IPUIPlugin:80 - create IPUIPlugin
2026-01-04 12:53:35,579 [INFO] IPUIPlugin:80 - create IPUIPlugin
2026-01-04 12:53:35,579 [INFO] IPUIPlugin:80 - create IPUIPlugin
2026-01-04 12:53:35,579 [INFO] IPUIPlugin:80 - create IPUIPlugin
2026-01-04 12:53:35,580 [INFO] IPUIPlugin:80 - create IPUIPlugin
2026-01-04 12:53:35,580 [INFO] IPUIPlugin:80 - create IPUIPlugin
2026-01-04 12:53:35,580 [INFO] IPUIPlugin:80 - create IPUIPlugin
2026-01-04 12:53:35,580 [INFO] IPUIPlugin:80 - create IPUIPlugin
2026-01-04 12:53:35,580 [INFO] IPUIPlugin:80 - create IPUIPlugin
2026-01-04 12:53:35,580 [INFO] IPUIPlugin:80 - create IPUIPlugin
2026-01-04 12:53:35,855 [INFO] CADModel:165 - CPN selected for project levelSTM32F103C8T6
2026-01-04 12:53:35,855 [INFO] CADModel:114 - Register for checkConnection events
2026-01-04 12:53:35,912 [INFO] OpenFileManager:386 - Restore cursor
2026-01-04 12:53:56,633 [INFO] NvicIntPanel:101 - NVIC parent = com.st.microxplorer.plugins.ip.nvic.MultiNvicIntPanel[,0,0,450x323,layout=javax.swing.BoxLayout,alignmentX=0.0,alignmentY=0.0,border=,flags=9,maximumSize=,minimumSize=,preferredSize=]
2026-01-04 12:56:12,076 [INFO] UtilMem:75 - End SaveConfig() Used Memory: 743833264 Bytes (1073741824)
2026-01-04 12:56:12,528 [INFO] BlockDiagram:2775 - set Specific Code input for plugin: NVIC
2026-01-04 12:56:12,528 [INFO] BlockDiagram:2775 - set Specific Code input for plugin: USART
2026-01-04 12:56:12,528 [INFO] BlockDiagram:2775 - set Specific Code input for plugin: SYS
2026-01-04 12:56:12,528 [INFO] BlockDiagram:2775 - set Specific Code input for plugin: GPIO
2026-01-04 12:56:12,528 [INFO] BlockDiagram:2775 - set Specific Code input for plugin: RCC
2026-01-04 12:56:12,529 [INFO] CodeGenerator:892 - code generatio: config db path: D:\installs\STM32CubeIDE_1.19.0\STM32CubeIDE\plugins\com.st.stm32cube.common.mx_6.15.0.202507011659\\db\
2026-01-04 12:56:12,716 [INFO] CodeEngine:265 - oldGeneratedFile, D:\projects\stm32_cube_ide\uart_test\MXTmpFiles\license.tmp_save
2026-01-04 12:56:13,242 [INFO] CodeEngine:289 - Generated code: D:\projects\stm32_cube_ide\uart_test\MXTmpFiles\license.tmp
2026-01-04 12:56:13,466 [INFO] CodeEngine:265 - oldGeneratedFile, D:\projects\stm32_cube_ide\uart_test\MXTmpFiles\gpio.tmp_save
2026-01-04 12:56:13,567 [INFO] CodeEngine:289 - Generated code: D:\projects\stm32_cube_ide\uart_test\MXTmpFiles\gpio.tmp
2026-01-04 12:56:13,685 [INFO] CodeEngine:265 - oldGeneratedFile, D:\projects\stm32_cube_ide\uart_test\Core\Src\stm32f1xx_it.c_save
2026-01-04 12:56:13,800 [INFO] CodeEngine:289 - Generated code: D:\projects\stm32_cube_ide\uart_test\Core\Src\stm32f1xx_it.c
2026-01-04 12:56:13,805 [INFO] CodeEngine:265 - oldGeneratedFile, D:\projects\stm32_cube_ide\uart_test\Core\Inc\stm32f1xx_it.h_save
2026-01-04 12:56:13,883 [INFO] CodeEngine:289 - Generated code: D:\projects\stm32_cube_ide\uart_test\Core\Inc\stm32f1xx_it.h
2026-01-04 12:56:13,906 [INFO] CodeEngine:265 - oldGeneratedFile, D:\projects\stm32_cube_ide\uart_test\Core\Src\stm32f1xx_hal_msp.c_save
2026-01-04 12:56:14,039 [INFO] CodeEngine:289 - Generated code: D:\projects\stm32_cube_ide\uart_test\Core\Src\stm32f1xx_hal_msp.c
2026-01-04 12:56:14,043 [INFO] CodeEngine:265 - oldGeneratedFile, D:\projects\stm32_cube_ide\uart_test\MXTmpFiles\system.tmp_save
2026-01-04 12:56:14,096 [INFO] CodeEngine:289 - Generated code: D:\projects\stm32_cube_ide\uart_test\MXTmpFiles\system.tmp
2026-01-04 12:56:14,120 [INFO] CodeEngine:321 - oldGeneratedFile, D:\projects\stm32_cube_ide\uart_test\Core\Inc\stm32f1xx_hal_conf.h_save
2026-01-04 12:56:14,196 [INFO] CodeEngine:345 - Generated code: D:\projects\stm32_cube_ide\uart_test\Core\Inc\stm32f1xx_hal_conf.h
2026-01-04 12:56:14,218 [INFO] ApiDbMcu:532 - Load IP Config File for USART1
2026-01-04 12:56:14,220 [INFO] ApiDbMcu:532 - Load IP Config File for RCC
2026-01-04 12:56:14,228 [INFO] CodeEngine:265 - oldGeneratedFile, D:\projects\stm32_cube_ide\uart_test\Core\Inc\main.h_save
2026-01-04 12:56:14,318 [INFO] CodeEngine:289 - Generated code: D:\projects\stm32_cube_ide\uart_test\Core\Inc\main.h
2026-01-04 12:56:14,322 [INFO] CodeEngine:265 - oldGeneratedFile, D:\projects\stm32_cube_ide\uart_test\Core\Src\main.c_save
2026-01-04 12:56:14,488 [INFO] CodeEngine:289 - Generated code: D:\projects\stm32_cube_ide\uart_test\Core\Src\main.c
2026-01-04 12:56:14,982 [INFO] ProjectBuilder:3606 - Time for Copy HAL[1] : 161mS.
2026-01-04 12:56:14,988 [INFO] ProjectBuilder:5216 - Project Generator version: 4.7.0-B52
2026-01-04 12:56:15,106 [INFO] ConfigFileManager:1595 - The Die is : DIE410
2026-01-04 12:56:15,134 [INFO] ApiDbMcu:532 - Load IP Config File for FATFS
2026-01-04 12:56:15,148 [INFO] ApiDbMcu:532 - Load IP Config File for FREERTOS
2026-01-04 12:56:15,158 [INFO] ApiDbMcu:532 - Load IP Config File for USB_DEVICE
2026-01-04 12:56:15,715 [INFO] LogOutputStream:77 - [STDOUT_REDIRECT] 
2026-01-04 12:56:18,078 [INFO] ProjectBuilder:5496 - Time for Generating toolchain IDE Files: 3090mS.
2026-01-04 12:56:18,079 [INFO] ProjectBuilder:3463 - Time for Copy CMSIS : 1mS.
2026-01-04 12:56:18,080 [INFO] ProjectBuilder:3463 - Time for Copy CMSIS : 0mS.
2026-01-04 13:38:38,776 [INFO] MainUpdater:2872 - connection check result : 10
2026-01-04 13:38:38,776 [INFO] MainUpdater:2872 - connection check result : 10
2026-01-04 13:38:38,818 [INFO] MicroXplorer:468 - Change Database Path : 
2026-01-04 13:38:38,818 [INFO] MicroXplorer:498 - Change Database Version : DB.6.0.150
2026-01-04 13:38:39,115 [ERROR] ProjectManagerView:395 - 
java.lang.NullPointerException: Cannot invoke "javax.swing.JTextField.getText()" because the return value of "java.util.List.get(int)" is null
	at com.st.microxplorer.plugins.projectmanager.gui.ProjectChoiceTab$9.caretUpdate(ProjectChoiceTab.java:2706) ~[filemanager.jar:?]
	at javax.swing.text.JTextComponent.fireCaretUpdate(JTextComponent.java:408) ~[?:?]
	at javax.swing.text.JTextComponent$MutableCaretEvent.fire(JTextComponent.java:4484) ~[?:?]
	at javax.swing.text.JTextComponent$MutableCaretEvent.stateChanged(JTextComponent.java:4506) ~[?:?]
	at javax.swing.text.DefaultCaret.fireStateChanged(DefaultCaret.java:857) ~[?:?]
	at javax.swing.text.DefaultCaret.changeCaretPosition(DefaultCaret.java:1343) ~[?:?]
	at javax.swing.text.DefaultCaret.handleSetDot(DefaultCaret.java:1242) ~[?:?]
	at javax.swing.text.DefaultCaret.setDot(DefaultCaret.java:1223) ~[?:?]
	at javax.swing.text.DefaultCaret$Handler.insertUpdate(DefaultCaret.java:1819) ~[?:?]
	at javax.swing.text.AbstractDocument.fireInsertUpdate(AbstractDocument.java:227) ~[?:?]
	at javax.swing.text.AbstractDocument.handleInsertString(AbstractDocument.java:781) ~[?:?]
	at javax.swing.text.AbstractDocument.insertString(AbstractDocument.java:740) ~[?:?]
	at javax.swing.text.PlainDocument.insertString(PlainDocument.java:131) ~[?:?]
	at javax.swing.text.AbstractDocument.replace(AbstractDocument.java:699) ~[?:?]
	at javax.swing.text.JTextComponent.setText(JTextComponent.java:1725) ~[?:?]
	at com.st.microxplorer.plugins.projectmanager.gui.ProjectChoiceTab.createHeapStackFields(ProjectChoiceTab.java:993) ~[filemanager.jar:?]
	at com.st.microxplorer.plugins.projectmanager.gui.ProjectChoiceTab.buildLinkSettingsPanel(ProjectChoiceTab.java:3813) ~[filemanager.jar:?]
	at com.st.microxplorer.plugins.projectmanager.gui.ProjectChoiceTab.defineWindowsFields(ProjectChoiceTab.java:1987) ~[filemanager.jar:?]
	at com.st.microxplorer.plugins.projectmanager.gui.ProjectChoiceTab.updateSettings(ProjectChoiceTab.java:558) ~[filemanager.jar:?]
	at com.st.microxplorer.plugins.projectmanager.gui.ProjectSettingsPanel.UpdateDialog(ProjectSettingsPanel.java:247) ~[filemanager.jar:?]
	at com.st.microxplorer.plugins.projectmanager.ProjectManagerView.propertyChange(ProjectManagerView.java:392) ~[filemanager.jar:?]
	at java.beans.PropertyChangeSupport.fire(PropertyChangeSupport.java:343) ~[?:?]
	at java.beans.PropertyChangeSupport.firePropertyChange(PropertyChangeSupport.java:335) ~[?:?]
	at java.beans.PropertyChangeSupport.firePropertyChange(PropertyChangeSupport.java:268) ~[?:?]
	at com.st.microxplorer.util.MXPropertyChangeSupport.firePropertyChange(MXPropertyChangeSupport.java:54) ~[STM32CubeMX.jar:?]
	at com.st.microxplorer.mxsystem.MxSystem.closeConfig(MxSystem.java:899) ~[STM32CubeMX.jar:?]
	at com.st.microxplorer.maingui.MainPanel.closeConfig(MainPanel.java:792) ~[STM32CubeMX.jar:?]
	at com.st.microxplorer.plugins.filemanager.engine.OpenFileManager.loadConfigurationFile(OpenFileManager.java:288) ~[filemanager.jar:?]
	at com.st.microxplorer.plugins.filemanager.engine.MainFileManager.userLoadConfig(MainFileManager.java:364) ~[filemanager.jar:?]
	at com.st.microxplorer.plugins.filemanager.engine.MainFileManager.userLoadConfig(MainFileManager.java:342) ~[filemanager.jar:?]
	at com.st.microxplorer.plugins.filemanager.FileManagerView.getSpecificTask(FileManagerView.java:264) ~[filemanager.jar:?]
	at com.st.stm32cube.common.mx.editor.CubeMxEditor.getMxTabbedPaneInstance(CubeMxEditor.java:1198) ~[com.st.stm32cube.common.mx_6.15.0.202507011659/:?]
	at com.st.stm32cube.common.mx.editor.CubeMxEditor$12$1.createSwingComponent(CubeMxEditor.java:1068) ~[com.st.stm32cube.common.mx_6.15.0.202507011659/:?]
	at com.st.stm32cube.common.mx.oss.core.awtswtbridge.EmbeddedSwingComposite.doComponentCreation(EmbeddedSwingComposite.java:492) ~[com.st.stm32cube.common.mx.oss_6.15.0.202507011659/:?]
	at com.st.stm32cube.common.mx.oss.core.awtswtbridge.EmbeddedSwingComposite$4.run(EmbeddedSwingComposite.java:291) ~[com.st.stm32cube.common.mx.oss_6.15.0.202507011659/:?]
	at com.st.stm32cube.common.mx.oss.core.awtswtbridge.AwtEnvironment$2.run(AwtEnvironment.java:166) ~[com.st.stm32cube.common.mx.oss_6.15.0.202507011659/:?]
	at java.awt.event.InvocationEvent.dispatch(InvocationEvent.java:318) ~[?:?]
	at java.awt.EventQueue.dispatchEventImpl(EventQueue.java:773) ~[?:?]
	at java.awt.EventQueue$4.run(EventQueue.java:720) ~[?:?]
	at java.awt.EventQueue$4.run(EventQueue.java:714) ~[?:?]
	at java.security.AccessController.doPrivileged(AccessController.java:400) ~[?:?]
	at java.security.ProtectionDomain$JavaSecurityAccessImpl.doIntersectionPrivilege(ProtectionDomain.java:87) ~[?:?]
	at java.awt.EventQueue.dispatchEvent(EventQueue.java:742) ~[?:?]
	at java.awt.EventDispatchThread.pumpOneEventForFilters(EventDispatchThread.java:203) ~[?:?]
	at java.awt.EventDispatchThread.pumpEventsForFilter(EventDispatchThread.java:124) ~[?:?]
	at java.awt.EventDispatchThread.pumpEventsForHierarchy(EventDispatchThread.java:113) ~[?:?]
	at java.awt.EventDispatchThread.pumpEvents(EventDispatchThread.java:109) ~[?:?]
	at java.awt.EventDispatchThread.pumpEvents(EventDispatchThread.java:101) ~[?:?]
	at java.awt.EventDispatchThread.run(EventDispatchThread.java:90) ~[?:?]
2026-01-04 13:38:39,235 [WARN] ThirdParty:871 - waiting for thirdparty lock release [close project]
2026-01-04 13:38:39,235 [INFO] ThirdParty:873 - entering critical section [close project]
2026-01-04 13:38:39,235 [INFO] ThirdParty:883 - exiting critical section [close project]
2026-01-04 13:38:39,237 [INFO] PinOutPanel:1589 - setPackage(No Configuration,No Configuration)
2026-01-04 13:38:39,242 [INFO] UtilMem:75 - Begin LoadConfig() Used Memory: 707263880 Bytes (1073741824)
2026-01-04 13:38:39,242 [INFO] MicroXplorer:468 - Change Database Path : 
2026-01-04 13:38:39,242 [INFO] MicroXplorer:498 - Change Database Version : DB.6.0.150
2026-01-04 13:38:39,242 [INFO] OpenFileManager:355 - Change cursor
2026-01-04 13:38:39,263 [INFO] RulesReader:64 - Compatibility file has been processed (317 Rules)
2026-01-04 13:38:39,266 [INFO] Mcu:2029 - Initializing MCU STM32F103C(8-B)Tx STM32F103C8Tx STM32F103C8T6
2026-01-04 13:38:39,645 [INFO] Context:786 - Trying to add GPIOservice into a context  which must be forbidden
2026-01-04 13:38:39,804 [INFO] ImportTextPane:234 - (OptionalMessage_ERROR) Pin6 (VP_RIF_VS_RIF1) cannot be retrieved for this MCU
2026-01-04 13:38:39,836 [INFO] RtosManager:558 - Registered RTOS mode: class=CMSIS, group=RTOS, mode=CMSIS_V1, owner=FREERTOS
2026-01-04 13:38:39,836 [INFO] RtosManager:558 - Registered RTOS mode: class=CMSIS, group=RTOS2, mode=CMSIS_V2, owner=FREERTOS
2026-01-04 13:38:39,836 [INFO] RtosManager:558 - Registered RTOS mode: class=RTOS, group=Core, mode=CMSIS_V1, owner=FREERTOS
2026-01-04 13:38:39,836 [INFO] RtosManager:558 - Registered RTOS mode: class=RTOS, group=Core, mode=CMSIS_V2, owner=FREERTOS
2026-01-04 13:38:39,836 [WARN] ModelIntegratedComponent:184 - Missing modes for component STMicroelectronics:FreeRTOS:0.0.1:STMicroelectronics:RTOS:FreeRTOS:Core:::10.2.0:
2026-01-04 13:38:39,848 [WARN] ModelIntegratedComponent:63 - No mode defined for component null
2026-01-04 13:38:39,849 [WARN] ModelIntegratedComponent:63 - No mode defined for component null
2026-01-04 13:38:39,849 [WARN] ModelIntegratedComponent:63 - No mode defined for component null
2026-01-04 13:38:39,849 [WARN] ModelIntegratedComponent:63 - No mode defined for component null
2026-01-04 13:38:39,849 [WARN] ModelIntegratedComponent:63 - No mode defined for component null
2026-01-04 13:38:39,849 [WARN] ModelIntegratedComponent:63 - No mode defined for component null
2026-01-04 13:38:39,849 [WARN] ModelIntegratedComponent:63 - No mode defined for component null
2026-01-04 13:38:39,849 [WARN] ModelIntegratedComponent:63 - No mode defined for component null
2026-01-04 13:38:39,849 [WARN] ModelIntegratedComponent:63 - No mode defined for component null
2026-01-04 13:38:39,849 [WARN] ModelIntegratedComponent:63 - No mode defined for component null
2026-01-04 13:38:39,849 [WARN] ModelIntegratedComponent:63 - No mode defined for component null
2026-01-04 13:38:39,849 [WARN] ModelIntegratedComponent:63 - No mode defined for component null
2026-01-04 13:38:39,849 [WARN] ModelIntegratedComponent:63 - No mode defined for component null
2026-01-04 13:38:39,849 [WARN] ModelIntegratedComponent:63 - No mode defined for component null
2026-01-04 13:38:39,849 [WARN] ModelIntegratedComponent:63 - No mode defined for component null
2026-01-04 13:38:39,849 [WARN] ModelIntegratedComponent:63 - No mode defined for component null
2026-01-04 13:38:39,849 [WARN] ModelIntegratedComponent:63 - No mode defined for component null
2026-01-04 13:38:39,849 [WARN] ModelIntegratedComponent:63 - No mode defined for component null
2026-01-04 13:38:39,849 [WARN] ModelIntegratedComponent:63 - No mode defined for component null
2026-01-04 13:38:39,849 [WARN] ModelIntegratedComponent:63 - No mode defined for component null
2026-01-04 13:38:39,849 [WARN] ModelIntegratedComponent:63 - No mode defined for component null
2026-01-04 13:38:39,849 [WARN] ModelIntegratedComponent:63 - No mode defined for component null
2026-01-04 13:38:39,849 [WARN] ModelIntegratedComponent:63 - No mode defined for component null
2026-01-04 13:38:39,849 [WARN] ModelIntegratedComponent:63 - No mode defined for component null
2026-01-04 13:38:39,849 [WARN] ModelIntegratedComponent:63 - No mode defined for component null
2026-01-04 13:38:39,849 [WARN] ModelIntegratedComponent:63 - No mode defined for component null
2026-01-04 13:38:39,850 [WARN] ModelIntegratedComponent:63 - No mode defined for component null
2026-01-04 13:38:39,850 [WARN] ModelIntegratedComponent:63 - No mode defined for component null
2026-01-04 13:38:39,850 [WARN] ModelIntegratedComponent:63 - No mode defined for component null
2026-01-04 13:38:39,850 [WARN] ModelIntegratedComponent:63 - No mode defined for component null
2026-01-04 13:38:39,850 [WARN] ModelIntegratedComponent:63 - No mode defined for component null
2026-01-04 13:38:39,850 [WARN] ModelIntegratedComponent:63 - No mode defined for component null
2026-01-04 13:38:39,850 [WARN] ModelIntegratedComponent:63 - No mode defined for component null
2026-01-04 13:38:39,850 [WARN] ModelIntegratedComponent:63 - No mode defined for component null
2026-01-04 13:38:39,850 [WARN] ModelIntegratedComponent:63 - No mode defined for component null
2026-01-04 13:38:39,850 [WARN] ModelPack:524 - Component already loaded: STMicroelectronics:HAL Drivers:0.0.0:STMicroelectronics:Device:STMicro_Driver:XSPI:HAL::0.0.1:HAL_XSPI
2026-01-04 13:38:39,992 [INFO] ThirdPartyModel:298 - Start build external matchings
2026-01-04 13:38:40,504 [INFO] ThirdPartyModel:316 - End build external matchings
2026-01-04 13:38:40,528 [INFO] ImportTextPane:234 - (OptionalMessage_ERROR) IP (RCC) : Invalid parameter (FamilyName)
2026-01-04 13:38:40,715 [INFO] UtilMem:75 - End LoadConfig() Used Memory: 836105656 Bytes (1073741824)
2026-01-04 13:38:40,758 [WARN] ThirdParty:833 - waiting for thirdparty lock release [change project]
2026-01-04 13:38:40,758 [INFO] ThirdParty:835 - entering critical section [change project]
2026-01-04 13:38:40,758 [INFO] ThirdParty:1030 - CMSIS Pack Vendor :STMicroelectronics X-CUBE-PM33A1 1.0.0
2026-01-04 13:38:40,758 [INFO] ThirdParty:1030 - CMSIS Pack Vendor :STMicroelectronics USBPD 4.1
2026-01-04 13:38:40,758 [INFO] ThirdParty:1030 - CMSIS Pack Vendor :STMicroelectronics USB_HOST 2.0.0
2026-01-04 13:38:40,758 [INFO] ThirdParty:1030 - CMSIS Pack Vendor :STMicroelectronics FP-SNS-MOTENVWB1 1.4.0
2026-01-04 13:38:40,758 [INFO] ThirdParty:1030 - CMSIS Pack Vendor :STMicroelectronics X-CUBE-AZRTOS-F4 1.1.0
2026-01-04 13:38:40,758 [INFO] ThirdParty:1030 - CMSIS Pack Vendor :STMicroelectronics LIBJPEG 8.0.0
2026-01-04 13:38:40,758 [INFO] ThirdParty:1030 - CMSIS Pack Vendor :STMicroelectronics FP-ATR-ASTRA1 2.0.2
2026-01-04 13:38:40,758 [INFO] ThirdParty:1030 - CMSIS Pack Vendor :STMicroelectronics X-CUBE-SMBUS 2.1.0
2026-01-04 13:38:40,758 [INFO] ThirdParty:1030 - CMSIS Pack Vendor :STMicroelectronics X-CUBE-WB05N 1.1.0
2026-01-04 13:38:40,758 [INFO] ThirdParty:1030 - CMSIS Pack Vendor :STMicroelectronics X-CUBE-ISPU 2.1.0
2026-01-04 13:38:40,758 [INFO] ThirdParty:1030 - CMSIS Pack Vendor :STMicroelectronics X-CUBE-IPS 3.2.0
2026-01-04 13:38:40,758 [INFO] ThirdParty:1030 - CMSIS Pack Vendor :STMicroelectronics X-CUBE-NFC12 1.0.0
2026-01-04 13:38:40,758 [INFO] ThirdParty:1030 - CMSIS Pack Vendor :STMicroelectronics X-CUBE-AZRTOS-F7 1.1.0
2026-01-04 13:38:40,758 [INFO] ThirdParty:1030 - CMSIS Pack Vendor :STMicroelectronics X-CUBE-AZRTOS-L5 2.0.0
2026-01-04 13:38:40,758 [INFO] ThirdParty:1030 - CMSIS Pack Vendor :STMicroelectronics USB_DEVICE 2.0.0
2026-01-04 13:38:40,758 [INFO] ThirdParty:1030 - CMSIS Pack Vendor :STMicroelectronics X-CUBE-NFC6 3.1.0
2026-01-04 13:38:40,758 [INFO] ThirdParty:1030 - CMSIS Pack Vendor :STMicroelectronics FP-SNS-MOTENV1 5.1.0
2026-01-04 13:38:40,758 [INFO] ThirdParty:1030 - CMSIS Pack Vendor :STMicroelectronics FreeRTOS 0.0.1
2026-01-04 13:38:40,758 [INFO] ThirdParty:1030 - CMSIS Pack Vendor :STMicroelectronics X-CUBE-DPower 1.2.0
2026-01-04 13:38:40,758 [INFO] ThirdParty:1030 - CMSIS Pack Vendor :Infineon AIROC-Wi-Fi-Bluetooth-STM32 1.7.0
2026-01-04 13:38:40,758 [INFO] ThirdParty:1030 - CMSIS Pack Vendor :STMicroelectronics PDM2PCM 3.3.0
2026-01-04 13:38:40,758 [INFO] ThirdParty:1030 - CMSIS Pack Vendor :STMicroelectronics X-CUBE-AZRTOS-H7 3.4.0
2026-01-04 13:38:40,758 [INFO] ThirdParty:1030 - CMSIS Pack Vendor :STMicroelectronics X-CUBE-DISPLAY 3.0.0
2026-01-04 13:38:40,759 [INFO] ThirdParty:1030 - CMSIS Pack Vendor :STMicroelectronics X-CUBE-NFC10 1.0.0
2026-01-04 13:38:40,759 [INFO] ThirdParty:1030 - CMSIS Pack Vendor :STMicroelectronics X-CUBE-BLEMGR 4.0.0
2026-01-04 13:38:40,759 [INFO] ThirdParty:1030 - CMSIS Pack Vendor :STMicroelectronics HAL Drivers 0.0.0
2026-01-04 13:38:40,759 [INFO] ThirdParty:1030 - CMSIS Pack Vendor :STMicroelectronics X-CUBE-ST60 1.1.0
2026-01-04 13:38:40,759 [INFO] ThirdParty:1030 - CMSIS Pack Vendor :emotas I-CUBE-CANOPEN 1.3.0
2026-01-04 13:38:40,759 [INFO] ThirdParty:1030 - CMSIS Pack Vendor :STMicroelectronics X-CUBE-FREERTOS 1.3.0
2026-01-04 13:38:40,759 [INFO] ThirdParty:1030 - CMSIS Pack Vendor :STMicroelectronics X-CUBE-NFC7 1.0.1
2026-01-04 13:38:40,759 [INFO] ThirdParty:1030 - CMSIS Pack Vendor :STMicroelectronics MBEDTLS 2.14.1
2026-01-04 13:38:40,759 [INFO] ThirdParty:1030 - CMSIS Pack Vendor :STMicroelectronics X-CUBE-GNSS1 7.1.0
2026-01-04 13:38:40,759 [INFO] ThirdParty:1030 - CMSIS Pack Vendor :STMicroelectronics X-CUBE-TOUCHGFX 4.26.0
2026-01-04 13:38:40,759 [INFO] ThirdParty:1030 - CMSIS Pack Vendor :quantropi X-CUBE-qispace-sdk-base 2.0.0
2026-01-04 13:38:40,759 [INFO] ThirdParty:1030 - CMSIS Pack Vendor :STMicroelectronics X-CUBE-AI 10.0.0
2026-01-04 13:38:40,759 [INFO] ThirdParty:1030 - CMSIS Pack Vendor :STMicroelectronics FP-SNS-STBOX1 2.1.0
2026-01-04 13:38:40,759 [INFO] ThirdParty:1030 - CMSIS Pack Vendor :STMicroelectronics FP-SNS-STAIOTCFT 1.0.0
2026-01-04 13:38:40,759 [INFO] ThirdParty:1030 - CMSIS Pack Vendor :STMicroelectronics FP-SNS-SMARTAG2 1.2.0
2026-01-04 13:38:40,759 [INFO] ThirdParty:1030 - CMSIS Pack Vendor :STMicroelectronics FP-SNS-FLIGHT1 5.1.0
2026-01-04 13:38:40,759 [INFO] ThirdParty:1030 - CMSIS Pack Vendor :STMicroelectronics X-CUBE-MEMS1 11.1.0
2026-01-04 13:38:40,759 [INFO] ThirdParty:1030 - CMSIS Pack Vendor :STMicroelectronics X-CUBE-AZRTOS-WL 2.0.0
2026-01-04 13:38:40,759 [INFO] ThirdParty:1030 - CMSIS Pack Vendor :STMicroelectronics X-CUBE-DPower 1.3.0
2026-01-04 13:38:40,759 [INFO] ThirdParty:1030 - CMSIS Pack Vendor :STMicroelectronics FP-SNS-MOTENV1 5.0.0
2026-01-04 13:38:40,759 [INFO] ThirdParty:1030 - CMSIS Pack Vendor :STMicroelectronics USB_DEVICE 1.0.0
2026-01-04 13:38:40,759 [INFO] ThirdParty:1030 - CMSIS Pack Vendor :STMicroelectronics X-CUBE-AZRTOS-H7RS 1.2.0
2026-01-04 13:38:40,759 [INFO] ThirdParty:1030 - CMSIS Pack Vendor :STMicroelectronics X-CUBE-AZRTOS-L4 2.0.0
2026-01-04 13:38:40,759 [INFO] ThirdParty:1030 - CMSIS Pack Vendor :STMicroelectronics ThreadX 0.0.2
2026-01-04 13:38:40,759 [INFO] ThirdParty:1030 - CMSIS Pack Vendor :WES I-CUBE-Cesium 1.3.0
2026-01-04 13:38:40,759 [INFO] ThirdParty:1030 - CMSIS Pack Vendor :STMicroelectronics lwIP 2.1.2
2026-01-04 13:38:40,759 [INFO] ThirdParty:1030 - CMSIS Pack Vendor :STMicroelectronics X-CUBE-SFXS2LP1 4.0.0
2026-01-04 13:38:40,759 [INFO] ThirdParty:1030 - CMSIS Pack Vendor :STMicroelectronics X-CUBE-BLE2 3.3.0
2026-01-04 13:38:40,759 [INFO] ThirdParty:1030 - CMSIS Pack Vendor :Avnet-IOTCONNECT X-CUBE-iotc-st67-sdk 1.0.0
2026-01-04 13:38:40,759 [INFO] ThirdParty:1030 - CMSIS Pack Vendor :STMicroelectronics PDM2PCM 3.2.0
2026-01-04 13:38:40,759 [INFO] ThirdParty:1030 - CMSIS Pack Vendor :STMicroelectronics X-CUBE-AZRTOS-H7 3.3.0
2026-01-04 13:38:40,759 [INFO] ThirdParty:1030 - CMSIS Pack Vendor :STMicroelectronics X-CUBE-NFC9 1.0.0
2026-01-04 13:38:40,759 [INFO] ThirdParty:1030 - CMSIS Pack Vendor :STMicroelectronics X-CUBE-BLE1 7.1.0
2026-01-04 13:38:40,759 [INFO] ThirdParty:1030 - CMSIS Pack Vendor :wolfSSL I-CUBE-wolfMQTT 1.19.2
2026-01-04 13:38:40,759 [INFO] ThirdParty:1030 - CMSIS Pack Vendor :STMicroelectronics USB_DEVICE 3.0.0
2026-01-04 13:38:40,759 [INFO] ThirdParty:1030 - CMSIS Pack Vendor :STMicroelectronics X-CUBE-FREERTOS 1.4.0
2026-01-04 13:38:40,759 [INFO] ThirdParty:1030 - CMSIS Pack Vendor :STMicroelectronics X-CUBE-EEPRMA1 5.2.0
2026-01-04 13:38:40,759 [INFO] ThirdParty:1030 - CMSIS Pack Vendor :STMicroelectronics X-CUBE-BLEMGR 4.1.0
2026-01-04 13:38:40,759 [INFO] ThirdParty:1030 - CMSIS Pack Vendor :STMicroelectronics X-CUBE-AZRTOS-WB 2.0.0
2026-01-04 13:38:40,759 [INFO] ThirdParty:1030 - CMSIS Pack Vendor :STMicroelectronics X-CUBE-GNSS1 7.0.1
2026-01-04 13:38:40,760 [INFO] ThirdParty:1030 - CMSIS Pack Vendor :STMicroelectronics X-CUBE-TOUCHGFX 4.25.0
2026-01-04 13:38:40,760 [INFO] ThirdParty:1030 - CMSIS Pack Vendor :STMicroelectronics X-CUBE-ST67W61 1.1.0
2026-01-04 13:38:40,760 [INFO] ThirdParty:1030 - CMSIS Pack Vendor :STMicroelectronics FP-SNS-STBOX1 2.0.0
2026-01-04 13:38:40,760 [INFO] ThirdParty:1030 - CMSIS Pack Vendor :STMicroelectronics X-CUBE-MEMS1 12.0.0
2026-01-04 13:38:40,760 [INFO] ThirdParty:1030 - CMSIS Pack Vendor :STMicroelectronics X-CUBE-AZRTOS-G0 1.1.0
2026-01-04 13:38:40,760 [INFO] ThirdParty:1030 - CMSIS Pack Vendor :STMicroelectronics X-CUBE-SAFEA1 1.2.2
2026-01-04 13:38:40,760 [INFO] ThirdParty:1030 - CMSIS Pack Vendor :STMicroelectronics X-CUBE-NFC4 3.0.0
2026-01-04 13:38:40,760 [INFO] ThirdParty:1030 - CMSIS Pack Vendor :STMicroelectronics X-CUBE-SUBG2 5.0.0
2026-01-04 13:38:40,760 [INFO] ThirdParty:1030 - CMSIS Pack Vendor :STMicroelectronics X-CUBE-AZRTOS-H7RS 1.1.0
2026-01-04 13:38:40,760 [INFO] ThirdParty:1030 - CMSIS Pack Vendor :STMicroelectronics STM32_WPAN 1.0.0
2026-01-04 13:38:40,760 [INFO] ThirdParty:1030 - CMSIS Pack Vendor :EmbeddedOffice I-CUBE-FS-RTOS 1.0.1
2026-01-04 13:38:40,760 [INFO] ThirdParty:1030 - CMSIS Pack Vendor :STMicroelectronics lwIP 2.0.3
2026-01-04 13:38:40,760 [INFO] ThirdParty:1030 - CMSIS Pack Vendor :Cesanta I-CUBE-Mongoose 7.13.0
2026-01-04 13:38:40,760 [INFO] ThirdParty:1030 - CMSIS Pack Vendor :STMicroelectronics USB_HOST 1.0.0
2026-01-04 13:38:40,760 [INFO] ThirdParty:1030 - CMSIS Pack Vendor :STMicroelectronics X-CUBE-AZRTOS-G4 2.0.0
2026-01-04 13:38:40,760 [INFO] ThirdParty:1030 - CMSIS Pack Vendor :STMicroelectronics X-CUBE-WB05N 2.0.0
2026-01-04 13:38:40,760 [INFO] ThirdParty:1030 - CMSIS Pack Vendor :STMicroelectronics PDM2PCM 3.1.0
2026-01-04 13:38:40,760 [INFO] ThirdParty:1030 - CMSIS Pack Vendor :wolfSSL I-CUBE-wolfTPM 3.8.0
2026-01-04 13:38:40,760 [INFO] ThirdParty:1030 - CMSIS Pack Vendor :wolfSSL I-CUBE-wolfSSH 1.4.20
2026-01-04 13:38:40,760 [INFO] ThirdParty:1030 - CMSIS Pack Vendor :STMicroelectronics X-CUBE-NFC7 2.0.0
2026-01-04 13:38:40,760 [INFO] ThirdParty:1030 - CMSIS Pack Vendor :STMicroelectronics X-CUBE-TCPP 4.2.0
2026-01-04 13:38:40,760 [INFO] ThirdParty:1030 - CMSIS Pack Vendor :RealThread X-CUBE-RT-Thread_Nano 4.1.1
2026-01-04 13:38:40,760 [INFO] ThirdParty:1030 - CMSIS Pack Vendor :STMicroelectronics FP-ATR-SIGFOX1 3.2.0
2026-01-04 13:38:40,760 [INFO] ThirdParty:1030 - CMSIS Pack Vendor :STMicroelectronics X-CUBE-EEPRMA1 5.1.0
2026-01-04 13:38:40,760 [INFO] ThirdParty:1030 - CMSIS Pack Vendor :STMicroelectronics MBEDTLS 2.16.2
2026-01-04 13:38:40,760 [INFO] ThirdParty:1030 - CMSIS Pack Vendor :STMicroelectronics X-CUBE-IPS 3.1.0
2026-01-04 13:38:40,760 [INFO] ThirdParty:1030 - CMSIS Pack Vendor :STMicroelectronics X-CUBE-ALS 1.0.2
2026-01-04 13:38:40,760 [INFO] ThirdParty:1030 - CMSIS Pack Vendor :wolfSSL I-CUBE-wolfSSL 5.7.6
2026-01-04 13:38:40,760 [INFO] ThirdParty:1030 - CMSIS Pack Vendor :ITTIA_DB I-CUBE-ITTIADB 8.9.0
2026-01-04 13:38:40,760 [INFO] ThirdParty:1030 - CMSIS Pack Vendor :STMicroelectronics X-CUBE-STSE01 1.0.0
2026-01-04 13:38:40,760 [INFO] ThirdParty:1030 - CMSIS Pack Vendor :portGmbH I-Cube-SoM-uGOAL 1.1.0
2026-01-04 13:38:40,760 [INFO] ThirdParty:1030 - CMSIS Pack Vendor :STMicroelectronics X-CUBE-AI 10.2.0
2026-01-04 13:38:40,760 [INFO] ThirdParty:1030 - CMSIS Pack Vendor :STMicroelectronics ThreadX 1.0.0
2026-01-04 13:38:40,760 [INFO] ThirdParty:1030 - CMSIS Pack Vendor :SEGGER I-CUBE-embOS 1.3.1
2026-01-04 13:38:40,760 [INFO] ThirdParty:1030 - CMSIS Pack Vendor :STMicroelectronics X-CUBE-ALGOBUILD 1.4.0
2026-01-04 13:38:40,760 [INFO] ThirdParty:1030 - CMSIS Pack Vendor :STMicroelectronics X-CUBE-TOF1 3.4.2
2026-01-04 13:38:40,760 [INFO] ThirdParty:1030 - CMSIS Pack Vendor :STMicroelectronics X-CUBE-TOF1 3.4.3
2026-01-04 13:38:40,760 [INFO] ThirdParty:841 - exiting critical section [change project]
2026-01-04 13:38:40,859 [INFO] PinOutPanel:1589 - setPackage(No Configuration,No Configuration)
2026-01-04 13:38:40,859 [INFO] PinOutPanel:1589 - setPackage(STM32F103C8Tx,LQFP48)
2026-01-04 13:38:41,097 [INFO] UtilMem:75 - Before build in PCC Used Memory: 923134896 Bytes (1073741824)
2026-01-04 13:38:41,301 [INFO] UtilMem:75 - After build in PCC Used Memory: 966126728 Bytes (1073741824)
2026-01-04 13:38:41,318 [INFO] IPUIPlugin:80 - create IPUIPlugin
2026-01-04 13:38:41,318 [INFO] IPUIPlugin:80 - create IPUIPlugin
2026-01-04 13:38:41,318 [INFO] IPUIPlugin:80 - create IPUIPlugin
2026-01-04 13:38:41,318 [INFO] IPUIPlugin:80 - create IPUIPlugin
2026-01-04 13:38:41,318 [INFO] IPUIPlugin:80 - create IPUIPlugin
2026-01-04 13:38:41,318 [INFO] IPUIPlugin:80 - create IPUIPlugin
2026-01-04 13:38:41,318 [INFO] IPUIPlugin:80 - create IPUIPlugin
2026-01-04 13:38:41,318 [INFO] IPUIPlugin:80 - create IPUIPlugin
2026-01-04 13:38:41,318 [INFO] IPUIPlugin:80 - create IPUIPlugin
2026-01-04 13:38:41,318 [INFO] IPUIPlugin:80 - create IPUIPlugin
2026-01-04 13:38:41,318 [INFO] IPUIPlugin:80 - create IPUIPlugin
2026-01-04 13:38:41,319 [INFO] IPUIPlugin:80 - create IPUIPlugin
2026-01-04 13:38:41,319 [INFO] IPUIPlugin:80 - create IPUIPlugin
2026-01-04 13:38:41,319 [INFO] IPUIPlugin:80 - create IPUIPlugin
2026-01-04 13:38:41,319 [INFO] IPUIPlugin:80 - create IPUIPlugin
2026-01-04 13:38:41,319 [INFO] IPUIPlugin:80 - create IPUIPlugin
2026-01-04 13:38:41,319 [INFO] IPUIPlugin:80 - create IPUIPlugin
2026-01-04 13:38:41,319 [INFO] IPUIPlugin:80 - create IPUIPlugin
2026-01-04 13:38:41,319 [INFO] IPUIPlugin:80 - create IPUIPlugin
2026-01-04 13:38:41,319 [INFO] IPUIPlugin:80 - create IPUIPlugin
2026-01-04 13:38:41,320 [INFO] IPUIPlugin:80 - create IPUIPlugin
2026-01-04 13:38:41,320 [INFO] IPUIPlugin:80 - create IPUIPlugin
2026-01-04 13:38:41,320 [INFO] IPUIPlugin:80 - create IPUIPlugin
2026-01-04 13:38:41,320 [INFO] IPUIPlugin:80 - create IPUIPlugin
2026-01-04 13:38:41,320 [INFO] IPUIPlugin:80 - create IPUIPlugin
2026-01-04 13:38:41,321 [INFO] IPUIPlugin:80 - create IPUIPlugin
2026-01-04 13:38:41,321 [INFO] IPUIPlugin:80 - create IPUIPlugin
2026-01-04 13:38:41,378 [INFO] CADModel:165 - CPN selected for project levelSTM32F103C8T6
2026-01-04 13:38:41,378 [INFO] CADModel:114 - Register for checkConnection events
2026-01-04 13:38:41,437 [INFO] OpenFileManager:386 - Restore cursor
2026-01-04 13:39:18,869 [INFO] MainUpdater:2872 - connection check result : 10
2026-01-04 13:39:19,133 [INFO] McuFinderGlobals:76 - Set McuFinderConnectedMode to true
2026-01-04 13:39:19,140 [INFO] MultiScanPanel:200 - Auto-refresh data requested => check proxy status ongoing
2026-01-04 13:39:19,153 [INFO] FinderPluginLoader:96 - Searching for filters in installed packs
2026-01-04 13:39:20,511 [INFO] LoadUrlFilesThread:185 - End of LoadServerUrlFiles without Thread
2026-01-04 13:39:20,568 [INFO] DetailPanel:341 - Set advertising image to C:/Users/22142/STM32Cube/Repository/\en.prom-st67w-expansion-board.png
2026-01-04 13:39:46,283 [INFO] MainUpdater:2872 - connection check result : 10
2026-01-04 13:39:46,283 [INFO] MainUpdater:2872 - connection check result : 10
2026-01-04 13:39:46,320 [INFO] MicroXplorer:468 - Change Database Path : 
2026-01-04 13:39:46,320 [INFO] MicroXplorer:498 - Change Database Version : DB.6.0.150
2026-01-04 13:39:46,329 [ERROR] ProjectManagerView:395 - 
java.lang.NullPointerException: Cannot invoke "javax.swing.JTextField.getText()" because the return value of "java.util.List.get(int)" is null
	at com.st.microxplorer.plugins.projectmanager.gui.ProjectChoiceTab$9.caretUpdate(ProjectChoiceTab.java:2706) ~[filemanager.jar:?]
	at javax.swing.text.JTextComponent.fireCaretUpdate(JTextComponent.java:408) ~[?:?]
	at javax.swing.text.JTextComponent$MutableCaretEvent.fire(JTextComponent.java:4484) ~[?:?]
	at javax.swing.text.JTextComponent$MutableCaretEvent.stateChanged(JTextComponent.java:4506) ~[?:?]
	at javax.swing.text.DefaultCaret.fireStateChanged(DefaultCaret.java:857) ~[?:?]
	at javax.swing.text.DefaultCaret.changeCaretPosition(DefaultCaret.java:1343) ~[?:?]
	at javax.swing.text.DefaultCaret.handleSetDot(DefaultCaret.java:1242) ~[?:?]
	at javax.swing.text.DefaultCaret.setDot(DefaultCaret.java:1223) ~[?:?]
	at javax.swing.text.DefaultCaret$Handler.insertUpdate(DefaultCaret.java:1819) ~[?:?]
	at javax.swing.text.AbstractDocument.fireInsertUpdate(AbstractDocument.java:227) ~[?:?]
	at javax.swing.text.AbstractDocument.handleInsertString(AbstractDocument.java:781) ~[?:?]
	at javax.swing.text.AbstractDocument.insertString(AbstractDocument.java:740) ~[?:?]
	at javax.swing.text.PlainDocument.insertString(PlainDocument.java:131) ~[?:?]
	at javax.swing.text.AbstractDocument.replace(AbstractDocument.java:699) ~[?:?]
	at javax.swing.text.JTextComponent.setText(JTextComponent.java:1725) ~[?:?]
	at com.st.microxplorer.plugins.projectmanager.gui.ProjectChoiceTab.createHeapStackFields(ProjectChoiceTab.java:993) ~[filemanager.jar:?]
	at com.st.microxplorer.plugins.projectmanager.gui.ProjectChoiceTab.buildLinkSettingsPanel(ProjectChoiceTab.java:3813) ~[filemanager.jar:?]
	at com.st.microxplorer.plugins.projectmanager.gui.ProjectChoiceTab.defineWindowsFields(ProjectChoiceTab.java:1987) ~[filemanager.jar:?]
	at com.st.microxplorer.plugins.projectmanager.gui.ProjectChoiceTab.updateSettings(ProjectChoiceTab.java:558) ~[filemanager.jar:?]
	at com.st.microxplorer.plugins.projectmanager.gui.ProjectSettingsPanel.UpdateDialog(ProjectSettingsPanel.java:247) ~[filemanager.jar:?]
	at com.st.microxplorer.plugins.projectmanager.ProjectManagerView.propertyChange(ProjectManagerView.java:392) ~[filemanager.jar:?]
	at java.beans.PropertyChangeSupport.fire(PropertyChangeSupport.java:343) ~[?:?]
	at java.beans.PropertyChangeSupport.firePropertyChange(PropertyChangeSupport.java:335) ~[?:?]
	at java.beans.PropertyChangeSupport.firePropertyChange(PropertyChangeSupport.java:268) ~[?:?]
	at com.st.microxplorer.util.MXPropertyChangeSupport.firePropertyChange(MXPropertyChangeSupport.java:54) ~[STM32CubeMX.jar:?]
	at com.st.microxplorer.mxsystem.MxSystem.closeConfig(MxSystem.java:899) ~[STM32CubeMX.jar:?]
	at com.st.microxplorer.maingui.MainPanel.closeConfig(MainPanel.java:792) ~[STM32CubeMX.jar:?]
	at com.st.microxplorer.plugins.filemanager.engine.OpenFileManager.loadConfigurationFile(OpenFileManager.java:288) ~[filemanager.jar:?]
	at com.st.microxplorer.plugins.filemanager.engine.MainFileManager.userLoadConfig(MainFileManager.java:364) ~[filemanager.jar:?]
	at com.st.microxplorer.plugins.filemanager.engine.MainFileManager.userLoadConfig(MainFileManager.java:342) ~[filemanager.jar:?]
	at com.st.microxplorer.plugins.filemanager.FileManagerView.getSpecificTask(FileManagerView.java:264) ~[filemanager.jar:?]
	at com.st.stm32cube.common.mx.editor.CubeMxEditor.getMxTabbedPaneInstance(CubeMxEditor.java:1198) ~[com.st.stm32cube.common.mx_6.15.0.202507011659/:?]
	at com.st.stm32cube.common.mx.editor.CubeMxEditor$12$1.createSwingComponent(CubeMxEditor.java:1068) ~[com.st.stm32cube.common.mx_6.15.0.202507011659/:?]
	at com.st.stm32cube.common.mx.oss.core.awtswtbridge.EmbeddedSwingComposite.doComponentCreation(EmbeddedSwingComposite.java:492) ~[com.st.stm32cube.common.mx.oss_6.15.0.202507011659/:?]
	at com.st.stm32cube.common.mx.oss.core.awtswtbridge.EmbeddedSwingComposite$4.run(EmbeddedSwingComposite.java:291) ~[com.st.stm32cube.common.mx.oss_6.15.0.202507011659/:?]
	at com.st.stm32cube.common.mx.oss.core.awtswtbridge.AwtEnvironment$2.run(AwtEnvironment.java:166) ~[com.st.stm32cube.common.mx.oss_6.15.0.202507011659/:?]
	at java.awt.event.InvocationEvent.dispatch(InvocationEvent.java:318) ~[?:?]
	at java.awt.EventQueue.dispatchEventImpl(EventQueue.java:773) ~[?:?]
	at java.awt.EventQueue$4.run(EventQueue.java:720) ~[?:?]
	at java.awt.EventQueue$4.run(EventQueue.java:714) ~[?:?]
	at java.security.AccessController.doPrivileged(AccessController.java:400) ~[?:?]
	at java.security.ProtectionDomain$JavaSecurityAccessImpl.doIntersectionPrivilege(ProtectionDomain.java:87) ~[?:?]
	at java.awt.EventQueue.dispatchEvent(EventQueue.java:742) ~[?:?]
	at java.awt.EventDispatchThread.pumpOneEventForFilters(EventDispatchThread.java:203) ~[?:?]
	at java.awt.EventDispatchThread.pumpEventsForFilter(EventDispatchThread.java:124) ~[?:?]
	at java.awt.EventDispatchThread.pumpEventsForHierarchy(EventDispatchThread.java:113) ~[?:?]
	at java.awt.EventDispatchThread.pumpEvents(EventDispatchThread.java:109) ~[?:?]
	at java.awt.EventDispatchThread.pumpEvents(EventDispatchThread.java:101) ~[?:?]
	at java.awt.EventDispatchThread.run(EventDispatchThread.java:90) ~[?:?]
2026-01-04 13:39:46,330 [WARN] ThirdParty:871 - waiting for thirdparty lock release [close project]
2026-01-04 13:39:46,330 [INFO] ThirdParty:873 - entering critical section [close project]
2026-01-04 13:39:46,330 [INFO] ThirdParty:883 - exiting critical section [close project]
2026-01-04 13:39:46,331 [INFO] PinOutPanel:1589 - setPackage(No Configuration,No Configuration)
2026-01-04 13:39:46,333 [INFO] UtilMem:75 - Begin LoadConfig() Used Memory: 769940488 Bytes (1073741824)
2026-01-04 13:39:46,333 [INFO] MicroXplorer:468 - Change Database Path : 
2026-01-04 13:39:46,333 [INFO] MicroXplorer:498 - Change Database Version : DB.6.0.150
2026-01-04 13:39:46,333 [INFO] OpenFileManager:355 - Change cursor
2026-01-04 13:39:46,348 [INFO] Mcu:2029 - Initializing MCU STM32F103C8Tx STM32F103C8Tx STM32F103C8T6
2026-01-04 13:39:46,718 [INFO] Context:786 - Trying to add GPIOservice into a context  which must be forbidden
2026-01-04 13:39:46,843 [INFO] ImportTextPane:234 - (OptionalMessage_ERROR) Unable to find key (Mcu.ThirdPartyNb) in loaded IOC file
2026-01-04 13:39:46,843 [INFO] ImportTextPane:234 - (OptionalMessage_ERROR) Unable to find key (Mcu.PinsNb) in loaded IOC file
2026-01-04 13:39:46,843 [INFO] ImportTextPane:234 - (OptionalMessage_ERROR) Pin0 (VP_RIF_VS_RIF1) cannot be retrieved for this MCU
2026-01-04 13:39:46,843 [INFO] ImportTextPane:234 - (OptionalMessage_ERROR) Unable to find key (Mcu.IPNb) in loaded IOC file
2026-01-04 13:39:46,852 [INFO] RtosManager:558 - Registered RTOS mode: class=CMSIS, group=RTOS, mode=CMSIS_V1, owner=FREERTOS
2026-01-04 13:39:46,852 [INFO] RtosManager:558 - Registered RTOS mode: class=CMSIS, group=RTOS2, mode=CMSIS_V2, owner=FREERTOS
2026-01-04 13:39:46,853 [INFO] RtosManager:558 - Registered RTOS mode: class=RTOS, group=Core, mode=CMSIS_V1, owner=FREERTOS
2026-01-04 13:39:46,853 [INFO] RtosManager:558 - Registered RTOS mode: class=RTOS, group=Core, mode=CMSIS_V2, owner=FREERTOS
2026-01-04 13:39:46,853 [WARN] ModelIntegratedComponent:184 - Missing modes for component STMicroelectronics:FreeRTOS:0.0.1:STMicroelectronics:RTOS:FreeRTOS:Core:::10.2.0:
2026-01-04 13:39:46,855 [WARN] ModelIntegratedComponent:63 - No mode defined for component null
2026-01-04 13:39:46,855 [WARN] ModelIntegratedComponent:63 - No mode defined for component null
2026-01-04 13:39:46,855 [WARN] ModelIntegratedComponent:63 - No mode defined for component null
2026-01-04 13:39:46,855 [WARN] ModelIntegratedComponent:63 - No mode defined for component null
2026-01-04 13:39:46,855 [WARN] ModelIntegratedComponent:63 - No mode defined for component null
2026-01-04 13:39:46,855 [WARN] ModelIntegratedComponent:63 - No mode defined for component null
2026-01-04 13:39:46,855 [WARN] ModelIntegratedComponent:63 - No mode defined for component null
2026-01-04 13:39:46,855 [WARN] ModelIntegratedComponent:63 - No mode defined for component null
2026-01-04 13:39:46,855 [WARN] ModelIntegratedComponent:63 - No mode defined for component null
2026-01-04 13:39:46,855 [WARN] ModelIntegratedComponent:63 - No mode defined for component null
2026-01-04 13:39:46,855 [WARN] ModelIntegratedComponent:63 - No mode defined for component null
2026-01-04 13:39:46,855 [WARN] ModelIntegratedComponent:63 - No mode defined for component null
2026-01-04 13:39:46,855 [WARN] ModelIntegratedComponent:63 - No mode defined for component null
2026-01-04 13:39:46,855 [WARN] ModelIntegratedComponent:63 - No mode defined for component null
2026-01-04 13:39:46,855 [WARN] ModelIntegratedComponent:63 - No mode defined for component null
2026-01-04 13:39:46,855 [WARN] ModelIntegratedComponent:63 - No mode defined for component null
2026-01-04 13:39:46,855 [WARN] ModelIntegratedComponent:63 - No mode defined for component null
2026-01-04 13:39:46,855 [WARN] ModelIntegratedComponent:63 - No mode defined for component null
2026-01-04 13:39:46,855 [WARN] ModelIntegratedComponent:63 - No mode defined for component null
2026-01-04 13:39:46,855 [WARN] ModelIntegratedComponent:63 - No mode defined for component null
2026-01-04 13:39:46,855 [WARN] ModelIntegratedComponent:63 - No mode defined for component null
2026-01-04 13:39:46,855 [WARN] ModelIntegratedComponent:63 - No mode defined for component null
2026-01-04 13:39:46,855 [WARN] ModelIntegratedComponent:63 - No mode defined for component null
2026-01-04 13:39:46,856 [WARN] ModelIntegratedComponent:63 - No mode defined for component null
2026-01-04 13:39:46,856 [WARN] ModelIntegratedComponent:63 - No mode defined for component null
2026-01-04 13:39:46,856 [WARN] ModelIntegratedComponent:63 - No mode defined for component null
2026-01-04 13:39:46,856 [WARN] ModelIntegratedComponent:63 - No mode defined for component null
2026-01-04 13:39:46,856 [WARN] ModelIntegratedComponent:63 - No mode defined for component null
2026-01-04 13:39:46,856 [WARN] ModelIntegratedComponent:63 - No mode defined for component null
2026-01-04 13:39:46,856 [WARN] ModelIntegratedComponent:63 - No mode defined for component null
2026-01-04 13:39:46,856 [WARN] ModelIntegratedComponent:63 - No mode defined for component null
2026-01-04 13:39:46,856 [WARN] ModelIntegratedComponent:63 - No mode defined for component null
2026-01-04 13:39:46,856 [WARN] ModelIntegratedComponent:63 - No mode defined for component null
2026-01-04 13:39:46,856 [WARN] ModelIntegratedComponent:63 - No mode defined for component null
2026-01-04 13:39:46,856 [WARN] ModelIntegratedComponent:63 - No mode defined for component null
2026-01-04 13:39:46,856 [WARN] ModelPack:524 - Component already loaded: STMicroelectronics:HAL Drivers:0.0.0:STMicroelectronics:Device:STMicro_Driver:XSPI:HAL::0.0.1:HAL_XSPI
2026-01-04 13:39:46,934 [INFO] ThirdPartyModel:298 - Start build external matchings
2026-01-04 13:39:47,454 [INFO] ThirdPartyModel:316 - End build external matchings
2026-01-04 13:39:47,621 [INFO] UtilMem:75 - End LoadConfig() Used Memory: 724119632 Bytes (1073741824)
2026-01-04 13:39:47,725 [WARN] ThirdParty:833 - waiting for thirdparty lock release [change project]
2026-01-04 13:39:47,726 [INFO] ThirdParty:835 - entering critical section [change project]
2026-01-04 13:39:47,726 [INFO] ThirdParty:1030 - CMSIS Pack Vendor :STMicroelectronics X-CUBE-PM33A1 1.0.0
2026-01-04 13:39:47,726 [INFO] ThirdParty:1030 - CMSIS Pack Vendor :STMicroelectronics USBPD 4.1
2026-01-04 13:39:47,726 [INFO] ThirdParty:1030 - CMSIS Pack Vendor :STMicroelectronics USB_HOST 2.0.0
2026-01-04 13:39:47,726 [INFO] ThirdParty:1030 - CMSIS Pack Vendor :STMicroelectronics FP-SNS-MOTENVWB1 1.4.0
2026-01-04 13:39:47,726 [INFO] ThirdParty:1030 - CMSIS Pack Vendor :STMicroelectronics X-CUBE-AZRTOS-F4 1.1.0
2026-01-04 13:39:47,726 [INFO] ThirdParty:1030 - CMSIS Pack Vendor :STMicroelectronics LIBJPEG 8.0.0
2026-01-04 13:39:47,726 [INFO] ThirdParty:1030 - CMSIS Pack Vendor :STMicroelectronics FP-ATR-ASTRA1 2.0.2
2026-01-04 13:39:47,726 [INFO] ThirdParty:1030 - CMSIS Pack Vendor :STMicroelectronics X-CUBE-SMBUS 2.1.0
2026-01-04 13:39:47,726 [INFO] ThirdParty:1030 - CMSIS Pack Vendor :STMicroelectronics X-CUBE-WB05N 1.1.0
2026-01-04 13:39:47,726 [INFO] ThirdParty:1030 - CMSIS Pack Vendor :STMicroelectronics X-CUBE-ISPU 2.1.0
2026-01-04 13:39:47,726 [INFO] ThirdParty:1030 - CMSIS Pack Vendor :STMicroelectronics X-CUBE-IPS 3.2.0
2026-01-04 13:39:47,726 [INFO] ThirdParty:1030 - CMSIS Pack Vendor :STMicroelectronics X-CUBE-NFC12 1.0.0
2026-01-04 13:39:47,726 [INFO] ThirdParty:1030 - CMSIS Pack Vendor :STMicroelectronics X-CUBE-AZRTOS-F7 1.1.0
2026-01-04 13:39:47,726 [INFO] ThirdParty:1030 - CMSIS Pack Vendor :STMicroelectronics X-CUBE-AZRTOS-L5 2.0.0
2026-01-04 13:39:47,726 [INFO] ThirdParty:1030 - CMSIS Pack Vendor :STMicroelectronics USB_DEVICE 2.0.0
2026-01-04 13:39:47,726 [INFO] ThirdParty:1030 - CMSIS Pack Vendor :STMicroelectronics X-CUBE-NFC6 3.1.0
2026-01-04 13:39:47,726 [INFO] ThirdParty:1030 - CMSIS Pack Vendor :STMicroelectronics FP-SNS-MOTENV1 5.1.0
2026-01-04 13:39:47,726 [INFO] ThirdParty:1030 - CMSIS Pack Vendor :STMicroelectronics FreeRTOS 0.0.1
2026-01-04 13:39:47,726 [INFO] ThirdParty:1030 - CMSIS Pack Vendor :STMicroelectronics X-CUBE-DPower 1.2.0
2026-01-04 13:39:47,727 [INFO] ThirdParty:1030 - CMSIS Pack Vendor :Infineon AIROC-Wi-Fi-Bluetooth-STM32 1.7.0
2026-01-04 13:39:47,727 [INFO] ThirdParty:1030 - CMSIS Pack Vendor :STMicroelectronics PDM2PCM 3.3.0
2026-01-04 13:39:47,727 [INFO] ThirdParty:1030 - CMSIS Pack Vendor :STMicroelectronics X-CUBE-AZRTOS-H7 3.4.0
2026-01-04 13:39:47,727 [INFO] ThirdParty:1030 - CMSIS Pack Vendor :STMicroelectronics X-CUBE-DISPLAY 3.0.0
2026-01-04 13:39:47,727 [INFO] ThirdParty:1030 - CMSIS Pack Vendor :STMicroelectronics X-CUBE-NFC10 1.0.0
2026-01-04 13:39:47,727 [INFO] ThirdParty:1030 - CMSIS Pack Vendor :STMicroelectronics X-CUBE-BLEMGR 4.0.0
2026-01-04 13:39:47,727 [INFO] ThirdParty:1030 - CMSIS Pack Vendor :STMicroelectronics HAL Drivers 0.0.0
2026-01-04 13:39:47,727 [INFO] ThirdParty:1030 - CMSIS Pack Vendor :STMicroelectronics X-CUBE-ST60 1.1.0
2026-01-04 13:39:47,727 [INFO] ThirdParty:1030 - CMSIS Pack Vendor :emotas I-CUBE-CANOPEN 1.3.0
2026-01-04 13:39:47,727 [INFO] ThirdParty:1030 - CMSIS Pack Vendor :STMicroelectronics X-CUBE-FREERTOS 1.3.0
2026-01-04 13:39:47,727 [INFO] ThirdParty:1030 - CMSIS Pack Vendor :STMicroelectronics X-CUBE-NFC7 1.0.1
2026-01-04 13:39:47,727 [INFO] ThirdParty:1030 - CMSIS Pack Vendor :STMicroelectronics MBEDTLS 2.14.1
2026-01-04 13:39:47,727 [INFO] ThirdParty:1030 - CMSIS Pack Vendor :STMicroelectronics X-CUBE-GNSS1 7.1.0
2026-01-04 13:39:47,727 [INFO] ThirdParty:1030 - CMSIS Pack Vendor :STMicroelectronics X-CUBE-TOUCHGFX 4.26.0
2026-01-04 13:39:47,727 [INFO] ThirdParty:1030 - CMSIS Pack Vendor :quantropi X-CUBE-qispace-sdk-base 2.0.0
2026-01-04 13:39:47,727 [INFO] ThirdParty:1030 - CMSIS Pack Vendor :STMicroelectronics X-CUBE-AI 10.0.0
2026-01-04 13:39:47,727 [INFO] ThirdParty:1030 - CMSIS Pack Vendor :STMicroelectronics FP-SNS-STBOX1 2.1.0
2026-01-04 13:39:47,727 [INFO] ThirdParty:1030 - CMSIS Pack Vendor :STMicroelectronics FP-SNS-STAIOTCFT 1.0.0
2026-01-04 13:39:47,727 [INFO] ThirdParty:1030 - CMSIS Pack Vendor :STMicroelectronics FP-SNS-SMARTAG2 1.2.0
2026-01-04 13:39:47,727 [INFO] ThirdParty:1030 - CMSIS Pack Vendor :STMicroelectronics FP-SNS-FLIGHT1 5.1.0
2026-01-04 13:39:47,727 [INFO] ThirdParty:1030 - CMSIS Pack Vendor :STMicroelectronics X-CUBE-MEMS1 11.1.0
2026-01-04 13:39:47,727 [INFO] ThirdParty:1030 - CMSIS Pack Vendor :STMicroelectronics X-CUBE-AZRTOS-WL 2.0.0
2026-01-04 13:39:47,727 [INFO] ThirdParty:1030 - CMSIS Pack Vendor :STMicroelectronics X-CUBE-DPower 1.3.0
2026-01-04 13:39:47,727 [INFO] ThirdParty:1030 - CMSIS Pack Vendor :STMicroelectronics FP-SNS-MOTENV1 5.0.0
2026-01-04 13:39:47,727 [INFO] ThirdParty:1030 - CMSIS Pack Vendor :STMicroelectronics USB_DEVICE 1.0.0
2026-01-04 13:39:47,727 [INFO] ThirdParty:1030 - CMSIS Pack Vendor :STMicroelectronics X-CUBE-AZRTOS-H7RS 1.2.0
2026-01-04 13:39:47,727 [INFO] ThirdParty:1030 - CMSIS Pack Vendor :STMicroelectronics X-CUBE-AZRTOS-L4 2.0.0
2026-01-04 13:39:47,727 [INFO] ThirdParty:1030 - CMSIS Pack Vendor :STMicroelectronics ThreadX 0.0.2
2026-01-04 13:39:47,727 [INFO] ThirdParty:1030 - CMSIS Pack Vendor :WES I-CUBE-Cesium 1.3.0
2026-01-04 13:39:47,728 [INFO] ThirdParty:1030 - CMSIS Pack Vendor :STMicroelectronics lwIP 2.1.2
2026-01-04 13:39:47,728 [INFO] ThirdParty:1030 - CMSIS Pack Vendor :STMicroelectronics X-CUBE-SFXS2LP1 4.0.0
2026-01-04 13:39:47,728 [INFO] ThirdParty:1030 - CMSIS Pack Vendor :STMicroelectronics X-CUBE-BLE2 3.3.0
2026-01-04 13:39:47,728 [INFO] ThirdParty:1030 - CMSIS Pack Vendor :Avnet-IOTCONNECT X-CUBE-iotc-st67-sdk 1.0.0
2026-01-04 13:39:47,728 [INFO] ThirdParty:1030 - CMSIS Pack Vendor :STMicroelectronics PDM2PCM 3.2.0
2026-01-04 13:39:47,728 [INFO] ThirdParty:1030 - CMSIS Pack Vendor :STMicroelectronics X-CUBE-AZRTOS-H7 3.3.0
2026-01-04 13:39:47,728 [INFO] ThirdParty:1030 - CMSIS Pack Vendor :STMicroelectronics X-CUBE-NFC9 1.0.0
2026-01-04 13:39:47,728 [INFO] ThirdParty:1030 - CMSIS Pack Vendor :STMicroelectronics X-CUBE-BLE1 7.1.0
2026-01-04 13:39:47,728 [INFO] ThirdParty:1030 - CMSIS Pack Vendor :wolfSSL I-CUBE-wolfMQTT 1.19.2
2026-01-04 13:39:47,728 [INFO] ThirdParty:1030 - CMSIS Pack Vendor :STMicroelectronics USB_DEVICE 3.0.0
2026-01-04 13:39:47,728 [INFO] ThirdParty:1030 - CMSIS Pack Vendor :STMicroelectronics X-CUBE-FREERTOS 1.4.0
2026-01-04 13:39:47,728 [INFO] ThirdParty:1030 - CMSIS Pack Vendor :STMicroelectronics X-CUBE-EEPRMA1 5.2.0
2026-01-04 13:39:47,728 [INFO] ThirdParty:1030 - CMSIS Pack Vendor :STMicroelectronics X-CUBE-BLEMGR 4.1.0
2026-01-04 13:39:47,728 [INFO] ThirdParty:1030 - CMSIS Pack Vendor :STMicroelectronics X-CUBE-AZRTOS-WB 2.0.0
2026-01-04 13:39:47,728 [INFO] ThirdParty:1030 - CMSIS Pack Vendor :STMicroelectronics X-CUBE-GNSS1 7.0.1
2026-01-04 13:39:47,728 [INFO] ThirdParty:1030 - CMSIS Pack Vendor :STMicroelectronics X-CUBE-TOUCHGFX 4.25.0
2026-01-04 13:39:47,728 [INFO] ThirdParty:1030 - CMSIS Pack Vendor :STMicroelectronics X-CUBE-ST67W61 1.1.0
2026-01-04 13:39:47,728 [INFO] ThirdParty:1030 - CMSIS Pack Vendor :STMicroelectronics FP-SNS-STBOX1 2.0.0
2026-01-04 13:39:47,728 [INFO] ThirdParty:1030 - CMSIS Pack Vendor :STMicroelectronics X-CUBE-MEMS1 12.0.0
2026-01-04 13:39:47,728 [INFO] ThirdParty:1030 - CMSIS Pack Vendor :STMicroelectronics X-CUBE-AZRTOS-G0 1.1.0
2026-01-04 13:39:47,728 [INFO] ThirdParty:1030 - CMSIS Pack Vendor :STMicroelectronics X-CUBE-SAFEA1 1.2.2
2026-01-04 13:39:47,728 [INFO] ThirdParty:1030 - CMSIS Pack Vendor :STMicroelectronics X-CUBE-NFC4 3.0.0
2026-01-04 13:39:47,728 [INFO] ThirdParty:1030 - CMSIS Pack Vendor :STMicroelectronics X-CUBE-SUBG2 5.0.0
2026-01-04 13:39:47,728 [INFO] ThirdParty:1030 - CMSIS Pack Vendor :STMicroelectronics X-CUBE-AZRTOS-H7RS 1.1.0
2026-01-04 13:39:47,728 [INFO] ThirdParty:1030 - CMSIS Pack Vendor :STMicroelectronics STM32_WPAN 1.0.0
2026-01-04 13:39:47,728 [INFO] ThirdParty:1030 - CMSIS Pack Vendor :EmbeddedOffice I-CUBE-FS-RTOS 1.0.1
2026-01-04 13:39:47,728 [INFO] ThirdParty:1030 - CMSIS Pack Vendor :STMicroelectronics lwIP 2.0.3
2026-01-04 13:39:47,728 [INFO] ThirdParty:1030 - CMSIS Pack Vendor :Cesanta I-CUBE-Mongoose 7.13.0
2026-01-04 13:39:47,728 [INFO] ThirdParty:1030 - CMSIS Pack Vendor :STMicroelectronics USB_HOST 1.0.0
2026-01-04 13:39:47,728 [INFO] ThirdParty:1030 - CMSIS Pack Vendor :STMicroelectronics X-CUBE-AZRTOS-G4 2.0.0
2026-01-04 13:39:47,728 [INFO] ThirdParty:1030 - CMSIS Pack Vendor :STMicroelectronics X-CUBE-WB05N 2.0.0
2026-01-04 13:39:47,728 [INFO] ThirdParty:1030 - CMSIS Pack Vendor :STMicroelectronics PDM2PCM 3.1.0
2026-01-04 13:39:47,728 [INFO] ThirdParty:1030 - CMSIS Pack Vendor :wolfSSL I-CUBE-wolfTPM 3.8.0
2026-01-04 13:39:47,728 [INFO] ThirdParty:1030 - CMSIS Pack Vendor :wolfSSL I-CUBE-wolfSSH 1.4.20
2026-01-04 13:39:47,728 [INFO] ThirdParty:1030 - CMSIS Pack Vendor :STMicroelectronics X-CUBE-NFC7 2.0.0
2026-01-04 13:39:47,728 [INFO] ThirdParty:1030 - CMSIS Pack Vendor :STMicroelectronics X-CUBE-TCPP 4.2.0
2026-01-04 13:39:47,728 [INFO] ThirdParty:1030 - CMSIS Pack Vendor :RealThread X-CUBE-RT-Thread_Nano 4.1.1
2026-01-04 13:39:47,728 [INFO] ThirdParty:1030 - CMSIS Pack Vendor :STMicroelectronics FP-ATR-SIGFOX1 3.2.0
2026-01-04 13:39:47,728 [INFO] ThirdParty:1030 - CMSIS Pack Vendor :STMicroelectronics X-CUBE-EEPRMA1 5.1.0
2026-01-04 13:39:47,728 [INFO] ThirdParty:1030 - CMSIS Pack Vendor :STMicroelectronics MBEDTLS 2.16.2
2026-01-04 13:39:47,728 [INFO] ThirdParty:1030 - CMSIS Pack Vendor :STMicroelectronics X-CUBE-IPS 3.1.0
2026-01-04 13:39:47,728 [INFO] ThirdParty:1030 - CMSIS Pack Vendor :STMicroelectronics X-CUBE-ALS 1.0.2
2026-01-04 13:39:47,728 [INFO] ThirdParty:1030 - CMSIS Pack Vendor :wolfSSL I-CUBE-wolfSSL 5.7.6
2026-01-04 13:39:47,728 [INFO] ThirdParty:1030 - CMSIS Pack Vendor :ITTIA_DB I-CUBE-ITTIADB 8.9.0
2026-01-04 13:39:47,728 [INFO] ThirdParty:1030 - CMSIS Pack Vendor :STMicroelectronics X-CUBE-STSE01 1.0.0
2026-01-04 13:39:47,730 [INFO] ThirdParty:1030 - CMSIS Pack Vendor :portGmbH I-Cube-SoM-uGOAL 1.1.0
2026-01-04 13:39:47,730 [INFO] ThirdParty:1030 - CMSIS Pack Vendor :STMicroelectronics X-CUBE-AI 10.2.0
2026-01-04 13:39:47,730 [INFO] ThirdParty:1030 - CMSIS Pack Vendor :STMicroelectronics ThreadX 1.0.0
2026-01-04 13:39:47,730 [INFO] ThirdParty:1030 - CMSIS Pack Vendor :SEGGER I-CUBE-embOS 1.3.1
2026-01-04 13:39:47,730 [INFO] ThirdParty:1030 - CMSIS Pack Vendor :STMicroelectronics X-CUBE-ALGOBUILD 1.4.0
2026-01-04 13:39:47,730 [INFO] ThirdParty:1030 - CMSIS Pack Vendor :STMicroelectronics X-CUBE-TOF1 3.4.2
2026-01-04 13:39:47,730 [INFO] ThirdParty:1030 - CMSIS Pack Vendor :STMicroelectronics X-CUBE-TOF1 3.4.3
2026-01-04 13:39:47,730 [INFO] ThirdParty:841 - exiting critical section [change project]
2026-01-04 13:39:47,810 [INFO] PinOutPanel:1589 - setPackage(No Configuration,No Configuration)
2026-01-04 13:39:47,811 [INFO] PinOutPanel:1589 - setPackage(STM32F103C8Tx,LQFP48)
2026-01-04 13:39:47,926 [INFO] UtilMem:75 - Before build in PCC Used Memory: 734058096 Bytes (1073741824)
2026-01-04 13:39:48,083 [INFO] UtilMem:75 - After build in PCC Used Memory: 776001192 Bytes (1073741824)
2026-01-04 13:39:48,099 [INFO] IPUIPlugin:80 - create IPUIPlugin
2026-01-04 13:39:48,099 [INFO] IPUIPlugin:80 - create IPUIPlugin
2026-01-04 13:39:48,099 [INFO] IPUIPlugin:80 - create IPUIPlugin
2026-01-04 13:39:48,099 [INFO] IPUIPlugin:80 - create IPUIPlugin
2026-01-04 13:39:48,099 [INFO] IPUIPlugin:80 - create IPUIPlugin
2026-01-04 13:39:48,099 [INFO] IPUIPlugin:80 - create IPUIPlugin
2026-01-04 13:39:48,099 [INFO] IPUIPlugin:80 - create IPUIPlugin
2026-01-04 13:39:48,099 [INFO] IPUIPlugin:80 - create IPUIPlugin
2026-01-04 13:39:48,099 [INFO] IPUIPlugin:80 - create IPUIPlugin
2026-01-04 13:39:48,099 [INFO] IPUIPlugin:80 - create IPUIPlugin
2026-01-04 13:39:48,099 [INFO] IPUIPlugin:80 - create IPUIPlugin
2026-01-04 13:39:48,099 [INFO] IPUIPlugin:80 - create IPUIPlugin
2026-01-04 13:39:48,100 [INFO] IPUIPlugin:80 - create IPUIPlugin
2026-01-04 13:39:48,100 [INFO] IPUIPlugin:80 - create IPUIPlugin
2026-01-04 13:39:48,100 [INFO] IPUIPlugin:80 - create IPUIPlugin
2026-01-04 13:39:48,100 [INFO] IPUIPlugin:80 - create IPUIPlugin
2026-01-04 13:39:48,100 [INFO] IPUIPlugin:80 - create IPUIPlugin
2026-01-04 13:39:48,100 [INFO] IPUIPlugin:80 - create IPUIPlugin
2026-01-04 13:39:48,100 [INFO] IPUIPlugin:80 - create IPUIPlugin
2026-01-04 13:39:48,100 [INFO] IPUIPlugin:80 - create IPUIPlugin
2026-01-04 13:39:48,100 [INFO] IPUIPlugin:80 - create IPUIPlugin
2026-01-04 13:39:48,101 [INFO] IPUIPlugin:80 - create IPUIPlugin
2026-01-04 13:39:48,101 [INFO] IPUIPlugin:80 - create IPUIPlugin
2026-01-04 13:39:48,101 [INFO] IPUIPlugin:80 - create IPUIPlugin
2026-01-04 13:39:48,101 [INFO] IPUIPlugin:80 - create IPUIPlugin
2026-01-04 13:39:48,101 [INFO] IPUIPlugin:80 - create IPUIPlugin
2026-01-04 13:39:48,101 [INFO] IPUIPlugin:80 - create IPUIPlugin
2026-01-04 13:39:48,124 [INFO] CADModel:165 - CPN selected for project levelSTM32F103C8T6
2026-01-04 13:39:48,124 [INFO] CADModel:114 - Register for checkConnection events
2026-01-04 13:39:48,185 [INFO] OpenFileManager:386 - Restore cursor
2026-01-04 13:39:48,494 [INFO] UtilMem:75 - End SaveConfig() Used Memory: 824243312 Bytes (1073741824)
2026-01-04 13:39:48,535 [INFO] UtilMem:75 - End SaveConfig() Used Memory: 836513560 Bytes (1073741824)
2026-01-04 13:39:48,625 [INFO] BlockDiagram:2775 - set Specific Code input for plugin: NVIC
2026-01-04 13:39:48,626 [INFO] BlockDiagram:2775 - set Specific Code input for plugin: RCC
2026-01-04 13:39:48,626 [INFO] CodeGenerator:892 - code generatio: config db path: D:\installs\STM32CubeIDE_1.19.0\STM32CubeIDE\plugins\com.st.stm32cube.common.mx_6.15.0.202507011659\\db\
2026-01-04 13:39:48,684 [INFO] CodeEngine:265 - oldGeneratedFile, D:\projects\stm32_cube_ide\bmp180\MXTmpFiles\license.tmp_save
2026-01-04 13:39:48,903 [INFO] CodeEngine:289 - Generated code: D:\projects\stm32_cube_ide\bmp180\MXTmpFiles\license.tmp
2026-01-04 13:39:48,910 [INFO] CodeEngine:265 - oldGeneratedFile, D:\projects\stm32_cube_ide\bmp180\Core\Src\stm32f1xx_it.c_save
2026-01-04 13:39:49,126 [INFO] CodeEngine:289 - Generated code: D:\projects\stm32_cube_ide\bmp180\Core\Src\stm32f1xx_it.c
2026-01-04 13:39:49,129 [INFO] CodeEngine:265 - oldGeneratedFile, D:\projects\stm32_cube_ide\bmp180\Core\Inc\stm32f1xx_it.h_save
2026-01-04 13:39:49,203 [INFO] CodeEngine:289 - Generated code: D:\projects\stm32_cube_ide\bmp180\Core\Inc\stm32f1xx_it.h
2026-01-04 13:39:49,223 [INFO] CodeEngine:265 - oldGeneratedFile, D:\projects\stm32_cube_ide\bmp180\Core\Src\stm32f1xx_hal_msp.c_save
2026-01-04 13:39:49,339 [INFO] CodeEngine:289 - Generated code: D:\projects\stm32_cube_ide\bmp180\Core\Src\stm32f1xx_hal_msp.c
2026-01-04 13:39:49,343 [INFO] CodeEngine:265 - oldGeneratedFile, D:\projects\stm32_cube_ide\bmp180\MXTmpFiles\system.tmp_save
2026-01-04 13:39:49,410 [INFO] CodeEngine:289 - Generated code: D:\projects\stm32_cube_ide\bmp180\MXTmpFiles\system.tmp
2026-01-04 13:39:49,416 [INFO] CodeEngine:321 - oldGeneratedFile, D:\projects\stm32_cube_ide\bmp180\Core\Inc\stm32f1xx_hal_conf.h_save
2026-01-04 13:39:49,482 [INFO] CodeEngine:345 - Generated code: D:\projects\stm32_cube_ide\bmp180\Core\Inc\stm32f1xx_hal_conf.h
2026-01-04 13:39:49,494 [INFO] ApiDbMcu:532 - Load IP Config File for RCC
2026-01-04 13:39:49,500 [INFO] CodeEngine:265 - oldGeneratedFile, D:\projects\stm32_cube_ide\bmp180\Core\Inc\main.h_save
2026-01-04 13:39:49,586 [INFO] CodeEngine:289 - Generated code: D:\projects\stm32_cube_ide\bmp180\Core\Inc\main.h
2026-01-04 13:39:49,591 [INFO] CodeEngine:265 - oldGeneratedFile, D:\projects\stm32_cube_ide\bmp180\Core\Src\main.c_save
2026-01-04 13:39:49,677 [INFO] CodeEngine:289 - Generated code: D:\projects\stm32_cube_ide\bmp180\Core\Src\main.c
2026-01-04 13:39:49,908 [INFO] ProjectBuilder:3606 - Time for Copy HAL[1] : 90mS.
2026-01-04 13:39:49,911 [INFO] ProjectBuilder:5216 - Project Generator version: 4.7.0-B52
2026-01-04 13:39:49,976 [INFO] ConfigFileManager:1595 - The Die is : DIE410
2026-01-04 13:39:49,978 [INFO] ApiDbMcu:532 - Load IP Config File for FATFS
2026-01-04 13:39:49,980 [INFO] ApiDbMcu:532 - Load IP Config File for FREERTOS
2026-01-04 13:39:49,982 [INFO] ApiDbMcu:532 - Load IP Config File for USB_DEVICE
2026-01-04 13:39:53,623 [INFO] ProjectBuilder:5496 - Time for Generating toolchain IDE Files: 3712mS.
2026-01-04 13:39:53,624 [INFO] ProjectBuilder:3463 - Time for Copy CMSIS : 1mS.
2026-01-04 13:39:53,625 [INFO] ProjectBuilder:3463 - Time for Copy CMSIS : 0mS.
2026-01-04 13:39:53,999 [INFO] McuFinderGlobals:76 - Set McuFinderConnectedMode to true
2026-01-04 13:39:54,004 [INFO] ApiDb:448 - Save user favorites file C:\Users\22142/.stm32cubeide/favorites.mcus.txt: 0 item(s)
2026-01-04 13:39:54,004 [INFO] ApiDb:452 - User favorites MCUs=[]
2026-01-04 13:40:18,052 [INFO] Gpio:278 - dependency for GPIO [RCC]
2026-01-04 13:40:24,072 [INFO] Gpio:278 - dependency for GPIO [RCC]
2026-01-04 13:40:28,671 [INFO] NvicIntPanel:101 - NVIC parent = com.st.microxplorer.plugins.ip.nvic.MultiNvicIntPanel[,0,0,450x144,layout=javax.swing.BoxLayout,alignmentX=0.0,alignmentY=0.0,border=,flags=9,maximumSize=,minimumSize=,preferredSize=]
2026-01-04 13:40:57,265 [WARN] IP:2250 - I2C_Coeff_DF not found: check if there is a RefParameter without a condition.
2026-01-04 13:40:57,265 [WARN] IP:2250 - Analog_Filter not found: check if there is a RefParameter without a condition.
2026-01-04 13:40:57,274 [WARN] IP:2250 - I2C_Coeff_DF not found: check if there is a RefParameter without a condition.
2026-01-04 13:40:57,275 [WARN] IP:2250 - Analog_Filter not found: check if there is a RefParameter without a condition.
2026-01-04 13:40:57,275 [WARN] IP:2250 - I2C_Coeff_DF not found: check if there is a RefParameter without a condition.
2026-01-04 13:40:57,275 [WARN] IP:2250 - Analog_Filter not found: check if there is a RefParameter without a condition.
2026-01-04 13:40:57,317 [WARN] IP:2250 - I2C_Coeff_DF not found: check if there is a RefParameter without a condition.
2026-01-04 13:40:57,318 [WARN] IP:2250 - Analog_Filter not found: check if there is a RefParameter without a condition.
2026-01-04 13:40:57,319 [WARN] IP:2250 - I2C_Coeff_DF not found: check if there is a RefParameter without a condition.
2026-01-04 13:40:57,319 [WARN] IP:2250 - Analog_Filter not found: check if there is a RefParameter without a condition.
2026-01-04 13:42:23,860 [INFO] UtilMem:75 - End SaveConfig() Used Memory: 676095496 Bytes (1073741824)
2026-01-04 13:42:25,436 [INFO] UtilMem:75 - End SaveConfig() Used Memory: 707936120 Bytes (1073741824)
2026-01-04 13:42:28,425 [INFO] UtilMem:75 - End SaveConfig() Used Memory: 780981176 Bytes (1073741824)
2026-01-04 13:42:28,517 [INFO] BlockDiagram:2775 - set Specific Code input for plugin: NVIC
2026-01-04 13:42:28,517 [INFO] BlockDiagram:2775 - set Specific Code input for plugin: USART
2026-01-04 13:42:28,517 [INFO] BlockDiagram:2775 - set Specific Code input for plugin: SYS
2026-01-04 13:42:28,517 [INFO] BlockDiagram:2775 - set Specific Code input for plugin: GPIO
2026-01-04 13:42:28,517 [INFO] BlockDiagram:2775 - set Specific Code input for plugin: RCC
2026-01-04 13:42:28,517 [INFO] BlockDiagram:2775 - set Specific Code input for plugin: I2C
2026-01-04 13:42:28,518 [INFO] CodeGenerator:892 - code generatio: config db path: D:\installs\STM32CubeIDE_1.19.0\STM32CubeIDE\plugins\com.st.stm32cube.common.mx_6.15.0.202507011659\\db\
2026-01-04 13:42:28,519 [WARN] IP:2250 - I2C_Coeff_DF not found: check if there is a RefParameter without a condition.
2026-01-04 13:42:28,519 [WARN] IP:2250 - Analog_Filter not found: check if there is a RefParameter without a condition.
2026-01-04 13:42:28,584 [INFO] CodeEngine:265 - oldGeneratedFile, D:\projects\stm32_cube_ide\bmp180\MXTmpFiles\license.tmp_save
2026-01-04 13:42:28,740 [INFO] CodeEngine:289 - Generated code: D:\projects\stm32_cube_ide\bmp180\MXTmpFiles\license.tmp
2026-01-04 13:42:28,769 [INFO] CodeEngine:265 - oldGeneratedFile, D:\projects\stm32_cube_ide\bmp180\MXTmpFiles\gpio.tmp_save
2026-01-04 13:42:28,891 [INFO] CodeEngine:289 - Generated code: D:\projects\stm32_cube_ide\bmp180\MXTmpFiles\gpio.tmp
2026-01-04 13:42:28,976 [INFO] CodeEngine:265 - oldGeneratedFile, D:\projects\stm32_cube_ide\bmp180\Core\Src\stm32f1xx_it.c_save
2026-01-04 13:42:29,059 [INFO] CodeEngine:289 - Generated code: D:\projects\stm32_cube_ide\bmp180\Core\Src\stm32f1xx_it.c
2026-01-04 13:42:29,063 [INFO] CodeEngine:265 - oldGeneratedFile, D:\projects\stm32_cube_ide\bmp180\Core\Inc\stm32f1xx_it.h_save
2026-01-04 13:42:29,136 [INFO] CodeEngine:289 - Generated code: D:\projects\stm32_cube_ide\bmp180\Core\Inc\stm32f1xx_it.h
2026-01-04 13:42:29,145 [INFO] CodeEngine:265 - oldGeneratedFile, D:\projects\stm32_cube_ide\bmp180\Core\Src\stm32f1xx_hal_msp.c_save
2026-01-04 13:42:29,264 [INFO] CodeEngine:289 - Generated code: D:\projects\stm32_cube_ide\bmp180\Core\Src\stm32f1xx_hal_msp.c
2026-01-04 13:42:29,268 [INFO] CodeEngine:265 - oldGeneratedFile, D:\projects\stm32_cube_ide\bmp180\MXTmpFiles\system.tmp_save
2026-01-04 13:42:29,335 [INFO] CodeEngine:289 - Generated code: D:\projects\stm32_cube_ide\bmp180\MXTmpFiles\system.tmp
2026-01-04 13:42:29,342 [INFO] CodeEngine:321 - oldGeneratedFile, D:\projects\stm32_cube_ide\bmp180\Core\Inc\stm32f1xx_hal_conf.h_save
2026-01-04 13:42:29,416 [INFO] CodeEngine:345 - Generated code: D:\projects\stm32_cube_ide\bmp180\Core\Inc\stm32f1xx_hal_conf.h
2026-01-04 13:42:29,431 [INFO] ApiDbMcu:532 - Load IP Config File for I2C1
2026-01-04 13:42:29,434 [INFO] ApiDbMcu:532 - Load IP Config File for USART1
2026-01-04 13:42:29,441 [INFO] CodeEngine:265 - oldGeneratedFile, D:\projects\stm32_cube_ide\bmp180\Core\Inc\main.h_save
2026-01-04 13:42:29,508 [INFO] CodeEngine:289 - Generated code: D:\projects\stm32_cube_ide\bmp180\Core\Inc\main.h
2026-01-04 13:42:29,512 [INFO] CodeEngine:265 - oldGeneratedFile, D:\projects\stm32_cube_ide\bmp180\Core\Src\main.c_save
2026-01-04 13:42:29,608 [INFO] CodeEngine:289 - Generated code: D:\projects\stm32_cube_ide\bmp180\Core\Src\main.c
2026-01-04 13:42:29,844 [INFO] ProjectBuilder:3606 - Time for Copy HAL[1] : 97mS.
2026-01-04 13:42:29,847 [INFO] ProjectBuilder:5216 - Project Generator version: 4.7.0-B52
2026-01-04 13:42:29,909 [INFO] ConfigFileManager:1595 - The Die is : DIE410
2026-01-04 13:42:30,547 [INFO] ProjectBuilder:5496 - Time for Generating toolchain IDE Files: 701mS.
2026-01-04 13:42:30,548 [INFO] ProjectBuilder:3463 - Time for Copy CMSIS : 1mS.
2026-01-04 13:42:30,549 [INFO] ProjectBuilder:3463 - Time for Copy CMSIS : 0mS.
2026-01-04 13:56:54,020 [INFO] NvicIntPanel:101 - NVIC parent = com.st.microxplorer.plugins.ip.nvic.MultiNvicIntPanel[,0,0,450x268,layout=javax.swing.BoxLayout,alignmentX=0.0,alignmentY=0.0,border=,flags=9,maximumSize=,minimumSize=,preferredSize=]
2026-01-04 13:57:09,319 [WARN] IP:2250 - I2C_Coeff_DF not found: check if there is a RefParameter without a condition.
2026-01-04 13:57:09,319 [WARN] IP:2250 - Analog_Filter not found: check if there is a RefParameter without a condition.
2026-01-04 13:57:09,320 [WARN] IP:2250 - I2C_Coeff_DF not found: check if there is a RefParameter without a condition.
2026-01-04 13:57:09,320 [WARN] IP:2250 - Analog_Filter not found: check if there is a RefParameter without a condition.
2026-01-04 13:57:09,509 [WARN] IP:2250 - I2C_Coeff_DF not found: check if there is a RefParameter without a condition.
2026-01-04 13:57:09,509 [WARN] IP:2250 - Analog_Filter not found: check if there is a RefParameter without a condition.
2026-01-04 13:57:09,510 [WARN] IP:2250 - I2C_Coeff_DF not found: check if there is a RefParameter without a condition.
2026-01-04 13:57:09,510 [WARN] IP:2250 - Analog_Filter not found: check if there is a RefParameter without a condition.
2026-01-04 13:57:12,016 [WARN] IP:2250 - I2C_Coeff_DF not found: check if there is a RefParameter without a condition.
2026-01-04 13:57:12,016 [WARN] IP:2250 - Analog_Filter not found: check if there is a RefParameter without a condition.
2026-01-04 13:57:12,017 [WARN] IP:2250 - I2C_Coeff_DF not found: check if there is a RefParameter without a condition.
2026-01-04 13:57:12,017 [WARN] IP:2250 - Analog_Filter not found: check if there is a RefParameter without a condition.
2026-01-04 13:57:12,072 [INFO] NvicIntPanel:101 - NVIC parent = com.st.microxplorer.plugins.ip.nvic.MultiNvicIntPanel[,0,0,0x0,invalid,layout=javax.swing.BoxLayout,alignmentX=0.0,alignmentY=0.0,border=,flags=9,maximumSize=,minimumSize=,preferredSize=]
2026-01-04 13:57:13,509 [INFO] UtilMem:75 - End SaveConfig() Used Memory: 745501816 Bytes (1073741824)
2026-01-04 13:57:14,812 [INFO] UtilMem:75 - End SaveConfig() Used Memory: 763798912 Bytes (1073741824)
2026-01-04 13:57:16,613 [INFO] UtilMem:75 - End SaveConfig() Used Memory: 820948352 Bytes (1073741824)
2026-01-04 13:57:16,902 [INFO] BlockDiagram:2775 - set Specific Code input for plugin: NVIC
2026-01-04 13:57:16,902 [INFO] BlockDiagram:2775 - set Specific Code input for plugin: USART
2026-01-04 13:57:16,902 [INFO] BlockDiagram:2775 - set Specific Code input for plugin: SYS
2026-01-04 13:57:16,903 [INFO] BlockDiagram:2775 - set Specific Code input for plugin: GPIO
2026-01-04 13:57:16,903 [INFO] BlockDiagram:2775 - set Specific Code input for plugin: RCC
2026-01-04 13:57:16,903 [INFO] BlockDiagram:2775 - set Specific Code input for plugin: I2C
2026-01-04 13:57:16,903 [INFO] CodeGenerator:892 - code generatio: config db path: D:\installs\STM32CubeIDE_1.19.0\STM32CubeIDE\plugins\com.st.stm32cube.common.mx_6.15.0.202507011659\\db\
2026-01-04 13:57:16,904 [WARN] IP:2250 - I2C_Coeff_DF not found: check if there is a RefParameter without a condition.
2026-01-04 13:57:16,904 [WARN] IP:2250 - Analog_Filter not found: check if there is a RefParameter without a condition.
2026-01-04 13:57:16,958 [INFO] CodeEngine:265 - oldGeneratedFile, D:\projects\stm32_cube_ide\bmp180\MXTmpFiles\license.tmp_save
2026-01-04 13:57:17,152 [INFO] CodeEngine:289 - Generated code: D:\projects\stm32_cube_ide\bmp180\MXTmpFiles\license.tmp
2026-01-04 13:57:17,171 [INFO] CodeEngine:265 - oldGeneratedFile, D:\projects\stm32_cube_ide\bmp180\MXTmpFiles\gpio.tmp_save
2026-01-04 13:57:17,267 [INFO] CodeEngine:289 - Generated code: D:\projects\stm32_cube_ide\bmp180\MXTmpFiles\gpio.tmp
2026-01-04 13:57:17,324 [INFO] CodeEngine:265 - oldGeneratedFile, D:\projects\stm32_cube_ide\bmp180\Core\Src\stm32f1xx_it.c_save
2026-01-04 13:57:17,519 [INFO] CodeEngine:289 - Generated code: D:\projects\stm32_cube_ide\bmp180\Core\Src\stm32f1xx_it.c
2026-01-04 13:57:17,523 [INFO] CodeEngine:265 - oldGeneratedFile, D:\projects\stm32_cube_ide\bmp180\Core\Inc\stm32f1xx_it.h_save
2026-01-04 13:57:17,597 [INFO] CodeEngine:289 - Generated code: D:\projects\stm32_cube_ide\bmp180\Core\Inc\stm32f1xx_it.h
2026-01-04 13:57:17,604 [INFO] CodeEngine:265 - oldGeneratedFile, D:\projects\stm32_cube_ide\bmp180\Core\Src\stm32f1xx_hal_msp.c_save
2026-01-04 13:57:17,731 [INFO] CodeEngine:289 - Generated code: D:\projects\stm32_cube_ide\bmp180\Core\Src\stm32f1xx_hal_msp.c
2026-01-04 13:57:17,734 [INFO] CodeEngine:265 - oldGeneratedFile, D:\projects\stm32_cube_ide\bmp180\MXTmpFiles\system.tmp_save
2026-01-04 13:57:17,794 [INFO] CodeEngine:289 - Generated code: D:\projects\stm32_cube_ide\bmp180\MXTmpFiles\system.tmp
2026-01-04 13:57:17,801 [INFO] CodeEngine:321 - oldGeneratedFile, D:\projects\stm32_cube_ide\bmp180\Core\Inc\stm32f1xx_hal_conf.h_save
2026-01-04 13:57:17,864 [INFO] CodeEngine:345 - Generated code: D:\projects\stm32_cube_ide\bmp180\Core\Inc\stm32f1xx_hal_conf.h
2026-01-04 13:57:17,908 [INFO] CodeEngine:265 - oldGeneratedFile, D:\projects\stm32_cube_ide\bmp180\Core\Inc\main.h_save
2026-01-04 13:57:17,989 [INFO] CodeEngine:289 - Generated code: D:\projects\stm32_cube_ide\bmp180\Core\Inc\main.h
2026-01-04 13:57:17,993 [INFO] CodeEngine:265 - oldGeneratedFile, D:\projects\stm32_cube_ide\bmp180\Core\Src\main.c_save
2026-01-04 13:57:18,076 [INFO] CodeEngine:289 - Generated code: D:\projects\stm32_cube_ide\bmp180\Core\Src\main.c
2026-01-04 13:57:18,307 [INFO] ProjectBuilder:3606 - Time for Copy HAL[1] : 96mS.
2026-01-04 13:57:18,309 [INFO] ProjectBuilder:5216 - Project Generator version: 4.7.0-B52
2026-01-04 13:57:18,374 [INFO] ConfigFileManager:1595 - The Die is : DIE410
2026-01-04 13:57:19,000 [INFO] ProjectBuilder:5496 - Time for Generating toolchain IDE Files: 690mS.
2026-01-04 13:57:19,001 [INFO] ProjectBuilder:3463 - Time for Copy CMSIS : 0mS.
2026-01-04 13:57:19,002 [INFO] ProjectBuilder:3463 - Time for Copy CMSIS : 0mS.
2026-01-04 14:22:58,877 [WARN] IP:2250 - I2C_Coeff_DF not found: check if there is a RefParameter without a condition.
2026-01-04 14:22:58,877 [WARN] IP:2250 - Analog_Filter not found: check if there is a RefParameter without a condition.
2026-01-04 14:22:58,877 [WARN] IP:2250 - I2C_Coeff_DF not found: check if there is a RefParameter without a condition.
2026-01-04 14:22:58,877 [WARN] IP:2250 - Analog_Filter not found: check if there is a RefParameter without a condition.
2026-01-04 14:22:58,937 [INFO] NvicIntPanel:101 - NVIC parent = com.st.microxplorer.plugins.ip.nvic.MultiNvicIntPanel[,0,0,0x0,invalid,layout=javax.swing.BoxLayout,alignmentX=0.0,alignmentY=0.0,border=,flags=9,maximumSize=,minimumSize=,preferredSize=]
2026-01-04 14:22:58,966 [WARN] IP:2250 - I2C_Coeff_DF not found: check if there is a RefParameter without a condition.
2026-01-04 14:22:58,967 [WARN] IP:2250 - Analog_Filter not found: check if there is a RefParameter without a condition.
2026-01-04 14:23:01,276 [INFO] UtilMem:75 - End SaveConfig() Used Memory: 801933040 Bytes (1073741824)
2026-01-04 14:23:02,273 [INFO] UtilMem:75 - End SaveConfig() Used Memory: 819706232 Bytes (1073741824)
2026-01-04 14:23:03,407 [INFO] UtilMem:75 - End SaveConfig() Used Memory: 854309240 Bytes (1073741824)
2026-01-04 14:23:03,502 [INFO] BlockDiagram:2775 - set Specific Code input for plugin: NVIC
2026-01-04 14:23:03,502 [INFO] BlockDiagram:2775 - set Specific Code input for plugin: USART
2026-01-04 14:23:03,502 [INFO] BlockDiagram:2775 - set Specific Code input for plugin: SYS
2026-01-04 14:23:03,502 [INFO] BlockDiagram:2775 - set Specific Code input for plugin: GPIO
2026-01-04 14:23:03,502 [INFO] BlockDiagram:2775 - set Specific Code input for plugin: RCC
2026-01-04 14:23:03,502 [INFO] BlockDiagram:2775 - set Specific Code input for plugin: I2C
2026-01-04 14:23:03,504 [INFO] CodeGenerator:892 - code generatio: config db path: D:\installs\STM32CubeIDE_1.19.0\STM32CubeIDE\plugins\com.st.stm32cube.common.mx_6.15.0.202507011659\\db\
2026-01-04 14:23:03,505 [WARN] IP:2250 - I2C_Coeff_DF not found: check if there is a RefParameter without a condition.
2026-01-04 14:23:03,505 [WARN] IP:2250 - Analog_Filter not found: check if there is a RefParameter without a condition.
2026-01-04 14:23:03,567 [INFO] CodeEngine:265 - oldGeneratedFile, D:\projects\stm32_cube_ide\bmp180\MXTmpFiles\license.tmp_save
2026-01-04 14:23:03,786 [INFO] CodeEngine:289 - Generated code: D:\projects\stm32_cube_ide\bmp180\MXTmpFiles\license.tmp
2026-01-04 14:23:03,806 [INFO] CodeEngine:265 - oldGeneratedFile, D:\projects\stm32_cube_ide\bmp180\MXTmpFiles\gpio.tmp_save
2026-01-04 14:23:03,916 [INFO] CodeEngine:289 - Generated code: D:\projects\stm32_cube_ide\bmp180\MXTmpFiles\gpio.tmp
2026-01-04 14:23:03,973 [INFO] CodeEngine:265 - oldGeneratedFile, D:\projects\stm32_cube_ide\bmp180\Core\Src\stm32f1xx_it.c_save
2026-01-04 14:23:04,147 [INFO] CodeEngine:289 - Generated code: D:\projects\stm32_cube_ide\bmp180\Core\Src\stm32f1xx_it.c
2026-01-04 14:23:04,151 [INFO] CodeEngine:265 - oldGeneratedFile, D:\projects\stm32_cube_ide\bmp180\Core\Inc\stm32f1xx_it.h_save
2026-01-04 14:23:04,224 [INFO] CodeEngine:289 - Generated code: D:\projects\stm32_cube_ide\bmp180\Core\Inc\stm32f1xx_it.h
2026-01-04 14:23:04,232 [INFO] CodeEngine:265 - oldGeneratedFile, D:\projects\stm32_cube_ide\bmp180\Core\Src\stm32f1xx_hal_msp.c_save
2026-01-04 14:23:04,359 [INFO] CodeEngine:289 - Generated code: D:\projects\stm32_cube_ide\bmp180\Core\Src\stm32f1xx_hal_msp.c
2026-01-04 14:23:04,363 [INFO] CodeEngine:265 - oldGeneratedFile, D:\projects\stm32_cube_ide\bmp180\MXTmpFiles\system.tmp_save
2026-01-04 14:23:04,433 [INFO] CodeEngine:289 - Generated code: D:\projects\stm32_cube_ide\bmp180\MXTmpFiles\system.tmp
2026-01-04 14:23:04,440 [INFO] CodeEngine:321 - oldGeneratedFile, D:\projects\stm32_cube_ide\bmp180\Core\Inc\stm32f1xx_hal_conf.h_save
2026-01-04 14:23:04,517 [INFO] CodeEngine:345 - Generated code: D:\projects\stm32_cube_ide\bmp180\Core\Inc\stm32f1xx_hal_conf.h
2026-01-04 14:23:04,540 [INFO] CodeEngine:265 - oldGeneratedFile, D:\projects\stm32_cube_ide\bmp180\Core\Inc\main.h_save
2026-01-04 14:23:04,653 [INFO] CodeEngine:289 - Generated code: D:\projects\stm32_cube_ide\bmp180\Core\Inc\main.h
2026-01-04 14:23:04,659 [INFO] CodeEngine:265 - oldGeneratedFile, D:\projects\stm32_cube_ide\bmp180\Core\Src\main.c_save
2026-01-04 14:23:04,770 [INFO] CodeEngine:289 - Generated code: D:\projects\stm32_cube_ide\bmp180\Core\Src\main.c
2026-01-04 14:23:05,011 [INFO] ProjectBuilder:3606 - Time for Copy HAL[1] : 100mS.
2026-01-04 14:23:05,015 [INFO] ProjectBuilder:5216 - Project Generator version: 4.7.0-B52
2026-01-04 14:23:05,077 [INFO] ConfigFileManager:1595 - The Die is : DIE410
2026-01-04 14:23:05,656 [INFO] ProjectBuilder:5496 - Time for Generating toolchain IDE Files: 641mS.
2026-01-04 14:23:05,657 [INFO] ProjectBuilder:3463 - Time for Copy CMSIS : 0mS.
2026-01-04 14:23:05,658 [INFO] ProjectBuilder:3463 - Time for Copy CMSIS : 0mS.
2026-01-04 14:26:31,994 [INFO] WebApp:194 - Connection lost
2026-01-04 14:26:32,188 [INFO] WebApp:191 - Connection restablished
2026-01-04 15:47:04,867 [WARN] IP:2250 - I2C_Coeff_DF not found: check if there is a RefParameter without a condition.
2026-01-04 15:47:04,867 [WARN] IP:2250 - Analog_Filter not found: check if there is a RefParameter without a condition.
2026-01-04 16:16:17,733 [INFO] UtilMem:75 - End SaveConfig() Used Memory: 760227264 Bytes (1073741824)
2026-01-04 16:16:17,908 [INFO] BlockDiagram:2775 - set Specific Code input for plugin: NVIC
2026-01-04 16:16:17,908 [INFO] BlockDiagram:2775 - set Specific Code input for plugin: USART
2026-01-04 16:16:17,908 [INFO] BlockDiagram:2775 - set Specific Code input for plugin: SYS
2026-01-04 16:16:17,909 [INFO] BlockDiagram:2775 - set Specific Code input for plugin: GPIO
2026-01-04 16:16:17,909 [INFO] BlockDiagram:2775 - set Specific Code input for plugin: RCC
2026-01-04 16:16:17,909 [INFO] BlockDiagram:2775 - set Specific Code input for plugin: I2C
2026-01-04 16:16:17,909 [INFO] CodeGenerator:892 - code generatio: config db path: D:\installs\STM32CubeIDE_1.19.0\STM32CubeIDE\plugins\com.st.stm32cube.common.mx_6.15.0.202507011659\\db\
2026-01-04 16:16:17,910 [WARN] IP:2250 - I2C_Coeff_DF not found: check if there is a RefParameter without a condition.
2026-01-04 16:16:17,910 [WARN] IP:2250 - Analog_Filter not found: check if there is a RefParameter without a condition.
2026-01-04 16:16:18,011 [INFO] CodeEngine:265 - oldGeneratedFile, D:\projects\stm32_cube_ide\bmp180\MXTmpFiles\license.tmp_save
2026-01-04 16:16:18,245 [INFO] CodeEngine:289 - Generated code: D:\projects\stm32_cube_ide\bmp180\MXTmpFiles\license.tmp
2026-01-04 16:16:18,317 [INFO] CodeEngine:265 - oldGeneratedFile, D:\projects\stm32_cube_ide\bmp180\MXTmpFiles\gpio.tmp_save
2026-01-04 16:16:18,410 [INFO] CodeEngine:289 - Generated code: D:\projects\stm32_cube_ide\bmp180\MXTmpFiles\gpio.tmp
2026-01-04 16:16:18,557 [INFO] CodeEngine:265 - oldGeneratedFile, D:\projects\stm32_cube_ide\bmp180\Core\Src\stm32f1xx_it.c_save
2026-01-04 16:16:18,786 [INFO] CodeEngine:289 - Generated code: D:\projects\stm32_cube_ide\bmp180\Core\Src\stm32f1xx_it.c
2026-01-04 16:16:18,792 [INFO] CodeEngine:265 - oldGeneratedFile, D:\projects\stm32_cube_ide\bmp180\Core\Inc\stm32f1xx_it.h_save
2026-01-04 16:16:18,865 [INFO] CodeEngine:289 - Generated code: D:\projects\stm32_cube_ide\bmp180\Core\Inc\stm32f1xx_it.h
2026-01-04 16:16:18,900 [INFO] CodeEngine:265 - oldGeneratedFile, D:\projects\stm32_cube_ide\bmp180\Core\Src\stm32f1xx_hal_msp.c_save
2026-01-04 16:16:19,032 [INFO] CodeEngine:289 - Generated code: D:\projects\stm32_cube_ide\bmp180\Core\Src\stm32f1xx_hal_msp.c
2026-01-04 16:16:19,036 [INFO] CodeEngine:265 - oldGeneratedFile, D:\projects\stm32_cube_ide\bmp180\MXTmpFiles\system.tmp_save
2026-01-04 16:16:19,102 [INFO] CodeEngine:289 - Generated code: D:\projects\stm32_cube_ide\bmp180\MXTmpFiles\system.tmp
2026-01-04 16:16:19,137 [INFO] CodeEngine:321 - oldGeneratedFile, D:\projects\stm32_cube_ide\bmp180\Core\Inc\stm32f1xx_hal_conf.h_save
2026-01-04 16:16:19,215 [INFO] CodeEngine:345 - Generated code: D:\projects\stm32_cube_ide\bmp180\Core\Inc\stm32f1xx_hal_conf.h
2026-01-04 16:16:19,234 [INFO] CodeEngine:265 - oldGeneratedFile, D:\projects\stm32_cube_ide\bmp180\Core\Inc\main.h_save
2026-01-04 16:16:19,342 [INFO] CodeEngine:289 - Generated code: D:\projects\stm32_cube_ide\bmp180\Core\Inc\main.h
2026-01-04 16:16:19,348 [INFO] CodeEngine:265 - oldGeneratedFile, D:\projects\stm32_cube_ide\bmp180\Core\Src\main.c_save
2026-01-04 16:16:19,438 [INFO] CodeEngine:289 - Generated code: D:\projects\stm32_cube_ide\bmp180\Core\Src\main.c
2026-01-04 16:16:19,724 [INFO] ProjectBuilder:3606 - Time for Copy HAL[1] : 139mS.
2026-01-04 16:16:19,727 [INFO] ProjectBuilder:5216 - Project Generator version: 4.7.0-B52
2026-01-04 16:16:19,819 [INFO] ConfigFileManager:1595 - The Die is : DIE410
2026-01-04 16:16:20,490 [INFO] ProjectBuilder:5496 - Time for Generating toolchain IDE Files: 763mS.
2026-01-04 16:16:20,491 [INFO] ProjectBuilder:3463 - Time for Copy CMSIS : 0mS.
2026-01-04 16:16:20,493 [INFO] ProjectBuilder:3463 - Time for Copy CMSIS : 0mS.
2026-01-04 20:47:20,614 [INFO] WebApp:194 - Connection lost
2026-01-04 20:47:21,856 [INFO] WebApp:191 - Connection restablished
2026-01-04 20:47:24,439 [INFO] WebApp:194 - Connection lost
2026-01-04 20:47:24,665 [INFO] WebApp:191 - Connection restablished
2026-01-04 21:05:01,139 [INFO] UtilMem:75 - End SaveConfig() Used Memory: 916862432 Bytes (1073741824)
2026-01-04 21:05:01,309 [INFO] BlockDiagram:2775 - set Specific Code input for plugin: NVIC
2026-01-04 21:05:01,309 [INFO] BlockDiagram:2775 - set Specific Code input for plugin: USART
2026-01-04 21:05:01,309 [INFO] BlockDiagram:2775 - set Specific Code input for plugin: SYS
2026-01-04 21:05:01,309 [INFO] BlockDiagram:2775 - set Specific Code input for plugin: GPIO
2026-01-04 21:05:01,309 [INFO] BlockDiagram:2775 - set Specific Code input for plugin: RCC
2026-01-04 21:05:01,309 [INFO] BlockDiagram:2775 - set Specific Code input for plugin: I2C
2026-01-04 21:05:01,310 [INFO] CodeGenerator:892 - code generatio: config db path: D:\installs\STM32CubeIDE_1.19.0\STM32CubeIDE\plugins\com.st.stm32cube.common.mx_6.15.0.202507011659\\db\
2026-01-04 21:05:01,313 [WARN] IP:2250 - I2C_Coeff_DF not found: check if there is a RefParameter without a condition.
2026-01-04 21:05:01,313 [WARN] IP:2250 - Analog_Filter not found: check if there is a RefParameter without a condition.
2026-01-04 21:05:01,432 [INFO] CodeEngine:265 - oldGeneratedFile, D:\projects\stm32_cube_ide\bmp180\MXTmpFiles\license.tmp_save
2026-01-04 21:05:01,518 [INFO] CodeEngine:289 - Generated code: D:\projects\stm32_cube_ide\bmp180\MXTmpFiles\license.tmp
2026-01-04 21:05:01,616 [INFO] CodeEngine:265 - oldGeneratedFile, D:\projects\stm32_cube_ide\bmp180\MXTmpFiles\gpio.tmp_save
2026-01-04 21:05:01,672 [INFO] CodeEngine:289 - Generated code: D:\projects\stm32_cube_ide\bmp180\MXTmpFiles\gpio.tmp
2026-01-04 21:05:01,812 [INFO] CodeEngine:265 - oldGeneratedFile, D:\projects\stm32_cube_ide\bmp180\Core\Src\stm32f1xx_it.c_save
2026-01-04 21:05:01,922 [INFO] CodeEngine:289 - Generated code: D:\projects\stm32_cube_ide\bmp180\Core\Src\stm32f1xx_it.c
2026-01-04 21:05:01,925 [INFO] CodeEngine:265 - oldGeneratedFile, D:\projects\stm32_cube_ide\bmp180\Core\Inc\stm32f1xx_it.h_save
2026-01-04 21:05:01,974 [INFO] CodeEngine:289 - Generated code: D:\projects\stm32_cube_ide\bmp180\Core\Inc\stm32f1xx_it.h
2026-01-04 21:05:01,988 [INFO] CodeEngine:265 - oldGeneratedFile, D:\projects\stm32_cube_ide\bmp180\Core\Src\stm32f1xx_hal_msp.c_save
2026-01-04 21:05:02,088 [INFO] CodeEngine:289 - Generated code: D:\projects\stm32_cube_ide\bmp180\Core\Src\stm32f1xx_hal_msp.c
2026-01-04 21:05:02,091 [INFO] CodeEngine:265 - oldGeneratedFile, D:\projects\stm32_cube_ide\bmp180\MXTmpFiles\system.tmp_save
2026-01-04 21:05:02,138 [INFO] CodeEngine:289 - Generated code: D:\projects\stm32_cube_ide\bmp180\MXTmpFiles\system.tmp
2026-01-04 21:05:02,147 [INFO] CodeEngine:321 - oldGeneratedFile, D:\projects\stm32_cube_ide\bmp180\Core\Inc\stm32f1xx_hal_conf.h_save
2026-01-04 21:05:02,199 [INFO] CodeEngine:345 - Generated code: D:\projects\stm32_cube_ide\bmp180\Core\Inc\stm32f1xx_hal_conf.h
2026-01-04 21:05:02,221 [INFO] CodeEngine:265 - oldGeneratedFile, D:\projects\stm32_cube_ide\bmp180\Core\Inc\main.h_save
2026-01-04 21:05:02,289 [INFO] CodeEngine:289 - Generated code: D:\projects\stm32_cube_ide\bmp180\Core\Inc\main.h
2026-01-04 21:05:02,293 [INFO] CodeEngine:265 - oldGeneratedFile, D:\projects\stm32_cube_ide\bmp180\Core\Src\main.c_save
2026-01-04 21:05:02,361 [INFO] CodeEngine:289 - Generated code: D:\projects\stm32_cube_ide\bmp180\Core\Src\main.c
2026-01-04 21:05:02,632 [INFO] ProjectBuilder:3606 - Time for Copy HAL[1] : 129mS.
2026-01-04 21:05:02,634 [INFO] ProjectBuilder:5216 - Project Generator version: 4.7.0-B52
2026-01-04 21:05:02,722 [INFO] ConfigFileManager:1595 - The Die is : DIE410
2026-01-04 21:05:03,330 [INFO] ProjectBuilder:5496 - Time for Generating toolchain IDE Files: 696mS.
2026-01-04 21:05:03,331 [INFO] ProjectBuilder:3463 - Time for Copy CMSIS : 0mS.
2026-01-04 21:05:03,333 [INFO] ProjectBuilder:3463 - Time for Copy CMSIS : 0mS.
2026-01-04 21:37:04,607 [INFO] MainUpdater:2872 - connection check result : 10
2026-01-04 21:37:05,013 [INFO] McuFinderGlobals:76 - Set McuFinderConnectedMode to true
2026-01-04 21:37:05,014 [INFO] MultiScanPanel:200 - Auto-refresh data requested => check proxy status ongoing
2026-01-04 21:37:05,015 [INFO] FinderPluginLoader:96 - Searching for filters in installed packs
2026-01-04 21:37:06,784 [INFO] LoadUrlFilesThread:185 - End of LoadServerUrlFiles without Thread
2026-01-04 21:37:06,784 [INFO] DetailPanel:341 - Set advertising image to C:/Users/22142/STM32Cube/Repository/\en.prom-st67w-expansion-board.png
2026-01-04 21:37:29,564 [INFO] MainUpdater:2872 - connection check result : 10
2026-01-04 21:37:29,564 [INFO] MainUpdater:2872 - connection check result : 10
2026-01-04 21:37:29,629 [INFO] MicroXplorer:468 - Change Database Path : 
2026-01-04 21:37:29,630 [INFO] MicroXplorer:498 - Change Database Version : DB.6.0.150
2026-01-04 21:37:29,668 [ERROR] ProjectManagerView:395 - 
java.lang.NullPointerException: Cannot invoke "javax.swing.JTextField.getText()" because the return value of "java.util.List.get(int)" is null
	at com.st.microxplorer.plugins.projectmanager.gui.ProjectChoiceTab$9.caretUpdate(ProjectChoiceTab.java:2706) ~[filemanager.jar:?]
	at javax.swing.text.JTextComponent.fireCaretUpdate(JTextComponent.java:408) ~[?:?]
	at javax.swing.text.JTextComponent$MutableCaretEvent.fire(JTextComponent.java:4484) ~[?:?]
	at javax.swing.text.JTextComponent$MutableCaretEvent.stateChanged(JTextComponent.java:4506) ~[?:?]
	at javax.swing.text.DefaultCaret.fireStateChanged(DefaultCaret.java:857) ~[?:?]
	at javax.swing.text.DefaultCaret.changeCaretPosition(DefaultCaret.java:1343) ~[?:?]
	at javax.swing.text.DefaultCaret.handleSetDot(DefaultCaret.java:1242) ~[?:?]
	at javax.swing.text.DefaultCaret.setDot(DefaultCaret.java:1223) ~[?:?]
	at javax.swing.text.DefaultCaret$Handler.insertUpdate(DefaultCaret.java:1819) ~[?:?]
	at javax.swing.text.AbstractDocument.fireInsertUpdate(AbstractDocument.java:227) ~[?:?]
	at javax.swing.text.AbstractDocument.handleInsertString(AbstractDocument.java:781) ~[?:?]
	at javax.swing.text.AbstractDocument.insertString(AbstractDocument.java:740) ~[?:?]
	at javax.swing.text.PlainDocument.insertString(PlainDocument.java:131) ~[?:?]
	at javax.swing.text.AbstractDocument.replace(AbstractDocument.java:699) ~[?:?]
	at javax.swing.text.JTextComponent.setText(JTextComponent.java:1725) ~[?:?]
	at com.st.microxplorer.plugins.projectmanager.gui.ProjectChoiceTab.createHeapStackFields(ProjectChoiceTab.java:993) ~[filemanager.jar:?]
	at com.st.microxplorer.plugins.projectmanager.gui.ProjectChoiceTab.buildLinkSettingsPanel(ProjectChoiceTab.java:3813) ~[filemanager.jar:?]
	at com.st.microxplorer.plugins.projectmanager.gui.ProjectChoiceTab.defineWindowsFields(ProjectChoiceTab.java:1987) ~[filemanager.jar:?]
	at com.st.microxplorer.plugins.projectmanager.gui.ProjectChoiceTab.updateSettings(ProjectChoiceTab.java:558) ~[filemanager.jar:?]
	at com.st.microxplorer.plugins.projectmanager.gui.ProjectSettingsPanel.UpdateDialog(ProjectSettingsPanel.java:247) ~[filemanager.jar:?]
	at com.st.microxplorer.plugins.projectmanager.ProjectManagerView.propertyChange(ProjectManagerView.java:392) ~[filemanager.jar:?]
	at java.beans.PropertyChangeSupport.fire(PropertyChangeSupport.java:343) ~[?:?]
	at java.beans.PropertyChangeSupport.firePropertyChange(PropertyChangeSupport.java:335) ~[?:?]
	at java.beans.PropertyChangeSupport.firePropertyChange(PropertyChangeSupport.java:268) ~[?:?]
	at com.st.microxplorer.util.MXPropertyChangeSupport.firePropertyChange(MXPropertyChangeSupport.java:54) ~[STM32CubeMX.jar:?]
	at com.st.microxplorer.mxsystem.MxSystem.closeConfig(MxSystem.java:899) ~[STM32CubeMX.jar:?]
	at com.st.microxplorer.maingui.MainPanel.closeConfig(MainPanel.java:792) ~[STM32CubeMX.jar:?]
	at com.st.microxplorer.plugins.filemanager.engine.OpenFileManager.loadConfigurationFile(OpenFileManager.java:288) ~[filemanager.jar:?]
	at com.st.microxplorer.plugins.filemanager.engine.MainFileManager.userLoadConfig(MainFileManager.java:364) ~[filemanager.jar:?]
	at com.st.microxplorer.plugins.filemanager.engine.MainFileManager.userLoadConfig(MainFileManager.java:342) ~[filemanager.jar:?]
	at com.st.microxplorer.plugins.filemanager.FileManagerView.getSpecificTask(FileManagerView.java:264) ~[filemanager.jar:?]
	at com.st.stm32cube.common.mx.editor.CubeMxEditor.getMxTabbedPaneInstance(CubeMxEditor.java:1198) ~[com.st.stm32cube.common.mx_6.15.0.202507011659/:?]
	at com.st.stm32cube.common.mx.editor.CubeMxEditor$12$1.createSwingComponent(CubeMxEditor.java:1068) ~[com.st.stm32cube.common.mx_6.15.0.202507011659/:?]
	at com.st.stm32cube.common.mx.oss.core.awtswtbridge.EmbeddedSwingComposite.doComponentCreation(EmbeddedSwingComposite.java:492) ~[com.st.stm32cube.common.mx.oss_6.15.0.202507011659/:?]
	at com.st.stm32cube.common.mx.oss.core.awtswtbridge.EmbeddedSwingComposite$4.run(EmbeddedSwingComposite.java:291) ~[com.st.stm32cube.common.mx.oss_6.15.0.202507011659/:?]
	at com.st.stm32cube.common.mx.oss.core.awtswtbridge.AwtEnvironment$2.run(AwtEnvironment.java:166) ~[com.st.stm32cube.common.mx.oss_6.15.0.202507011659/:?]
	at java.awt.event.InvocationEvent.dispatch(InvocationEvent.java:318) ~[?:?]
	at java.awt.EventQueue.dispatchEventImpl(EventQueue.java:773) ~[?:?]
	at java.awt.EventQueue$4.run(EventQueue.java:720) ~[?:?]
	at java.awt.EventQueue$4.run(EventQueue.java:714) ~[?:?]
	at java.security.AccessController.doPrivileged(AccessController.java:400) ~[?:?]
	at java.security.ProtectionDomain$JavaSecurityAccessImpl.doIntersectionPrivilege(ProtectionDomain.java:87) ~[?:?]
	at java.awt.EventQueue.dispatchEvent(EventQueue.java:742) ~[?:?]
	at java.awt.EventDispatchThread.pumpOneEventForFilters(EventDispatchThread.java:203) ~[?:?]
	at java.awt.EventDispatchThread.pumpEventsForFilter(EventDispatchThread.java:124) ~[?:?]
	at java.awt.EventDispatchThread.pumpEventsForHierarchy(EventDispatchThread.java:113) ~[?:?]
	at java.awt.EventDispatchThread.pumpEvents(EventDispatchThread.java:109) ~[?:?]
	at java.awt.EventDispatchThread.pumpEvents(EventDispatchThread.java:101) ~[?:?]
	at java.awt.EventDispatchThread.run(EventDispatchThread.java:90) ~[?:?]
2026-01-04 21:37:29,677 [WARN] ThirdParty:871 - waiting for thirdparty lock release [close project]
2026-01-04 21:37:29,678 [INFO] ThirdParty:873 - entering critical section [close project]
2026-01-04 21:37:29,678 [INFO] ThirdParty:883 - exiting critical section [close project]
2026-01-04 21:37:29,678 [INFO] PinOutPanel:1589 - setPackage(No Configuration,No Configuration)
2026-01-04 21:37:29,682 [INFO] UtilMem:75 - Begin LoadConfig() Used Memory: 770171328 Bytes (1073741824)
2026-01-04 21:37:29,682 [INFO] MicroXplorer:468 - Change Database Path : 
2026-01-04 21:37:29,683 [INFO] MicroXplorer:498 - Change Database Version : DB.6.0.150
2026-01-04 21:37:29,683 [INFO] OpenFileManager:355 - Change cursor
2026-01-04 21:37:29,730 [INFO] RulesReader:64 - Compatibility file has been processed (317 Rules)
2026-01-04 21:37:29,756 [INFO] Mcu:2029 - Initializing MCU STM32F103C8Tx STM32F103C8Tx STM32F103C8T6
2026-01-04 21:37:30,516 [INFO] Context:786 - Trying to add GPIOservice into a context  which must be forbidden
2026-01-04 21:37:30,715 [INFO] ImportTextPane:234 - (OptionalMessage_ERROR) Unable to find key (Mcu.ThirdPartyNb) in loaded IOC file
2026-01-04 21:37:30,715 [INFO] ImportTextPane:234 - (OptionalMessage_ERROR) Unable to find key (Mcu.PinsNb) in loaded IOC file
2026-01-04 21:37:30,717 [INFO] ImportTextPane:234 - (OptionalMessage_ERROR) Pin0 (VP_RIF_VS_RIF1) cannot be retrieved for this MCU
2026-01-04 21:37:30,717 [INFO] ImportTextPane:234 - (OptionalMessage_ERROR) Unable to find key (Mcu.IPNb) in loaded IOC file
2026-01-04 21:37:30,745 [INFO] RtosManager:558 - Registered RTOS mode: class=CMSIS, group=RTOS, mode=CMSIS_V1, owner=FREERTOS
2026-01-04 21:37:30,745 [INFO] RtosManager:558 - Registered RTOS mode: class=CMSIS, group=RTOS2, mode=CMSIS_V2, owner=FREERTOS
2026-01-04 21:37:30,745 [INFO] RtosManager:558 - Registered RTOS mode: class=RTOS, group=Core, mode=CMSIS_V1, owner=FREERTOS
2026-01-04 21:37:30,745 [INFO] RtosManager:558 - Registered RTOS mode: class=RTOS, group=Core, mode=CMSIS_V2, owner=FREERTOS
2026-01-04 21:37:30,745 [WARN] ModelIntegratedComponent:184 - Missing modes for component STMicroelectronics:FreeRTOS:0.0.1:STMicroelectronics:RTOS:FreeRTOS:Core:::10.2.0:
2026-01-04 21:37:30,751 [WARN] ModelIntegratedComponent:63 - No mode defined for component null
2026-01-04 21:37:30,751 [WARN] ModelIntegratedComponent:63 - No mode defined for component null
2026-01-04 21:37:30,751 [WARN] ModelIntegratedComponent:63 - No mode defined for component null
2026-01-04 21:37:30,751 [WARN] ModelIntegratedComponent:63 - No mode defined for component null
2026-01-04 21:37:30,751 [WARN] ModelIntegratedComponent:63 - No mode defined for component null
2026-01-04 21:37:30,751 [WARN] ModelIntegratedComponent:63 - No mode defined for component null
2026-01-04 21:37:30,751 [WARN] ModelIntegratedComponent:63 - No mode defined for component null
2026-01-04 21:37:30,751 [WARN] ModelIntegratedComponent:63 - No mode defined for component null
2026-01-04 21:37:30,751 [WARN] ModelIntegratedComponent:63 - No mode defined for component null
2026-01-04 21:37:30,751 [WARN] ModelIntegratedComponent:63 - No mode defined for component null
2026-01-04 21:37:30,751 [WARN] ModelIntegratedComponent:63 - No mode defined for component null
2026-01-04 21:37:30,751 [WARN] ModelIntegratedComponent:63 - No mode defined for component null
2026-01-04 21:37:30,751 [WARN] ModelIntegratedComponent:63 - No mode defined for component null
2026-01-04 21:37:30,751 [WARN] ModelIntegratedComponent:63 - No mode defined for component null
2026-01-04 21:37:30,751 [WARN] ModelIntegratedComponent:63 - No mode defined for component null
2026-01-04 21:37:30,751 [WARN] ModelIntegratedComponent:63 - No mode defined for component null
2026-01-04 21:37:30,751 [WARN] ModelIntegratedComponent:63 - No mode defined for component null
2026-01-04 21:37:30,751 [WARN] ModelIntegratedComponent:63 - No mode defined for component null
2026-01-04 21:37:30,752 [WARN] ModelIntegratedComponent:63 - No mode defined for component null
2026-01-04 21:37:30,752 [WARN] ModelIntegratedComponent:63 - No mode defined for component null
2026-01-04 21:37:30,752 [WARN] ModelIntegratedComponent:63 - No mode defined for component null
2026-01-04 21:37:30,752 [WARN] ModelIntegratedComponent:63 - No mode defined for component null
2026-01-04 21:37:30,752 [WARN] ModelIntegratedComponent:63 - No mode defined for component null
2026-01-04 21:37:30,752 [WARN] ModelIntegratedComponent:63 - No mode defined for component null
2026-01-04 21:37:30,752 [WARN] ModelIntegratedComponent:63 - No mode defined for component null
2026-01-04 21:37:30,752 [WARN] ModelIntegratedComponent:63 - No mode defined for component null
2026-01-04 21:37:30,752 [WARN] ModelIntegratedComponent:63 - No mode defined for component null
2026-01-04 21:37:30,752 [WARN] ModelIntegratedComponent:63 - No mode defined for component null
2026-01-04 21:37:30,752 [WARN] ModelIntegratedComponent:63 - No mode defined for component null
2026-01-04 21:37:30,752 [WARN] ModelIntegratedComponent:63 - No mode defined for component null
2026-01-04 21:37:30,752 [WARN] ModelIntegratedComponent:63 - No mode defined for component null
2026-01-04 21:37:30,752 [WARN] ModelIntegratedComponent:63 - No mode defined for component null
2026-01-04 21:37:30,753 [WARN] ModelIntegratedComponent:63 - No mode defined for component null
2026-01-04 21:37:30,753 [WARN] ModelIntegratedComponent:63 - No mode defined for component null
2026-01-04 21:37:30,753 [WARN] ModelIntegratedComponent:63 - No mode defined for component null
2026-01-04 21:37:30,753 [WARN] ModelPack:524 - Component already loaded: STMicroelectronics:HAL Drivers:0.0.0:STMicroelectronics:Device:STMicro_Driver:XSPI:HAL::0.0.1:HAL_XSPI
2026-01-04 21:37:30,868 [INFO] ThirdPartyModel:298 - Start build external matchings
2026-01-04 21:37:31,939 [INFO] ThirdPartyModel:316 - End build external matchings
2026-01-04 21:37:32,107 [INFO] UtilMem:75 - End LoadConfig() Used Memory: 989376552 Bytes (1073741824)
2026-01-04 21:37:32,133 [WARN] ThirdParty:833 - waiting for thirdparty lock release [change project]
2026-01-04 21:37:32,168 [INFO] ThirdParty:835 - entering critical section [change project]
2026-01-04 21:37:32,168 [INFO] ThirdParty:1030 - CMSIS Pack Vendor :STMicroelectronics X-CUBE-PM33A1 1.0.0
2026-01-04 21:37:32,168 [INFO] ThirdParty:1030 - CMSIS Pack Vendor :STMicroelectronics USBPD 4.1
2026-01-04 21:37:32,168 [INFO] ThirdParty:1030 - CMSIS Pack Vendor :STMicroelectronics USB_HOST 2.0.0
2026-01-04 21:37:32,168 [INFO] ThirdParty:1030 - CMSIS Pack Vendor :STMicroelectronics FP-SNS-MOTENVWB1 1.4.0
2026-01-04 21:37:32,168 [INFO] ThirdParty:1030 - CMSIS Pack Vendor :STMicroelectronics X-CUBE-AZRTOS-F4 1.1.0
2026-01-04 21:37:32,168 [INFO] ThirdParty:1030 - CMSIS Pack Vendor :STMicroelectronics LIBJPEG 8.0.0
2026-01-04 21:37:32,168 [INFO] ThirdParty:1030 - CMSIS Pack Vendor :STMicroelectronics FP-ATR-ASTRA1 2.0.2
2026-01-04 21:37:32,168 [INFO] ThirdParty:1030 - CMSIS Pack Vendor :STMicroelectronics X-CUBE-SMBUS 2.1.0
2026-01-04 21:37:32,168 [INFO] ThirdParty:1030 - CMSIS Pack Vendor :STMicroelectronics X-CUBE-WB05N 1.1.0
2026-01-04 21:37:32,168 [INFO] ThirdParty:1030 - CMSIS Pack Vendor :STMicroelectronics X-CUBE-ISPU 2.1.0
2026-01-04 21:37:32,168 [INFO] ThirdParty:1030 - CMSIS Pack Vendor :STMicroelectronics X-CUBE-IPS 3.2.0
2026-01-04 21:37:32,168 [INFO] ThirdParty:1030 - CMSIS Pack Vendor :STMicroelectronics X-CUBE-NFC12 1.0.0
2026-01-04 21:37:32,168 [INFO] ThirdParty:1030 - CMSIS Pack Vendor :STMicroelectronics X-CUBE-AZRTOS-F7 1.1.0
2026-01-04 21:37:32,168 [INFO] ThirdParty:1030 - CMSIS Pack Vendor :STMicroelectronics X-CUBE-AZRTOS-L5 2.0.0
2026-01-04 21:37:32,168 [INFO] ThirdParty:1030 - CMSIS Pack Vendor :STMicroelectronics USB_DEVICE 2.0.0
2026-01-04 21:37:32,168 [INFO] ThirdParty:1030 - CMSIS Pack Vendor :STMicroelectronics X-CUBE-NFC6 3.1.0
2026-01-04 21:37:32,168 [INFO] ThirdParty:1030 - CMSIS Pack Vendor :STMicroelectronics FP-SNS-MOTENV1 5.1.0
2026-01-04 21:37:32,168 [INFO] ThirdParty:1030 - CMSIS Pack Vendor :STMicroelectronics FreeRTOS 0.0.1
2026-01-04 21:37:32,168 [INFO] ThirdParty:1030 - CMSIS Pack Vendor :STMicroelectronics X-CUBE-DPower 1.2.0
2026-01-04 21:37:32,168 [INFO] ThirdParty:1030 - CMSIS Pack Vendor :Infineon AIROC-Wi-Fi-Bluetooth-STM32 1.7.0
2026-01-04 21:37:32,168 [INFO] ThirdParty:1030 - CMSIS Pack Vendor :STMicroelectronics PDM2PCM 3.3.0
2026-01-04 21:37:32,168 [INFO] ThirdParty:1030 - CMSIS Pack Vendor :STMicroelectronics X-CUBE-AZRTOS-H7 3.4.0
2026-01-04 21:37:32,169 [INFO] ThirdParty:1030 - CMSIS Pack Vendor :STMicroelectronics X-CUBE-DISPLAY 3.0.0
2026-01-04 21:37:32,169 [INFO] ThirdParty:1030 - CMSIS Pack Vendor :STMicroelectronics X-CUBE-NFC10 1.0.0
2026-01-04 21:37:32,169 [INFO] ThirdParty:1030 - CMSIS Pack Vendor :STMicroelectronics X-CUBE-BLEMGR 4.0.0
2026-01-04 21:37:32,169 [INFO] ThirdParty:1030 - CMSIS Pack Vendor :STMicroelectronics HAL Drivers 0.0.0
2026-01-04 21:37:32,169 [INFO] ThirdParty:1030 - CMSIS Pack Vendor :STMicroelectronics X-CUBE-ST60 1.1.0
2026-01-04 21:37:32,169 [INFO] ThirdParty:1030 - CMSIS Pack Vendor :emotas I-CUBE-CANOPEN 1.3.0
2026-01-04 21:37:32,169 [INFO] ThirdParty:1030 - CMSIS Pack Vendor :STMicroelectronics X-CUBE-FREERTOS 1.3.0
2026-01-04 21:37:32,169 [INFO] ThirdParty:1030 - CMSIS Pack Vendor :STMicroelectronics X-CUBE-NFC7 1.0.1
2026-01-04 21:37:32,169 [INFO] ThirdParty:1030 - CMSIS Pack Vendor :STMicroelectronics MBEDTLS 2.14.1
2026-01-04 21:37:32,169 [INFO] ThirdParty:1030 - CMSIS Pack Vendor :STMicroelectronics X-CUBE-GNSS1 7.1.0
2026-01-04 21:37:32,169 [INFO] ThirdParty:1030 - CMSIS Pack Vendor :STMicroelectronics X-CUBE-TOUCHGFX 4.26.0
2026-01-04 21:37:32,169 [INFO] ThirdParty:1030 - CMSIS Pack Vendor :quantropi X-CUBE-qispace-sdk-base 2.0.0
2026-01-04 21:37:32,169 [INFO] ThirdParty:1030 - CMSIS Pack Vendor :STMicroelectronics X-CUBE-AI 10.0.0
2026-01-04 21:37:32,169 [INFO] ThirdParty:1030 - CMSIS Pack Vendor :STMicroelectronics FP-SNS-STBOX1 2.1.0
2026-01-04 21:37:32,169 [INFO] ThirdParty:1030 - CMSIS Pack Vendor :STMicroelectronics FP-SNS-STAIOTCFT 1.0.0
2026-01-04 21:37:32,169 [INFO] ThirdParty:1030 - CMSIS Pack Vendor :STMicroelectronics FP-SNS-SMARTAG2 1.2.0
2026-01-04 21:37:32,169 [INFO] ThirdParty:1030 - CMSIS Pack Vendor :STMicroelectronics FP-SNS-FLIGHT1 5.1.0
2026-01-04 21:37:32,169 [INFO] ThirdParty:1030 - CMSIS Pack Vendor :STMicroelectronics X-CUBE-MEMS1 11.1.0
2026-01-04 21:37:32,169 [INFO] ThirdParty:1030 - CMSIS Pack Vendor :STMicroelectronics X-CUBE-AZRTOS-WL 2.0.0
2026-01-04 21:37:32,169 [INFO] ThirdParty:1030 - CMSIS Pack Vendor :STMicroelectronics X-CUBE-DPower 1.3.0
2026-01-04 21:37:32,169 [INFO] ThirdParty:1030 - CMSIS Pack Vendor :STMicroelectronics FP-SNS-MOTENV1 5.0.0
2026-01-04 21:37:32,169 [INFO] ThirdParty:1030 - CMSIS Pack Vendor :STMicroelectronics USB_DEVICE 1.0.0
2026-01-04 21:37:32,169 [INFO] ThirdParty:1030 - CMSIS Pack Vendor :STMicroelectronics X-CUBE-AZRTOS-H7RS 1.2.0
2026-01-04 21:37:32,169 [INFO] ThirdParty:1030 - CMSIS Pack Vendor :STMicroelectronics X-CUBE-AZRTOS-L4 2.0.0
2026-01-04 21:37:32,169 [INFO] ThirdParty:1030 - CMSIS Pack Vendor :STMicroelectronics ThreadX 0.0.2
2026-01-04 21:37:32,169 [INFO] ThirdParty:1030 - CMSIS Pack Vendor :WES I-CUBE-Cesium 1.3.0
2026-01-04 21:37:32,169 [INFO] ThirdParty:1030 - CMSIS Pack Vendor :STMicroelectronics lwIP 2.1.2
2026-01-04 21:37:32,169 [INFO] ThirdParty:1030 - CMSIS Pack Vendor :STMicroelectronics X-CUBE-SFXS2LP1 4.0.0
2026-01-04 21:37:32,169 [INFO] ThirdParty:1030 - CMSIS Pack Vendor :STMicroelectronics X-CUBE-BLE2 3.3.0
2026-01-04 21:37:32,169 [INFO] ThirdParty:1030 - CMSIS Pack Vendor :Avnet-IOTCONNECT X-CUBE-iotc-st67-sdk 1.0.0
2026-01-04 21:37:32,169 [INFO] ThirdParty:1030 - CMSIS Pack Vendor :STMicroelectronics PDM2PCM 3.2.0
2026-01-04 21:37:32,169 [INFO] ThirdParty:1030 - CMSIS Pack Vendor :STMicroelectronics X-CUBE-AZRTOS-H7 3.3.0
2026-01-04 21:37:32,169 [INFO] ThirdParty:1030 - CMSIS Pack Vendor :STMicroelectronics X-CUBE-NFC9 1.0.0
2026-01-04 21:37:32,169 [INFO] ThirdParty:1030 - CMSIS Pack Vendor :STMicroelectronics X-CUBE-BLE1 7.1.0
2026-01-04 21:37:32,169 [INFO] ThirdParty:1030 - CMSIS Pack Vendor :wolfSSL I-CUBE-wolfMQTT 1.19.2
2026-01-04 21:37:32,169 [INFO] ThirdParty:1030 - CMSIS Pack Vendor :STMicroelectronics USB_DEVICE 3.0.0
2026-01-04 21:37:32,170 [INFO] ThirdParty:1030 - CMSIS Pack Vendor :STMicroelectronics X-CUBE-FREERTOS 1.4.0
2026-01-04 21:37:32,170 [INFO] ThirdParty:1030 - CMSIS Pack Vendor :STMicroelectronics X-CUBE-EEPRMA1 5.2.0
2026-01-04 21:37:32,170 [INFO] ThirdParty:1030 - CMSIS Pack Vendor :STMicroelectronics X-CUBE-BLEMGR 4.1.0
2026-01-04 21:37:32,170 [INFO] ThirdParty:1030 - CMSIS Pack Vendor :STMicroelectronics X-CUBE-AZRTOS-WB 2.0.0
2026-01-04 21:37:32,170 [INFO] ThirdParty:1030 - CMSIS Pack Vendor :STMicroelectronics X-CUBE-GNSS1 7.0.1
2026-01-04 21:37:32,170 [INFO] ThirdParty:1030 - CMSIS Pack Vendor :STMicroelectronics X-CUBE-TOUCHGFX 4.25.0
2026-01-04 21:37:32,170 [INFO] ThirdParty:1030 - CMSIS Pack Vendor :STMicroelectronics X-CUBE-ST67W61 1.1.0
2026-01-04 21:37:32,170 [INFO] ThirdParty:1030 - CMSIS Pack Vendor :STMicroelectronics FP-SNS-STBOX1 2.0.0
2026-01-04 21:37:32,170 [INFO] ThirdParty:1030 - CMSIS Pack Vendor :STMicroelectronics X-CUBE-MEMS1 12.0.0
2026-01-04 21:37:32,170 [INFO] ThirdParty:1030 - CMSIS Pack Vendor :STMicroelectronics X-CUBE-AZRTOS-G0 1.1.0
2026-01-04 21:37:32,170 [INFO] ThirdParty:1030 - CMSIS Pack Vendor :STMicroelectronics X-CUBE-SAFEA1 1.2.2
2026-01-04 21:37:32,170 [INFO] ThirdParty:1030 - CMSIS Pack Vendor :STMicroelectronics X-CUBE-NFC4 3.0.0
2026-01-04 21:37:32,170 [INFO] ThirdParty:1030 - CMSIS Pack Vendor :STMicroelectronics X-CUBE-SUBG2 5.0.0
2026-01-04 21:37:32,170 [INFO] ThirdParty:1030 - CMSIS Pack Vendor :STMicroelectronics X-CUBE-AZRTOS-H7RS 1.1.0
2026-01-04 21:37:32,170 [INFO] ThirdParty:1030 - CMSIS Pack Vendor :STMicroelectronics STM32_WPAN 1.0.0
2026-01-04 21:37:32,170 [INFO] ThirdParty:1030 - CMSIS Pack Vendor :EmbeddedOffice I-CUBE-FS-RTOS 1.0.1
2026-01-04 21:37:32,170 [INFO] ThirdParty:1030 - CMSIS Pack Vendor :STMicroelectronics lwIP 2.0.3
2026-01-04 21:37:32,170 [INFO] ThirdParty:1030 - CMSIS Pack Vendor :Cesanta I-CUBE-Mongoose 7.13.0
2026-01-04 21:37:32,170 [INFO] ThirdParty:1030 - CMSIS Pack Vendor :STMicroelectronics USB_HOST 1.0.0
2026-01-04 21:37:32,170 [INFO] ThirdParty:1030 - CMSIS Pack Vendor :STMicroelectronics X-CUBE-AZRTOS-G4 2.0.0
2026-01-04 21:37:32,170 [INFO] ThirdParty:1030 - CMSIS Pack Vendor :STMicroelectronics X-CUBE-WB05N 2.0.0
2026-01-04 21:37:32,170 [INFO] ThirdParty:1030 - CMSIS Pack Vendor :STMicroelectronics PDM2PCM 3.1.0
2026-01-04 21:37:32,170 [INFO] ThirdParty:1030 - CMSIS Pack Vendor :wolfSSL I-CUBE-wolfTPM 3.8.0
2026-01-04 21:37:32,170 [INFO] ThirdParty:1030 - CMSIS Pack Vendor :wolfSSL I-CUBE-wolfSSH 1.4.20
2026-01-04 21:37:32,170 [INFO] ThirdParty:1030 - CMSIS Pack Vendor :STMicroelectronics X-CUBE-NFC7 2.0.0
2026-01-04 21:37:32,170 [INFO] ThirdParty:1030 - CMSIS Pack Vendor :STMicroelectronics X-CUBE-TCPP 4.2.0
2026-01-04 21:37:32,170 [INFO] ThirdParty:1030 - CMSIS Pack Vendor :RealThread X-CUBE-RT-Thread_Nano 4.1.1
2026-01-04 21:37:32,170 [INFO] ThirdParty:1030 - CMSIS Pack Vendor :STMicroelectronics FP-ATR-SIGFOX1 3.2.0
2026-01-04 21:37:32,170 [INFO] ThirdParty:1030 - CMSIS Pack Vendor :STMicroelectronics X-CUBE-EEPRMA1 5.1.0
2026-01-04 21:37:32,170 [INFO] ThirdParty:1030 - CMSIS Pack Vendor :STMicroelectronics MBEDTLS 2.16.2
2026-01-04 21:37:32,170 [INFO] ThirdParty:1030 - CMSIS Pack Vendor :STMicroelectronics X-CUBE-IPS 3.1.0
2026-01-04 21:37:32,170 [INFO] ThirdParty:1030 - CMSIS Pack Vendor :STMicroelectronics X-CUBE-ALS 1.0.2
2026-01-04 21:37:32,170 [INFO] ThirdParty:1030 - CMSIS Pack Vendor :wolfSSL I-CUBE-wolfSSL 5.7.6
2026-01-04 21:37:32,170 [INFO] ThirdParty:1030 - CMSIS Pack Vendor :ITTIA_DB I-CUBE-ITTIADB 8.9.0
2026-01-04 21:37:32,170 [INFO] ThirdParty:1030 - CMSIS Pack Vendor :STMicroelectronics X-CUBE-STSE01 1.0.0
2026-01-04 21:37:32,170 [INFO] ThirdParty:1030 - CMSIS Pack Vendor :portGmbH I-Cube-SoM-uGOAL 1.1.0
2026-01-04 21:37:32,170 [INFO] ThirdParty:1030 - CMSIS Pack Vendor :STMicroelectronics X-CUBE-AI 10.2.0
2026-01-04 21:37:32,170 [INFO] ThirdParty:1030 - CMSIS Pack Vendor :STMicroelectronics ThreadX 1.0.0
2026-01-04 21:37:32,170 [INFO] ThirdParty:1030 - CMSIS Pack Vendor :SEGGER I-CUBE-embOS 1.3.1
2026-01-04 21:37:32,170 [INFO] ThirdParty:1030 - CMSIS Pack Vendor :STMicroelectronics X-CUBE-ALGOBUILD 1.4.0
2026-01-04 21:37:32,170 [INFO] ThirdParty:1030 - CMSIS Pack Vendor :STMicroelectronics X-CUBE-TOF1 3.4.2
2026-01-04 21:37:32,170 [INFO] ThirdParty:1030 - CMSIS Pack Vendor :STMicroelectronics X-CUBE-TOF1 3.4.3
2026-01-04 21:37:32,170 [INFO] ThirdParty:841 - exiting critical section [change project]
2026-01-04 21:37:32,297 [INFO] PinOutPanel:1589 - setPackage(No Configuration,No Configuration)
2026-01-04 21:37:32,298 [INFO] PinOutPanel:1589 - setPackage(STM32F103C8Tx,LQFP48)
2026-01-04 21:37:32,686 [INFO] UtilMem:75 - Before build in PCC Used Memory: 755978272 Bytes (1073741824)
2026-01-04 21:37:32,946 [INFO] UtilMem:75 - After build in PCC Used Memory: 799278200 Bytes (1073741824)
2026-01-04 21:37:32,959 [INFO] IPUIPlugin:80 - create IPUIPlugin
2026-01-04 21:37:32,960 [INFO] IPUIPlugin:80 - create IPUIPlugin
2026-01-04 21:37:32,960 [INFO] IPUIPlugin:80 - create IPUIPlugin
2026-01-04 21:37:32,960 [INFO] IPUIPlugin:80 - create IPUIPlugin
2026-01-04 21:37:32,960 [INFO] IPUIPlugin:80 - create IPUIPlugin
2026-01-04 21:37:32,960 [INFO] IPUIPlugin:80 - create IPUIPlugin
2026-01-04 21:37:32,960 [INFO] IPUIPlugin:80 - create IPUIPlugin
2026-01-04 21:37:32,960 [INFO] IPUIPlugin:80 - create IPUIPlugin
2026-01-04 21:37:32,960 [INFO] IPUIPlugin:80 - create IPUIPlugin
2026-01-04 21:37:32,960 [INFO] IPUIPlugin:80 - create IPUIPlugin
2026-01-04 21:37:32,961 [INFO] IPUIPlugin:80 - create IPUIPlugin
2026-01-04 21:37:32,961 [INFO] IPUIPlugin:80 - create IPUIPlugin
2026-01-04 21:37:32,961 [INFO] IPUIPlugin:80 - create IPUIPlugin
2026-01-04 21:37:32,961 [INFO] IPUIPlugin:80 - create IPUIPlugin
2026-01-04 21:37:32,961 [INFO] IPUIPlugin:80 - create IPUIPlugin
2026-01-04 21:37:32,961 [INFO] IPUIPlugin:80 - create IPUIPlugin
2026-01-04 21:37:32,961 [INFO] IPUIPlugin:80 - create IPUIPlugin
2026-01-04 21:37:32,961 [INFO] IPUIPlugin:80 - create IPUIPlugin
2026-01-04 21:37:32,962 [INFO] IPUIPlugin:80 - create IPUIPlugin
2026-01-04 21:37:32,962 [INFO] IPUIPlugin:80 - create IPUIPlugin
2026-01-04 21:37:32,962 [INFO] IPUIPlugin:80 - create IPUIPlugin
2026-01-04 21:37:32,962 [INFO] IPUIPlugin:80 - create IPUIPlugin
2026-01-04 21:37:32,962 [INFO] IPUIPlugin:80 - create IPUIPlugin
2026-01-04 21:37:32,962 [INFO] IPUIPlugin:80 - create IPUIPlugin
2026-01-04 21:37:32,963 [INFO] IPUIPlugin:80 - create IPUIPlugin
2026-01-04 21:37:32,963 [INFO] IPUIPlugin:80 - create IPUIPlugin
2026-01-04 21:37:32,963 [INFO] IPUIPlugin:80 - create IPUIPlugin
2026-01-04 21:37:32,990 [INFO] CADModel:165 - CPN selected for project levelSTM32F103C8T6
2026-01-04 21:37:32,990 [INFO] CADModel:114 - Register for checkConnection events
2026-01-04 21:37:33,039 [INFO] OpenFileManager:386 - Restore cursor
2026-01-04 21:37:33,307 [INFO] UtilMem:75 - End SaveConfig() Used Memory: 853804152 Bytes (1073741824)
2026-01-04 21:37:33,346 [INFO] UtilMem:75 - End SaveConfig() Used Memory: 866387064 Bytes (1073741824)
2026-01-04 21:37:33,430 [INFO] BlockDiagram:2775 - set Specific Code input for plugin: NVIC
2026-01-04 21:37:33,430 [INFO] BlockDiagram:2775 - set Specific Code input for plugin: RCC
2026-01-04 21:37:33,431 [INFO] CodeGenerator:892 - code generatio: config db path: D:\installs\STM32CubeIDE_1.19.0\STM32CubeIDE\plugins\com.st.stm32cube.common.mx_6.15.0.202507011659\\db\
2026-01-04 21:37:33,526 [INFO] CodeEngine:265 - oldGeneratedFile, D:\projects\stm32_cube_ide\MPU6050\MXTmpFiles\license.tmp_save
2026-01-04 21:37:33,757 [INFO] CodeEngine:289 - Generated code: D:\projects\stm32_cube_ide\MPU6050\MXTmpFiles\license.tmp
2026-01-04 21:37:33,782 [INFO] CodeEngine:265 - oldGeneratedFile, D:\projects\stm32_cube_ide\MPU6050\Core\Src\stm32f1xx_it.c_save
2026-01-04 21:37:34,018 [INFO] CodeEngine:289 - Generated code: D:\projects\stm32_cube_ide\MPU6050\Core\Src\stm32f1xx_it.c
2026-01-04 21:37:34,024 [INFO] CodeEngine:265 - oldGeneratedFile, D:\projects\stm32_cube_ide\MPU6050\Core\Inc\stm32f1xx_it.h_save
2026-01-04 21:37:34,094 [INFO] CodeEngine:289 - Generated code: D:\projects\stm32_cube_ide\MPU6050\Core\Inc\stm32f1xx_it.h
2026-01-04 21:37:34,192 [INFO] CodeEngine:265 - oldGeneratedFile, D:\projects\stm32_cube_ide\MPU6050\Core\Src\stm32f1xx_hal_msp.c_save
2026-01-04 21:37:34,306 [INFO] CodeEngine:289 - Generated code: D:\projects\stm32_cube_ide\MPU6050\Core\Src\stm32f1xx_hal_msp.c
2026-01-04 21:37:34,309 [INFO] CodeEngine:265 - oldGeneratedFile, D:\projects\stm32_cube_ide\MPU6050\MXTmpFiles\system.tmp_save
2026-01-04 21:37:34,372 [INFO] CodeEngine:289 - Generated code: D:\projects\stm32_cube_ide\MPU6050\MXTmpFiles\system.tmp
2026-01-04 21:37:34,378 [INFO] CodeEngine:321 - oldGeneratedFile, D:\projects\stm32_cube_ide\MPU6050\Core\Inc\stm32f1xx_hal_conf.h_save
2026-01-04 21:37:34,442 [INFO] CodeEngine:345 - Generated code: D:\projects\stm32_cube_ide\MPU6050\Core\Inc\stm32f1xx_hal_conf.h
2026-01-04 21:37:34,476 [INFO] ApiDbMcu:532 - Load IP Config File for RCC
2026-01-04 21:37:34,483 [INFO] CodeEngine:265 - oldGeneratedFile, D:\projects\stm32_cube_ide\MPU6050\Core\Inc\main.h_save
2026-01-04 21:37:34,560 [INFO] CodeEngine:289 - Generated code: D:\projects\stm32_cube_ide\MPU6050\Core\Inc\main.h
2026-01-04 21:37:34,564 [INFO] CodeEngine:265 - oldGeneratedFile, D:\projects\stm32_cube_ide\MPU6050\Core\Src\main.c_save
2026-01-04 21:37:34,638 [INFO] CodeEngine:289 - Generated code: D:\projects\stm32_cube_ide\MPU6050\Core\Src\main.c
2026-01-04 21:37:34,913 [INFO] ProjectBuilder:3606 - Time for Copy HAL[1] : 142mS.
2026-01-04 21:37:34,916 [INFO] ProjectBuilder:5216 - Project Generator version: 4.7.0-B52
2026-01-04 21:37:34,996 [INFO] ConfigFileManager:1595 - The Die is : DIE410
2026-01-04 21:37:35,004 [INFO] ApiDbMcu:532 - Load IP Config File for FATFS
2026-01-04 21:37:35,024 [INFO] ApiDbMcu:532 - Load IP Config File for FREERTOS
2026-01-04 21:37:35,033 [INFO] ApiDbMcu:532 - Load IP Config File for USB_DEVICE
2026-01-04 21:37:38,441 [INFO] ProjectBuilder:5496 - Time for Generating toolchain IDE Files: 3525mS.
2026-01-04 21:37:38,443 [INFO] ProjectBuilder:3463 - Time for Copy CMSIS : 2mS.
2026-01-04 21:37:38,443 [INFO] ProjectBuilder:3463 - Time for Copy CMSIS : 0mS.
2026-01-04 21:37:39,073 [INFO] McuFinderGlobals:76 - Set McuFinderConnectedMode to true
2026-01-04 21:37:39,076 [INFO] ApiDb:448 - Save user favorites file C:\Users\22142/.stm32cubeide/favorites.mcus.txt: 0 item(s)
2026-01-04 21:37:39,076 [INFO] ApiDb:452 - User favorites MCUs=[]
2026-01-04 21:38:01,472 [WARN] IP:2250 - I2C_Coeff_DF not found: check if there is a RefParameter without a condition.
2026-01-04 21:38:01,473 [WARN] IP:2250 - Analog_Filter not found: check if there is a RefParameter without a condition.
2026-01-04 21:38:01,478 [WARN] IP:2250 - I2C_Coeff_DF not found: check if there is a RefParameter without a condition.
2026-01-04 21:38:01,478 [WARN] IP:2250 - Analog_Filter not found: check if there is a RefParameter without a condition.
2026-01-04 21:38:01,479 [WARN] IP:2250 - I2C_Coeff_DF not found: check if there is a RefParameter without a condition.
2026-01-04 21:38:01,479 [WARN] IP:2250 - Analog_Filter not found: check if there is a RefParameter without a condition.
2026-01-04 21:38:01,509 [WARN] IP:2250 - I2C_Coeff_DF not found: check if there is a RefParameter without a condition.
2026-01-04 21:38:01,509 [WARN] IP:2250 - Analog_Filter not found: check if there is a RefParameter without a condition.
2026-01-04 21:38:01,510 [WARN] IP:2250 - I2C_Coeff_DF not found: check if there is a RefParameter without a condition.
2026-01-04 21:38:01,510 [WARN] IP:2250 - Analog_Filter not found: check if there is a RefParameter without a condition.
2026-01-04 21:38:05,009 [INFO] NvicIntPanel:101 - NVIC parent = com.st.microxplorer.plugins.ip.nvic.MultiNvicIntPanel[,0,0,450x144,layout=javax.swing.BoxLayout,alignmentX=0.0,alignmentY=0.0,border=,flags=9,maximumSize=,minimumSize=,preferredSize=]
2026-01-04 21:38:11,768 [WARN] IP:2250 - I2C_Coeff_DF not found: check if there is a RefParameter without a condition.
2026-01-04 21:38:11,768 [WARN] IP:2250 - Analog_Filter not found: check if there is a RefParameter without a condition.
2026-01-04 21:38:26,802 [WARN] IP:2250 - I2C_Coeff_DF not found: check if there is a RefParameter without a condition.
2026-01-04 21:38:26,802 [WARN] IP:2250 - Analog_Filter not found: check if there is a RefParameter without a condition.
2026-01-04 21:38:26,802 [WARN] IP:2250 - I2C_Coeff_DF not found: check if there is a RefParameter without a condition.
2026-01-04 21:38:26,802 [WARN] IP:2250 - Analog_Filter not found: check if there is a RefParameter without a condition.
2026-01-04 21:40:25,012 [INFO] UtilMem:75 - End SaveConfig() Used Memory: 729843400 Bytes (1073741824)
2026-01-04 21:40:32,446 [WARN] IP:2250 - I2C_Coeff_DF not found: check if there is a RefParameter without a condition.
2026-01-04 21:40:32,446 [WARN] IP:2250 - Analog_Filter not found: check if there is a RefParameter without a condition.
2026-01-04 21:40:32,446 [WARN] IP:2250 - I2C_Coeff_DF not found: check if there is a RefParameter without a condition.
2026-01-04 21:40:32,446 [WARN] IP:2250 - Analog_Filter not found: check if there is a RefParameter without a condition.
2026-01-04 21:40:32,506 [WARN] IP:2250 - I2C_Coeff_DF not found: check if there is a RefParameter without a condition.
2026-01-04 21:40:32,506 [WARN] IP:2250 - Analog_Filter not found: check if there is a RefParameter without a condition.
2026-01-04 21:40:32,507 [WARN] IP:2250 - I2C_Coeff_DF not found: check if there is a RefParameter without a condition.
2026-01-04 21:40:32,507 [WARN] IP:2250 - Analog_Filter not found: check if there is a RefParameter without a condition.
2026-01-04 21:40:34,332 [INFO] UtilMem:75 - End SaveConfig() Used Memory: 914480632 Bytes (1073741824)
2026-01-04 21:40:35,252 [INFO] UtilMem:75 - End SaveConfig() Used Memory: 932723072 Bytes (1073741824)
2026-01-04 21:40:37,126 [INFO] UtilMem:75 - End SaveConfig() Used Memory: 971825464 Bytes (1073741824)
2026-01-04 21:40:37,301 [INFO] BlockDiagram:2775 - set Specific Code input for plugin: NVIC
2026-01-04 21:40:37,301 [INFO] BlockDiagram:2775 - set Specific Code input for plugin: USART
2026-01-04 21:40:37,301 [INFO] BlockDiagram:2775 - set Specific Code input for plugin: SYS
2026-01-04 21:40:37,301 [INFO] BlockDiagram:2775 - set Specific Code input for plugin: GPIO
2026-01-04 21:40:37,301 [INFO] BlockDiagram:2775 - set Specific Code input for plugin: RCC
2026-01-04 21:40:37,301 [INFO] BlockDiagram:2775 - set Specific Code input for plugin: I2C
2026-01-04 21:40:37,302 [INFO] CodeGenerator:892 - code generatio: config db path: D:\installs\STM32CubeIDE_1.19.0\STM32CubeIDE\plugins\com.st.stm32cube.common.mx_6.15.0.202507011659\\db\
2026-01-04 21:40:37,303 [WARN] IP:2250 - I2C_Coeff_DF not found: check if there is a RefParameter without a condition.
2026-01-04 21:40:37,303 [WARN] IP:2250 - Analog_Filter not found: check if there is a RefParameter without a condition.
2026-01-04 21:40:37,385 [INFO] CodeEngine:265 - oldGeneratedFile, D:\projects\stm32_cube_ide\MPU6050\MXTmpFiles\license.tmp_save
2026-01-04 21:40:37,585 [INFO] CodeEngine:289 - Generated code: D:\projects\stm32_cube_ide\MPU6050\MXTmpFiles\license.tmp
2026-01-04 21:40:37,677 [INFO] CodeEngine:265 - oldGeneratedFile, D:\projects\stm32_cube_ide\MPU6050\MXTmpFiles\gpio.tmp_save
2026-01-04 21:40:37,768 [INFO] CodeEngine:289 - Generated code: D:\projects\stm32_cube_ide\MPU6050\MXTmpFiles\gpio.tmp
2026-01-04 21:40:37,860 [INFO] CodeEngine:265 - oldGeneratedFile, D:\projects\stm32_cube_ide\MPU6050\Core\Src\stm32f1xx_it.c_save
2026-01-04 21:40:37,951 [INFO] CodeEngine:289 - Generated code: D:\projects\stm32_cube_ide\MPU6050\Core\Src\stm32f1xx_it.c
2026-01-04 21:40:37,955 [INFO] CodeEngine:265 - oldGeneratedFile, D:\projects\stm32_cube_ide\MPU6050\Core\Inc\stm32f1xx_it.h_save
2026-01-04 21:40:38,041 [INFO] CodeEngine:289 - Generated code: D:\projects\stm32_cube_ide\MPU6050\Core\Inc\stm32f1xx_it.h
2026-01-04 21:40:38,050 [INFO] CodeEngine:265 - oldGeneratedFile, D:\projects\stm32_cube_ide\MPU6050\Core\Src\stm32f1xx_hal_msp.c_save
2026-01-04 21:40:38,172 [INFO] CodeEngine:289 - Generated code: D:\projects\stm32_cube_ide\MPU6050\Core\Src\stm32f1xx_hal_msp.c
2026-01-04 21:40:38,175 [INFO] CodeEngine:265 - oldGeneratedFile, D:\projects\stm32_cube_ide\MPU6050\MXTmpFiles\system.tmp_save
2026-01-04 21:40:38,245 [INFO] CodeEngine:289 - Generated code: D:\projects\stm32_cube_ide\MPU6050\MXTmpFiles\system.tmp
2026-01-04 21:40:38,252 [INFO] CodeEngine:321 - oldGeneratedFile, D:\projects\stm32_cube_ide\MPU6050\Core\Inc\stm32f1xx_hal_conf.h_save
2026-01-04 21:40:38,328 [INFO] CodeEngine:345 - Generated code: D:\projects\stm32_cube_ide\MPU6050\Core\Inc\stm32f1xx_hal_conf.h
2026-01-04 21:40:38,347 [INFO] ApiDbMcu:532 - Load IP Config File for I2C1
2026-01-04 21:40:38,354 [INFO] ApiDbMcu:532 - Load IP Config File for USART1
2026-01-04 21:40:38,361 [INFO] CodeEngine:265 - oldGeneratedFile, D:\projects\stm32_cube_ide\MPU6050\Core\Inc\main.h_save
2026-01-04 21:40:38,436 [INFO] CodeEngine:289 - Generated code: D:\projects\stm32_cube_ide\MPU6050\Core\Inc\main.h
2026-01-04 21:40:38,440 [INFO] CodeEngine:265 - oldGeneratedFile, D:\projects\stm32_cube_ide\MPU6050\Core\Src\main.c_save
2026-01-04 21:40:38,547 [INFO] CodeEngine:289 - Generated code: D:\projects\stm32_cube_ide\MPU6050\Core\Src\main.c
2026-01-04 21:40:38,791 [INFO] ProjectBuilder:3606 - Time for Copy HAL[1] : 109mS.
2026-01-04 21:40:38,793 [INFO] ProjectBuilder:5216 - Project Generator version: 4.7.0-B52
2026-01-04 21:40:38,860 [INFO] ConfigFileManager:1595 - The Die is : DIE410
2026-01-04 21:40:39,567 [INFO] ProjectBuilder:5496 - Time for Generating toolchain IDE Files: 774mS.
2026-01-04 21:40:39,567 [INFO] ProjectBuilder:3463 - Time for Copy CMSIS : 0mS.
2026-01-04 21:40:39,568 [INFO] ProjectBuilder:3463 - Time for Copy CMSIS : 0mS.
2026-01-04 22:28:02,181 [ERROR] LogOutputStream:75 - [STDERR_REDIRECT] 
