:020000040800F2
:10000000005000207D1B0008951900089D1900086C
:10001000A5190008AD190008B51900080000000076
:10002000000000000000000000000000BD190008F2
:10003000C919000800000000D5190008E1190008DE
:10004000C51B0008C51B0008C51B0008C51B000810
:10005000C51B0008C51B0008C51B0008C51B000800
:10006000C51B0008C51B0008C51B0008C51B0008F0
:10007000C51B0008C51B0008C51B0008C51B0008E0
:10008000C51B0008C51B0008C51B0008C51B0008D0
:10009000C51B0008C51B0008C51B0008C51B0008C0
:1000A000C51B0008C51B0008C51B0008C51B0008B0
:1000B000C51B0008C51B0008C51B0008C51B0008A0
:1000C000C51B0008C51B0008C51B0008C51B000890
:1000D000C51B0008C51B0008C51B0008C51B000880
:1000E000C51B0008C51B0008C51B00080000000058
:1000F0000000000000000000000000000000000000
:0C01000000000000000000005FF808F1A3
:1001100010B5054C237833B9044B13B10448AFF341
:1001200000800123237010BDD401002000000000D6
:100130006487000808B5034B1BB103490348AFF3BC
:10014000008008BD00000000D8010020648700087E
:10015000034613F8012B002AFBD1181A0138704707
:1001600081F0004102E000BF83F0004330B54FEA68
:1001700041044FEA430594EA050F08BF90EA020FD5
:100180001FBF54EA000C55EA020C7FEA645C7FEA68
:10019000655C00F0E2804FEA5454D4EB5555B8BF8B
:1001A0006D420CDD2C4480EA020281EA030382EAFC
:1001B000000083EA010180EA020281EA0303362D8E
:1001C00088BF30BD11F0004F4FEA01314FF4801C61
:1001D0004CEA113102D0404261EB410113F0004F73
:1001E0004FEA03334CEA133302D0524263EB43032A
:1001F00094EA050F00F0A780A4F10104D5F1200EC8
:100200000DDB02FA0EFC22FA05F2801841F1000122
:1002100003FA0EF2801843FA05F359410EE0A5F1F6
:1002200020050EF1200E012A03FA0EFC28BF4CF027
:10023000020C43FA05F3C01851EBE37101F00045DD
:1002400007D54FF0000EDCF1000C7EEB00006EEBEA
:100250000101B1F5801F1BD3B1F5001F0CD3490874
:100260005FEA30004FEA3C0C04F101044FEA4452CB
:1002700012F5800F80F09A80BCF1004F08BF5FEA52
:10028000500C50F1000041EB045141EA050130BD32
:100290005FEA4C0C404141EB0101013C28BFB1F544
:1002A000801FE9D291F0000F04BF01460020B1FA8F
:1002B00081F308BF2033A3F10B03B3F120020CDA62
:1002C0000C3208DD02F1140CC2F10C0201FA0CF040
:1002D00021FA02F10CE002F11402D8BFC2F1200CA5
:1002E00001FA02F120FA0CFCDCBF41EA0C0190405B
:1002F000E41AA2BF01EB0451294330BD6FEA0404A4
:100300001F3C1CDA0C340EDC04F11404C4F120028E
:1003100020FA04F001FA02F340EA030021FA04F3A0
:1003200045EA030130BDC4F10C04C4F1200220FAF7
:1003300002F001FA04F340EA0300294630BD21FA35
:1003400004F0294630BD94F0000F83F4801306BFFB
:1003500081F480110134013D4EE77FEA645C18BFEF
:100360007FEA655C29D094EA050F08BF90EA020F86
:1003700005D054EA000C04BF1946104630BD91EA7E
:10038000030F1EBF0021002030BD5FEA545C05D181
:100390004000494128BF41F0004130BD14F58004C0
:1003A0003CBF01F5801130BD01F0004545F0FE4134
:1003B00041F470014FF0000030BD7FEA645C1ABF69
:1003C000194610467FEA655C1CBF0B46024650EAA0
:1003D000013406BF52EA033591EA030F41F40021CC
:1003E00030BD00BF90F0000F04BF0021704730B552
:1003F0004FF4806404F132044FF000054FF0000127
:1004000050E700BF90F0000F04BF0021704730B5E7
:100410004FF4806404F1320410F0004548BF4042BC
:100420004FF000013EE700BF42004FEAE2014FEA11
:1004300031014FEA02701FBF12F07F4393F07F4FEC
:1004400081F06051704732F07F4208BF704793F0EF
:100450007F4F04BF41F40021704730B54FF4607402
:1004600001F0004521F000411CE700BF50EA010205
:1004700008BF704730B54FF000050AE050EA0102AE
:1004800008BF704730B511F0004502D5404261EB1E
:1004900041014FF4806404F132045FEA915C3FF45F
:1004A000D8AE4FF003025FEADC0C18BF03325FEAFC
:1004B000DC0C18BF033202EBDC02C2F1200300FAAD
:1004C00003FC20FA02F001FA03FE40EA0E0021FAD2
:1004D00002F11444BDE600BF70B54FF0FF0C4CF4C0
:1004E000E06C1CEA11541DBF1CEA135594EA0C0F72
:1004F00095EA0C0F00F0DEF82C4481EA030621EAAD
:100500004C5123EA4C5350EA013518BF52EA0335E7
:1005100041F4801143F4801338D0A0FB02CE4FF099
:100520000005E1FB02E506F00042E0FB03E54FF0C9
:100530000006E1FB03569CF0000F18BF4EF0010EC1
:10054000A4F1FF04B6F5007F64F5407404D25FEABD
:100550004E0E6D4146EB060642EAC62141EA555170
:100560004FEAC52040EA5E504FEACE2EB4F1FD0CB2
:1005700088BFBCF5E06F1ED8BEF1004F08BF5FEA30
:10058000500E50F1000041EB045170BD06F00046E2
:1005900046EA010140EA020081EA0301B4EB5C048F
:1005A000C2BFD4EB0C0541EA045170BD41F4801187
:1005B0004FF0000E013C00F3AB8014F1360FDEBFAC
:1005C000002001F0004170BDC4F10004203C35DA88
:1005D0000C341BDC04F11404C4F1200500FA05F30B
:1005E00020FA04F001FA05F240EA020001F00042AC
:1005F00021F0004110EBD37021FA04F642EB060122
:100600005EEA430E08BF20EAD37070BDC4F10C044B
:10061000C4F1200500FA04F320FA05F001FA04F20F
:1006200040EA020001F0004110EBD37041F10001FB
:100630005EEA430E08BF20EAD37070BDC4F1200506
:1006400000FA05F24EEA020E20FA04F301FA05F26E
:1006500043EA020321FA04F001F0004121FA04F216
:1006600020EA020000EBD3705EEA430E08BF20EAE6
:10067000D37070BD94F0000F0FD101F00046400020
:1006800041EB010111F4801F08BF013CF7D041EAA2
:10069000060195F0000F18BF704703F000465200A6
:1006A00043EB030313F4801F08BF013DF7D043EA77
:1006B0000603704794EA0C0F0CEA135518BF95EA2D
:1006C0000C0F0CD050EA410618BF52EA4306D1D1B4
:1006D00081EA030101F000414FF0000070BD50EAD3
:1006E000410606BF1046194652EA430619D094EA5D
:1006F0000C0F02D150EA013613D195EA0C0F05D147
:1007000052EA03361CBF104619460AD181EA03019A
:1007100001F0004141F0FE4141F470014FF0000052
:1007200070BD41F0FE4141F4780170BD70B54FF0ED
:10073000FF0C4CF4E06C1CEA11541DBF1CEA13556D
:1007400094EA0C0F95EA0C0F00F0A7F8A4EB05044F
:1007500081EA030E52EA03354FEA013100F0888046
:100760004FEA03334FF0805545EA131343EA12630F
:100770004FEA022245EA111545EA10654FEA0026C4
:100780000EF000419D4208BF964244F1FD0404F57D
:10079000407402D25B084FEA3202B61A65EB0305D9
:1007A0005B084FEA32024FF480104FF4002CB6EB96
:1007B000020E75EB030E22BFB61A754640EA0C0016
:1007C0005B084FEA3202B6EB020E75EB030E22BF56
:1007D000B61A754640EA5C005B084FEA3202B6EB97
:1007E000020E75EB030E22BFB61A754640EA9C0056
:1007F0005B084FEA3202B6EB020E75EB030E22BF26
:10080000B61A754640EADC0055EA060E18D04FEAE3
:10081000051545EA16754FEA06164FEAC30343EA83
:1008200052734FEAC2025FEA1C1CC0D111F4801F50
:100830000BD141EA00014FF000004FF0004CB6E749
:1008400011F4801F04BF01430020B4F1FD0C88BFE8
:10085000BCF5E06F3FF6AFAEB5EB030C04BFB6EBF3
:10086000020C5FEA500C50F1000041EB045170BDE6
:100870000EF0004E4EEA113114EB5C04C2BFD4EB13
:100880000C0541EA045170BD41F480114FF0000E97
:10089000013C90E645EA060E8DE60CEA135594EA13
:1008A0000C0F08BF95EA0C0F3FF43BAF94EA0C0F16
:1008B0000AD150EA01347FF434AF95EA0C0F7FF48B
:1008C00025AF104619462CE795EA0C0F06D152EADF
:1008D00003353FF4FDAE1046194622E750EA4106C3
:1008E00018BF52EA43067FF4C5AE50EA41047FF4D4
:1008F0000DAF52EA43057FF4EBAE12E74FF0FF3C39
:1009000006E000BF4FF0010C02E000BF4FF0010C09
:100910004DF804CD4FEA410C7FEA6C5C4FEA430C82
:1009200018BF7FEA6C5C1BD001B050EA410C0CBFD1
:1009300052EA430C91EA030F02BF90EA020F002033
:10094000704710F1000F91EA030F58BF994208BF9A
:1009500090422CBFD8176FEAE37040F00100704757
:100960004FEA410C7FEA6C5C02D150EA013C07D1AE
:100970004FEA430C7FEA6C5CD6D152EA033CD3D0F9
:100980005DF8040B704700BF8446104662468C46F3
:100990001946634600E000BF01B5FFF7B7FF002826
:1009A00048BF10F1000F01BD4DF808EDFFF7F4FF4F
:1009B0000CBF012000205DF808FB00BF4DF808EDDA
:1009C000FFF7EAFF34BF012000205DF808FB00BFFD
:1009D0004DF808EDFFF7E0FF94BF012000205DF81F
:1009E00008FB00BF4DF808EDFFF7CEFF94BF0120D4
:1009F00000205DF808FB00BF4DF808EDFFF7C4FFCD
:100A000034BF012000205DF808FB00BF4FEA410C15
:100A10007FEA6C5C02D150EA013C0AD14FEA430CF8
:100A20007FEA6C5C02D152EA033C02D14FF0000035
:100A300070474FF0010070474FEA410212F5001273
:100A400015D211D56FF47873B3EB625212D94FEA15
:100A5000C12343F0004343EA505311F0004F23FAFF
:100A600002F018BF404270474FF00000704750EA54
:100A7000013005D111F0004008BF6FF00040704711
:100A80004FF00000704700BF4A0011D212F500126B
:100A900011D20DD56FF47873B3EB62520ED44FEAD6
:100AA000C12343F0004343EA505323FA02F0704756
:100AB0004FF00000704750EA013002D14FF0FF3094
:100AC00070474FF0000070474FEA4102B2F1E04337
:100AD00024BFB3F5001CDCF1FE5C0DD901F0004C25
:100AE0004FEAC0024CEA5070B2F1004F40EB830075
:100AF00008BF20F00100704711F0804F21D113F1A1
:100B00003872BCBF01F00040704741F480114FEAD9
:100B10005252C2F11802C2F1200C10FA0CF320FA62
:100B200002F018BF40F001004FEAC1234FEAD3237F
:100B300003FA0CFC40EA0C0023FA02F34FEA4303E9
:100B4000CCE77FEA625307D150EA01331EBF4FF072
:100B5000FE4040F44000704701F0004040F0FE408D
:100B600040F40000704700BF80F0004002E000BF8A
:100B700081F0004142001FBF5FEA410392EA030F88
:100B80007FEA226C7FEA236C6AD04FEA1262D2EBD2
:100B90001363C1BFD218414048404140B8BF5B42D7
:100BA000192B88BF704710F0004F40F4000020F070
:100BB0007F4018BF404211F0004F41F4000121F086
:100BC0007F4118BF494292EA030F3FD0A2F10102D0
:100BD00041FA03FC10EB0C00C3F1200301FA03F10E
:100BE00000F0004302D5494260EB4000B0F5000F31
:100BF00013D3B0F1807F06D340084FEA310102F1F0
:100C00000102FE2A51D2B1F1004F40EBC25008BFA1
:100C100020F0010040EA03007047490040EB00006B
:100C2000013A28BFB0F5000FEDD2B0FA80FCACF16C
:100C3000080CB2EB0C0200FA0CF0AABF00EBC25099
:100C400052421843BCBFD0401843704792F0000F87
:100C500081F4000106BF80F400000132013BB5E7DA
:100C60004FEA41037FEA226C18BF7FEA236C21D050
:100C700092EA030F04D092F0000F08BF08467047B5
:100C800090EA010F1CBF0020704712F07F4F04D183
:100C9000400028BF40F00040704712F100723CBF96
:100CA00000F50000704700F0004343F0FE4040F4C0
:100CB000000070477FEA226216BF08467FEA23637E
:100CC0000146420206BF5FEA412390EA010F40F469
:100CD000800070474FF0000304E000BF10F00043B5
:100CE00048BF40425FEA000C08BF704743F096439C
:100CF00001464FF000001CE050EA010208BF7047B7
:100D00004FF000030AE000BF50EA010208BF70473D
:100D100011F0004302D5404261EB41015FEA010C52
:100D200002BF84460146002043F0B64308BFA3F14A
:100D30008053A3F50003BCFA8CF2083AA3EBC2532C
:100D400010DB01FA02FC634400FA02FCC2F120024B
:100D5000BCF1004F20FA02F243EB020008BF20F082
:100D60000100704702F1200201FA02FCC2F12002E8
:100D700050EA4C0021FA02F243EB020008BF20EADD
:100D8000DC7070474FF0FF0C1CEAD0521EBF1CEA0B
:100D9000D15392EA0C0F93EA0C0F6FD01A4480EAF9
:100DA000010C400218BF5FEA41211ED04FF00063E2
:100DB00043EA501043EA5111A0FB01310CF000400E
:100DC000B1F5000F3EBF490041EAD3715B0040EA34
:100DD000010062F17F02FD2A1DD8B3F1004F40EB04
:100DE000C25008BF20F00100704790F0000F0CF0D7
:100DF000004C08BF49024CEA502040EA51207F3A9B
:100E0000C2BFD2F1FF0340EAC250704740F4000075
:100E10004FF00003013A5DDC12F1190FDCBF00F066
:100E200000407047C2F10002410021FA02F1C2F114
:100E3000200200FA02FC5FEA310040F1000053EAB0
:100E40004C0308BF20EADC70704792F0000F00F0FE
:100E5000004C02BF400010F4000F013AF9D040EA04
:100E60000C0093F0000F01F0004C02BF490011F498
:100E7000000F013BF9D041EA0C018FE70CEAD15396
:100E800092EA0C0F18BF93EA0C0F0AD030F0004C16
:100E900018BF31F0004CD8D180EA010000F00040CA
:100EA000704790F0000F17BF90F0004F084691F088
:100EB000000F91F0004F14D092EA0C0F01D14202C2
:100EC0000FD193EA0C0F03D14B0218BF084608D18B
:100ED00080EA010000F0004040F0FE4040F40000D5
:100EE000704740F0FE4040F4400070474FF0FF0C68
:100EF0001CEAD0521EBF1CEAD15392EA0C0F93EAAF
:100F00000C0F69D0A2EB030280EA010C49024FEA00
:100F1000402037D04FF0805343EA111143EA1013B9
:100F20000CF000408B4238BF5B0042F17D024FF471
:100F3000000C8B4224BF5B1A40EA0C00B3EB510F4C
:100F400024BFA3EB510340EA5C00B3EB910F24BF35
:100F5000A3EB910340EA9C00B3EBD10F24BFA3EBBA
:100F6000D10340EADC001B0118BF5FEA1C1CE0D182
:100F7000FD2A3FF650AF8B4240EBC25008BF20F035
:100F8000010070470CF0004C4CEA50207F32C2BF89
:100F9000D2F1FF0340EAC250704740F400004FF026
:100FA0000003013A37E792F0000F00F0004C02BF57
:100FB000400010F4000F013AF9D040EA0C0093F021
:100FC000000F01F0004C02BF490011F4000F013B7B
:100FD000F9D041EA0C0195E70CEAD15392EA0C0FE3
:100FE00008D142027FF47DAF93EA0C0F7FF470AF1B
:100FF000084676E793EA0C0F04D14B023FF44CAF5E
:1010000008466EE730F0004C18BF31F0004CCAD1F2
:1010100030F000427FF45CAF31F000437FF43CAF2E
:101020005FE700BF38B50022002304460D46FFF7F6
:10103000C5FC28B920462946BDE8384000F00AB86A
:10104000204605F1004100F005F8404261EB410106
:1010500038BD00BFD0B500220B4B06460F46FFF748
:101060003BFAFFF711FD0446FFF7BCF90022074BDE
:10107000FFF732FA02460B4630463946FFF774F85E
:10108000FFF702FD2146D0BD0000F03D0000F04119
:1010900080B500AF00F098FD00F010FB00F07AFB87
:1010A00000F044FB00F05AFBC82000F0EFFD1448AC
:1010B00000F02EF800F050F80346002B0ED000F0A0
:1010C00087F84FF4FA7000F0E1FD00F09FF80D4B47
:1010D00001221A700C4B01221A7002E00B4800F03A
:1010E00017F8094B1B78002B05D0064B1B78002BFB
:1010F00001D000F0B7F9C82000F0C8FDF1E700BF4B
:1011000080870008A5020020A4020020A487000810
:1011100080B582B000AF78607868FFF719F80346B1
:101120009AB24FF0FF337968034802F0EDFD00BF3B
:101130000837BD4680BD00BF4402002080B500AF27
:10114000044801F02FFA0A2000F0A0FD00F0EEFAAA
:1011500000BF80BDF001002080B590B004AF002337
:1011600087F82F304FF0FF3302930123019307F1EB
:101170002F03009301237522D021124801F03CFB7C
:101180000346002B06D01048FFF7C2FFFFF7D6FF3B
:10119000002312E097F82F301A463B1D0B491846E2
:1011A00003F0ACFE3B1D1846FFF7B2FF97F82F3057
:1011B000682B0CBF01230023DBB218463037BD4635
:1011C00080BD00BFF0010020C0870008D88700085C
:1011D00080B586B004AF0023FB714FF0FF3302935C
:1011E00001230193FB1D009301236B22D0210548AD
:1011F00001F008FA0448FFF78BFF00BF0837BD462F
:1012000080BD00BFF0010020EC87000890B58FB0D2
:1012100004AF4FF4FA733B628948FFF779FF00236C
:101220007B62ADE04FF0FF3302930E2301933B1D31
:10123000009301233B22D021824801F0DDFA0346CE
:10124000002B05D0FFF77AFF7B6A013B7B6294E0BD
:101250003B791BB21B021AB27B791BB21343FB838F
:10126000BB791BB21B021AB2FB791BB21343BB83BF
:101270003B7A1BB21B021AB27B7A1BB213437B83ED
:101280003B7B1BB21B021AB27B7B1BB213433B831B
:10129000BB7B1BB21B021AB2FB7B1BB21343FB824C
:1012A0003B7C1BB21B021AB27B7C1BB21343BB827A
:1012B000B7F91E301846FFF711FD0246624B1B6856
:1012C00019461046FFF756FC03461A465E4B1A6055
:1012D000B7F91C301846FFF701FD02465B4B1B684F
:1012E00019461046FFF746FC03461A46574B1A604C
:1012F000B7F91A30A3F580431846FFF7EFFC024612
:10130000534B1B6819461046FFF734FC03461A4638
:101310004F4B1A60B7F918301846FFF7DFFC02464A
:101320004C4B1B6819461046FFF724FC03461A462F
:10133000484B1A60B7F916301846FFF7CFFC024643
:10134000454B1B6819461046FFF714FC03461A4626
:10135000414B1A60B7F914301846FFF7BFFC02463C
:101360003E4B1B6819461046FFF704FC03461A461D
:101370003A4B1A60022000F089FC7B6A01337B62E1
:101380007A6A3B6A9A42FFF64DAF2F4B1C68386A67
:10139000FFF7A4FC034619462046FFF7A7FD0346C6
:1013A0001A46294B1A60294B1C68386AFFF796FCCD
:1013B000034619462046FFF799FD03461A46234B7C
:1013C0001A60234B1C68386AFFF788FC03461946ED
:1013D0002046FFF78BFD03461A461D4B1A601D4B36
:1013E0001C68386AFFF77AFC034619462046FFF767
:1013F0007DFD03461A46174B1A60174B1C68386A66
:10140000FFF76CFC034619462046FFF76FFD0346C5
:101410001A46114B1A60114B1C68386AFFF75EFCC4
:10142000034619462046FFF761FD03461A460B4B5B
:101430001A600B48FFF76CFE00BF2C37BD4690BD0D
:1014400008880008F00100208C0200209002002093
:1014500094020020980200209C020020A00200209C
:101460002C8800082DE9B04FC4B00AAF4FF0FF330D
:1014700002930E23019307F1B403009301233B224F
:10148000D021844801F0B8F90346002B05D08248EA
:10149000FFF73EFEFFF752FEF8E097F8B4301BB2BC
:1014A0001B021AB297F8B5301BB21343A7F8E63007
:1014B00097F8B6301BB21B021AB297F8B7301BB2BE
:1014C0001343A7F8E43097F8B8301BB21B021AB2E6
:1014D00097F8B9301BB21343A7F8E23097F8BC3045
:1014E0001BB21B021AB297F8BD301BB21343A7F808
:1014F000E03097F8BE301BB21B021AB297F8BF302B
:101500001BB21343A7F8DE3097F8C0301BB21B02A2
:101510001AB297F8C1301BB21343A7F8DC30B7F901
:10152000E6301846FFF7DAFB02465C4B1B681946AB
:101530001046FFF71DFB03464FF08D411846FFF79D
:10154000D5FC0346C7F8D830B7F9E4301846FFF7A2
:10155000C5FB0246524B1B6819461046FFF708FBB5
:1015600003464FF08D411846FFF7C0FC0346C7F80D
:10157000D430B7F9E2301846FFF7B0FB0246494BCA
:101580001B6819461046FFF7F3FA03464FF08D41EA
:101590001846FFF7ABFC0346C7F8D030B7F9E03088
:1015A0001846FFF79BFB02463F4B1B681946104647
:1015B000FFF7DEFA03463D491846FFF797FC03465E
:1015C000C7F8CC30B7F9DE301846FFF787FB024684
:1015D000374B1B6819461046FFF7CAFA03463349D2
:1015E0001846FFF783FC0346C7F8C830B7F9DC306C
:1015F0001846FFF773FB02462E4B1B681946104630
:10160000FFF7B6FA034629491846FFF76FFC034671
:10161000C7F8C430D7F8D800FEF706FFC7E90201C3
:10162000D7F8D400FEF700FF04460D46D7F8D000E7
:10163000FEF7FAFE80468946D7F8CC00FEF7F4FEA6
:1016400082468B46D7F8C800FEF7EEFEC7E90001D8
:10165000D7F8C400FEF7E8FE02460B4607F1140077
:10166000CDE90823D7E90012CDE90612CDE904AB94
:10167000CDE90289CDE90045D7E902230E4903F0FF
:101680003DFC07F114031846FFF742FDE837BD465D
:10169000BDE8B08FF0010020488800088C020020CF
:1016A00090020020940200209802002000000343D2
:1016B0009C020020A00200205C88000880B590B049
:1016C00000AF07F1180328220021184603F07BFC25
:1016D0003B1D00221A605A609A60DA601A61012389
:1016E000BB614FF48033FB6102237B634FF4803393
:1016F000BB634FF4E013FB6307F11803184601F0D6
:10170000A3FE0F237B600223BB600023FB604FF42A
:1017100080633B6100237B613B1D0221184602F080
:1017200015F900BF4037BD4680BD000080B500AF51
:10173000074B084A1A60064B074A5A60044B4FF49D
:1017400080421A61024800F0E9FD00BF80BD00BF81
:10175000F001002000540040A086010080B500AFD9
:101760000A4B0B4A1A60094B4FF4E1325A60074B9F
:1017700000229A60054B0022DA60044B0C225A6169
:10178000024802F071FA00BF80BD00BF4402002091
:101790000038014080B483B000AF0E4B9B690D4A06
:1017A00043F0040393610B4B9B6903F004037B60DC
:1017B0007B68084B9B69074A43F008039361054B1C
:1017C0009B6903F008033B603B6800BF0C37BD46D4
:1017D00080BC70470010024080B485B000AF154B4C
:1017E0009B69144A43F001039361124B9B6903F018
:1017F0000103BB60BB680F4BDB690E4A43F08053AB
:10180000D3610C4BDB6903F080537B607B680A4B30
:101810005B68FB60FB6823F0E063FB60FB6843F000
:101820008063FB60044AFB68536000BF1437BD4609
:1018300080BC7047001002400000014080B588B0B5
:1018400000AF786007F1100300221A605A609A60B6
:10185000DA607B681B68154A934223D1144B9B695D
:10186000134A43F008039361114B9B6903F008038B
:10187000FB60FB68C0233B6112237B610323FB6198
:1018800007F1100319460B4800F008FB084BDB6911
:10189000074A43F40013D361054BDB6903F40013DB
:1018A000BB60BB6800BF2037BD4680BD0054004010
:1018B00000100240000C014080B582B000AF78609B
:1018C0007B681B680A4A93420DD10A4BDB69094ABF
:1018D00023F40013D3614021074800F063FC80210A
:1018E000054800F05FFC00BF0837BD4680BD00BF63
:1018F0000054004000100240000C014080B588B048
:1019000000AF786007F1100300221A605A609A60F5
:10191000DA607B681B681C4A934231D11B4B9B6980
:101920001A4A43F480439361184B9B6903F4804344
:10193000FB60FB68154B9B69144A43F004039361F9
:10194000124B9B6903F00403BB60BB684FF4007348
:101950003B6102237B610323FB6107F110031946FE
:101960000B4800F09BFA4FF480633B6100237B61DE
:101970000023BB6107F110031946054800F08EFAF9
:1019800000BF2037BD4680BD003801400010024036
:101990000008014080B400AF00BFFDE780B400AF95
:1019A00000BFFDE780B400AF00BFFDE780B400AF2B
:1019B00000BFFDE780B400AF00BFFDE780B400AF1B
:1019C00000BFBD4680BC704780B400AF00BFBD46BD
:1019D00080BC704780B400AF00BFBD4680BC70477C
:1019E00080B500AF00F036F900BF80BD80B400AF15
:1019F00001231846BD4680BC704780B582B000AF59
:101A00007860396003F032FB034616221A604FF00B
:101A1000FF3318460837BD4680BD80B582B000AFA1
:101A200078604FF0FF317868FFF7E7FF00BFFDE710
:101A300080B586B000AFF860B9607A6000237B6142
:101A40000AE0AFF300800146BB685A1CBA60CAB214
:101A50001A707B6901337B617A697B689A42F0DB9B
:101A60007B6818461837BD4680BD80B586B000AF8C
:101A7000F860B9607A6000237B6109E0BB685A1C9A
:101A8000BA601B781846AFF300807B6901337B6135
:101A90007A697B689A42F1DB7B6818461837BD4645
:101AA00080BD80B483B000AF78604FF0FF3318463C
:101AB0000C37BD4680BC704780B483B000AF7860FF
:101AC00039603B684FF400525A60002318460C37C7
:101AD000BD4680BC704780B483B000AF78600123FE
:101AE00018460C37BD4680BC704780B485B000AF47
:101AF000F860B9607A60002318461437BD4680BC90
:101B00007047000080B586B000AF7860144A154B6E
:101B1000D31A7B617B693B61134B1B68002B02D19D
:101B2000114B124A1A60104B1A687B6813443A69C9
:101B30009A4207D203F09AFA03460C221A604FF039
:101B4000FF3309E0084B1B68FB60074B1A687B6892
:101B50001344054A1360FB6818461837BD4680BD1C
:101B60000050002000040000A80200200004002013
:101B700080B400AF00BFBD4680BC7047FFF7F8FFE0
:101B80000B480C490C4A002302E0D458C4500433DB
:101B9000C4188C42F9D3094A094C002301E01360B0
:101BA0000432A242FBD303F067FAFFF771FA7047E1
:101BB00000000020D4010020048D0008D401002082
:101BC000FC030020FEE7000080B500AF084B1B6857
:101BD000074A43F010031360032000F02BF90F2095
:101BE00000F008F8FFF7F8FD0023184680BD00BF9D
:101BF0000020024080B582B000AF7860124B1A68B6
:101C0000124B1B7819464FF47A73B3FBF1F3B2FB16
:101C1000F3F3184600F035F90346002B01D00123F9
:101C20000EE07B680F2B0AD8002279684FF0FF3056
:101C300000F00BF9064A7B681360002300E00123E3
:101C400018460837BD4680BD00000020080000206F
:101C50000400002080B400AF054B1B781A46054BEA
:101C60001B681344034A136000BFBD4680BC704725
:101C700008000020AC02002080B400AF024B1B68BB
:101C80001846BD4680BC7047AC02002080B584B0C9
:101C900000AF7860FFF7F0FFB8607B68FB60FB681F
:101CA000B3F1FF3F05D00A4B1B781A46FB6813447B
:101CB000FB6000BFFFF7E0FF0246BB68D31AFA687B
:101CC0009A42F7D800BF00BF1037BD4680BD00BFA5
:101CD0000800002080B485B000AF78607B6803F016
:101CE0000703FB600C4BDB68BB60BA684FF6FF0371
:101CF0001340BB60FB681A02BB68134343F0BF6329
:101D000043F40033BB60044ABB68D36000BF1437A0
:101D1000BD4680BC704700BF00ED00E080B400AF5E
:101D2000044BDB681B0A03F007031846BD4680BC62
:101D3000704700BF00ED00E080B483B000AF034601
:101D40003960FB7197F90730002B0ADB3B68DAB288
:101D50000C4997F907301201D2B20B4483F80023E3
:101D60000AE03B68DAB20849FB7903F00F03043B51
:101D70001201D2B20B441A7600BF0C37BD4680BCAC
:101D8000704700BF00E100E000ED00E080B489B0E2
:101D900000AFF860B9607A60FB6803F00703FB618D
:101DA000FB69C3F10703042B28BF0423BB61FB6954
:101DB0000433062B02D9FB69033B00E000237B615F
:101DC0004FF0FF32BB6902FA03F3DA43BB681A40F3
:101DD0007B699A404FF0FF317B6901FA03F3D943E5
:101DE0007B680B40134318462437BD4680BC7047C0
:101DF00080B582B000AF78607B68013BB3F1807F33
:101E000001D301230FE00A4A7B68013B53600F2195
:101E10004FF0FF30FFF790FF054B00229A60044B14
:101E200007221A60002318460837BD4680BD00BF50
:101E300010E000E080B582B000AF78607868FFF70E
:101E400049FF00BF0837BD4680BD80B586B000AFF2
:101E50000346B9607A60FB7300237B61FFF75EFF86
:101E600078617A68B9687869FFF790FF024697F958
:101E70000F3011461846FFF75FFF00BF1837BD4609
:101E800080BD80B582B000AF78607868FFF7B0FFA2
:101E9000034618460837BD4680BD000080B48BB0AD
:101EA00000AF7860396000237B6200233B6269E108
:101EB00001227B6A02FA03F3FB613B681B68FA6943
:101EC0001340BB61BA69FB699A4240F058813B6894
:101ED0005B689A4A93425ED0984A934275D8984A72
:101EE000934258D0964A93426FD8964A934252D022
:101EF000944A934269D8944A93424CD0924A93426E
:101F000063D8924A934246D0904A93425DD8122BAE
:101F10002AD8122B59D801A252F823F0971F000893
:101F2000711F0008831F0008C51F0008CB1F000891
:101F3000CB1F0008CB1F0008CB1F0008CB1F0008D9
:101F4000CB1F0008CB1F0008CB1F0008CB1F0008C9
:101F5000CB1F0008CB1F0008CB1F0008CB1F0008B9
:101F6000791F00088D1F0008794A934213D02CE096
:101F70003B68DB683B6229E03B68DB6804333B621B
:101F800024E03B68DB6808333B621FE03B68DB68AA
:101F90000C333B621AE03B689B68002B02D10423A0
:101FA0003B6213E03B689B68012B05D108233B6231
:101FB0007B68FA691A6109E008233B627B68FA6969
:101FC0005A6103E000233B6200E000BFBB69FF2BC6
:101FD00001D87B6801E07B6804337B61BB69FF2B20
:101FE00002D87B6A9B0002E07B6A083B9B003B6156
:101FF0007B691A680F213B6901FA03F3DB431A403E
:10200000396A3B6901FA03F31A437B691A603B683A
:102010005B6803F08053002B00F0B1804D4B9B694F
:102020004C4A43F0010393614A4B9B6903F001035F
:10203000BB60BB68484A7B6A9B08023352F8233076
:10204000FB607B6A03F003039B000F2202FA03F399
:10205000DB43FA681340FB607B68404A934213D02D
:102060007B683F4A93420DD07B683E4A934207D03B
:102070007B683D4A934201D1032306E0042304E038
:10208000022302E0012300E000237A6A02F0030247
:1020900092009340FA681343FB602F497B6A9B08C8
:1020A0000233FA6841F823203B685B6803F480132D
:1020B000002B06D02D4B9A682C49BB6913438B60CB
:1020C00006E02A4B9A68BB69DB43284913408B60C2
:1020D0003B685B6803F40013002B06D0234BDA68DF
:1020E0002249BB691343CB6006E0204BDA68BB6929
:1020F000DB431E491340CB603B685B6803F400334D
:10210000002B06D0194B5A681849BB6913434B6022
:1021100006E0164B5A68BB69DB43144913404B6019
:102120003B685B6803F48033002B21D00F4B1A68A7
:102130000E49BB6913430B6021E000BF0000321061
:1021400000003110000022100000211000001210C9
:102150000000111000100240000001400008014082
:10216000000C014000100140001401400004014037
:102170000B4B1A68BB69DB43094913400B607B6A50
:1021800001337B623B681A687B6A22FA03F3002BF7
:102190007FF48EAE00BF00BF2C37BD4680BC7047B9
:1021A0000004014080B489B000AF7860396000233A
:1021B000FB619AE00122FB6902FA03F33A681340DB
:1021C000BB61BB69002B00F08D804E4AFB699B0808
:1021D000023352F823307B61FB6903F003039B0059
:1021E0000F2202FA03F37A6913407B617B68464A47
:1021F000934213D07B68454A93420DD07B68444A92
:10220000934207D07B68434A934201D1032306E0FF
:10221000042304E0022302E0012300E00023FA6922
:1022200002F00302920093407A699A4232D13A4B0B
:102230001A68BB69DB43384913400B60364B5A6858
:10224000BB69DB43344913404B60334BDA68BB69ED
:10225000DB4331491340CB602F4B9A68BB69DB43AA
:102260002D4913408B60FB6903F003039B000F2291
:1022700002FA03F37B61234AFB699B08023352F89D
:1022800023107B69DA431F48FB699B080A4002332D
:1022900040F82320BB69FF2B01D87B6801E07B68F5
:1022A00004333B61BB69FF2B02D8FB699B0002E052
:1022B000FB69083B9B00FB603B691A680F21FB68C8
:1022C00001FA03F3DB431A400421FB6801FA03F32C
:1022D0001A433B691A607B68DA68BB69DB431A40C2
:1022E0007B68DA60FB690133FB613A68FB6922FABB
:1022F00003F3002B7FF45EAF00BF00BF2437BD4661
:1023000080BC70470000014000080140000C014003
:1023100000100140001401400004014080B584B069
:1023200000AF78607B68002B01D101232BE17B6833
:1023300093F83D30DBB2002B06D17B68002283F896
:102340003C207868FFF77AFA7B68242283F83D20E6
:102350007B681B681A687B681B6822F001021A60A0
:102360007B681B681A687B681B6842F400421A602D
:102370007B681B681A687B681B6822F400421A603D
:1023800001F02CFCF8607B685B68814A934207D8B7
:10239000FB68804A934294BF01230023DBB206E02E
:1023A000FB687D4A934294BF01230023DBB2002BDC
:1023B00001D00123E7E0FB68784AA2FB03239B0CD2
:1023C000BB607B681B685B6823F03F017B681B6810
:1023D000BA680A435A607B681B681B6A23F03F0196
:1023E0007B685B686A4A934202D8BB68013309E0A4
:1023F000BB684FF4967202FB03F3694AA2FB032306
:102400009B0901337A6812680B4313627B681B686F
:10241000DB6923F44F4222F0FF027B685B685C4972
:102420008B4219D8FB68591E7B685B685B00B1FB67
:10243000F3F3591C40F6FC730B40002B0AD0FB68E9
:10244000591E7B685B685B00B1FBF3F30133C3F398
:102450000B0351E004234FE07B689B68002B11D1F4
:10246000FB68581E7B6859680B465B000B44B0FB49
:10247000F3F30133C3F30B03002B0CBF0123002341
:10248000DBB212E0FB68581E7B6859680B469B0064
:102490000B4499000B44B0FBF3F30133C3F30B037C
:1024A000002B0CBF01230023DBB2002B01D0012342
:1024B00022E07B689B68002B0ED1FB68581E7B686E
:1024C00059680B465B000B44B0FBF3F30133C3F3D5
:1024D0000B0343F400430FE0FB68581E7B68596808
:1024E0000B469B000B4499000B44B0FBF3F3013304
:1024F000C3F30B0343F44043796809681343CB618A
:102500007B681B681B6823F0C0017B68DA697B6805
:102510001B6A1A437B681B680A431A607B681B6846
:102520009B6823F4034323F0FF037A6811697A68F8
:10253000D26811437A6812680B4393607B681B680A
:10254000DB6823F0FF017B685A697B689B691A434B
:102550007B681B680A43DA607B681B681A687B68C3
:102560001B6842F001021A607B6800221A647B68D3
:10257000202283F83D207B6800221A637B680022BA
:1025800083F83E20002318461037BD4680BD00BFAB
:10259000A08601007F841E00FF083D0083DE1B43F0
:1025A000D34D621080B582B000AF78607B68002B9D
:1025B00001D1012321E07B68242283F83D207B6840
:1025C0001B681A687B681B6822F001021A60786831
:1025D000FFF772F97B6800221A647B68002283F897
:1025E0003D207B6800221A637B68002283F83E202E
:1025F0007B68002283F83C20002318460837BD463C
:1026000080BD000080B588B002AFF8600846114672
:102610001A4603467B810B463B811346FB80FFF73E
:102620002BFB7861FB6893F83D30DBB2202B40F048
:10263000D9807B690093192301226D49F86800F065
:10264000CDFC0346002B01D00223CCE0FB6893F8BD
:102650003C30012B01D10223C5E0FB68012283F845
:102660003C20FB681B681B6803F00103012B07D0AB
:10267000FB681B681A68FB681B6842F001021A605D
:10268000FB681B681A68FB681B6822F400621A600A
:10269000FB68212283F83D20FB68402283F83E201E
:1026A000FB6800221A64FB683A6A5A62FB68BA8CBB
:1026B0005A85FB685B8D9AB2FB681A85FB684D4AA8
:1026C000DA62F8883A8979897B690193BB6A009359
:1026D0000346F86800F004FB0346002B52D00123A8
:1026E00081E07A69B96AF86800F092FD0346002B30
:1026F0000DD0FB681B6C042B07D1FB681B681A68A4
:10270000FB681B6842F400721A6001236BE0FB68EF
:102710005B6A1A78FB681B681A61FB685B6A5A1C63
:10272000FB685A62FB681B8D013B9AB2FB681A85F5
:10273000FB685B8D9BB2013B9AB2FB685A85FB68D4
:102740001B685B6903F00403042B1BD1FB681B8D22
:10275000002B17D0FB685B6A1A78FB681B681A614C
:10276000FB685B6A5A1CFB685A62FB681B8D013B65
:102770009AB2FB681A85FB685B8D9BB2013B9AB2EB
:10278000FB685A85FB681B8D002BAAD17A69B96A50
:10279000F86800F085FD0346002B0DD0FB681B6C2C
:1027A000042B07D1FB681B681A68FB681B6842F49E
:1027B00000721A60012316E0FB681B681A68FB6848
:1027C0001B6842F400721A60FB68202283F83D20E7
:1027D000FB68002283F83E20FB68002283F83C203F
:1027E000002300E0022318461837BD4680BD00BF15
:1027F000020010000000FFFF80B58CB002AFF8604F
:10280000084611461A4603467B810B463B81134618
:10281000FB8000233B62FFF72FFA7862FB6893F896
:102820003D30DBB2202B40F050827B6A00931923AD
:1028300001228249F86800F0D1FB0346002B01D049
:10284000022343E2FB6893F83C30012B01D10223C1
:102850003CE2FB68012283F83C20FB681B681B6894
:1028600003F00103012B07D0FB681B681A68FB68A3
:102870001B6842F001021A60FB681B681A68FB685B
:102880001B6822F400621A60FB68222283F83D2054
:10289000FB68402283F83E20FB6800221A64FB6834
:1028A0003A6B5A62FB68BA8E5A85FB685B8D9AB2A6
:1028B000FB681A85FB68624ADA62F8883A89798986
:1028C0007B6A0193BB6B00930346F86800F09EFAA5
:1028D0000346002B01D00123F8E1FB681B8D002B80
:1028E00013D10023FB61FB681B685B69FB61FB681C
:1028F0001B689B69FB61FB69FB681B681A68FB68C6
:102900001B6842F400721A60CCE1FB681B8D012B3E
:102910001ED1FB681B681A68FB681B6822F4806282
:102920001A6072B600BF0023BB61FB681B685B695D
:10293000BB61FB681B689B69BB61BB69FB681B686B
:102940001A68FB681B6842F400721A6062B635E0D0
:10295000FB681B8D022B1ED1FB681B681A68FB6885
:102960001B6842F400621A6072B600BF00237B61EC
:10297000FB681B685B697B61FB681B689B697B610B
:102980007B69FB681B681A68FB681B6822F480621D
:102990001A6062B612E0FB681B681A68FB681B6865
:1029A00042F480621A6000233B61FB681B685B692C
:1029B0003B61FB681B689B693B613B6972E1FB689B
:1029C0001B8D032B00F21F81FB681B8D012B23D174
:1029D0007A6AB96BF86800F0ABFC0346002B01D0B3
:1029E000012373E1FB681B681A69FB685B6AD2B25A
:1029F0001A70FB685B6A5A1CFB685A62FB681B8D85
:102A0000013B9AB2FB681A85FB685B8D9BB2013B68
:102A10009AB2FB685A8545E1FB681B8D022B52D1A7
:102A20007B6A0093BB6B00220649F86800F0D6FA77
:102A30000346002B08D0012348E100BF020010002C
:102A40000000FFFF0400010072B600BFFB681B68B6
:102A50001A68FB681B6842F400721A60FB681B6806
:102A60001A69FB685B6AD2B21A70FB685B6A5A1C0F
:102A7000FB685A62FB681B8D013B9AB2FB681A85A2
:102A8000FB685B8D9BB2013B9AB2FB685A8562B6CC
:102A900000BFFB681B681A69FB685B6AD2B21A70D8
:102AA000FB685B6A5A1CFB685A62FB681B8D013B22
:102AB0009AB2FB681A85FB685B8D9BB2013B9AB2A8
:102AC000FB685A85EEE07B6A0093BB6B002281496C
:102AD000F86800F083FA0346002B01D00123F5E0EB
:102AE000FB681B681A68FB681B6822F480621A6026
:102AF00072B600BFFB681B681A69FB685B6AD2B2DA
:102B00001A70FB685B6A5A1CFB685A62FB681B8D73
:102B1000013B9AB2FB681A85FB685B8D9BB2013B57
:102B20009AB2FB685A856C4B1B68DB086B4AA2FBA8
:102B300003231A0A13469B001344DA00D31A3B629C
:102B40003B6A013B3B623B6A002B18D1FB680022C9
:102B50001A63FB68202283F83D20FB68002283F87B
:102B60003E20FB681B6C43F02002FB681A6462B6CF
:102B700000BFFB68002283F83C200123A6E0FB682D
:102B80001B685B6903F00403042BD9D1FB681B6845
:102B90001A68FB681B6842F400721A60FB681B68C5
:102BA0001A69FB685B6AD2B21A70FB685B6A5A1CCE
:102BB000FB685A62FB681B8D013B9AB2FB681A8561
:102BC000FB685B8D9BB2013B9AB2FB685A8562B68B
:102BD00000BFFB681B681A69FB685B6AD2B21A7097
:102BE000FB685B6A5A1CFB685A62FB681B8D013BE1
:102BF0009AB2FB681A85FB685B8D9BB2013B9AB267
:102C0000FB685A854EE07A6AB96BF86800F090FB71
:102C10000346002B01D0012358E0FB681B681A69AA
:102C2000FB685B6AD2B21A70FB685B6A5A1CFB686D
:102C30005A62FB681B8D013B9AB2FB681A85FB68E0
:102C40005B8D9BB2013B9AB2FB685A85FB681B689F
:102C50005B6903F00403042B24D1FB681B8D032B59
:102C600007D1FB681B681A68FB681B6822F4806246
:102C70001A60FB681B681A69FB685B6AD2B21A703B
:102C8000FB685B6A5A1CFB685A62FB681B8D013B40
:102C90009AB2FB681A85FB685B8D9BB2013B9AB2C6
:102CA000FB685A85FB681B8D002B7FF488AEFB68A0
:102CB000202283F83D20FB68002283F83E20FB6839
:102CC000002283F83C20002300E002231846283726
:102CD000BD4680BD040001000000002089B5F81445
:102CE00080B588B002AFF860084611461A46034620
:102CF0007B810B463B811346FB80FB681B681A688F
:102D0000FB681B6842F480721A607B6A00933B6A1E
:102D100000224FF00111F86800F060F90346002B23
:102D20000DD0FB681B681B6803F48073B3F5807FCC
:102D300003D1FB684FF400721A6403235FE07B89C0
:102D4000DBB21A46FB681B6802F0FE021A617B6A5E
:102D50003A6A2D49F86800F0BBF90346002B01D010
:102D600001234CE000237B61FB681B685B697B618E
:102D7000FB681B689B697B617B697A6A396AF868C2
:102D800000F046FA0346002B0DD0FB681B6C042BA9
:102D900007D1FB681B681A68FB681B6842F4007265
:102DA0001A6001232BE0FB88012B05D13B89DAB2A5
:102DB000FB681B681A6121E03B891B0A9BB2DAB2EF
:102DC000FB681B681A617A6A396AF86800F020FAB1
:102DD0000346002B0DD0FB681B6C042B07D1FB684E
:102DE0001B681A68FB681B6842F400721A600123B2
:102DF00005E03B89DAB2FB681B681A6100231846BC
:102E00001837BD4680BD00BF0200010080B588B004
:102E100002AFF860084611461A4603467B810B460E
:102E20003B811346FB80FB681B681A68FB681B68C4
:102E300042F480621A60FB681B681A68FB681B68B2
:102E400042F480721A607B6A00933B6A00224FF062
:102E50000111F86800F0C2F80346002B0DD0FB68A2
:102E60001B681B6803F48073B3F5807F03D1FB6894
:102E70004FF400721A640323AAE07B89DBB21A467E
:102E8000FB681B6802F0FE021A617B6A3A6A5249CB
:102E9000F86800F01DF90346002B01D0012397E0EC
:102EA00000237B61FB681B685B697B61FB681B68B7
:102EB0009B697B617B697A6A396AF86800F0A8F9D6
:102EC0000346002B0DD0FB681B6C042B07D1FB685D
:102ED0001B681A68FB681B6842F400721A600123C1
:102EE00076E0FB88012B05D13B89DAB2FB681B68D1
:102EF0001A6121E03B891B0A9BB2DAB2FB681B68AE
:102F00001A617A6A396AF86800F082F90346002B80
:102F10000DD0FB681B6C042B07D1FB681B681A687B
:102F2000FB681B6842F400721A60012350E03B8981
:102F3000DAB2FB681B681A617A6A396AF86800F0CD
:102F400067F90346002B0DD0FB681B6C042B07D1DF
:102F5000FB681B681A68FB681B6842F400721A6001
:102F6000012335E0FB681B681A68FB681B6842F4A4
:102F700080721A607B6A00933B6A00224FF0011155
:102F8000F86800F02BF80346002B0DD0FB681B6897
:102F90001B6803F48073B3F5807F03D1FB684FF4A3
:102FA00000721A64032313E07B89DBB243F0010350
:102FB000DAB2FB681B681A617B6A3A6A0649F868EC
:102FC00000F086F80346002B01D0012300E0002327
:102FD00018461837BD4680BD0200010080B584B098
:102FE00000AFF860B9603B601346FB7148E03B6896
:102FF000B3F1FF3F44D0FEF73FFE0246BB69D31A50
:103000003A689A4202D33B68002B39D1BB681B0C4B
:10301000DBB2012B0DD1FB681B685B69DA43BB682F
:1030200013409BB2002B0CBF01230023DBB21A46D6
:103030000CE0FB681B689B69DA43BB6813409BB2DA
:10304000002B0CBF01230023DBB21A46FB799A4206
:1030500016D1FB6800221A63FB68202283F83D200A
:10306000FB68002283F83E20FB681B6C43F02002C3
:10307000FB681A64FB68002283F83C20012323E0EC
:10308000BB681B0CDBB2012B0DD1FB681B685B69B5
:10309000DA43BB6813409BB2002B0CBF0123002313
:1030A000DBB21A460CE0FB681B689B69DA43BB681D
:1030B00013409BB2002B0CBF01230023DBB21A4646
:1030C000FB799A4293D0002318461037BD4680BD45
:1030D00080B584B000AFF860B9607A603B6071E0A1
:1030E000FB681B685B6903F48063B3F5806F23D1D1
:1030F000FB681B681A68FB681B6842F400721A6060
:10310000FB681B686FF480625A61FB6800221A63D7
:10311000FB68202283F83D20FB68002283F83E20D4
:10312000FB681B6C43F00402FB681A64FB68002216
:1031300083F83C20012367E07B68B3F1FF3F41D077
:10314000FEF79AFD02463B68D31A7A689A4202D388
:103150007B68002B36D1BB681B0CDBB2012B0CD17A
:10316000FB681B685B69DA43BB6813409BB2002BAA
:1031700014BF01230023DBB20BE0FB681B689B69D3
:10318000DA43BB6813409BB2002B14BF012300231A
:10319000DBB2002B16D0FB6800221A63FB682022EA
:1031A00083F83D20FB68002283F83E20FB681B6CFF
:1031B00043F02002FB681A64FB68002283F83C207D
:1031C000012321E0BB681B0CDBB2012B0CD1FB6897
:1031D0001B685B69DA43BB6813409BB2002B14BFCA
:1031E00001230023DBB20BE0FB681B689B69DA4319
:1031F000BB6813409BB2002B14BF01230023DBB23A
:10320000002B7FF46DAF002318461037BD4680BDFC
:1032100080B584B000AFF860B9607A6034E0F868D7
:1032200000F0E3F80346002B01D0012334E0BB6833
:10323000B3F1FF3F28D0FEF71FFD02467B68D31A8B
:10324000BA689A4202D3BB68002B1DD1FB681B6889
:103250005B6903F08003802B16D0FB6800221A63A1
:10326000FB68202283F83D20FB68002283F83E2083
:10327000FB681B6C43F02002FB681A64FB680022A9
:1032800083F83C20012307E0FB681B685B6903F0BF
:103290008003802BC3D1002318461037BD4680BD64
:1032A00080B584B000AFF860B9607A6034E0F86847
:1032B00000F09BF80346002B01D0012334E0BB68EB
:1032C000B3F1FF3F28D0FEF7D7FC02467B68D31A44
:1032D000BA689A4202D3BB68002B1DD1FB681B68F9
:1032E0005B6903F00403042B16D0FB6800221A6309
:1032F000FB68202283F83D20FB68002283F83E20F3
:10330000FB681B6C43F02002FB681A64FB68002218
:1033100083F83C20012307E0FB681B685B6903F02E
:103320000403042BC3D1002318461037BD4680BDCB
:1033300080B584B000AFF860B9607A6049E0FB689E
:103340001B685B6903F01003102B19D1FB681B6825
:103350006FF010025A61FB6800221A63FB6820229A
:1033600083F83D20FB68002283F83E20FB681A6C3E
:10337000FB681A64FB68002283F83C20012330E0DC
:10338000FEF77AFC02467B68D31ABA689A4202D3E7
:10339000BB68002B1DD1FB681B685B6903F0400311
:1033A000402B16D0FB6800221A63FB68202283F8AA
:1033B0003D20FB68002283F83E20FB681B6C43F035
:1033C0002002FB681A64FB68002283F83C2001237A
:1033D00007E0FB681B685B6903F04003402BAED13C
:1033E000002318461037BD4680BD80B483B000AFBF
:1033F00078607B681B685B6903F48063B3F5806F5A
:103400001BD17B681B686FF480625A617B68002265
:103410001A637B68202283F83D207B68002283F8B2
:103420003E207B681B6C43F004027B681A647B6857
:10343000002283F83C20012300E0002318460C37CB
:10344000BD4680BC7047000080B586B000AF786094
:103450007B68002B01D1012372E27B681B6803F0BB
:103460000103002B00F08780924B5B6803F00C0394
:10347000042B0CD08F4B5B6803F00C03082B12D18C
:103480008C4B5B6803F48033B3F5803F0BD1894BE1
:103490001B6803F40033002B6CD07B685B68002B47
:1034A00068D101234CE27B685B68B3F5803F06D1AD
:1034B000804B1B687F4A43F4803313602EE07B68A7
:1034C0005B68002B0CD17B4B1B687A4A23F480335A
:1034D0001360784B1B68774A23F4802313601DE048
:1034E0007B685B68B3F5A02F0CD1724B1B68714AE7
:1034F00043F4802313606F4B1B686E4A43F48033A0
:1035000013600BE06B4B1B686A4A23F48033136033
:10351000684B1B68674A23F4802313607B685B68F1
:10352000002B13D0FEF7A8FB386108E0FEF7A4FBE0
:1035300002463B69D31A642B01D9032300E25D4B99
:103540001B6803F40033002BF0D014E0FEF794FB6B
:10355000386108E0FEF790FB02463B69D31A642B02
:1035600001D90323ECE1534B1B6803F40033002B18
:10357000F0D100E000BF7B681B6803F00203002B62
:1035800063D04C4B5B6803F00C03002B0BD0494B12
:103590005B6803F00C03082B1CD1464B5B6803F4FB
:1035A0008033002B16D1434B1B6803F00203002B22
:1035B00005D07B681B69012B01D00123C0E13D4B85
:1035C0001B6823F0F8027B685B69DB003949134311
:1035D0000B603AE07B681B69002B20D0364B012240
:1035E0001A60FEF749FB386108E0FEF745FB02462A
:1035F0003B69D31A022B01D90323A1E12D4B1B6890
:1036000003F00203002BF0D02A4B1B6823F0F802D2
:103610007B685B69DB00274913430B6015E0264B91
:1036200000221A60FEF728FB386108E0FEF724FB51
:1036300002463B69D31A022B01D9032380E11D4BBB
:103640001B6803F00203002BF0D17B681B6803F0BA
:103650000803002B3AD07B689B69002B19D0174BCD
:1036600001221A60FEF708FB386108E0FEF704FB50
:1036700002463B69D31A022B01D9032360E10D4BAB
:103680005B6A03F00203002BF0D0012000F0CEFAB9
:103690001CE00A4B00221A60FEF7EEFA38610FE0D8
:1036A000FEF7EAFA02463B69D31A022B08D9032334
:1036B00046E100BF00100240000042428004424246
:1036C000924B5B6A03F00203002BE9D17B681B6815
:1036D00003F00403002B00F0A6800023FB758B4B46
:1036E000DB6903F08053002B0DD1884BDB69874ADF
:1036F00043F08053D361854BDB6903F08053BB609B
:10370000BB680123FB75824B1B6803F48073002B9D
:1037100018D17F4B1B687E4A43F480731360FEF719
:10372000ABFA386108E0FEF7A7FA02463B69D31A04
:10373000642B01D9032303E1754B1B6803F48073E9
:10374000002BF0D07B68DB68012B06D16F4B1B6A26
:103750006E4A43F0010313622DE07B68DB68002BA7
:103760000CD16A4B1B6A694A23F001031362674B51
:103770001B6A664A23F0040313621CE07B68DB6863
:10378000052B0CD1614B1B6A604A43F004031362A2
:103790005E4B1B6A5D4A43F0010313620BE05B4B17
:1037A0001B6A5A4A23F001031362584B1B6A574A9B
:1037B00023F0040313627B68DB68002B15D0FEF74F
:1037C0005BFA38610AE0FEF757FA02463B69D31A02
:1037D00041F28832934201D90323B1E04B4B1B6A7B
:1037E00003F00203002BEED014E0FEF745FA386137
:1037F0000AE0FEF741FA02463B69D31A41F28832E9
:10380000934201D903239BE0404B1B6A03F0020360
:10381000002BEED1FB7D012B05D13C4BDB693B4AF4
:1038200023F08053D3617B68DB69002B00F0878035
:10383000364B5B6803F00C03082B61D07B68DB69B7
:10384000022B46D1334B00221A60FEF715FA38617D
:1038500008E0FEF711FA02463B69D31A022B01D9A0
:1038600003236DE0294B1B6803F00073002BF0D19C
:103870007B681B6AB3F5803F08D1244B5B6823F457
:1038800000327B689B68214913434B601F4B5B6888
:1038900023F474127B68196A7B685B6A0B431B49CB
:1038A00013434B601B4B01221A60FEF7E5F93861A8
:1038B00008E0FEF7E1F902463B69D31A022B01D971
:1038C00003233DE0114B1B6803F00073002BF0D085
:1038D00035E0104B00221A60FEF7CEF9386108E09F
:1038E000FEF7CAF902463B69D31A022B01D903231A
:1038F00026E0064B1B6803F00073002BF0D11EE09E
:103900007B68DB69012B07D1012319E0001002401D
:1039100000700040600042420B4B5B68FB60FB683C
:1039200003F480327B681B6A9A4206D1FB6803F479
:1039300070127B685B6A9A4201D0012300E0002389
:1039400018461837BD4680BD0010024080B584B0CF
:1039500000AF786039607B68002B01D10123D0E093
:103960006A4B1B6803F007033A689A4210D9674B09
:103970001B6823F0070265493B6813430B60634BE8
:103980001B6803F007033A689A4201D00123B8E0AC
:103990007B681B6803F00203002B20D07B681B6848
:1039A00003F00403002B05D0594B5B68584A43F4DD
:1039B000E06353607B681B6803F00803002B05D0AD
:1039C000534B5B68524A43F460535360504B5B68FF
:1039D00023F0F0027B689B684D4913434B607B6882
:1039E0001B6803F00103002B40D07B685B68012B50
:1039F00007D1474B1B6803F40033002B15D101237B
:103A00007FE07B685B68022B07D1414B1B6803F0AA
:103A10000073002B09D1012373E03D4B1B6803F0B9
:103A20000203002B01D101236BE0394B5B6823F0CB
:103A300003027B685B68364913434B60FEF71CF951
:103A4000F8600AE0FEF718F90246FB68D31A41F263
:103A50008832934201D9032353E02D4B5B6803F076
:103A60000C027B685B689B009A42EBD1274B1B687A
:103A700003F007033A689A4210D2244B1B6823F0E4
:103A8000070222493B6813430B60204B1B6803F07D
:103A900007033A689A4201D0012332E07B681B6831
:103AA00003F00403002B08D0194B5B6823F4E06299
:103AB0007B68DB68164913434B607B681B6803F027
:103AC0000803002B09D0124B5B6823F460527B681B
:103AD0001B69DB000E4913434B6000F021F80246DE
:103AE0000B4B5B681B0903F00F030A49CB5C22FAFE
:103AF00003F3094A1360094B1B681846FEF77AF86E
:103B0000002318461037BD4680BD00BF002002408C
:103B100000100240A48800080000002004000020DB
:103B200080B487B000AF0023FB600023BB6000239C
:103B30007B6100237B6000233B611E4B5B68FB6065
:103B4000FB6803F00C03042B02D0082B03D027E002
:103B5000194B3B6127E0FB689B0C03F00F03174AEE
:103B6000D35C7B60FB6803F48033002B10D0114BD7
:103B70005B685B0C03F00103114AD35CBB607B689C
:103B80000D4A03FB02F2BB68B2FBF3F37B6104E076
:103B90007B680C4A02FB03F37B617B693B6102E0BB
:103BA000054B3B6100BF3B6918461C37BD4680BCD6
:103BB000704700BF0010024000127A00BC88000865
:103BC000CC88000800093D0080B400AF024B1B68A0
:103BD0001846BD4680BC70470000002080B500AF8D
:103BE000FFF7F2FF0246054B5B681B0A03F0070371
:103BF0000349CB5C22FA03F3184680BD0010024053
:103C0000B488000880B500AFFFF7DEFF0246054B21
:103C10005B68DB0A03F007030349CB5C22FA03F37A
:103C2000184680BD00100240B488000880B485B0FA
:103C300000AF78600A4B1B680A4AA2FB03235B0AA9
:103C40007A6802FB03F3FB6000BFFB685A1EFA6050
:103C5000002BF9D100BF00BF1437BD4680BC7047B0
:103C600000000020D34D621080B582B000AF7860B4
:103C70007B68002B01D1012342E07B6893F841303F
:103C8000DBB2002B06D17B68002283F840207868E5
:103C9000FDF734FE7B68242283F841207B681B6893
:103CA000DA687B681B6822F40052DA60786800F0FA
:103CB00071F97B681B681A697B681B6822F4904263
:103CC0001A617B681B685A697B681B6822F02A02AC
:103CD0005A617B681B68DA687B681B6842F4005293
:103CE000DA607B6800225A647B68202283F84120D6
:103CF0007B68202283F842207B6800225A630023DD
:103D000018460837BD4680BD80B58AB002AFF8605E
:103D1000B9603B601346FB8000237B61FB6893F82E
:103D20004130DBB2202B75D1BB68002B02D0FB8861
:103D3000002B01D101236EE0FB6800225A64FB686E
:103D4000212283F84120FDF797FF7861FB68FA880C
:103D50009A84FB68FA88DA84FB689B68B3F5805F15
:103D600008D1FB681B69002B04D10023FB61BB68F1
:103D7000BB6103E0BB68FB610023BB612EE03B68D5
:103D800000937B6900228021F86800F048F8034620
:103D9000002B05D0FB68202283F8412003233AE062
:103DA000FB69002B0BD1BB691B881A46FB681B689B
:103DB000C2F308025A60BB690233BB6107E0FB69CA
:103DC0001A78FB681B685A60FB690133FB61FB686A
:103DD000DB8C9BB2013B9AB2FB68DA84FB68DB8C1C
:103DE0009BB2002BCBD13B6800937B690022402122
:103DF000F86800F014F80346002B05D0FB68202279
:103E000083F84120032306E0FB68202283F8412049
:103E1000002300E0022318462037BD4680BD80B550
:103E200086B000AFF860B9603B601346FB713BE0C1
:103E30003B6AB3F1FF3F37D0FDF71EFF02463B68F8
:103E4000D31A3A6A9A4202D33B6A002B01D1032368
:103E50003AE0FB681B68DB6803F00403002B23D007
:103E6000BB68802B20D0BB68402B1DD0FB681B6833
:103E70001B6803F00803082B16D100237B61FB6845
:103E80001B681B687B61FB681B685B687B617B69E7
:103E9000F86800F01DF8FB6808225A64FB680022ED
:103EA00083F8402001230FE0FB681B681A68BB6899
:103EB0001340BA689A420CBF01230023DBB21A46B2
:103EC000FB799A42B4D0002318461837BD4680BD0E
:103ED00080B495B000AF78607B681B680C337B635F
:103EE0007B6B53E8003F3B633B6B23F49073FB64B5
:103EF0007B681B680C33FA6C3A64FB63F96B3A6CB1
:103F000041E80023BB63BB6B002BE5D17B681B68DA
:103F100014333B623B6A53E8003FFB61FB6923F0CB
:103F20000103BB647B681B681433BA6CFA62BB6222
:103F3000B96AFA6A41E800237B627B6A002BE5D10B
:103F40007B681B6B012B19D17B681B680C33FB60F2
:103F5000FB6853E8003FBB60BB6823F010037B6441
:103F60007B681B680C337A6CBA617B617969BA69CA
:103F700041E800233B613B69002BE5D17B682022AF
:103F800083F842207B6800221A6300BF5437BD4685
:103F900080BC704780B584B000AF78607B681B68D8
:103FA0001B6923F440517B68DA687B681B680A430D
:103FB0001A617B689A687B681B691A437B685B6936
:103FC0001343BB607B681B68DB6823F4B05323F0AA
:103FD0000C037A681268B9680B43D3607B681B686E
:103FE0005B6923F440717B689A697B681B680A43AC
:103FF0005A617B681B682C4A934203D1FFF702FE8B
:10400000F86002E0FFF7EAFDF860FA6813469B00EB
:1040100013449A001A447B685B689B00B2FBF3F37D
:10402000224AA2FB03235B091901FA6813469B008D
:1040300013449A001A447B685B689B00B2FBF3F25E
:104040001A4BA3FB02035B09642000FB03F3D31AA2
:104050001B013233154AA2FB03235B0903F0F00373
:104060001944FA6813469B0013449A001A447B686B
:104070005B689B00B2FBF3F20C4BA3FB02035B09F2
:10408000642000FB03F3D31A1B013233074AA2FB5F
:1040900003235B0903F00F027B681B680A449A60E4
:1040A00000BF1037BD4680BD003801401F85EB5171
:1040B000002B2DE9F0471D46BBBF03F100431D4611
:1040C00000232D2388B01446B8BF1446129A109EC0
:1040D0001370149BDDF84CA023F02008B8F1460FB4
:1040E00005D0B8F1450F00D10136022300E00323CB
:1040F00007AA049206AACDE902A2CDE9003622461B
:104100002B4601F07DF8B8F1470F074619D1119BF6
:10411000DB070ED500EB06090022002320462946C6
:10412000FCF742FC08B1CDF81C903022079B4B45B0
:104130001ED33846079B159ADB1B136008B0BDE8F9
:10414000F087B8F1460F00EB0609E5D10378302B74
:104150000AD10022002320462946FCF725FC18B985
:10416000C6F10106CAF80060DAF800309944D3E7D6
:10417000591C07911A70D9E7F7B50029B6BF2D234E
:104180002B23494209290270437029DD0DF10703F1
:104190001D460A27B1FBF7F61A4607FB1614303402
:1041A00002F8014C0C46632C314603F1FF33F1DC7D
:1041B0003031941E03F8011C2346411CAB420AD344
:1041C0000DF109039B1AAC4288BF0023023303445C
:1041D000181A03B0F0BD13F8016B01F8016FEDE799
:1041E000302330318370C170031DF1E72DE9F04FAA
:1041F00091B00C46DDF8688016461F46054600F073
:10420000EBFE036818460893FBF7A2FF00230E930A
:10421000D8F800300990073323F0070303F10802B0
:1042200094F818A0D4F800B0C8F80020D3E90089A9
:1042300029F000430B93CDF828804FF0FF32DDE9E1
:104240000A01C4E912899C4BFCF7E0FB70BBDDE975
:104250000A014FF0FF32984BFCF7BAFB30BB00224B
:10426000002340464946FCF7A9FB10B12D2384F8F2
:104270004330924A924BBAF1470F8CBF9046984612
:1042800003234FF0000923612BF00403236033461E
:104290002146284600970FAA00F0D4F9013040F0DB
:1042A00090804FF0FF3011B0BDE8F08F42464B4692
:1042B00040464946FCF7AAFB48B14B46002BB8BF25
:1042C0002D23804AB8BF84F843307F4BD3E763681F
:1042D0000AF0DF015A1C3FD10623636000224BF431
:1042E0008063236006920EAACDE904A20DAA039270
:1042F0000DF13302CDE9013263684246009328464E
:104300004B460A91FFF7D4FE0A99804647290D993A
:1043100028D1C81C02DB6368994240DDAAF1020A79
:104320005FFA8AFA5246013904F150000D91FFF705
:1043300023FF0E9A81461318012A236102DC2268AA
:10434000D20701D5013323619DF83330002B9ED075
:104350002D2384F843309AE74729BFD1002BBDD1E4
:104360000123BAE7BAF1650FDCD9BAF1660F18D1AB
:10437000002963680BDD216113B92268D00702D5DB
:1043800001330B4423614FF00009A165DCE713B949
:104390002268D20701D50233F4E70123F2E74FF098
:1043A000670A0E9B994205DB23682161D807EAD58D
:1043B0004B1CE7E70029CCBF0122C1F102021344E4
:1043C000E0E723685A0507D4236942463146284668
:1043D000B84701302BD164E7BAF1650F40F2DC80B9
:1043E000D4E9120100220023FCF7DEFA002833D0C2
:1043F000012331462846354AB84701303FF451AFD2
:10440000DDE90D38434502DB2368D8070FD5DDE928
:10441000082331462846B84701303FF442AF4FF0F9
:10442000000908F1FF3804F11A0AC84509DC2368BD
:104430009B0700F10281E0680F9B9842B8BF1846C5
:1044400031E70123524631462846B84701303FF450
:1044500028AF09F10109E8E70D9B002B38DC0123A7
:1044600031462846194AB84701303FF41AAFDDE912
:104470000D3959EA030302D12368D907D7D5DDE9FD
:10448000082331462846B84701303FF40AAF4FF0C1
:10449000000A04F11A0B0D9B5B42534501DC4B46AD
:1044A00093E701235A4631462846B84701303FF486
:1044B000F8AE0AF1010AEEE7FFFFEF7FD2880008AD
:1044C000CE880008DA880008D6880008DE88000850
:1044D000A36DDDF838A05345A8BF5346002B99467D
:1044E00036DC4FF0000B29EAE97904F11A02A36DDA
:1044F0000A93A3EB09035B4531DC0D9B9A453ADC3B
:104500002368DA0737D40D9BAAEB03090A9BAAEBB1
:1045100003039945A8BF9946B9F1000F33DC4FF06A
:10452000000829EAE97904F11A0B0D9BAAEB0303B1
:10453000A3EB090343457FF77AAF01235A4631467F
:104540002846B84701303FF4ACAE08F10108ECE76B
:10455000424631462846B8470130C2D1A1E6012380
:10456000314628460A92B84701303FF49AAE0A9A7B
:104570000BF1010BBBE73146DDE908232846B847BC
:104580000130C0D18DE60A9A4B4631462846424456
:10459000B8470130C3D184E6DDF838A0BAF1010F85
:1045A00001DCDB0736D50123424631462846B847B1
:1045B00001303FF476AEDDE9082331462846B8479E
:1045C00001303FF46EAED4E91201002200230AF15B
:1045D000FF3AFCF7E9F9C0B9534608F10102314648
:1045E0002846B84701300CD15BE601235A463146D4
:1045F0002846B84701303FF454AE08F10108D045D1
:10460000F3DB4B4604F15002E0E64FF0000804F102
:104610001A0BF4E701234246E1E701234A463146FB
:104620002846B84701303FF43CAE08F10108E36882
:104630000F995B1A4345F0DCFDE64FF0000804F1EA
:104640001909F4E72DE9F047164698468A680B6980
:1046500007469342B8BF1346336091F843200C4697
:10466000DDF820900AB1013333602368990642BF18
:10467000336802333360256815F0060506D104F16E
:10468000190AE36832689B1AAB422BDC94F843307A
:104690002268003B18BF0123920630D441463846B9
:1046A00004F14302C847013023D02368226903F094
:1046B0000603042B14BF002533684FF0000608BF23
:1046C000E56804F11A0408BFED1A54F8123C08BF5B
:1046D00025EAE5759342C4BF9B1AED18B5421AD17D
:1046E000002008E00123524641463846C8470130C1
:1046F00003D14FF0FF30BDE8F0870135C1E730202E
:10470000E11881F843005A1C94F845102244023302
:1047100082F84310C2E70123224641463846C84783
:104720000130E6D00136D9E72DE9FF470F7E9146EB
:10473000782F80460C469A460C9E01F1430207D81A
:10474000622F0AD8002F00F0D180582F00F0B880D7
:1047500004F1420684F842703AE0A7F16303152B96
:10476000F6D801A151F823F0C1470008D547000849
:1047700051470008514700085147000851470008B9
:10478000D547000851470008514700085147000825
:1047900051470008D3480008FF4700088D4800082B
:1047A0005147000851470008F548000851470008E4
:1047B000FF47000851470008514700089548000886
:1047C00033681A1D1B68326004F1420684F84230D7
:1047D00001239CE033682068191D3160060601D56D
:1047E0001D6803E04506FBD5B3F90050002D03DA40
:1047F0002D236D4284F843300A23584811E0216884
:104800003368080653F8045B02D4490648BFADB2CA
:104810006F2F336014BF0A2308235048002184F807
:1048200043106668002EA66005DB21682E4321F048
:10483000040121604BD01646B5FBF3F103FB115781
:10484000C75D06F8017D2F46BB420D46F4D9082B03
:104850000BD12368DF0708D5236961689942DEBF61
:10486000302306F8013C06F1FF36921B22614B46CD
:1048700021464046CDF800A003AAFFF7E3FE013031
:104880004AD14FF0FF3004B0BDE8F087236843F011
:10489000200323607827324884F845702368316804
:1048A0001F0651F8045B02D45F0648BFADB2316009
:1048B000D90744BF43F0200323601DB11023ADE7A7
:1048C0002648E9E7236823F020032360F6E716462D
:1048D000BDE733682568181D616930602E061B68C6
:1048E00001D5196002E06806FBD519800023164641
:1048F0002361BCE7336800211A1D32601E686268BC
:10490000304600F0E0FB08B1801B60606368236103
:10491000002384F84330AAE73246494640462369DB
:10492000D0470130ADD023689B0713D4E068039BC8
:104930009842B8BF1846A6E701233246494640468A
:10494000D04701309DD00135E36803995B1AAB4233
:10495000F2DCEBE7002504F11906F5E7E088000832
:10496000F18800082DE9F04F87B003938B689146DA
:104970005A1EB2F5AE7F82BF6FF4AE7503EB050B26
:1049800040F25D130A464FF0000588BF8B600B684C
:10499000804643F4F06342F81C3B0C4698BF4FF04E
:1049A000000B1646AA462F46CDE904550192029502
:1049B000A2685AB1D9F800301B784E2B62D8402B30
:1049C0003AD8A3F12B01C8B20E2838D91FB12368F9
:1049D00023F4807323600AF1FF3ABAF1010F00F269
:1049E0001481019B9E4200F20581012007B0BDE8C1
:1049F000F08FA3F161020D2AE8D801A151F822F04D
:104A0000494B0008CD490008CD490008CD490008B0
:104A1000A54B00087F4B0008CD490008CD49000890
:104A2000574B0008CD490008CD490008CD49000882
:104A3000CD490008134B0008A3F14102DBE70E2922
:104A4000C4D801A050F821F0034B0008CD4900085C
:104A5000034B0008934B0008CD490008A54A000805
:104A6000E94A0008E94A0008E94A0008E94A00085A
:104A7000E94A0008E94A0008E94A0008E94A00084A
:104A8000E94A00086E2B09D8602BB2D8542B7BD092
:104A9000592B9BD1072D99D108252FE0742B73D06A
:104AA000792BF6E72168C8051ED521F08001216029
:104AB0000137BBF1000F03D001320BF1FF3BA260C5
:104AC000A368013BA360236901332361D9F8043053
:104AD000013B002BC9F8043040F38380D9F8003043
:104AE0000133C9F8003063E71AEB05017FF46EAFBC
:104AF0000D468A46226822F4C072226006F8013B05
:104B0000DEE7226810067FF561AF22F080022260A6
:104B1000F4E7BAF1000F0CD177B9226802F4E06132
:104B2000B1F5E06F08D122F4F0624FF0010A226083
:104B3000E4E7BAF1020F51D0012D02D0042D7FF429
:104B400045AF0135EDB2D9E7BAF1010F7FF43EAFC1
:104B50004FF0020AD2E775B9002F7FF438AF226810
:104B600002F4E061B1F5E06F40F0FF8022F4F06202
:104B700001252260C2E7032DE3D0052DDFE7022DDA
:104B80007FF424AF0325B9E7062D7FF41FAF072577
:104B9000B4E7226891057FF519AF22F420722260F4
:104BA0000297ABE7226802F4A061B1F5806F05D0EF
:104BB00050057FF50BAF002F00F0D780910558BF4F
:104BC000029922F4F06258BF791A42F4C0724FF091
:104BD000000758BFCDE9041622608FE74FF0030AA3
:104BE0008CE749464046D4F88031984700283FF486
:104BF000DFAEEBE6D4F87C314A46404616F8011D9C
:104C000098472369013B2361EBE66B1E062B24D8F2
:104C1000022D36D8019B9E427FF6E7AED4F87C3158
:104C20004A46404616F8011D98472369013B236117
:104C3000F0E7D4F87C314A4640461BF8011D9847FE
:104C40002369013B23610AF1FF3A5FFA8AFABAF15C
:104C5000020FEED1033DEDB2761B2368DA0530D5A5
:104C60005B0511D5019B9E427FF6BFAED4F87C3127
:104C70004A46404616F8011D98472369013B2361C7
:104C8000F0E7AA46B346DEE716F8011C236965295A
:104C900003F1FF3306F1FF3523610CD045290AD01B
:104CA000D4F87C314A4640469847236916F8021CDE
:104CB000013BB51E23614A464046D4F87C319847F3
:104CC0002E46226812F0100201D000208EE63270CB
:104CD000236803F4C063B3F5806F25D1029B9F4224
:104CE0000AD0DA1B04F26F139E4228BF04F5B77690
:104CF00030461F4900F002F900224046019902F0B7
:104D0000EBFB039B25681B6815F0020F06460F4658
:104D100003F1040215D003990A601B68C3E9006718
:104D2000E3680133E360D0E7049B002BE4D00599EE
:104D30000A234046013102F04FFC049B059EC21A33
:104D4000D0E76D07E7D4039D2A601D6802460B4635
:104D5000FBF75CFE20B1074800F0C4F92860DFE7EC
:104D600030463946FBF7B0FEF8E7002733E600BFD0
:104D700002890008438A0008002310B50446C0E9F0
:104D80000033C0E90433836081814366C28183615B
:104D9000194608225C3000F016F90D4B246263625C
:104DA0000C4BA3620C4BE3620C4B23630C4B9C42F9
:104DB00006D003F16802944202D0D0339C4205D160
:104DC00004F15800BDE8104000F07AB910BD00BFF2
:104DD000414F0008634F00089B4F0008BF4F000879
:104DE000B0020020024A0349034800F069B800BF3E
:104DF0000C0000208D7900081C00002041680C4B3D
:104E000010B59942044601D002F0C0FDA168094BDB
:104E1000994202D0204602F0B9FDE168064B994262
:104E200004D02046BDE8104002F0B0BD10BD00BF68
:104E3000B0020020180300208003002010B50B4BA7
:104E40000B4C0C4A20461A6004210022FFF794FF05
:104E500004F1680001220921FFF78EFF04F1D00060
:104E60000222BDE810401221FFF786BFE8030020B0
:104E7000B0020020E54D0008014800F022B900BF53
:104E8000F1030020014800F01DB900BFF10300202C
:104E900010B50446FFF7F0FF236A1BB1BDE81040D0
:104EA000FFF7F0BF044B2362044B1B68002BF5D1C6
:104EB000FFF7C4FFF2E700BFFD4D0008E803002044
:104EC0002DE9F8430746884614460026D4E90195A3
:104ED000B9F1010905D52468002CF7D13046BDE8A9
:104EE000F883AB89012B07D9B5F90E30013303D014
:104EF00029463846C04706436835E9E70EB46FF0E7
:104F0000004110B500249DB01FAB029006900791A0
:104F100004910948094953F8042B0591006802A936
:104F200001931B9402F0B6FB029B1C701DB0BDE800
:104F3000104003B0704700BF180000200802FFFFB8
:104F400010B50C46B1F90E1000F06CF80028ABBF9C
:104F5000636DA3891B1823F48053ACBF6365A381E1
:104F600010BD2DE9F0411F468B890546DB050C4637
:104F7000164605D502230022B1F90E1000F040F8C4
:104F8000A389324623F48053A38128463B46B4F9D3
:104F90000E10BDE8F04100F057B810B50C46B1F95D
:104FA0000E1000F02DF8431CA38915BF606523F493
:104FB000805343F48053A38118BFA38110BDB1F97E
:104FC0000E1000F00DB803460244934200D1704722
:104FD00003F8011BF9E70000004870475801002062
:104FE00038B50023054D044608462B60FCF759FDF3
:104FF000431C02D12B6803B1236038BDEC030020B1
:1050000038B50446084611460022054D2A601A4666
:10501000FCF76BFD431C02D12B6803B1236038BD44
:10502000EC03002038B50446084611460022054D21
:105030002A601A46FCF7FCFC431C02D12B6803B122
:10504000236038BDEC03002038B5044608461146FD
:105050000022054D2A601A46FCF707FD431C02D1C9
:105060002B6803B1236038BDEC030020014B1868A6
:10507000704700BF1800002070B500260C4D0D4C85
:10508000641BA410A64209D103F06CFB00260A4D54
:105090000A4C641BA410A64205D170BD55F8043B10
:1050A00098470136EEE755F8043B98470136F2E79A
:1050B000FC8C0008FC8C0008FC8C0008008D0008AB
:1050C000704770477047034610B5C9B20244934217
:1050D000184601D1002003E0047801338C42F6D158
:1050E00010BD0000004870470000C07F2DE9F74F59
:1050F00003690C690746A3427EDB013CA30000F173
:10510000140501F11408009305EB8403019358F88A
:10511000243055F8242001339A42B2FBF3F608EB11
:1051200084092ED34FF0000AC446AE46D3465CF83D
:10513000043B98B206FB00A01B0C020C06FB0323E9
:10514000DEF8002080B292B2121A5A44DEF8000053
:105150004FEA134A9BB2C3EB224303EB104392B2D4
:1051600042EA0342E1454FEA234B4EF8042BDED2DC
:10517000009BEB582BB9019B043B9D421A462FD351
:105180003C61384601F0CAF9002825DB2946002099
:1051900058F8042BD1F800C01FFA82FE1FFA8CF3D6
:1051A000A3EB0E030344120CC2EB234202EB1C429E
:1051B0009BB243EA0243C1454FEA224041F8043B17
:1051C000E6D255F8242005EB840322B9043B9D4226
:1051D0001A460BD33C610136304603B0BDE8F08F70
:1051E0001268043B002ACBD1013CC6E71268043B9D
:1051F000002AEFD1013CEAE70020EEE700000000C2
:105200002DE9F04F14461D46C76997B08146CDE998
:105210000645239E7FB9102000F00EFE0246C9F815
:105220001C0020B9EF21AC4BAC4802F027FCC0E9D0
:1052300001770760C760D9F81C30196859B15A68FE
:10524000012393404A608B60484600F0EBFE002249
:10525000D9F81C301A602B1EAFBF0023012223F0A7
:1052600000430793A8BF3360DDF81C809C4BB8BF98
:10527000326033EA080312D142F20F73229A1360AC
:10528000C8F31303234300F05E85249BDFF854A288
:10529000002B00F060850AF1030300F05ABDDDE940
:1052A0000623CDE90C23DDE90C0100220023FBF7E6
:1052B0007BFB074658B10123229A1360249B13B14C
:1052C000894B249A1360DFF824A200F044BD14AB8C
:1052D000019315AB00934846DDE90C2301F036FA43
:1052E000C8F30A560390002E78D0DDE90C010D9B1F
:1052F000A6F2FF36C3F3130343F07F5343F4401386
:105300001297194600227A4BFAF72EFF6CA3D3E9C5
:105310000023FBF7E1F86CA3D3E90023FAF726FF9B
:10532000044630460D46FBF76DF869A3D3E9002328
:10533000FBF7D2F802460B4620462946FAF716FF3D
:1053400004460D46FBF778FB002207460023204663
:105350002946FBF733FB40B13846FBF753F82246AA
:105360002B46FBF721FB00B9013F162F54D8DDE98E
:105370000C01604B03EBC703D3E90023FBF71EFBD3
:1053800000284BD00023013F0F93149B9B1B5A1EF8
:1053900049BFC3F10103002304930023099254BFC2
:1053A00004930993002F3BDB099B0E973B44099321
:1053B00000230A93209B092B65D8052BC4BF043B0F
:1053C0002093209BC8BF0024A3F10203D8BF01246F
:1053D000032B64D8DFE803F05355382CDDE9146360
:1053E0001E4406F23243202BC1BFC3F1400308FA2A
:1053F00003F806F2124324FA03F3D6BFC3F12003E5
:1054000048EA030004FA03F0FAF7ECFF0122A1F1E5
:10541000F873013E129274E70123B5E70F90B4E7E9
:10542000049BDB1B04937B420A9300230E93C1E78A
:1054300001230B93219B07EB030B0BF10103012BC2
:105440000893B8BF012306E001230B93219B002B97
:1054500028DD9B46089300210422D9F81C0002F1A4
:1054600014059D4226D94160484600F09BFD8246C6
:10547000002843D1024640F2AF111F4BD4E600236F
:10548000E3E70023D5E7012400230B9420934FF09A
:10549000FF3B00221223CDF820B02192DBE701234D
:1054A0000B93F4E74FF0010B5B46CDF820B0CDF83D
:1054B00084B0D0E701315200D1E700BFAFF30080E4
:1054C00061436F63A787D23FB3C8608B288AC63F0A
:1054D000FB799F501344D33F148900082B8900089F
:1054E0000000F07F10890008DF880008DE880008CF
:1054F0000000F83FD88A000883890008D9F81C30DA
:105500001860089B0E2B00F2A180002C00F09E80FA
:10551000002F33DD9C4B07F00F0203EBC203F805AD
:10552000D3E90034CDE910344FEA271416D5DDE96C
:105530000C01964B0326D3E90823FBF7F7F8CDE9D6
:10554000060104F00F04914D54B9DDE91023DDE9A3
:105550000601FBF7EBF8CDE9060128E00226F2E7A9
:10556000E10708D5DDE91001D5E90023FAF7B4FF1A
:10557000CDE91001013664100835E5E700F0AF8091
:10558000DDE90C017C42804B04F00F0203EBC20307
:10559000D3E90023FAF7A0FF02260023CDE9060194
:1055A0007A4D2411002C40F08F80002BD3D1DDE9FF
:1055B00006450F9B002B00F09480002220462946D0
:1055C000734BFBF7FBF9002800F08B80089B002B46
:1055D00000F08780BBF1000F34DD20460022294611
:1055E0006C4BFAF779FF5C46CDE9060107F1FF380D
:1055F00001363046FAF706FFDDE90623FAF76CFFBD
:105600000022654BFAF7B2FD0546A1F15076002C59
:105610006AD1DDE906010022604BFAF7A5FD0246DA
:105620000B46CDE906232A463346FBF7E5F9002869
:1056300040F09882DDE906012A4606F10043FBF7B7
:10564000BDF938BBDDE90C34CDE90634159B002BE0
:10565000C0F257810E2F00F354814B4B03EBC7036D
:10566000D3E90034CDE90434219B002B80F2E5809E
:10567000089B002B00F3E1800CD1DDE9040100223E
:10568000464BFAF729FFDDE90623FBF7ABF90028C3
:1056900000F0668200242546219B56466FEA0308E7
:1056A00000272146484600F0BDFC002D00F0BD80DB
:1056B0002FB1AF4203D03946484600F0B3FC29462B
:1056C000484600F0AFFCB0E0E20705D5D5E900237D
:1056D000FAF702FF012301366410083562E702265B
:1056E00065E7B846089C84E7274B0B9903EBC40396
:1056F00053E902235444002954D000202849FBF7E1
:1057000015F833462A46FAF72FFD5646CDE9100123
:10571000DDE90601FBF790F90546FAF773FE02464C
:105720000B46DDE90601FAF71FFD02460B46303550
:10573000CDE90623DDE9102306F8015BFBF73EF90E
:10574000002872D1DDE9062300201149FAF70CFD8B
:10575000DDE91023FBF732F9002840F0B480A642BF
:105760003FF470AFDDE9100100220A4BFAF7B4FEF6
:105770000022CDE91001DDE90601064BFAF7ACFE87
:10578000CDE90601C4E700BFD88A0008B08A000846
:105790000000F03F0000244000001C4000001440C6
:1057A0000000E03F31462846FAF796FE5646CDE91E
:1057B00010011394DDE90601FBF73EF90546FAF7FF
:1057C00021FE02460B46DDE90601FAF7CDFC024652
:1057D0000B46303506F8015BA642CDE906234FF0B3
:1057E000000224D1DDE91001AE4BFAF7BFFC0246FE
:1057F0000B46DDE90601FBF7FFF8002863D1DDE980
:1058000010230020A749FAF7AFFC02460B46DDE95A
:105810000601FBF7D3F800283FF414AF139E731E64
:10582000139316F8013C302BF8D047463BE09E4BD3
:10583000FAF752FECDE90601BCE75646DDE906451A
:10584000DDE9042320462946FAF770FFFBF7F4F858
:105850008046FAF7D7FDDDE90423FAF73DFE02465C
:105860000B4620462946FAF77FFC08F13004089DD4
:1058700006F8014BA6EB0A04A54202460B4633D1BB
:10588000FAF774FCDDE9042304460D46FBF7B4F88F
:10589000C0B9DDE9042320462946FBF785F810B19D
:1058A00018F0010F0ED14846039900F0BBFB00230E
:1058B0003370229B01371F60249B002B00F04B822A
:1058C0001E6048E2B84633461E4613F8012D392AB9
:1058D00006D19A45F8D1302208F101088AF8002053
:1058E0001A7801321A70A0E700226F4BFAF7F4FD24
:1058F0000022002304460D46FBF756F800289FD0EF
:10590000D1E70B9A002A00F0EA80209A012A00F3DE
:10591000CD80129A002A00F0C18003F233430A9C22
:10592000049E049A01211A440492099A48461A4492
:10593000099200F075FC054666B1099B002B09DD54
:10594000B342A8BF3346049AF61AD21A0492099AAF
:10595000D31A09930A9B0BB30B9B002B00F0C68054
:10596000002C00F0C08029462246484600F010FD79
:10597000039A01460546484600F068FC03998046B4
:10598000484600F04FFB0A9B1B1B0A9300F0B180B6
:1059900041460A9A484600F0FBFC03900121484624
:1059A00000F03EFC0E9B0446002B00F0D8811A4606
:1059B0000146484600F0ECFC209B0446012B00F316
:1059C0009F80069B002B40F09780079BC3F3130337
:1059D000002B40F09380079B23F000431B0D1B0519
:1059E00033B1049B01330493099B013309930123D1
:1059F0000A930E9B002B00F0B881236904EB83030C
:105A0000186900F0C1FBC0F12000099B184410F098
:105A10001F0000F08280C0F12003042B73DD049B83
:105A2000C0F11C0003440493099B064403440993FA
:105A3000049B002B05DD1A464846039900F002FD41
:105A40000390099B002B05DD21461A46484600F0CD
:105A5000F9FC04460F9B002B61D02146039800F00F
:105A60005DFD00285BDA00230A224846039900F016
:105A7000FBFA0B9B07F1FF380390002B00F07781B6
:105A8000294600230A22484600F0EEFABBF1000F37
:105A900005466FDC209B022B49DC6BE0149BC3F1B5
:105AA00036033CE70000E03F00002440089B5C1EFA
:105AB0000A9BA34209DB1C1B089B002BBFF630AFDF
:105AC000049B089A9E1A00232BE70A9B0E9AE31A5E
:105AD0001A440A94049E0024089B0E9221E70A9C13
:105AE000049E0B9D28E7DDF80C8051E70A9A039984
:105AF00050E7CDF80C8051E7002379E7069B77E764
:105B000000230A9379E793D0049A1C331A44049231
:105B1000099A1E441A4409928AE70346F4E7089B4F
:105B2000B846002B20DC9B46209B022B1EDDBBF1E0
:105B3000000F7FF4B1AD21465B460522484600F0D8
:105B400093FA01460446039800F0E8FC00287FF72A
:105B5000A3AD5646312308F1010806F8013B9FE545
:105B6000B846089C2546F4E7DDF820B00B9B002BD7
:105B700000F00181002E05DD29463246484600F03E
:105B800061FC05460A9B002B5CD04846696800F022
:105B900009FA064628B9024640F2EF21804BFFF78A
:105BA00043BB2A6905F10C01023292000C3001F06E
:105BB00051FF01223146484600F044FC2F4605467D
:105BC0000AF1010304930AEB0B030A93069B03F00B
:105BD00001030993049B2146039803F1FF3BFFF760
:105BE00085FA034639463033069003980B9300F04C
:105BF00095FC2A4608902146484600F0ABFCC26856
:105C000006460B9B02BB0146039800F087FC024648
:105C10000B9B31464846CDE90B3200F003FA209B3E
:105C20000C9A049E42EA0301099B19430B9B0DD178
:105C3000392B27D0089A002A01DD069B31338BF8D7
:105C400000302EE52846B9E70122E2E7089900294D
:105C500004DB209801430998014320D1002AEEDD9E
:105C6000012203994846049300F0ECFB214603907F
:105C700000F054FC0028049B02DCE0D1DA07DED5FA
:105C8000392BDAD139238BF8003033461E4616F80B
:105C9000012C013B392A4ED001321A7001E5002A4D
:105CA00003DD392BEED00133C9E7049A0A9902F8D3
:105CB000013C8A4228D000230A220399484600F07A
:105CC000D3F9AF4203904FF000034FF00A02394678
:105CD000484607D100F0C8F907460546049B013342
:105CE000049377E700F0C0F92946074600230A220B
:105CF000484600F0B9F90546F0E7BBF1000FCCBF0C
:105D00005E46012600275644012203994846049323
:105D100000F098FB2146039000F000FC0028B4DC62
:105D200002D1049BDB07B0D433461E4613F8012D85
:105D3000302AFAD0B5E49A45A8D1312308F10108F8
:105D40008AF80030ADE4249BDFF858A01BB10AF1BB
:105D50000803249A1360504617B0BDE8F08F209BCB
:105D6000012B7FF72EAE0E9B0A9301204DE6BBF16F
:105D7000000F7FF7D9AE564621460398FFF7B6F9D4
:105D800000F1300306F8013BA6EB0A029345B4DDAF
:105D900000230A224846039900F066F90390EBE7D6
:105DA000838900080789000838B50546002940D0D6
:105DB00051F8043C0C1F002BB8BFE41800F0E6F8C3
:105DC0001C4A136833B9636014602846BDE8384044
:105DD00000F0E2B8A34208D9206821188B4201BF25
:105DE00019685B6809182160EDE71A465B680BB11A
:105DF000A342FAD911685018A0420BD1206801447F
:105E0000501883421160E0D118685B680844106044
:105E10005360DAE702D90C232B60D6E720682118FB
:105E20008B4201BF19685B68091821606360546088
:105E3000CBE738BDF8030020024B0146186800F09C
:105E400025B800BF1800002070B50F4E0C46316811
:105E5000054611B901F0EEFD30602146284601F0FB
:105E6000E9FD431C03D14FF0FF34204670BDC41C34
:105E700024F00304A042F8D0211A284601F0DAFDEC
:105E80000130F2D1EFE700BFF40300202DE9F84321
:105E9000CD1C25F0030508350C2D38BF0C25002D31
:105EA000064601DBA94204D90C2333600020BDE87B
:105EB000F883DFF8D48000F069F8D8F800301C4689
:105EC00044BB29463046FFF7BFFF431C044658D168
:105ED000D8F800402746002F43D1002C4BD0236830
:105EE0003946304604EB030901F0A4FD814542D157
:105EF000216830466D1A2946FFF7A6FF01303AD0D7
:105F000023682B442360D8F800305A6862BBC8F875
:105F100000700FE02268521B20D40B2A17D9611998
:105F2000A342256018BF5960636808BFC8F8001015
:105F300062514B60304600F02FF804F10B00231D36
:105F400020F00700C21A1CBF1B1AA350AFE76268FB
:105F5000A3420CBFC8F800205A60EBE723466468F0
:105F6000AEE73C467F68B6E71A465B68A342FBD1C2
:105F700000235360DEE70C233046336000F00CF85A
:105F800094E70560D6E700BFF80300200148FFF75B
:105F900098B800BFF00300200148FFF793B800BF96
:105FA000F003002070B5C66904460D4676B910208E
:105FB000FFF742FF0246E06120B96B21174B1848FA
:105FC00001F05CFDC0E901660660C660E669F36841
:105FD00083B1E369DB6853F82500B8B9012101FA00
:105FE00005F6721D2046920001F066FD60B1C0E921
:105FF00001560EE021220421204601F05DFDE369F7
:10600000F060DB68002BE4D1002070BD026843F82B
:1060100025200023C0E90333F7E700BF14890008F7
:106020009489000870B5C66905460C4676B91020FB
:10603000FFF702FF0246E86120B98F21084B0948AB
:1060400001F01CFDC0E901660660C6603CB1EB6969
:106050006268DB6853F82210216043F8224070BD6B
:1060600014890008948900082DE9F04107460C4680
:106070001E4600200D6901F1140CDCF800300130DF
:1060800099B202FB01611E0C0B0C02FB063389B2B4
:1060900001EB034185424FEA13464CF8041BECDC4C
:1060A0000EB3A368AB4219DC616838460131FFF7D3
:1060B00079FF804628B90246BA210C4B0C4801F002
:1060C000DDFC226904F10C01023292000C3001F077
:1060D000C1FC21463846FFF7A5FF444604EB850383
:1060E00001355E6125612046BDE8F08183890008A5
:1060F000948900082DE9F843154609221F46083304
:106100000C4693FBF2F30646012200219A4209DB7A
:106110003046FFF747FF40B90246D321184B1948D4
:1061200001F0ACFC52000131F0E7089B092D4361FE
:106130004FF00103036116DD04F10909C8462C4440
:1061400018F8013B01460A223046303BFFF78CFF2E
:10615000A045F5D1A5F108044C442D1B6319BB42A1
:1061600004DBBDE8F88309250A34F6E714F8013B9F
:1061700001460A223046303BFFF776FFEEE700BFCC
:1061800083890008948900080346B0F5803F3ABF30
:10619000030410200020B3F1807F3CBF1B020830B5
:1061A000B3F1805F3CBF1B010430B3F1804F3CBFB3
:1061B0009B000230002B05DB13F0804F00F1010043
:1061C00008BF202070470368024613F007000BD079
:1061D000D90721D4980749BF5B089B0801201360A9
:1061E0005CBF02201360704799B209B910201B0CE4
:1061F000D9B209B908301B0A190704BF1B090430BA
:10620000990704BF9B080230D90703D45B0800F14B
:10621000010003D0136070470020704720207047B2
:1062200010B50C460121FFF7BDFE024628B940F229
:106230004511044B044801F021FC01234461036132
:1062400010BD00BF83890008948900082DE9F04F34
:1062500017460A693B6989469A42A2BF3B460F46E8
:1062600099463D69D9F810A0BB68796805EB0A0624
:10627000B34285B0B8BF0131FFF794FE30B9024692
:106280004FF4B171404B414801F0F8FB00F11404A8
:106290002346002204EB860E734520D307F1140831
:1062A00009F1140108EB850501EB8A030293EB1B4E
:1062B000153B23F0030304331537BD4238BF0423D5
:1062C0000193029B03918B420CD8002E03DD5EF8F4
:1062D000043D002B55D0066105B0BDE8F08F43F8B2
:1062E000042BD9E7B1F800A0BAF1000F1FD0C446C3
:1062F000A14600275CF8042BD9F800301FFA82FB76
:106300009BB20AFB0B333B44D9F80070120C3F0CD4
:106310000AFB027202EB13429BB243EA0243654559
:106320004FEA124749F8043BE4D8019BE750039B2E
:106330000431B3F80290B9F1000F20D04746A446CB
:106340004FF0000A2368B7F800B0BCF802209BB2F7
:1063500009FB0B22524443EA02434CF8043B57F832
:10636000043B4FEA134ABCF80030BD4209FB0A3334
:1063700003EB12434FEA134AE5D8019AA3500434C1
:106380009FE7013EA1E700BF8389000894890008C8
:106390002DE9F843154612F0030207460E4607D0D2
:1063A000254C013A002354F82220FFF75DFE0646F3
:1063B000AD103DD0FC697CB91020FFF73DFD0246D1
:1063C000F86128B940F2B3111C4B1D4801F056FB8F
:1063D000C0E901440460C460D7F81C80D8F80840C4
:1063E0004CB940F271213846FFF71AFF00230446EA
:1063F000C8F8080003604FF00009EB070AD53146E2
:1064000022463846FFF722FF804631463846FFF7DE
:1064100009FE46466D100BD0206838B92246214649
:106420003846FFF713FF2060C0F800900446E4E709
:106430003046BDE8F88300BFA48A0008148900082C
:10644000948900082DE9F0470C46074691462369D8
:10645000496803EB6218A3684FEA621A08F1010663
:10646000B3420BDB3846FFF79DFD054648B90246AF
:106470004FF4EF71274B284801F000FB01315B001E
:10648000EEE7002300F1140100F110021846534515
:1064900033DB20692AEAEA7A04F1140319F01F09B0
:1064A00001EB8A0103EB800C2BD08A460022C9F154
:1064B000200E186800FA09F010434AF8040B53F84C
:1064C000042B9C4522FA0EF2F3D8ACEB0403153BE7
:1064D00023F00303043304F11500604588BF04234F
:1064E000CA500AB108F10206013E384621462E6123
:1064F000FFF798FD2846BDE8F08742F8040F013306
:10650000C5E7043953F8042B9C4541F8042FF9D80A
:10651000EAE700BF838900089489000803460A69F6
:10652000006930B5801A0ED11433143103EB8204A4
:1065300001EB820154F8045D51F8042D954203D01B
:1065400005D24FF0FF3030BDA342F3D3FBE701206B
:10655000F9E700002DE9F74F8946064611464846FF
:106560001446FFF7DBFF051E12D129463046FFF720
:1065700019FD024628B940F237213E4B3E4801F052
:106580007DFA0123C0E90435104603B0BDE8F08F61
:10659000BCBF4B46A1463046D9F80410BABF1C46D2
:1065A00001250025FFF7FEFC024618B940F24521FF
:1065B000304BE3E700F1140BD9F8107009F1100328
:1065C000C5604FF0000C09F11405D946266904F1A5
:1065D000140E05EB87080EEB86060193019B5EF80F
:1065E000040B53F804AF81B201931FFA8AF35B1ACC
:1065F000000C6344C0EB1A4000EB23409BB243EA1B
:10660000004376454FEA204C49F8043BE6D8331B5B
:10661000153B23F0030315340433A64238BF04238B
:106620001D445B441E462C4644450ED308F103012D
:10663000491B21F00301033DA84538BF00210B444D
:1066400053F8041D99B117619EE7E64654F8041B00
:106650001FFA81FCF444080C714400EB2C4089B211
:1066600041EA00414FEA204C46F8041BDCE7013FB9
:10667000E6E700BF83890008948900080E4B0B40B1
:10668000A3F15073002B08DC5B42B3F1A07F4FEA0B
:10669000235204DA4FF400231341002208E0A2F150
:1066A00014031E2BD6BF4FF000420122DA40002314
:1066B00019461046704700BF0000F07F0269F8B528
:1066C00000F1140606EB820252F8044C1E4F2046DD
:1066D000FFF75AFD0346C0F120000A2BA2F1040582
:1066E000086012DCAE422CBF002252F8082CC3F125
:1066F0000B0C153324FA0CFE04FA03F322FA0CF205
:106700004EEA07011A431046F8BDAE4236BFA2F169
:106710000805002252F8082C0B3B12D0C3F12007C9
:1067200022FA07F19C400C43B54244F07F5194BFDC
:10673000002455F8044C9A40FC4041F44011224397
:10674000E1E744EA0701DEE70000F03F2DE973438B
:10675000012190469946089EFFF724FC044630B973
:10676000024640F20F31234B234801F087F9C9F369
:106770000A55C9F313030DB143F480130193B8F123
:10678000000324D068460093FFF71DFDDDE90012E9
:10679000D8B1C0F1200302FA03F30B43C240636196
:1067A0000192019B002B0CBF01220222A3612261F6
:1067B000ADB1A5F2334505443560C0F13500099B04
:1067C0001860204602B0BDE870836161E9E701A866
:1067D000FFF7F9FC019B012263612030E7E7A0F29B
:1067E000324004EB820330601869FFF7CDFCC0EB48
:1067F0004210E4E783890008948900082DE9F04FEE
:1068000085B0CDE9001002A9FFF758FF8B46064678
:106810000F46009803A9FFF751FF0D46019B8946DB
:106820001969009B04461B693046C91ADDE902322A
:106830009B1A03EB4113002BCDBF3A462A46C3EB0C
:10684000033302EB035BD8BF02EB03594B462246EE
:106850005946F9F76BFF05B0BDE8F08F013970B507
:1068600049111469013102F1140300EB810103EBBA
:106870008404051FA3420CD3A31A113B23F0030386
:106880001132A24288BF002318440023884205D356
:1068900070BD53F8046B45F8046FEBE740F8043B18
:1068A000F4E700F1140200694B11984210B511DBB6
:1068B0000ADD11F01F0107D052F8234024FA01F03D
:1068C00000FA01F18C420BD102EB8303934203D80F
:1068D000002010BD0346F7E753F8041D0029F5D04A
:1068E0000120F6E72DE9F0410F469046FFF7C6FE7E
:1068F00004460D46B8F1000F11D0C7F30A53C3F197
:106900006B03002B0BDD00241B0503F17F5505F500
:10691000401522462B46F9F7DFFD04460D4620467A
:106920002946BDE8F08100002DE9F04F9FB0179295
:1069300000220C461A924FF0000A4FF0000B0A4654
:106940000590199211782B2948D036D80D2930D8C6
:10695000082930D8002939D000220E92199D2A78B2
:10696000302A40F0B0806A7802F0DF02582A6CD1F9
:1069700002930E9B8F4A01931AAB009305981BABB1
:1069800019A901F015F910F00F06044605D0062EDE
:1069900026D10023013519950E93179B002B40F04B
:1069A00082850E9BBBB150460BF100411FB0BDE884
:1069B000F08F2029D0D10132C3E72D29CCD101217C
:1069C0000E91511C19915278002AC7D1179B199426
:1069D000002B40F0668550465946E7E70021EFE777
:1069E0001A9A3AB135211CA8FFF738FF1A99059871
:1069F000FFF718FB013E1B9A042E06D8DFE806F0CD
:106A000014031D201400DDE91CABE10548BF4BF069
:106A1000004B2BF000431B0D1B05002BBDD1FEF7D7
:106A200025FB22230360B8E702F23342DDE91CA311
:106A300023F4801343EA025BE7E7DFF87CB1E4E785
:106A40006FF0004B4FF0FF3ADFE7199B5A1C199289
:106A50005B78302BF9D0002B9FD0012300270A222E
:106A6000B9460893199B0B970C9319980578A5F1D3
:106A70003003D9B2092928D90122504900F0C8FFB2
:106A8000002832D000202A4603464D460A90652A47
:106A900001D0452A14D11DB9089A024396D0002589
:106AA000199C621C199262782B2A7AD02D2A7ED0EA
:106AB0004FF0000CA2F13001092940F285801994B1
:106AC0004FF00008A5E00023C8E7B9F1080FD8BFD0
:106AD0000B9900F10100D6BF02FB013302FB07371F
:106AE0000B9309F101091990BFE7199B5A1C1992E0
:106AF0005A78B9F1000F3BD04D460A90A2F130030D
:106B0000092B12D90123C2E7199B01305A1C199293
:106B10005A78302AF8D0A2F13103082B00F2C88449
:106B20000A9000200546199B0C93303A00F10103AE
:106B300018D02E464FF00A0E0A9919440A91711C7A
:106B4000A1EB050C634515DC20EAE0702B18082B3F
:106B500005F1010505441ADC0A230B9903FB012307
:106B60000B930023199A1846511C19915278C5E7C6
:106B70004846CEE7082E05DC0B9E0EFB06F60B966C
:106B80000E46DCE71029D8BF0EFB07F7F8E70F2BFE
:106B9000DCBF0A2303FB0727E3E700230A93012353
:106BA0007AE74FF0000CA21C1992A27882E74FF00E
:106BB000010CF8E7B48B00080000F07FED890008B5
:106BC000199A511C19915278302AF9D0A2F1310149
:106BD00008293FF675AF4FF00A08303A0992199A22
:106BE0000F92199A561C19965278A2F1300EBEF1E6
:106BF000090F39D90F9944F61F68761A082E03DC5D
:106C000009998845A8BF8846BCF1000F01D0C8F19A
:106C10000008002D4ED1089908437FF4BEAE002B2A
:106C20007FF4D4AE692A28D025DC492A25D04E2A03
:106C30007FF4CCAE994919A801F0DCF900283FF4A3
:106C4000C5AE199B1B78282B2ED195491CAA19A8D3
:106C500001F0E4F9052827D11D9BDDF870A043F071
:106C6000FF4B4BF4E00B98E6099908FB0121A1F1D9
:106C700030020992B5E76E2ADAE78A4919A801F0CD
:106C8000B9F900283FF4A2AE199B8749013B19A826
:106C9000199301F0AFF910B9199B013319934FF013
:106CA000000ADFF808B278E6814800F0E1FE82468B
:106CB0008B4672E60A9BB9F1000F08BFA946A8EB04
:106CC0000303102D0B982C460993A8BF1024F9F745
:106CD00089FB092D82468B4611DC099B002B3FF472
:106CE0005CAE099B76DD162B5DDC7249524601EBEA
:106CF000C3015B46D1E90001F9F7EEFBD7E76D4B25
:106D000003EBC40353E91223F9F7E6FB8246384646
:106D10008B46F9F767FB02460B4650465946F9F792
:106D200025FA0F2D82468B46D7DD099B2C1B1C4470
:106D3000002C40F3938014F00F030AD05D495246B3
:106D400001EBC301D1E900015B46F9F7C5FB8246BF
:106D50008B4634F00F0473D0B4F59A7F49DD0024DC
:106D6000A046A1460B9422234FF0000A059ADFF8B3
:106D70003CB113600B9B002B3FF40FAE1A990598A2
:106D8000FFF750F949460598FFF74CF94146059839
:106D9000FFF748F90B990598FFF744F92146059844
:106DA000FFF740F9F9E5099AC5F125039342BCDBE9
:106DB000404CC5F10F0504EBC5015246D1E9000175
:106DC0005B46F9F789FB099B5D1B04EBC504D4E91D
:106DD000002391E71633A8DB0A9B5046A3EB080873
:106DE000344B594603EBC808D8E90023F9F79EFC59
:106DF0005DE70023504659461E462F4F2411012CB3
:106E000021DC0BB182468B462B49ABF1547B01EB65
:106E1000C6015246D1E900015B46F9F75DFB234B01
:106E20000A460B40254982468B4298D8A1F580112D
:106E30008B4286BF4FF0FF3ADFF884B002F1547BFB
:106E40000023089376E0E20704D5D7E90023F9F799
:106E500043FB0123013664100837D0E7F0D06442C9
:106E600014F00F020AD0134B504603EBC2035946ED
:106E7000D3E90023F9F75AFC82468B462411DFD070
:106E80001F2C1FDD0024A046A1460B942223059A47
:106E90004FF0000A4FF0000B13606BE7DB8800082F
:106EA000A08B0008D38800080A8900080000F07F42
:106EB000438A0008D88A0008B08A00080000A07C35
:106EC000FFFFEF7F14F0100318BF6A2350460893AA
:106ED00059460023774EE70704D5D6E90023F9F792
:106EE000FBFA0123641006F10806F4D10BB18246C7
:106EF0008B46089BB3B1CBF30A52C2F16B03002B54
:106F000059460FDD1F2B58DD342BD8BF4FF0FF3310
:106F10004FF0000ACFBF4FF05C7BC2F14B029340B1
:106F200003EA010B0022002350465946F9F73CFDC5
:106F30000028A7D10B9B4A4600930C992B46059835
:106F4000FFF7D8F80B9000283FF409AF0024099A06
:106F50000A9B002AA3EB0803A8BF0023A0461293B4
:106F600022EAE27316930B9B05985968FFF71AF80B
:106F7000814600283FF4F7AE0B9B0C301A6903F1F1
:106F80000C010232920000F065FD1CAB01931BABBB
:106F9000009352465B460598CDE90CABFFF7D6FB54
:106FA0001A9000283FF4DFAE01210598FFF738F969
:106FB000804648B94FF00008D5E64FF0FF3202FA9C
:106FC00003F303EA0A0AADE71B9D1C9A002DABBF31
:106FD000129B169BEF185E1B089BA8BF169EA5EB85
:106FE00003051544344B05F1FF35B8BF129F9D4290
:106FF000C2F1360250DA5B1B1F2B4FF00101A2EBEE
:1070000003023DDC01FA03F3139300231093BD1830
:10701000089BAF4216441E443B46A8BF2B46B342D2
:10702000A8BF3346002BC2BFED1AF61AFF1A129BF7
:10703000002B16DD41461A460598FFF7A9F9804650
:107040000028B7D001461A9A0598FFF7FFF80A9072
:1070500000283FF488AE1A990598FEF7E3FF0A9BD3
:107060001A93002D1DDC099B002B27DD4946169A3B
:107070000598FFF78DF9814600BB4FF0000972E6D5
:10708000C5F17F4505F57F0505F57B45E23501FA3C
:1070900005F310931391BAE7002310930123139380
:1070A000B5E72A461A990598FFF7CCF91A900028F7
:1070B000D9D158E6C88B000802FCFFFF002E07DD7F
:1070C000494632460598FFF7BDF981460028D4D0DD
:1070D000002F08DD41463A460598FFF7B3F9804690
:1070E00000283FF440AE4A461A990598FFF732FA55
:1070F000044600283FF437AEC36841460F9300238F
:10710000C360FFF70BFA00283DDA0F9B53EA0A032E
:1071100063D1CBF31303002B5FD12BF000431B0D86
:107120001B05B3F1D66F58D9636913B92369012BD5
:1071300053DD214601220598FFF784F941460446B4
:10714000FFF7ECF9002848DD2BF00043089A1B0DEF
:107150001B05002A62D0B3F1D66F5FD8B3F15C7F14
:107160007FF694AE50465946A34B0022F9F7B4F986
:10717000A24B82460B408B46002B7FF4FFAD2223AF
:10718000059A1360FAE5CDF828B065D10F9ACBF3D4
:1071900013035AB39A4A93422BD1089B514603B327
:1071A0005A46964B1340B3F1D46F4FF0FF321BD8C1
:1071B0001B0DC3F16B0302FA03F3994219D1914BF2
:1071C0000A9A9A4202D101313FF4CDAD4FF0000A44
:1071D0008A4B0A9A1A4002F5801B089B002BC1D1EA
:1071E000CCE54FF0FF33E8E71346E6E753EA0A033E
:1071F000AAD0109BDBB10A9A1342EED00F9B5046E7
:107200005946089ABBB1FFF76DFB02460B46DDE914
:107210000C01F8F7ABFF82468B46DEE7A3F580133F
:107220006FEA135B4FF0FF3A6FEA0B5BD5E7139BF6
:1072300013EA0A0FE1E7FFF755FB02460B46DDE9CB
:107240000C01F8F791FF0022002382468B46F9F7E4
:10725000ABFB0028C1D019E641462046FFF7CEFA25
:1072600000224FF0804306460F46F9F7B1FB002895
:107270006DD00F9B002B78D1BAF1000F56D10A9B2D
:10728000C3F31303002B58D10022304639465E4B1E
:10729000F9F794FB002857D13046394600225B4B62
:1072A000F9F71AF906460F4607F1004306960793C9
:1072B000DDE90623514DCDE910230A9B1D40544BB7
:1072C0009D4240F0AB800A9B5046A3F1547B594647
:1072D000FFF7D4F9DDE90623F9F7FEF852465B46DD
:1072E000F8F744FF0B4645494A4A19409142824605
:1072F00042D90D9A434B9A4203D10C9B01333FF480
:1073000032AD4FF0FF3ADFF8FCB01A990598FEF75E
:1073100089FE49460598FEF785FE41460598FEF729
:1073200081FE21460598FEF77DFE1CE6BAF1010FAD
:1073300003D10A9B002B3FF4A9AD0022364B002657
:10734000CDE90623304FB3E70026304FACE7304697
:1073500039462E4B0022F9F7BFF80F9B06460F4621
:10736000002BA1D0CDE90667A2E70022264B1646E6
:107370001F46CDE906239BE703F1547B089BCDF81C
:1073800028B0002BC1D12BF000431B0D1B059D42E3
:10739000BBD130463946F9F745FEF9F76FF802469A
:1073A0000B4630463946F8F7DFFE0B460246CBF374
:1073B0001306CDE90C230F9B46EA0A061E436AD04A
:1073C00009A3D3E90023F9F7F9FA00287FF4D6AC32
:1073D00007A3D3E90023DDE90C01F9F70DFB002831
:1073E00093D0CBE4AFF300809535A094FFFFDF3F4F
:1073F00035E5AF350000E03F000050390000F07F78
:10740000FFFF0F00FFFFEF7F0000F03F0000E03FB5
:107410000000E07FFFFF9F7C0000F0BF089B23B3CC
:10742000B5F1D46F21D828A3D3E9002330463946DB
:10743000F9F7CEFAA0B139463046F9F725FB012815
:1074400038BF0120F8F7CEFF0F9B06460F46FBB969
:1074500001F1004314901593DDE91423CDE91023C5
:10746000119B03F1D6635B1B1193DDE90C01DDE990
:1074700010ABFFF703F902460B4650465946F9F7A1
:107480002BF8DDE90C23F8F771FE82468B4675E791
:10749000CDE91467E0E70EA3D3E90023F9F78EFAEC
:1074A0009DE700230E93199B179A1360FFF779BA93
:1074B000652A3FF472AB452A3FF46FAB0123FFF717
:1074C000AABB00BFAFF300800000C0FFFFFFDF4199
:1074D0009535A094FFFFCF3F014BFFF725BA00BFC2
:1074E00068000020242B2DE9F0478646904601D8FD
:1074F000012B06D1FDF7BAFD162303600020BDE87D
:10750000F0870D4633482A4615F8014B065D16F004
:107510000806F8D12D2C10D101262C78951C33F0BB
:10752000100215D1302C0DD12A7802F0DF02582A32
:1075300008D16C78023510230AE02B2C04BF2C787C
:10754000951CECE7002BF6D1302C14BF0A2308233E
:10755000002206F1004C0CF1FF3CBCFBF3F9104695
:1075600003FB19CAA4F13007092F0FD83C46A342E8
:107570001BDD571C07D0814514D301D1A24511DB77
:10758000012200FB034015F8014BEBE7A4F1410792
:10759000192F01D8373CEAE7A4F16107192F04D865
:1075A000573CE4E74FF0FF32EDE7531C08D12223AC
:1075B0006046CEF80030B8F1000FA0D0691E06E09A
:1075C00006B14042B8F1000F99D0002AF6D1C8F8B0
:1075D000001094E7F18B0008FFF784BF2DE9F04716
:1075E0001F468E688246BE420C4690460B682DD8D8
:1075F000B1F90C2012F4906F26D06569096905EB8A
:107600004505A3EB010905EBD5757B1C4B446D10BB
:107610009D4238BF1D46530527D52946FEF736FC47
:10762000064660B34A46216900F014FAA38923F4A0
:10763000906343F08003A38126614E4426603E465A
:107640006561A5EB0905A560BE4200D93E463246FC
:107650004146206800F0C2F90020A3689B1BA3608C
:10766000236833442360BDE8F0872A4600F083FD99
:1076700006460028E0D150462169FEF795FB0C2311
:10768000CAF80030A3894FF0FF3043F04003A381D4
:10769000E9E700002DE9F04F98468B8907461B0665
:1076A0000D4614469DB010D50B6973B94021FEF705
:1076B000EDFB2860286130B90C233B604FF0FF30B0
:1076C0001DB0BDE8F08F40236B6100230993202398
:1076D0008DF8293030234FF00109CDF80C80DFF808
:1076E00098818DF82A3023469A4613F8012B0AB167
:1076F000252AF9D1BAEB040B0BD05B46224629466A
:107700003846FFF76BFF013000F0A780099A5A4412
:1077100009929AF80030002B00F09F8000234FF070
:10772000FF32CDE905230AF1010A049307938DF88E
:1077300053301A935446052214F8011B4E48FDF7A6
:10774000C2FC049AD8B9D00644BF20238DF8533028
:10775000110744BF2B238DF853309AF800302A2BA1
:1077600015D0544600204FF00A0C079A214611F814
:10777000013B303B092B4BD9B0B1079214E0A0EB91
:10778000080309FA03F31343A2460493D2E7039BC9
:10779000191D1B680391002BBBBF5B4242F0020224
:1077A00007930793B8BF049223782E2B0AD16378EE
:1077B0002A2B32D1039B02341A1D1B68039243EA21
:1077C000E3730593DFF8B4A0032250462178FDF758
:1077D0007AFC38B14022049BA0EB0A00824013439C
:1077E0000134049314F8011B062225488DF8281053
:1077F000FDF769FC002836D0224B1BBB039B0733E7
:1078000023F0070308330393099B334409936AE782
:107810000C4601200CFB0232A8E700234FF00A0CB3
:10782000194601340593204610F8012B303A092AF5
:1078300003D9002BC6D00591C4E7044601230CFBF5
:107840000121F0E703AB00932A4638460E4B04A90A
:10785000FCF7CCFC421C0646D6D1AB895B063FF553
:107860002DAF09982CE703AB00932A463846064B08
:1078700004A9FCF759FFEDE7EF890008F589000836
:10788000F9890008ED410008DD750008B1F90C2008
:10789000F8B5160705460C4654D44B68002B02DC9D
:1078A0000B6C002B48DDE66A002E45D0002312F455
:1078B00080522F68216A2B6030D0626DA3895907EE
:1078C00005D56368D21A636B0BB1236CD21A0023FF
:1078D0002846E66A216AB047431CA38906D1296875
:1078E0001D292BD8284ACA40D60727D50022626016
:1078F0002269D904226004D5421C01D12B6803B946
:107900006065616B2F60B9B104F14403994202D004
:107910002846FEF749FA002363630DE00123284659
:10792000B0470246501CC9D12B68002BC6D01D2B76
:1079300001D0162B1DD12F60002021E043F0400321
:107940001BB21AE00F69002FF6D0930718BF00236F
:107950000E6808BF4B69F61B0F608B60002EEBDDD5
:1079600033463A462846216AD4F828C0E047002822
:1079700007DCB4F90C3043F040034FF0FF30A38133
:10798000F8BD0744361AE9E70100402038B50B6915
:1079900005460C4613B90025284638BD18B1036AC0
:1079A0000BB9FDF775FAB4F90C30002BF3D0626E09
:1079B000D00704D4990502D4A06DFDF782FB2846B8
:1079C0002146FFF763FF636E0546DA07E4D4A38917
:1079D0009B05E1D4A06DFDF775FBDDE7884210B58E
:1079E00001EB020402D98442234607D8431EA14278
:1079F00008D011F8012B03F8012FF8E701460244E3
:107A00008A4200D110BD13F8014D02F8014DF7E78D
:107A100010B56AB10139841810F8012B11F8013F33
:107A20009A4203D1A04201D0002AF5D1D01A10BD4C
:107A30001046FCE738B50023054D044608462B6088
:107A4000FAF760F8431C02D12B6803B1236038BDFC
:107A5000EC0300200A44914200F1FF3300D170474B
:107A600010B511F8014B914203F8014FF9D110BD47
:107A700000200149704700BF0000F87F1FB5144681
:107A80001A46094B05461B68D8684CB1074BCDE92F
:107A9000013400912B46064900F0A8FB00F0B8FB2A
:107AA000044B1C46F3E700BF18000020088A0008BA
:107AB000158A0008438A000870B5A1FB025434B946
:107AC0002946FEF7E3F9064628B9304670BD0C2278
:107AD00000260260F9E72A462146FDF774FAF4E72A
:107AE00003692DE9F043B3EB611F00F114044FEA81
:107AF000611246DD11F01F0104EB830604EB8205E1
:107B00000CD1294600F11007B14235D39B1A9B00D6
:107B1000EA1E964238BF0023234415E0A14654F8DC
:107B20002270C1F12008CF4005F1040E7645F446DD
:107B300016D89A1A9200043A0135AE4238BF002294
:107B4000A318A75007B10433A342A3EB040208BF54
:107B500000234FEAA202026108BF4361BDE8F0833F
:107B6000DCF800C00CFA08FC4CEA070749F8047B73
:107B70005EF8047BCF40D9E751F804CB47F804CF37
:107B8000C2E72346E0E7A0F13003092B02D82038F2
:107B9000C0B27047A0F16103052B01D84738F7E761
:107BA000A0F14103052B01D82738F1E700207047E9
:107BB0002DE9F04F8A46904685B002930B680190FC
:107BC0009C1CA14614F8010B3028FAD0A9EB030342
:107BD000A3F1020BFFF7D7FF0546002868D1012269
:107BE00048469F49FFF714FF0746002867D199F8D8
:107BF00001002646FFF7C7FF002862D02346187809
:107C00009946302803F10103F9D0FFF7BCFFB0FA21
:107C100080F54FF0010B6D094A4616463078013267
:107C2000FFF7B1FF0028F8D1012230468C49FFF759
:107C3000EFFE00283FD144B9741C22461646307826
:107C40000132FFF7A0FF0028F8D1A41BA70033786A
:107C500003F0DF03502B3ED173782B2B33D02D2B29
:107C600034D00024711C0878FFF78DFF431EDBB26F
:107C7000182B30D8A0F1100211F8010FFFF783FF85
:107C800000F1FF3C5FFA8CFCBCF1180F4FF00A03C7
:107C90001ED904B152421744CAF80010EDB1BBF12D
:107CA000000F0CBF06250025284605B0BDE8F08F63
:107CB00000252C46B0E7002CC7D12746C7E74E4623
:107CC0002F460125C3E70024B11CCCE70124FBE7C4
:107CD00003FB0200CEE73146DEE72946A6EB0903A7
:107CE000013B072B0ADC0198FEF75CF9044640B91A
:107CF0000246E4215B4B5C48FFF7C0FE01315B109C
:107D0000EFE7002300F1140A55469B46B14537D3EF
:107D100045F804BBA5EB0A05AD1025615846FEF7F2
:107D200033FA6D01D8F800602D1AB54254DDAD1B51
:107D300029462046FEF7B5FD814678B14FF001098E
:107D40006B1E59115AF8211003F01F0209FA02F2B2
:107D50000A4203D04B4536DC4FF002092946204643
:107D6000FFF7BEFE2F44D8F80830BB4242DA214666
:107D70000198FEF757F900230E9AA325136093E7A5
:107D800016F8012D2E2A12D0202B04D145F804BB61
:107D90004FF0000B5B4630780393FFF7F4FE039B34
:107DA00000F00F0098404BEA000B0433AEE7B145FA
:107DB000EAD8012230462A490393FFF729FE039BA4
:107DC0000028E1D1A2E72046A91EFEF76AFD00289F
:107DD000C2D04FF00309C1E709DA751B21462A46D4
:107DE0000198FEF72FFB04467F1B00F1140A4FF0A9
:107DF0000009B8E7D8F80450BD426FDDED1BAE4274
:107E000034DCD8F80C30022B22D0032B24D0012BE9
:107E100015D1AE4213D1012E0BD1D8F80430029AFD
:107E20006225136001232361CAF800300E9B1C6099
:107E30003AE72046711EFEF734FD0028EDD12146B9
:107E40000198FEF7EFF800230E9A502513602BE7F8
:107E50000F9B002BF3D1E0E70F9B002BDDD1EEE76A
:107E6000ED89000883890008448A00086F1EB9F173
:107E7000000F30D127B139462046FEF712FD81466A
:107E800001232946761B02257A115AF8222007F091
:107E90001F07BB401342204618BF49F00209FFF7F5
:107EA0001FFED8F80470B9F1000F47D0D8F80C3095
:107EB000022B15D0032B17D0012B09D119F0020F7B
:107EC00006D0DAF8003049EA030919F0010F0ED1A3
:107ED00045F0100532E04FF00109D1E70125E2E756
:107EE0000F9BC3F101030F930F9B002BF0D04FF0BA
:107EF000000CD4F810B004F114034FEA8B0A03EB22
:107F00008B01184653F8042BB2F1FF3F1BD001320E
:107F10000260022D04F114033CD1D8F80020013A8C
:107F2000B24209D10122711153F8213006F01F0627
:107F300002FA06F61E423AD145F020050E9B1C605F
:107F4000029B1F60B0E6994243F804CCD9D8A368DD
:107F50009B4517DB616801980131FEF723F88146E4
:107F600018B902468421194BC5E6226904F10C01B7
:107F7000023292000C30FFF76DFD21460198FEF7AA
:107F800051F84C4623695A1C2261012204EB8303F9
:107F90005A61BEE722695A450BDD01212046FFF7F1
:107FA0009FFDD8F808300137BB42FFF6E0AE01254F
:107FB000C2E716F01F06FAD0534453F8040CFEF73C
:107FC000E3F8C6F12006B042E7DBF0E7838900085A
:107FD000C2F10802920070B5C2F12006436804683D
:107FE00003FA06F52C43D340046040F8043F88426E
:107FF000F4D370BD30B50368013311F8014B14B9E7
:108000000360012030BD13F8012BA2F14105192DA9
:1080100098BF2032A242F0D00020F3E72DE9F04FC4
:1080200000250B6882465E1102EB860613F01F03E3
:1080300018BF0436371F9046B9463C46AB4687B05A
:108040000168019346F8045C02954A784B1C03933F
:1080500042B3104605910492FFF795FD002851D1D7
:10806000049A0599202A18D8029B9B4513DD4C459C
:1080700006D2072D04DC2A4649462046FFF7A8FF12
:10808000444552D90023A4F1040944F8043C1D4698
:108090004C46CDF808B00399D7E7292A57D10231C9
:1080A000CAF80010BBF1000F51D04C4506D2072D85
:1080B00004DC2A4649462046FFF78AFF444536D964
:1080C0002346A8F1040253F8041B9F4242F8041F00
:1080D000F9D23B1B23F0030304330134033EB442C3
:1080E00088BF04230022434443F8042B9F42FBD261
:1080F0003B681BB9474528D101233B60052007B0E9
:10810000BDE8F08F0135082D0BF1010B06DD44456C
:10811000C1D90023012544F8043C043C226800F046
:108120000F0040EA02102060B5E70825B3E7019B85
:10813000002BDDD04FF0FF32C3F12003DA4056F8B8
:10814000043C134046F8043CD2E7043FD0E7042047
:10815000D5E782B001B901A942B14BB113780B60E8
:108160001278101E18BF012002B070471046FBE7BE
:108170006FF00100F8E72DE9F041074614460D467F
:1081800021B91146BDE8F041FDF780BE2AB9FDF7DF
:108190000BFE25462846BDE8F08100F040F88442F9
:1081A000064602D8B4EB500FF4D821463846FDF706
:1081B0006DFE804608B94546ECE7B44222462946A2
:1081C00028BF3246FFF746FC29463846FDF7ECFD4E
:1081D000F1E70346084641B1FF2A04D98A224FF04D
:1081E000FF301A60704701200A7070470EB403B563
:1081F000014603AB054853F8042B0068019300F0D7
:108200003DF802B05DF804EB03B0704718000020A1
:10821000062008B500F006FA0120F9F7FEFB51F838
:10822000043C181F002BBCBF0B58C0187047936844
:1082300010B4013B002B936007DA9469A34201DB81
:108240000A2902D110BC00F031B91368581C106023
:108250001970084610BC7047F8B506460F4614461C
:10826000D518AC4201D1002007E03A46304614F858
:10827000011BFFF7DCFF431CF3D1F8BD2DE9F04FE4
:108280000D461446984606469DB018B1036A0BB9D0
:10829000FCF7FEFD6B6ED90705D4AB899A0502D4B5
:1082A000A86DFCF70EFFAB891B0701D52B699BB9A5
:1082B0002946304600F038F970B16B6EDC0704D502
:1082C0004FF0FF301DB0BDE8F08FAB899805F7D4B3
:1082D000A86DFCF7F7FEF3E70023099320238DF840
:1082E000293030234FF00109CDF80C80DFF8A88148
:1082F0008DF82A3023469A4613F8012B0AB1252A15
:10830000F9D1BAEB040B0BD05B4622462946304626
:10831000FFF7A2FF013000F0A780099A5A440992A2
:108320009AF80030002B00F09F8000234FF0FF32BE
:10833000CDE905230AF1010A049307938DF8533020
:108340001A935446052214F8011B5348FCF7BBFE50
:10835000049AD8B9D10644BF20238DF853301307AF
:1083600044BF2B238DF853309AF800302A2B15D0B8
:10837000544600204FF00A0C079A214611F8013BA1
:10838000303B092B4BD9B0B1079214E0A0EB0803A6
:1083900009FA03F31343A2460493D2E7039B191D82
:1083A0001B680391002BBBBF5B4242F002020793A4
:1083B0000793B8BF049223782E2B0AD163782A2B17
:1083C00032D1039B02341A1D1B68039243EAE37304
:1083D0000593DFF8C8A0032250462178FCF773FE0E
:1083E00038B14022049BA0EB0A00824013430134C1
:1083F000049314F8011B062229488DF82810FCF775
:1084000062FE00283FD0274B1BBB039B073323F0A2
:10841000070308330393099B3B4409936AE70C461F
:1084200001200CFB0232A8E700234FF00A0C19468A
:1084300001340593204610F8012B303A092A03D95C
:10844000002BC6D00591C4E7044601230CFB012193
:10845000F0E703AB00932A463046134B04A9FBF721
:10846000C5FE0746781CD6D16B6ED90705D4AB89FB
:108470009A0502D4A86DFCF725FEAB895B063FF593
:108480001FAF09981EE703AB00932A463046064B00
:1084900004A9FCF749F9E4E7EF890008F589000829
:1084A000F9890008ED41000859820008F8B50E4628
:1084B0001446054618B1036A0BB9FCF7E9FCA36939
:1084C000A360A3891A0701D5236943B92146284629
:1084D00000F02AF818B14FF0FF373846F8BD23688E
:1084E0002269F6B2981A63693746834205DC214651
:1084F0002846FFF74BFA0028EDD1A368013BA360A3
:1085000023685A1C22601E706269431C9A4204D080
:10851000A389DB07E1D50A2EDFD121462846FFF7E4
:1085200035FA0028D9D0D6E738B5294B0546186862
:108530000C4618B1036A0BB9FCF7AAFCB4F90C306D
:10854000190722D4DA0607D409222A6043F040032F
:108550004FF0FF30A38133E0580712D5616B41B172
:1085600004F14403994202D02846FDF71DFC002384
:108570006363A38923F02403A38100236360236939
:108580002360A38943F00803A38123694BB9A3891E
:1085900003F42073B3F5007F03D02146284600F092
:1085A00082F8B4F90C3013F001020AD00022A26064
:1085B00062695242A261226942B913F08000C5D1BA
:1085C00038BD990758BF6269A260F4E70020F7E759
:1085D000180000201F2938B505460C4604D916237B
:1085E00003604FF0FF3038BDC26B12B152F821303A
:1085F0004BB9284600F030F8224601462846BDE82F
:10860000384000F017B8012B0AD0591C03D11623AB
:1086100003600120E7E70021204642F82410984734
:108620000020E0E7024B01461868FFF7D3BF00BF08
:108630001800002038B50023064D044608461146B0
:108640002B60F9F7DAF9431C02D12B6803B12360E0
:1086500038BD00BFEC030020F9F7C8B970B50C466F
:10866000B1F90E10154600291E4696B00CDAA38902
:10867000002113F0800F14BF40234FF480630020CB
:1086800031602B6016B070BD6A4600F049F80028D2
:10869000EDDB019901F47041A1F5005359425941B4
:1086A0004FF48063EBE78B89F7B59D0706460C46D0
:1086B00007D504F14703236023610123636103B0FD
:1086C000F0BD6A4601ABFFF7C9FF009F054639467A
:1086D0003046FDF7DBFB48B9B4F90C309A05EED40F
:1086E00023F0030343F00203A381E2E7A389C4E973
:1086F000040743F08003A381019B20605BB13046F7
:10870000B4F90E1000F01EF828B1A38923F003037A
:1087100043F00103A381A3891D43A581CFE7000096
:1087200038B50023064D0446084611462B60F9F77C
:10873000C3F9431C02D12B6803B1236038BD00BFCD
:10874000EC03002038B50023054D044608462B6095
:10875000F9F7C1F9431C02D12B6803B1236038BD7E
:10876000EC030020F8B500BFF8BC08BC9E4670477B
:0C877000F8B500BFF8BC08BC9E4670477E
:108780000D0A3D3D3D3D3D204D50553630353020A4
:1087900046554C4C2054455354203D3D3D3D3D0DE8
:1087A0000A0000004D505536303530204E4F5420D1
:1087B000415641494C41424C4520E29D8C0D0A00F6
:1087C000493243204552524F52202857484F5F416B
:1087D0004D5F49290D0A000057484F5F414D5F49E1
:1087E000203D203078253032580D0A004D50553646
:1087F00030353020494E495449414C495A4544206E
:10880000E29C850D0A00000043616C69627261742C
:10881000696E672E2E2E204B4545502053454E53F2
:108820004F52205354494C4C0D0A000043616C696F
:1088300062726174696F6E20444F4E4520E29C85E0
:108840000D0A0D0A00000000493243205245414400
:10885000204552524F520D0A000000004143435B35
:10886000675D20583A25202E326620593A25202E61
:108870003266205A3A25202E3266207C20475952F3
:108880004F5B6470735D20583A25202E3266205964
:108890003A25202E3266205A3A25202E32660D0ABD
:1088A00000000000000000000000000001020304BE
:1088B0000607080900000000010203040203040582
:1088C000060708090A0B0C0D0E0F10100102494E85
:1088D0004600696E66004E414E006E616E003000CB
:1088E00030313233343536373839414243444546E6
:1088F000003031323334353637383961626364657C
:10890000660065256C6400496E66696E697479005D
:108910004E614E005245454E54206D616C6C6F6344
:1089200020737563636565646564002F6275696CA7
:10893000642F676E752D746F6F6C732D666F722D5B
:1089400073746D33325F31332E332E72656C312E7A
:1089500032303234303932362D313731352F73726F
:10896000632F6E65776C69622F6E65776C69622F15
:108970006C6962632F7374646C69622F64746F61D5
:108980002E630042616C6C6F632073756363656571
:10899000646564002F6275696C642F676E752D7451
:1089A0006F6F6C732D666F722D73746D33325F3120
:1089B000332E332E72656C312E32303234303932F0
:1089C000362D313731352F7372632F6E65776C69B1
:1089D000622F6E65776C69622F6C6962632F7374A6
:1089E000646C69622F6D707265632E63002E0023C4
:1089F0002D302B2000686C4C0065666745464700AB
:108A00004300504F534958002C2066756E637469BB
:108A10006F6E3A2000617373657274696F6E202205
:108A2000257322206661696C65643A2066696C650D
:108A300020222573222C206C696E65202564257305
:108A400025730A002F6275696C642F676E752D742B
:108A50006F6F6C732D666F722D73746D33325F316F
:108A6000332E332E72656C312E323032343039323F
:108A7000362D313731352F7372632F6E65776C6900
:108A8000622F6E65776C69622F6C6962632F7374F5
:108A9000646C69622F6764746F612D6765746865C3
:108AA000782E630005000000190000007D00000022
:108AB0000080E03779C34143176E05B5B5B89346DA
:108AC000F5F93FE9034F384D321D30F94877825AA6
:108AD0003CBF737FDD4F1575000000000000F03FC4
:108AE0000000000000002440000000000000594089
:108AF0000000000000408F40000000000088C340DC
:108B000000000000006AF8400000000080842E4150
:108B100000000000D01263410000000084D797419C
:108B20000000000065CDCD41000000205FA00242A2
:108B3000000000E876483742000000A2941A6D4217
:108B4000000040E59C30A2420000901EC4BCD6420A
:108B500000003426F56B0C430080E03779C34143B5
:108B600000A0D8855734764300C84E676DC1AB432B
:108B7000003D9160E458E143408CB5781DAF154449
:108B800050EFE2D6E41A4B4492D54D06CFF0804424
:108B9000F64AE1C7022DB544B49DD9794378EA4439
:108BA00034000000CEFBFFFFCB03000001000000FB
:108BB0000000000035000000CEFBFFFFCB030000EB
:108BC0000100000000000000BC89D897B2D29C3C94
:108BD00033A7A8D523F649393DA7F444FD0FA532A4
:108BE0009D978CCF08BA5B25436FAC64280668114B
:108BF000002020202020202020202828282828206D
:108C00002020202020202020202020202020202064
:108C100020881010101010101010101010101010CC
:108C200010040404040404040404041010101010BC
:108C30001010414141414141010101010101010186
:108C400001010101010101010101010110101010D8
:108C50001010424242424242020202020202020258
:108C600002020202020202020202020210101010AC
:108C700020000000000000000000000000000000D4
:108C800000000000000000000000000000000000E4
:108C900000000000000000000000000000000000D4
:108CA00000000000000000000000000000000000C4
:108CB00000000000000000000000000000000000B4
:108CC00000000000000000000000000000000000A4
:108CD0000000000000000000000000000000000094
:108CE0000000000000000000000000000000000084
:048CF0000000000080
:088CF4005C74FF7F0100000029
:048CFC003501000836
:048D00001101000855
:108D040000127A00100000000100000000000000C2
:108D140003000000B00200201C000020000000003E
:108D2400B00200201803002080030020000000008F
:108D3400000000000000000000000000000000002F
:108D4400000000000000000000000000000000001F
:108D5400000000000000000000000000000000000F
:108D640000000000000000004300000000000000BC
:108D740000000000000000000000000000000000EF
:108D8400000000000000000043000000000000009C
:108D940000000000000000000000000000000000CF
:108DA400000000000000000043000000000000007C
:108DB40000000000000000000000000000000000AF
:108DC400000000000000000043000000000000005C
:108DD400000000000000000000000000000000008F
:108DE400000000000000000043000000000000003C
:108DF400000000000000000000000000000000006F
:108E0400000000000000000043000000000000001B
:108E1400000000000000000000000000000000004E
:108E240000000000000000004300000000000000FB
:108E3400000000000000000000000000000000002E
:108E44000000000000000000D381000853810008E6
:108E540000000000F08B0008ED890008438A000838
:108E6400438A0008438A0008438A0008438A0008AA
:108E7400438A0008438A0008438A0008438A00089A
:108E8400FFFFFFFFFFFFFFFFFFFFFFFFFFFF0000EC
:108E94000100415343494900000000000000000064
:108EA40000000000000000000000000000000000BE
:108EB4000000415343494900000000000000000045
:108EC400000000000000000000000000000000009E
:048ED400000000009A
:0400000508001B7D57
:00000001FF
